solid OpenSCAD_Model
  facet normal 0.908369 0.418169 0
    outer loop
      vertex 8.24389 3.68499 2.5
      vertex 8.16035 3.86646 0
      vertex 8.16035 3.86646 2.5
    endloop
  endfacet
  facet normal 0.908369 0.418169 0
    outer loop
      vertex 8.16035 3.86646 0
      vertex 8.24389 3.68499 2.5
      vertex 8.24389 3.68499 0
    endloop
  endfacet
  facet normal 0.37757 0.925981 -0
    outer loop
      vertex 3.50172 8.32339 0
      vertex 3.31673 8.39882 2.5
      vertex 3.50172 8.32339 2.5
    endloop
  endfacet
  facet normal 0.37757 0.925981 0
    outer loop
      vertex 3.31673 8.39882 2.5
      vertex 3.50172 8.32339 0
      vertex 3.31673 8.39882 0
    endloop
  endfacet
  facet normal -0.397957 0.917404 0
    outer loop
      vertex -3.50172 8.32339 0
      vertex -3.68499 8.24389 2.5
      vertex -3.50172 8.32339 2.5
    endloop
  endfacet
  facet normal -0.397957 0.917404 0
    outer loop
      vertex -3.68499 8.24389 2.5
      vertex -3.50172 8.32339 0
      vertex -3.68499 8.24389 0
    endloop
  endfacet
  facet normal -0.925981 0.37757 0
    outer loop
      vertex -8.39882 3.31673 0
      vertex -8.32339 3.50172 2.5
      vertex -8.32339 3.50172 0
    endloop
  endfacet
  facet normal -0.925981 0.37757 0
    outer loop
      vertex -8.32339 3.50172 2.5
      vertex -8.39882 3.31673 0
      vertex -8.39882 3.31673 2.5
    endloop
  endfacet
  facet normal 0.53472 0.845029 -0
    outer loop
      vertex 4.9125 7.57682 0
      vertex 4.74369 7.68364 2.5
      vertex 4.9125 7.57682 2.5
    endloop
  endfacet
  facet normal 0.53472 0.845029 0
    outer loop
      vertex 4.74369 7.68364 2.5
      vertex 4.9125 7.57682 0
      vertex 4.74369 7.68364 0
    endloop
  endfacet
  facet normal -0.722552 0.691317 0
    outer loop
      vertex -6.59352 6.1698 0
      vertex -6.45541 6.31415 2.5
      vertex -6.45541 6.31415 0
    endloop
  endfacet
  facet normal -0.722552 0.691317 0
    outer loop
      vertex -6.45541 6.31415 2.5
      vertex -6.59352 6.1698 0
      vertex -6.59352 6.1698 2.5
    endloop
  endfacet
  facet normal -0.208585 0.978004 0
    outer loop
      vertex -1.78615 8.85158 0
      vertex -1.98153 8.80991 2.5
      vertex -1.78615 8.85158 2.5
    endloop
  endfacet
  facet normal -0.208585 0.978004 0
    outer loop
      vertex -1.98153 8.80991 2.5
      vertex -1.78615 8.85158 0
      vertex -1.98153 8.80991 0
    endloop
  endfacet
  facet normal 0.418169 -0.908369 0
    outer loop
      vertex 3.68499 -8.24389 0
      vertex 3.86646 -8.16035 2.5
      vertex 3.68499 -8.24389 2.5
    endloop
  endfacet
  facet normal 0.418169 -0.908369 0
    outer loop
      vertex 3.86646 -8.16035 2.5
      vertex 3.68499 -8.24389 0
      vertex 3.86646 -8.16035 0
    endloop
  endfacet
  facet normal 0.820556 0.571566 0
    outer loop
      vertex 7.46629 5.07892 2.5
      vertex 7.35211 5.24284 0
      vertex 7.35211 5.24284 2.5
    endloop
  endfacet
  facet normal 0.820556 0.571566 0
    outer loop
      vertex 7.35211 5.24284 0
      vertex 7.46629 5.07892 2.5
      vertex 7.46629 5.07892 0
    endloop
  endfacet
  facet normal -0.0110625 0.999939 0
    outer loop
      vertex 0 9.03 0
      vertex -0.199762 9.02779 2.5
      vertex 0 9.03 2.5
    endloop
  endfacet
  facet normal -0.0110625 0.999939 0
    outer loop
      vertex -0.199762 9.02779 2.5
      vertex 0 9.03 0
      vertex -0.199762 9.02779 0
    endloop
  endfacet
  facet normal 0.186963 0.982367 -0
    outer loop
      vertex 1.78615 8.85158 0
      vertex 1.5899 8.88893 2.5
      vertex 1.78615 8.85158 2.5
    endloop
  endfacet
  facet normal 0.186963 0.982367 0
    outer loop
      vertex 1.5899 8.88893 2.5
      vertex 1.78615 8.85158 0
      vertex 1.5899 8.88893 0
    endloop
  endfacet
  facet normal 0.641847 0.766833 -0
    outer loop
      vertex 5.87211 6.85997 0
      vertex 5.71891 6.9882 2.5
      vertex 5.87211 6.85997 2.5
    endloop
  endfacet
  facet normal 0.641847 0.766833 0
    outer loop
      vertex 5.71891 6.9882 2.5
      vertex 5.87211 6.85997 0
      vertex 5.71891 6.9882 0
    endloop
  endfacet
  facet normal -0.999939 0.0110625 0
    outer loop
      vertex -9.03 0 0
      vertex -9.02779 0.199762 2.5
      vertex -9.02779 0.199762 0
    endloop
  endfacet
  facet normal -0.999939 0.0110625 0
    outer loop
      vertex -9.02779 0.199762 2.5
      vertex -9.03 0 0
      vertex -9.03 0 2.5
    endloop
  endfacet
  facet normal -0.982367 0.186963 0
    outer loop
      vertex -8.88893 1.5899 0
      vertex -8.85158 1.78615 2.5
      vertex -8.85158 1.78615 0
    endloop
  endfacet
  facet normal -0.982367 0.186963 0
    outer loop
      vertex -8.85158 1.78615 2.5
      vertex -8.88893 1.5899 0
      vertex -8.88893 1.5899 2.5
    endloop
  endfacet
  facet normal -0.833012 0.553255 0
    outer loop
      vertex -7.57682 4.9125 0
      vertex -7.46629 5.07892 2.5
      vertex -7.46629 5.07892 0
    endloop
  endfacet
  facet normal -0.833012 0.553255 0
    outer loop
      vertex -7.46629 5.07892 2.5
      vertex -7.57682 4.9125 0
      vertex -7.57682 4.9125 2.5
    endloop
  endfacet
  facet normal -0.077387 0.997001 0
    outer loop
      vertex -0.598896 9.01012 0
      vertex -0.798072 8.99466 2.5
      vertex -0.598896 9.01012 2.5
    endloop
  endfacet
  facet normal -0.077387 0.997001 0
    outer loop
      vertex -0.798072 8.99466 2.5
      vertex -0.598896 9.01012 0
      vertex -0.798072 8.99466 0
    endloop
  endfacet
  facet normal -0.571566 0.820556 0
    outer loop
      vertex -5.07892 7.46629 0
      vertex -5.24284 7.35211 2.5
      vertex -5.07892 7.46629 2.5
    endloop
  endfacet
  facet normal -0.571566 0.820556 0
    outer loop
      vertex -5.24284 7.35211 2.5
      vertex -5.07892 7.46629 0
      vertex -5.24284 7.35211 0
    endloop
  endfacet
  facet normal -0.457913 0.888997 0
    outer loop
      vertex -4.04604 8.07282 0
      vertex -4.22364 7.98134 2.5
      vertex -4.04604 8.07282 2.5
    endloop
  endfacet
  facet normal -0.457913 0.888997 0
    outer loop
      vertex -4.22364 7.98134 2.5
      vertex -4.04604 8.07282 0
      vertex -4.22364 7.98134 0
    endloop
  endfacet
  facet normal 0.999939 0.0110625 0
    outer loop
      vertex 9.03 0 2.5
      vertex 9.02779 0.199762 0
      vertex 9.02779 0.199762 2.5
    endloop
  endfacet
  facet normal 0.999939 0.0110625 0
    outer loop
      vertex 9.02779 0.199762 0
      vertex 9.03 0 2.5
      vertex 9.03 0 0
    endloop
  endfacet
  facet normal 0.0110625 -0.999939 0
    outer loop
      vertex 0 -9.03 0
      vertex 0.199762 -9.02779 2.5
      vertex 0 -9.03 2.5
    endloop
  endfacet
  facet normal 0.0110625 -0.999939 0
    outer loop
      vertex 0.199762 -9.02779 2.5
      vertex 0 -9.03 0
      vertex 0.199762 -9.02779 0
    endloop
  endfacet
  facet normal 0.878639 0.477487 0
    outer loop
      vertex 7.98134 4.22364 2.5
      vertex 7.88595 4.39917 0
      vertex 7.88595 4.39917 2.5
    endloop
  endfacet
  facet normal 0.878639 0.477487 0
    outer loop
      vertex 7.88595 4.39917 0
      vertex 7.98134 4.22364 2.5
      vertex 7.98134 4.22364 0
    endloop
  endfacet
  facet normal 0.691317 0.722552 -0
    outer loop
      vertex 6.31415 6.45541 0
      vertex 6.1698 6.59352 2.5
      vertex 6.31415 6.45541 2.5
    endloop
  endfacet
  facet normal 0.691317 0.722552 0
    outer loop
      vertex 6.1698 6.59352 2.5
      vertex 6.31415 6.45541 0
      vertex 6.1698 6.59352 0
    endloop
  endfacet
  facet normal 0.766833 0.641847 0
    outer loop
      vertex 6.9882 5.71891 2.5
      vertex 6.85997 5.87211 0
      vertex 6.85997 5.87211 2.5
    endloop
  endfacet
  facet normal 0.766833 0.641847 0
    outer loop
      vertex 6.85997 5.87211 0
      vertex 6.9882 5.71891 2.5
      vertex 6.9882 5.71891 0
    endloop
  endfacet
  facet normal 0.099362 0.995051 -0
    outer loop
      vertex 0.996858 8.97481 0
      vertex 0.798072 8.99466 2.5
      vertex 0.996858 8.97481 2.5
    endloop
  endfacet
  facet normal 0.099362 0.995051 0
    outer loop
      vertex 0.798072 8.99466 2.5
      vertex 0.996858 8.97481 0
      vertex 0.798072 8.99466 0
    endloop
  endfacet
  facet normal 0.315312 0.948988 -0
    outer loop
      vertex 2.94198 8.53731 0
      vertex 2.7524 8.6003 2.5
      vertex 2.94198 8.53731 2.5
    endloop
  endfacet
  facet normal 0.315312 0.948988 0
    outer loop
      vertex 2.7524 8.6003 2.5
      vertex 2.94198 8.53731 0
      vertex 2.7524 8.6003 0
    endloop
  endfacet
  facet normal 0.121384 0.992606 -0
    outer loop
      vertex 1.19516 8.95056 0
      vertex 0.996858 8.97481 2.5
      vertex 1.19516 8.95056 2.5
    endloop
  endfacet
  facet normal 0.121384 0.992606 0
    outer loop
      vertex 0.996858 8.97481 2.5
      vertex 1.19516 8.95056 0
      vertex 0.996858 8.97481 0
    endloop
  endfacet
  facet normal 0.477487 0.878639 -0
    outer loop
      vertex 4.39917 7.88595 0
      vertex 4.22364 7.98134 2.5
      vertex 4.39917 7.88595 2.5
    endloop
  endfacet
  facet normal 0.477487 0.878639 0
    outer loop
      vertex 4.22364 7.98134 2.5
      vertex 4.39917 7.88595 0
      vertex 4.22364 7.98134 0
    endloop
  endfacet
  facet normal 0.496802 0.867864 -0
    outer loop
      vertex 4.57255 7.7867 0
      vertex 4.39917 7.88595 2.5
      vertex 4.57255 7.7867 2.5
    endloop
  endfacet
  facet normal 0.496802 0.867864 0
    outer loop
      vertex 4.39917 7.88595 2.5
      vertex 4.57255 7.7867 0
      vertex 4.39917 7.88595 0
    endloop
  endfacet
  facet normal 0.658646 0.752453 -0
    outer loop
      vertex 6.02243 6.72839 0
      vertex 5.87211 6.85997 2.5
      vertex 6.02243 6.72839 2.5
    endloop
  endfacet
  facet normal 0.658646 0.752453 0
    outer loop
      vertex 5.87211 6.85997 2.5
      vertex 6.02243 6.72839 0
      vertex 5.87211 6.85997 0
    endloop
  endfacet
  facet normal -0.995051 0.099362 0
    outer loop
      vertex -8.99466 0.798072 0
      vertex -8.97481 0.996858 2.5
      vertex -8.97481 0.996858 0
    endloop
  endfacet
  facet normal -0.995051 0.099362 0
    outer loop
      vertex -8.97481 0.996858 2.5
      vertex -8.99466 0.798072 0
      vertex -8.99466 0.798072 2.5
    endloop
  endfacet
  facet normal -0.962014 0.273002 0
    outer loop
      vertex -8.71363 2.36928 0
      vertex -8.65909 2.56147 2.5
      vertex -8.65909 2.56147 0
    endloop
  endfacet
  facet normal -0.962014 0.273002 0
    outer loop
      vertex -8.65909 2.56147 2.5
      vertex -8.71363 2.36928 0
      vertex -8.71363 2.36928 2.5
    endloop
  endfacet
  facet normal -0.888997 0.457913 0
    outer loop
      vertex -8.07282 4.04604 0
      vertex -7.98134 4.22364 2.5
      vertex -7.98134 4.22364 0
    endloop
  endfacet
  facet normal -0.888997 0.457913 0
    outer loop
      vertex -7.98134 4.22364 2.5
      vertex -8.07282 4.04604 0
      vertex -8.07282 4.04604 2.5
    endloop
  endfacet
  facet normal -0.315312 0.948988 0
    outer loop
      vertex -2.7524 8.6003 0
      vertex -2.94198 8.53731 2.5
      vertex -2.7524 8.6003 2.5
    endloop
  endfacet
  facet normal -0.315312 0.948988 0
    outer loop
      vertex -2.94198 8.53731 2.5
      vertex -2.7524 8.6003 0
      vertex -2.94198 8.53731 0
    endloop
  endfacet
  facet normal -0.0552621 0.998472 0
    outer loop
      vertex -0.399426 9.02116 0
      vertex -0.598896 9.01012 2.5
      vertex -0.399426 9.02116 2.5
    endloop
  endfacet
  facet normal -0.0552621 0.998472 0
    outer loop
      vertex -0.598896 9.01012 2.5
      vertex -0.399426 9.02116 0
      vertex -0.598896 9.01012 0
    endloop
  endfacet
  facet normal -0.438141 0.898906 0
    outer loop
      vertex -3.86646 8.16035 0
      vertex -4.04604 8.07282 2.5
      vertex -3.86646 8.16035 2.5
    endloop
  endfacet
  facet normal -0.438141 0.898906 0
    outer loop
      vertex -4.04604 8.07282 2.5
      vertex -3.86646 8.16035 0
      vertex -4.04604 8.07282 0
    endloop
  endfacet
  facet normal -0.607311 0.794464 0
    outer loop
      vertex -5.4042 7.23433 0
      vertex -5.56292 7.113 2.5
      vertex -5.4042 7.23433 2.5
    endloop
  endfacet
  facet normal -0.607311 0.794464 0
    outer loop
      vertex -5.56292 7.113 2.5
      vertex -5.4042 7.23433 0
      vertex -5.56292 7.113 0
    endloop
  endfacet
  facet normal -0.658646 0.752453 0
    outer loop
      vertex -5.87211 6.85997 0
      vertex -6.02243 6.72839 2.5
      vertex -5.87211 6.85997 2.5
    endloop
  endfacet
  facet normal -0.658646 0.752453 0
    outer loop
      vertex -6.02243 6.72839 2.5
      vertex -5.87211 6.85997 0
      vertex -6.02243 6.72839 0
    endloop
  endfacet
  facet normal 0.925981 -0.37757 0
    outer loop
      vertex 8.32339 -3.50172 2.5
      vertex 8.39882 -3.31673 0
      vertex 8.39882 -3.31673 2.5
    endloop
  endfacet
  facet normal 0.925981 -0.37757 0
    outer loop
      vertex 8.39882 -3.31673 0
      vertex 8.32339 -3.50172 2.5
      vertex 8.32339 -3.50172 0
    endloop
  endfacet
  facet normal 0.722552 -0.691317 0
    outer loop
      vertex 6.45541 -6.31415 2.5
      vertex 6.59352 -6.1698 0
      vertex 6.59352 -6.1698 2.5
    endloop
  endfacet
  facet normal 0.722552 -0.691317 0
    outer loop
      vertex 6.59352 -6.1698 0
      vertex 6.45541 -6.31415 2.5
      vertex 6.45541 -6.31415 0
    endloop
  endfacet
  facet normal 0.336235 -0.941778 0
    outer loop
      vertex 2.94198 -8.53731 0
      vertex 3.13012 -8.47014 2.5
      vertex 2.94198 -8.53731 2.5
    endloop
  endfacet
  facet normal 0.336235 -0.941778 0
    outer loop
      vertex 3.13012 -8.47014 2.5
      vertex 2.94198 -8.53731 0
      vertex 3.13012 -8.47014 0
    endloop
  endfacet
  facet normal 0.978004 0.208585 0
    outer loop
      vertex 8.85158 1.78615 2.5
      vertex 8.80991 1.98153 0
      vertex 8.80991 1.98153 2.5
    endloop
  endfacet
  facet normal 0.978004 0.208585 0
    outer loop
      vertex 8.80991 1.98153 0
      vertex 8.85158 1.78615 2.5
      vertex 8.85158 1.78615 0
    endloop
  endfacet
  facet normal 0.997001 0.077387 0
    outer loop
      vertex 9.01012 0.598896 2.5
      vertex 8.99466 0.798072 0
      vertex 8.99466 0.798072 2.5
    endloop
  endfacet
  facet normal 0.997001 0.077387 0
    outer loop
      vertex 8.99466 0.798072 0
      vertex 9.01012 0.598896 2.5
      vertex 9.01012 0.598896 0
    endloop
  endfacet
  facet normal 0.999449 0.0331875 0
    outer loop
      vertex 9.02779 0.199762 2.5
      vertex 9.02116 0.399426 0
      vertex 9.02116 0.399426 2.5
    endloop
  endfacet
  facet normal 0.999449 0.0331875 0
    outer loop
      vertex 9.02116 0.399426 0
      vertex 9.02779 0.199762 2.5
      vertex 9.02779 0.199762 0
    endloop
  endfacet
  facet normal 0.941778 0.336235 0
    outer loop
      vertex 8.53731 2.94198 2.5
      vertex 8.47014 3.13012 0
      vertex 8.47014 3.13012 2.5
    endloop
  endfacet
  facet normal 0.941778 0.336235 0
    outer loop
      vertex 8.47014 3.13012 0
      vertex 8.53731 2.94198 2.5
      vertex 8.53731 2.94198 0
    endloop
  endfacet
  facet normal 0.917404 0.397957 0
    outer loop
      vertex 8.32339 3.50172 2.5
      vertex 8.24389 3.68499 0
      vertex 8.24389 3.68499 2.5
    endloop
  endfacet
  facet normal 0.917404 0.397957 0
    outer loop
      vertex 8.24389 3.68499 0
      vertex 8.32339 3.50172 2.5
      vertex 8.32339 3.50172 0
    endloop
  endfacet
  facet normal 0.898906 0.438141 0
    outer loop
      vertex 8.16035 3.86646 2.5
      vertex 8.07282 4.04604 0
      vertex 8.07282 4.04604 2.5
    endloop
  endfacet
  facet normal 0.898906 0.438141 0
    outer loop
      vertex 8.07282 4.04604 0
      vertex 8.16035 3.86646 2.5
      vertex 8.16035 3.86646 0
    endloop
  endfacet
  facet normal 0.7377 0.675128 0
    outer loop
      vertex 6.72839 6.02243 2.5
      vertex 6.59352 6.1698 0
      vertex 6.59352 6.1698 2.5
    endloop
  endfacet
  facet normal 0.7377 0.675128 0
    outer loop
      vertex 6.59352 6.1698 0
      vertex 6.72839 6.02243 2.5
      vertex 6.72839 6.02243 0
    endloop
  endfacet
  facet normal 0.888997 0.457913 0
    outer loop
      vertex 8.07282 4.04604 2.5
      vertex 7.98134 4.22364 0
      vertex 7.98134 4.22364 2.5
    endloop
  endfacet
  facet normal 0.888997 0.457913 0
    outer loop
      vertex 7.98134 4.22364 0
      vertex 8.07282 4.04604 2.5
      vertex 8.07282 4.04604 0
    endloop
  endfacet
  facet normal 0.856661 0.515879 0
    outer loop
      vertex 7.7867 4.57255 2.5
      vertex 7.68364 4.74369 0
      vertex 7.68364 4.74369 2.5
    endloop
  endfacet
  facet normal 0.856661 0.515879 0
    outer loop
      vertex 7.68364 4.74369 0
      vertex 7.7867 4.57255 2.5
      vertex 7.7867 4.57255 0
    endloop
  endfacet
  facet normal 0.845029 0.53472 0
    outer loop
      vertex 7.68364 4.74369 2.5
      vertex 7.57682 4.9125 0
      vertex 7.57682 4.9125 2.5
    endloop
  endfacet
  facet normal 0.845029 0.53472 0
    outer loop
      vertex 7.57682 4.9125 0
      vertex 7.68364 4.74369 2.5
      vertex 7.68364 4.74369 0
    endloop
  endfacet
  facet normal 0.867864 0.496802 0
    outer loop
      vertex 7.88595 4.39917 2.5
      vertex 7.7867 4.57255 0
      vertex 7.7867 4.57255 2.5
    endloop
  endfacet
  facet normal 0.867864 0.496802 0
    outer loop
      vertex 7.7867 4.57255 0
      vertex 7.88595 4.39917 2.5
      vertex 7.88595 4.39917 0
    endloop
  endfacet
  facet normal 0.794464 0.607311 0
    outer loop
      vertex 7.23433 5.4042 2.5
      vertex 7.113 5.56292 0
      vertex 7.113 5.56292 2.5
    endloop
  endfacet
  facet normal 0.794464 0.607311 0
    outer loop
      vertex 7.113 5.56292 0
      vertex 7.23433 5.4042 2.5
      vertex 7.23433 5.4042 0
    endloop
  endfacet
  facet normal 0.807718 0.58957 0
    outer loop
      vertex 7.35211 5.24284 2.5
      vertex 7.23433 5.4042 0
      vertex 7.23433 5.4042 2.5
    endloop
  endfacet
  facet normal 0.807718 0.58957 0
    outer loop
      vertex 7.23433 5.4042 0
      vertex 7.35211 5.24284 2.5
      vertex 7.35211 5.24284 0
    endloop
  endfacet
  facet normal 0.722552 0.691317 0
    outer loop
      vertex 6.59352 6.1698 2.5
      vertex 6.45541 6.31415 0
      vertex 6.45541 6.31415 2.5
    endloop
  endfacet
  facet normal 0.722552 0.691317 0
    outer loop
      vertex 6.45541 6.31415 0
      vertex 6.59352 6.1698 2.5
      vertex 6.59352 6.1698 0
    endloop
  endfacet
  facet normal 0.780849 0.624719 0
    outer loop
      vertex 7.113 5.56292 2.5
      vertex 6.9882 5.71891 0
      vertex 6.9882 5.71891 2.5
    endloop
  endfacet
  facet normal 0.780849 0.624719 0
    outer loop
      vertex 6.9882 5.71891 0
      vertex 7.113 5.56292 2.5
      vertex 7.113 5.56292 0
    endloop
  endfacet
  facet normal 0.0331875 0.999449 -0
    outer loop
      vertex 0.399426 9.02116 0
      vertex 0.199762 9.02779 2.5
      vertex 0.399426 9.02116 2.5
    endloop
  endfacet
  facet normal 0.0331875 0.999449 0
    outer loop
      vertex 0.199762 9.02779 2.5
      vertex 0.399426 9.02116 0
      vertex 0.199762 9.02779 0
    endloop
  endfacet
  facet normal 0.336235 0.941778 -0
    outer loop
      vertex 3.13012 8.47014 0
      vertex 2.94198 8.53731 2.5
      vertex 3.13012 8.47014 2.5
    endloop
  endfacet
  facet normal 0.336235 0.941778 0
    outer loop
      vertex 2.94198 8.53731 2.5
      vertex 3.13012 8.47014 0
      vertex 2.94198 8.53731 0
    endloop
  endfacet
  facet normal 0.357003 0.934103 -0
    outer loop
      vertex 3.31673 8.39882 0
      vertex 3.13012 8.47014 2.5
      vertex 3.31673 8.39882 2.5
    endloop
  endfacet
  facet normal 0.357003 0.934103 0
    outer loop
      vertex 3.13012 8.47014 2.5
      vertex 3.31673 8.39882 0
      vertex 3.13012 8.47014 0
    endloop
  endfacet
  facet normal 0.077387 0.997001 -0
    outer loop
      vertex 0.798072 8.99466 0
      vertex 0.598896 9.01012 2.5
      vertex 0.798072 8.99466 2.5
    endloop
  endfacet
  facet normal 0.077387 0.997001 0
    outer loop
      vertex 0.598896 9.01012 2.5
      vertex 0.798072 8.99466 0
      vertex 0.598896 9.01012 0
    endloop
  endfacet
  facet normal 0.0552621 0.998472 -0
    outer loop
      vertex 0.598896 9.01012 0
      vertex 0.399426 9.02116 2.5
      vertex 0.598896 9.01012 2.5
    endloop
  endfacet
  facet normal 0.0552621 0.998472 0
    outer loop
      vertex 0.399426 9.02116 2.5
      vertex 0.598896 9.01012 0
      vertex 0.399426 9.02116 0
    endloop
  endfacet
  facet normal 0.0110625 0.999939 -0
    outer loop
      vertex 0.199762 9.02779 0
      vertex 0 9.03 2.5
      vertex 0.199762 9.02779 2.5
    endloop
  endfacet
  facet normal 0.0110625 0.999939 0
    outer loop
      vertex 0 9.03 2.5
      vertex 0.199762 9.02779 0
      vertex 0 9.03 0
    endloop
  endfacet
  facet normal 0.294279 0.955719 -0
    outer loop
      vertex 2.7524 8.6003 0
      vertex 2.56147 8.65909 2.5
      vertex 2.7524 8.6003 2.5
    endloop
  endfacet
  facet normal 0.294279 0.955719 0
    outer loop
      vertex 2.56147 8.65909 2.5
      vertex 2.7524 8.6003 0
      vertex 2.56147 8.65909 0
    endloop
  endfacet
  facet normal 0.273002 0.962014 -0
    outer loop
      vertex 2.56147 8.65909 0
      vertex 2.36928 8.71363 2.5
      vertex 2.56147 8.65909 2.5
    endloop
  endfacet
  facet normal 0.273002 0.962014 0
    outer loop
      vertex 2.36928 8.71363 2.5
      vertex 2.56147 8.65909 0
      vertex 2.36928 8.71363 0
    endloop
  endfacet
  facet normal 0.251688 0.967808 -0
    outer loop
      vertex 2.36928 8.71363 0
      vertex 2.17594 8.76391 2.5
      vertex 2.36928 8.71363 2.5
    endloop
  endfacet
  facet normal 0.251688 0.967808 0
    outer loop
      vertex 2.17594 8.76391 2.5
      vertex 2.36928 8.71363 0
      vertex 2.17594 8.76391 0
    endloop
  endfacet
  facet normal 0.418169 0.908369 -0
    outer loop
      vertex 3.86646 8.16035 0
      vertex 3.68499 8.24389 2.5
      vertex 3.86646 8.16035 2.5
    endloop
  endfacet
  facet normal 0.418169 0.908369 0
    outer loop
      vertex 3.68499 8.24389 2.5
      vertex 3.86646 8.16035 0
      vertex 3.68499 8.24389 0
    endloop
  endfacet
  facet normal 0.457913 0.888997 -0
    outer loop
      vertex 4.22364 7.98134 0
      vertex 4.04604 8.07282 2.5
      vertex 4.22364 7.98134 2.5
    endloop
  endfacet
  facet normal 0.457913 0.888997 0
    outer loop
      vertex 4.04604 8.07282 2.5
      vertex 4.22364 7.98134 0
      vertex 4.04604 8.07282 0
    endloop
  endfacet
  facet normal 0.397957 0.917404 -0
    outer loop
      vertex 3.68499 8.24389 0
      vertex 3.50172 8.32339 2.5
      vertex 3.68499 8.24389 2.5
    endloop
  endfacet
  facet normal 0.397957 0.917404 0
    outer loop
      vertex 3.50172 8.32339 2.5
      vertex 3.68499 8.24389 0
      vertex 3.50172 8.32339 0
    endloop
  endfacet
  facet normal 0.607311 0.794464 -0
    outer loop
      vertex 5.56292 7.113 0
      vertex 5.4042 7.23433 2.5
      vertex 5.56292 7.113 2.5
    endloop
  endfacet
  facet normal 0.607311 0.794464 0
    outer loop
      vertex 5.4042 7.23433 2.5
      vertex 5.56292 7.113 0
      vertex 5.4042 7.23433 0
    endloop
  endfacet
  facet normal 0.58957 0.807718 -0
    outer loop
      vertex 5.4042 7.23433 0
      vertex 5.24284 7.35211 2.5
      vertex 5.4042 7.23433 2.5
    endloop
  endfacet
  facet normal 0.58957 0.807718 0
    outer loop
      vertex 5.24284 7.35211 2.5
      vertex 5.4042 7.23433 0
      vertex 5.24284 7.35211 0
    endloop
  endfacet
  facet normal 0.624719 0.780849 -0
    outer loop
      vertex 5.71891 6.9882 0
      vertex 5.56292 7.113 2.5
      vertex 5.71891 6.9882 2.5
    endloop
  endfacet
  facet normal 0.624719 0.780849 0
    outer loop
      vertex 5.56292 7.113 2.5
      vertex 5.71891 6.9882 0
      vertex 5.56292 7.113 0
    endloop
  endfacet
  facet normal 0.675128 0.7377 -0
    outer loop
      vertex 6.1698 6.59352 0
      vertex 6.02243 6.72839 2.5
      vertex 6.1698 6.59352 2.5
    endloop
  endfacet
  facet normal 0.675128 0.7377 0
    outer loop
      vertex 6.02243 6.72839 2.5
      vertex 6.1698 6.59352 0
      vertex 6.02243 6.72839 0
    endloop
  endfacet
  facet normal -0.998472 0.0552621 0
    outer loop
      vertex -9.02116 0.399426 0
      vertex -9.01012 0.598896 2.5
      vertex -9.01012 0.598896 0
    endloop
  endfacet
  facet normal -0.998472 0.0552621 0
    outer loop
      vertex -9.01012 0.598896 2.5
      vertex -9.02116 0.399426 0
      vertex -9.02116 0.399426 2.5
    endloop
  endfacet
  facet normal -0.941778 0.336235 0
    outer loop
      vertex -8.53731 2.94198 0
      vertex -8.47014 3.13012 2.5
      vertex -8.47014 3.13012 0
    endloop
  endfacet
  facet normal -0.941778 0.336235 0
    outer loop
      vertex -8.47014 3.13012 2.5
      vertex -8.53731 2.94198 0
      vertex -8.53731 2.94198 2.5
    endloop
  endfacet
  facet normal -0.934103 0.357003 0
    outer loop
      vertex -8.47014 3.13012 0
      vertex -8.39882 3.31673 2.5
      vertex -8.39882 3.31673 0
    endloop
  endfacet
  facet normal -0.934103 0.357003 0
    outer loop
      vertex -8.39882 3.31673 2.5
      vertex -8.47014 3.13012 0
      vertex -8.47014 3.13012 2.5
    endloop
  endfacet
  facet normal -0.986262 0.165186 0
    outer loop
      vertex -8.92193 1.39287 0
      vertex -8.88893 1.5899 2.5
      vertex -8.88893 1.5899 0
    endloop
  endfacet
  facet normal -0.986262 0.165186 0
    outer loop
      vertex -8.88893 1.5899 2.5
      vertex -8.92193 1.39287 0
      vertex -8.92193 1.39287 2.5
    endloop
  endfacet
  facet normal -0.989677 0.143313 0
    outer loop
      vertex -8.95056 1.19516 0
      vertex -8.92193 1.39287 2.5
      vertex -8.92193 1.39287 0
    endloop
  endfacet
  facet normal -0.989677 0.143313 0
    outer loop
      vertex -8.92193 1.39287 2.5
      vertex -8.95056 1.19516 0
      vertex -8.95056 1.19516 2.5
    endloop
  endfacet
  facet normal -0.992606 0.121384 0
    outer loop
      vertex -8.97481 0.996858 0
      vertex -8.95056 1.19516 2.5
      vertex -8.95056 1.19516 0
    endloop
  endfacet
  facet normal -0.992606 0.121384 0
    outer loop
      vertex -8.95056 1.19516 2.5
      vertex -8.97481 0.996858 0
      vertex -8.97481 0.996858 2.5
    endloop
  endfacet
  facet normal -0.997001 0.077387 0
    outer loop
      vertex -9.01012 0.598896 0
      vertex -8.99466 0.798072 2.5
      vertex -8.99466 0.798072 0
    endloop
  endfacet
  facet normal -0.997001 0.077387 0
    outer loop
      vertex -8.99466 0.798072 2.5
      vertex -9.01012 0.598896 0
      vertex -9.01012 0.598896 2.5
    endloop
  endfacet
  facet normal -0.999449 0.0331875 0
    outer loop
      vertex -9.02779 0.199762 0
      vertex -9.02116 0.399426 2.5
      vertex -9.02116 0.399426 0
    endloop
  endfacet
  facet normal -0.999449 0.0331875 0
    outer loop
      vertex -9.02116 0.399426 2.5
      vertex -9.02779 0.199762 0
      vertex -9.02779 0.199762 2.5
    endloop
  endfacet
  facet normal 0 0 1
    outer loop
      vertex 3.3 0 2.5
      vertex 9.03 0 2.5
      vertex 9.02779 0.199762 2.5
    endloop
  endfacet
  facet normal 0 0 1
    outer loop
      vertex 3.3 0 2.5
      vertex 9.02779 0.199762 2.5
      vertex 9.02116 0.399426 2.5
    endloop
  endfacet
  facet normal 0 0 1
    outer loop
      vertex 9.03 0 2.5
      vertex 3.3 0 2.5
      vertex 9.02779 -0.199762 2.5
    endloop
  endfacet
  facet normal 0 0 1
    outer loop
      vertex 3.29398 0.199248 2.5
      vertex 9.02116 0.399426 2.5
      vertex 9.01012 0.598896 2.5
    endloop
  endfacet
  facet normal 0 0 1
    outer loop
      vertex 9.02779 -0.199762 2.5
      vertex 3.3 0 2.5
      vertex 9.02116 -0.399426 2.5
    endloop
  endfacet
  facet normal 0 0 1
    outer loop
      vertex 3.29398 0.199248 2.5
      vertex 9.01012 0.598896 2.5
      vertex 8.99466 0.798072 2.5
    endloop
  endfacet
  facet normal -0 0 1
    outer loop
      vertex 3.29398 -0.199248 2.5
      vertex 9.02116 -0.399426 2.5
      vertex 3.3 0 2.5
    endloop
  endfacet
  facet normal 0 0 1
    outer loop
      vertex 3.27594 0.397771 2.5
      vertex 8.99466 0.798072 2.5
      vertex 8.97481 0.996858 2.5
    endloop
  endfacet
  facet normal 0 0 1
    outer loop
      vertex 9.02116 -0.399426 2.5
      vertex 3.29398 -0.199248 2.5
      vertex 9.01012 -0.598896 2.5
    endloop
  endfacet
  facet normal 0 0 1
    outer loop
      vertex 3.27594 0.397771 2.5
      vertex 8.97481 0.996858 2.5
      vertex 8.95056 1.19516 2.5
    endloop
  endfacet
  facet normal 0 0 1
    outer loop
      vertex 9.01012 -0.598896 2.5
      vertex 3.29398 -0.199248 2.5
      vertex 8.99466 -0.798072 2.5
    endloop
  endfacet
  facet normal 0 0 1
    outer loop
      vertex 3.27594 0.397771 2.5
      vertex 8.95056 1.19516 2.5
      vertex 8.92193 1.39287 2.5
    endloop
  endfacet
  facet normal -0 0 1
    outer loop
      vertex 3.27594 -0.397771 2.5
      vertex 8.99466 -0.798072 2.5
      vertex 3.29398 -0.199248 2.5
    endloop
  endfacet
  facet normal 0 0 1
    outer loop
      vertex 3.24594 0.594841 2.5
      vertex 8.92193 1.39287 2.5
      vertex 8.88893 1.5899 2.5
    endloop
  endfacet
  facet normal 0 0 1
    outer loop
      vertex 8.99466 -0.798072 2.5
      vertex 3.27594 -0.397771 2.5
      vertex 8.97481 -0.996858 2.5
    endloop
  endfacet
  facet normal 0 0 1
    outer loop
      vertex 3.24594 0.594841 2.5
      vertex 8.88893 1.5899 2.5
      vertex 8.85158 1.78615 2.5
    endloop
  endfacet
  facet normal 0 0 1
    outer loop
      vertex 8.97481 -0.996858 2.5
      vertex 3.27594 -0.397771 2.5
      vertex 8.95056 -1.19516 2.5
    endloop
  endfacet
  facet normal 0 0 1
    outer loop
      vertex 3.24594 0.594841 2.5
      vertex 8.85158 1.78615 2.5
      vertex 8.80991 1.98153 2.5
    endloop
  endfacet
  facet normal 0 0 1
    outer loop
      vertex 8.95056 -1.19516 2.5
      vertex 3.27594 -0.397771 2.5
      vertex 8.92193 -1.39287 2.5
    endloop
  endfacet
  facet normal 0 0 1
    outer loop
      vertex 3.20411 0.789742 2.5
      vertex 8.80991 1.98153 2.5
      vertex 8.76391 2.17594 2.5
    endloop
  endfacet
  facet normal -0 0 1
    outer loop
      vertex 3.24594 -0.594841 2.5
      vertex 8.92193 -1.39287 2.5
      vertex 3.27594 -0.397771 2.5
    endloop
  endfacet
  facet normal 0 0 1
    outer loop
      vertex 3.20411 0.789742 2.5
      vertex 8.76391 2.17594 2.5
      vertex 8.71363 2.36928 2.5
    endloop
  endfacet
  facet normal 0 0 1
    outer loop
      vertex 8.92193 -1.39287 2.5
      vertex 3.24594 -0.594841 2.5
      vertex 8.88893 -1.5899 2.5
    endloop
  endfacet
  facet normal 0 0 1
    outer loop
      vertex 3.15058 0.98176 2.5
      vertex 8.71363 2.36928 2.5
      vertex 8.65909 2.56147 2.5
    endloop
  endfacet
  facet normal 0 0 1
    outer loop
      vertex 8.88893 -1.5899 2.5
      vertex 3.24594 -0.594841 2.5
      vertex 8.85158 -1.78615 2.5
    endloop
  endfacet
  facet normal 0 0 1
    outer loop
      vertex 3.15058 0.98176 2.5
      vertex 8.65909 2.56147 2.5
      vertex 8.6003 2.7524 2.5
    endloop
  endfacet
  facet normal 0 0 1
    outer loop
      vertex 8.85158 -1.78615 2.5
      vertex 3.24594 -0.594841 2.5
      vertex 8.80991 -1.98153 2.5
    endloop
  endfacet
  facet normal 0 0 1
    outer loop
      vertex 3.15058 0.98176 2.5
      vertex 8.6003 2.7524 2.5
      vertex 8.53731 2.94198 2.5
    endloop
  endfacet
  facet normal -0 0 1
    outer loop
      vertex 3.20411 -0.789742 2.5
      vertex 8.80991 -1.98153 2.5
      vertex 3.24594 -0.594841 2.5
    endloop
  endfacet
  facet normal 0 0 1
    outer loop
      vertex 3.08555 1.1702 2.5
      vertex 8.53731 2.94198 2.5
      vertex 8.47014 3.13012 2.5
    endloop
  endfacet
  facet normal 0 0 1
    outer loop
      vertex 8.80991 -1.98153 2.5
      vertex 3.20411 -0.789742 2.5
      vertex 8.76391 -2.17594 2.5
    endloop
  endfacet
  facet normal 0 0 1
    outer loop
      vertex 3.08555 1.1702 2.5
      vertex 8.47014 3.13012 2.5
      vertex 8.39882 3.31673 2.5
    endloop
  endfacet
  facet normal 0 0 1
    outer loop
      vertex 8.76391 -2.17594 2.5
      vertex 3.20411 -0.789742 2.5
      vertex 8.71363 -2.36928 2.5
    endloop
  endfacet
  facet normal 0 0 1
    outer loop
      vertex 3.08555 1.1702 2.5
      vertex 8.39882 3.31673 2.5
      vertex 8.32339 3.50172 2.5
    endloop
  endfacet
  facet normal -0 0 1
    outer loop
      vertex 3.15058 -0.98176 2.5
      vertex 8.71363 -2.36928 2.5
      vertex 3.20411 -0.789742 2.5
    endloop
  endfacet
  facet normal 0 0 1
    outer loop
      vertex 3.00927 1.35436 2.5
      vertex 8.32339 3.50172 2.5
      vertex 8.24389 3.68499 2.5
    endloop
  endfacet
  facet normal 0 0 1
    outer loop
      vertex 8.71363 -2.36928 2.5
      vertex 3.15058 -0.98176 2.5
      vertex 8.65909 -2.56147 2.5
    endloop
  endfacet
  facet normal 0 0 1
    outer loop
      vertex 3.00927 1.35436 2.5
      vertex 8.24389 3.68499 2.5
      vertex 8.16035 3.86646 2.5
    endloop
  endfacet
  facet normal 0 0 1
    outer loop
      vertex 8.65909 -2.56147 2.5
      vertex 3.15058 -0.98176 2.5
      vertex 8.6003 -2.7524 2.5
    endloop
  endfacet
  facet normal 0 0 1
    outer loop
      vertex 3.00927 1.35436 2.5
      vertex 8.16035 3.86646 2.5
      vertex 8.07282 4.04604 2.5
    endloop
  endfacet
  facet normal 0 0 1
    outer loop
      vertex 8.6003 -2.7524 2.5
      vertex 3.15058 -0.98176 2.5
      vertex 8.53731 -2.94198 2.5
    endloop
  endfacet
  facet normal 0 0 1
    outer loop
      vertex 2.922 1.53359 2.5
      vertex 8.07282 4.04604 2.5
      vertex 7.98134 4.22364 2.5
    endloop
  endfacet
  facet normal -0 0 1
    outer loop
      vertex 3.08555 -1.1702 2.5
      vertex 8.53731 -2.94198 2.5
      vertex 3.15058 -0.98176 2.5
    endloop
  endfacet
  facet normal 0 0 1
    outer loop
      vertex 2.922 1.53359 2.5
      vertex 7.98134 4.22364 2.5
      vertex 7.88595 4.39917 2.5
    endloop
  endfacet
  facet normal 0 0 1
    outer loop
      vertex 8.53731 -2.94198 2.5
      vertex 3.08555 -1.1702 2.5
      vertex 8.47014 -3.13012 2.5
    endloop
  endfacet
  facet normal 0 0 1
    outer loop
      vertex 2.82408 1.70721 2.5
      vertex 7.88595 4.39917 2.5
      vertex 7.7867 4.57255 2.5
    endloop
  endfacet
  facet normal 0 0 1
    outer loop
      vertex 8.47014 -3.13012 2.5
      vertex 3.08555 -1.1702 2.5
      vertex 8.39882 -3.31673 2.5
    endloop
  endfacet
  facet normal 0 0 1
    outer loop
      vertex 2.82408 1.70721 2.5
      vertex 7.7867 4.57255 2.5
      vertex 7.68364 4.74369 2.5
    endloop
  endfacet
  facet normal 0 0 1
    outer loop
      vertex 8.39882 -3.31673 2.5
      vertex 3.08555 -1.1702 2.5
      vertex 8.32339 -3.50172 2.5
    endloop
  endfacet
  facet normal 0 0 1
    outer loop
      vertex 2.82408 1.70721 2.5
      vertex 7.68364 4.74369 2.5
      vertex 7.57682 4.9125 2.5
    endloop
  endfacet
  facet normal -0 0 1
    outer loop
      vertex 3.00927 -1.35436 2.5
      vertex 8.32339 -3.50172 2.5
      vertex 3.08555 -1.1702 2.5
    endloop
  endfacet
  facet normal 0 0 1
    outer loop
      vertex 2.71585 1.87461 2.5
      vertex 7.57682 4.9125 2.5
      vertex 7.46629 5.07892 2.5
    endloop
  endfacet
  facet normal 0 0 1
    outer loop
      vertex 8.32339 -3.50172 2.5
      vertex 3.00927 -1.35436 2.5
      vertex 8.24389 -3.68499 2.5
    endloop
  endfacet
  facet normal 0 0 1
    outer loop
      vertex 2.71585 1.87461 2.5
      vertex 7.46629 5.07892 2.5
      vertex 7.35211 5.24284 2.5
    endloop
  endfacet
  facet normal 0 0 1
    outer loop
      vertex 8.24389 -3.68499 2.5
      vertex 3.00927 -1.35436 2.5
      vertex 8.16035 -3.86646 2.5
    endloop
  endfacet
  facet normal 0 0 1
    outer loop
      vertex 2.71585 1.87461 2.5
      vertex 7.35211 5.24284 2.5
      vertex 7.23433 5.4042 2.5
    endloop
  endfacet
  facet normal 0 0 1
    outer loop
      vertex 8.16035 -3.86646 2.5
      vertex 3.00927 -1.35436 2.5
      vertex 8.07282 -4.04604 2.5
    endloop
  endfacet
  facet normal 0 0 1
    outer loop
      vertex 2.5977 2.03517 2.5
      vertex 7.23433 5.4042 2.5
      vertex 7.113 5.56292 2.5
    endloop
  endfacet
  facet normal -0 0 1
    outer loop
      vertex 2.922 -1.53359 2.5
      vertex 8.07282 -4.04604 2.5
      vertex 3.00927 -1.35436 2.5
    endloop
  endfacet
  facet normal 0 0 1
    outer loop
      vertex 2.5977 2.03517 2.5
      vertex 7.113 5.56292 2.5
      vertex 6.9882 5.71891 2.5
    endloop
  endfacet
  facet normal 0 0 1
    outer loop
      vertex 8.07282 -4.04604 2.5
      vertex 2.922 -1.53359 2.5
      vertex 7.98134 -4.22364 2.5
    endloop
  endfacet
  facet normal 0 0 1
    outer loop
      vertex 2.5977 2.03517 2.5
      vertex 6.9882 5.71891 2.5
      vertex 6.85997 5.87211 2.5
    endloop
  endfacet
  facet normal 0 0 1
    outer loop
      vertex 7.98134 -4.22364 2.5
      vertex 2.922 -1.53359 2.5
      vertex 7.88595 -4.39917 2.5
    endloop
  endfacet
  facet normal 0 0 1
    outer loop
      vertex 2.47009 2.1883 2.5
      vertex 6.85997 5.87211 2.5
      vertex 6.72839 6.02243 2.5
    endloop
  endfacet
  facet normal -0 0 1
    outer loop
      vertex 2.82408 -1.70721 2.5
      vertex 7.88595 -4.39917 2.5
      vertex 2.922 -1.53359 2.5
    endloop
  endfacet
  facet normal 0 0 1
    outer loop
      vertex 2.47009 2.1883 2.5
      vertex 6.72839 6.02243 2.5
      vertex 6.59352 6.1698 2.5
    endloop
  endfacet
  facet normal 0 0 1
    outer loop
      vertex 7.88595 -4.39917 2.5
      vertex 2.82408 -1.70721 2.5
      vertex 7.7867 -4.57255 2.5
    endloop
  endfacet
  facet normal 0 0 1
    outer loop
      vertex 2.33345 2.33345 2.5
      vertex 6.59352 6.1698 2.5
      vertex 6.45541 6.31415 2.5
    endloop
  endfacet
  facet normal 0 0 1
    outer loop
      vertex 7.7867 -4.57255 2.5
      vertex 2.82408 -1.70721 2.5
      vertex 7.68364 -4.74369 2.5
    endloop
  endfacet
  facet normal 0 0 1
    outer loop
      vertex 2.33345 2.33345 2.5
      vertex 6.45541 6.31415 2.5
      vertex 6.31415 6.45541 2.5
    endloop
  endfacet
  facet normal 0 0 1
    outer loop
      vertex 7.68364 -4.74369 2.5
      vertex 2.82408 -1.70721 2.5
      vertex 7.57682 -4.9125 2.5
    endloop
  endfacet
  facet normal 0 0 1
    outer loop
      vertex 2.33345 2.33345 2.5
      vertex 6.31415 6.45541 2.5
      vertex 6.1698 6.59352 2.5
    endloop
  endfacet
  facet normal -0 0 1
    outer loop
      vertex 2.71585 -1.87461 2.5
      vertex 7.57682 -4.9125 2.5
      vertex 2.82408 -1.70721 2.5
    endloop
  endfacet
  facet normal 0 0 1
    outer loop
      vertex 2.1883 2.47009 2.5
      vertex 6.1698 6.59352 2.5
      vertex 6.02243 6.72839 2.5
    endloop
  endfacet
  facet normal 0 0 1
    outer loop
      vertex 7.57682 -4.9125 2.5
      vertex 2.71585 -1.87461 2.5
      vertex 7.46629 -5.07892 2.5
    endloop
  endfacet
  facet normal 0 0 1
    outer loop
      vertex 2.1883 2.47009 2.5
      vertex 6.02243 6.72839 2.5
      vertex 5.87211 6.85997 2.5
    endloop
  endfacet
  facet normal 0 0 1
    outer loop
      vertex 7.46629 -5.07892 2.5
      vertex 2.71585 -1.87461 2.5
      vertex 7.35211 -5.24284 2.5
    endloop
  endfacet
  facet normal 0 0 1
    outer loop
      vertex 2.1883 2.47009 2.5
      vertex 5.87211 6.85997 2.5
      vertex 5.71891 6.9882 2.5
    endloop
  endfacet
  facet normal 0 0 1
    outer loop
      vertex 7.35211 -5.24284 2.5
      vertex 2.71585 -1.87461 2.5
      vertex 7.23433 -5.4042 2.5
    endloop
  endfacet
  facet normal 0 0 1
    outer loop
      vertex 2.03517 2.5977 2.5
      vertex 5.71891 6.9882 2.5
      vertex 5.56292 7.113 2.5
    endloop
  endfacet
  facet normal -0 0 1
    outer loop
      vertex 2.5977 -2.03517 2.5
      vertex 7.23433 -5.4042 2.5
      vertex 2.71585 -1.87461 2.5
    endloop
  endfacet
  facet normal 0 0 1
    outer loop
      vertex 2.03517 2.5977 2.5
      vertex 5.56292 7.113 2.5
      vertex 5.4042 7.23433 2.5
    endloop
  endfacet
  facet normal 0 0 1
    outer loop
      vertex 7.23433 -5.4042 2.5
      vertex 2.5977 -2.03517 2.5
      vertex 7.113 -5.56292 2.5
    endloop
  endfacet
  facet normal 0 0 1
    outer loop
      vertex 2.03517 2.5977 2.5
      vertex 5.4042 7.23433 2.5
      vertex 5.24284 7.35211 2.5
    endloop
  endfacet
  facet normal 0 0 1
    outer loop
      vertex 7.113 -5.56292 2.5
      vertex 2.5977 -2.03517 2.5
      vertex 6.9882 -5.71891 2.5
    endloop
  endfacet
  facet normal 0 0 1
    outer loop
      vertex 1.87461 2.71585 2.5
      vertex 5.24284 7.35211 2.5
      vertex 5.07892 7.46629 2.5
    endloop
  endfacet
  facet normal 0 0 1
    outer loop
      vertex 6.9882 -5.71891 2.5
      vertex 2.5977 -2.03517 2.5
      vertex 6.85997 -5.87211 2.5
    endloop
  endfacet
  facet normal 0 0 1
    outer loop
      vertex 1.87461 2.71585 2.5
      vertex 5.07892 7.46629 2.5
      vertex 4.9125 7.57682 2.5
    endloop
  endfacet
  facet normal -0 0 1
    outer loop
      vertex 2.47009 -2.1883 2.5
      vertex 6.85997 -5.87211 2.5
      vertex 2.5977 -2.03517 2.5
    endloop
  endfacet
  facet normal 0 0 1
    outer loop
      vertex 1.70721 2.82408 2.5
      vertex 4.9125 7.57682 2.5
      vertex 4.74369 7.68364 2.5
    endloop
  endfacet
  facet normal 0 0 1
    outer loop
      vertex 6.85997 -5.87211 2.5
      vertex 2.47009 -2.1883 2.5
      vertex 6.72839 -6.02243 2.5
    endloop
  endfacet
  facet normal 0 0 1
    outer loop
      vertex 1.70721 2.82408 2.5
      vertex 4.74369 7.68364 2.5
      vertex 4.57255 7.7867 2.5
    endloop
  endfacet
  facet normal 0 0 1
    outer loop
      vertex 6.72839 -6.02243 2.5
      vertex 2.47009 -2.1883 2.5
      vertex 6.59352 -6.1698 2.5
    endloop
  endfacet
  facet normal 0 0 1
    outer loop
      vertex 1.70721 2.82408 2.5
      vertex 4.57255 7.7867 2.5
      vertex 4.39917 7.88595 2.5
    endloop
  endfacet
  facet normal -0 0 1
    outer loop
      vertex 2.33345 -2.33345 2.5
      vertex 6.59352 -6.1698 2.5
      vertex 2.47009 -2.1883 2.5
    endloop
  endfacet
  facet normal 0 0 1
    outer loop
      vertex 1.53359 2.922 2.5
      vertex 4.39917 7.88595 2.5
      vertex 4.22364 7.98134 2.5
    endloop
  endfacet
  facet normal 0 0 1
    outer loop
      vertex 6.59352 -6.1698 2.5
      vertex 2.33345 -2.33345 2.5
      vertex 6.45541 -6.31415 2.5
    endloop
  endfacet
  facet normal 0 0 1
    outer loop
      vertex 1.53359 2.922 2.5
      vertex 4.22364 7.98134 2.5
      vertex 4.04604 8.07282 2.5
    endloop
  endfacet
  facet normal 0 0 1
    outer loop
      vertex 6.45541 -6.31415 2.5
      vertex 2.33345 -2.33345 2.5
      vertex 6.31415 -6.45541 2.5
    endloop
  endfacet
  facet normal 0 0 1
    outer loop
      vertex 1.53359 2.922 2.5
      vertex 4.04604 8.07282 2.5
      vertex 3.86646 8.16035 2.5
    endloop
  endfacet
  facet normal 0 0 1
    outer loop
      vertex 6.31415 -6.45541 2.5
      vertex 2.33345 -2.33345 2.5
      vertex 6.1698 -6.59352 2.5
    endloop
  endfacet
  facet normal 0 0 1
    outer loop
      vertex 1.35436 3.00927 2.5
      vertex 3.86646 8.16035 2.5
      vertex 3.68499 8.24389 2.5
    endloop
  endfacet
  facet normal -0 0 1
    outer loop
      vertex 2.1883 -2.47009 2.5
      vertex 6.1698 -6.59352 2.5
      vertex 2.33345 -2.33345 2.5
    endloop
  endfacet
  facet normal 0 0 1
    outer loop
      vertex 1.35436 3.00927 2.5
      vertex 3.68499 8.24389 2.5
      vertex 3.50172 8.32339 2.5
    endloop
  endfacet
  facet normal 0 0 1
    outer loop
      vertex 6.1698 -6.59352 2.5
      vertex 2.1883 -2.47009 2.5
      vertex 6.02243 -6.72839 2.5
    endloop
  endfacet
  facet normal 0 0 1
    outer loop
      vertex 1.1702 3.08555 2.5
      vertex 3.50172 8.32339 2.5
      vertex 3.31673 8.39882 2.5
    endloop
  endfacet
  facet normal 0 0 1
    outer loop
      vertex 6.02243 -6.72839 2.5
      vertex 2.1883 -2.47009 2.5
      vertex 5.87211 -6.85997 2.5
    endloop
  endfacet
  facet normal 0 0 1
    outer loop
      vertex 5.87211 -6.85997 2.5
      vertex 2.1883 -2.47009 2.5
      vertex 5.71891 -6.9882 2.5
    endloop
  endfacet
  facet normal 0 0 1
    outer loop
      vertex 9.02116 0.399426 2.5
      vertex 3.29398 0.199248 2.5
      vertex 3.3 0 2.5
    endloop
  endfacet
  facet normal 0 0 1
    outer loop
      vertex 8.99466 0.798072 2.5
      vertex 3.27594 0.397771 2.5
      vertex 3.29398 0.199248 2.5
    endloop
  endfacet
  facet normal 0 0 1
    outer loop
      vertex 8.92193 1.39287 2.5
      vertex 3.24594 0.594841 2.5
      vertex 3.27594 0.397771 2.5
    endloop
  endfacet
  facet normal 0 0 1
    outer loop
      vertex 8.80991 1.98153 2.5
      vertex 3.20411 0.789742 2.5
      vertex 3.24594 0.594841 2.5
    endloop
  endfacet
  facet normal 0 0 1
    outer loop
      vertex 8.71363 2.36928 2.5
      vertex 3.15058 0.98176 2.5
      vertex 3.20411 0.789742 2.5
    endloop
  endfacet
  facet normal 0 0 1
    outer loop
      vertex 1.1702 3.08555 2.5
      vertex 3.31673 8.39882 2.5
      vertex 3.13012 8.47014 2.5
    endloop
  endfacet
  facet normal 0 0 1
    outer loop
      vertex 8.53731 2.94198 2.5
      vertex 3.08555 1.1702 2.5
      vertex 3.15058 0.98176 2.5
    endloop
  endfacet
  facet normal 0 0 1
    outer loop
      vertex 8.32339 3.50172 2.5
      vertex 3.00927 1.35436 2.5
      vertex 3.08555 1.1702 2.5
    endloop
  endfacet
  facet normal 0 0 1
    outer loop
      vertex 1.1702 3.08555 2.5
      vertex 3.13012 8.47014 2.5
      vertex 2.94198 8.53731 2.5
    endloop
  endfacet
  facet normal 0 0 1
    outer loop
      vertex 8.07282 4.04604 2.5
      vertex 2.922 1.53359 2.5
      vertex 3.00927 1.35436 2.5
    endloop
  endfacet
  facet normal 0 0 1
    outer loop
      vertex 7.88595 4.39917 2.5
      vertex 2.82408 1.70721 2.5
      vertex 2.922 1.53359 2.5
    endloop
  endfacet
  facet normal 0 0 1
    outer loop
      vertex 0.98176 3.15058 2.5
      vertex 2.94198 8.53731 2.5
      vertex 2.7524 8.6003 2.5
    endloop
  endfacet
  facet normal 0 0 1
    outer loop
      vertex 7.57682 4.9125 2.5
      vertex 2.71585 1.87461 2.5
      vertex 2.82408 1.70721 2.5
    endloop
  endfacet
  facet normal 0 0 1
    outer loop
      vertex 7.23433 5.4042 2.5
      vertex 2.5977 2.03517 2.5
      vertex 2.71585 1.87461 2.5
    endloop
  endfacet
  facet normal 0 0 1
    outer loop
      vertex 0.98176 3.15058 2.5
      vertex 2.7524 8.6003 2.5
      vertex 2.56147 8.65909 2.5
    endloop
  endfacet
  facet normal 0 0 1
    outer loop
      vertex 6.85997 5.87211 2.5
      vertex 2.47009 2.1883 2.5
      vertex 2.5977 2.03517 2.5
    endloop
  endfacet
  facet normal 0 0 1
    outer loop
      vertex 0.98176 3.15058 2.5
      vertex 2.56147 8.65909 2.5
      vertex 2.36928 8.71363 2.5
    endloop
  endfacet
  facet normal 0 0 1
    outer loop
      vertex 6.59352 6.1698 2.5
      vertex 2.33345 2.33345 2.5
      vertex 2.47009 2.1883 2.5
    endloop
  endfacet
  facet normal 0 0 1
    outer loop
      vertex 6.1698 6.59352 2.5
      vertex 2.1883 2.47009 2.5
      vertex 2.33345 2.33345 2.5
    endloop
  endfacet
  facet normal 0 0 1
    outer loop
      vertex 0.789742 3.20411 2.5
      vertex 2.36928 8.71363 2.5
      vertex 2.17594 8.76391 2.5
    endloop
  endfacet
  facet normal 0 0 1
    outer loop
      vertex 5.71891 6.9882 2.5
      vertex 2.03517 2.5977 2.5
      vertex 2.1883 2.47009 2.5
    endloop
  endfacet
  facet normal 0 0 1
    outer loop
      vertex 0.789742 3.20411 2.5
      vertex 2.17594 8.76391 2.5
      vertex 1.98153 8.80991 2.5
    endloop
  endfacet
  facet normal 0 0 1
    outer loop
      vertex 5.24284 7.35211 2.5
      vertex 1.87461 2.71585 2.5
      vertex 2.03517 2.5977 2.5
    endloop
  endfacet
  facet normal 0 0 1
    outer loop
      vertex 0.789742 3.20411 2.5
      vertex 1.98153 8.80991 2.5
      vertex 1.78615 8.85158 2.5
    endloop
  endfacet
  facet normal 0 0 1
    outer loop
      vertex 4.9125 7.57682 2.5
      vertex 1.70721 2.82408 2.5
      vertex 1.87461 2.71585 2.5
    endloop
  endfacet
  facet normal 0 0 1
    outer loop
      vertex 0.594841 3.24594 2.5
      vertex 1.78615 8.85158 2.5
      vertex 1.5899 8.88893 2.5
    endloop
  endfacet
  facet normal 0 0 1
    outer loop
      vertex 4.39917 7.88595 2.5
      vertex 1.53359 2.922 2.5
      vertex 1.70721 2.82408 2.5
    endloop
  endfacet
  facet normal 0 0 1
    outer loop
      vertex 0.594841 3.24594 2.5
      vertex 1.5899 8.88893 2.5
      vertex 1.39287 8.92193 2.5
    endloop
  endfacet
  facet normal 0 0 1
    outer loop
      vertex 3.86646 8.16035 2.5
      vertex 1.35436 3.00927 2.5
      vertex 1.53359 2.922 2.5
    endloop
  endfacet
  facet normal 0 0 1
    outer loop
      vertex 0.397771 3.27594 2.5
      vertex 1.39287 8.92193 2.5
      vertex 1.19516 8.95056 2.5
    endloop
  endfacet
  facet normal 0 0 1
    outer loop
      vertex 3.50172 8.32339 2.5
      vertex 1.1702 3.08555 2.5
      vertex 1.35436 3.00927 2.5
    endloop
  endfacet
  facet normal 0 0 1
    outer loop
      vertex 0.397771 3.27594 2.5
      vertex 1.19516 8.95056 2.5
      vertex 0.996858 8.97481 2.5
    endloop
  endfacet
  facet normal 0 0 1
    outer loop
      vertex 2.94198 8.53731 2.5
      vertex 0.98176 3.15058 2.5
      vertex 1.1702 3.08555 2.5
    endloop
  endfacet
  facet normal 0 0 1
    outer loop
      vertex 0.397771 3.27594 2.5
      vertex 0.996858 8.97481 2.5
      vertex 0.798072 8.99466 2.5
    endloop
  endfacet
  facet normal 0 0 1
    outer loop
      vertex 2.36928 8.71363 2.5
      vertex 0.789742 3.20411 2.5
      vertex 0.98176 3.15058 2.5
    endloop
  endfacet
  facet normal 0 0 1
    outer loop
      vertex 0.199248 3.29398 2.5
      vertex 0.798072 8.99466 2.5
      vertex 0.598896 9.01012 2.5
    endloop
  endfacet
  facet normal 0 0 1
    outer loop
      vertex 1.78615 8.85158 2.5
      vertex 0.594841 3.24594 2.5
      vertex 0.789742 3.20411 2.5
    endloop
  endfacet
  facet normal 0 0 1
    outer loop
      vertex 0.199248 3.29398 2.5
      vertex 0.598896 9.01012 2.5
      vertex 0.399426 9.02116 2.5
    endloop
  endfacet
  facet normal 0 0 1
    outer loop
      vertex 1.39287 8.92193 2.5
      vertex 0.397771 3.27594 2.5
      vertex 0.594841 3.24594 2.5
    endloop
  endfacet
  facet normal 0 0 1
    outer loop
      vertex 0.199248 3.29398 2.5
      vertex 0.399426 9.02116 2.5
      vertex 0.199762 9.02779 2.5
    endloop
  endfacet
  facet normal 0 0 1
    outer loop
      vertex 0.798072 8.99466 2.5
      vertex 0.199248 3.29398 2.5
      vertex 0.397771 3.27594 2.5
    endloop
  endfacet
  facet normal 0 0 1
    outer loop
      vertex 0 3.3 2.5
      vertex 0.199762 9.02779 2.5
      vertex 0 9.03 2.5
    endloop
  endfacet
  facet normal 0 0 1
    outer loop
      vertex 0.199762 9.02779 2.5
      vertex 0 3.3 2.5
      vertex 0.199248 3.29398 2.5
    endloop
  endfacet
  facet normal -0 0 1
    outer loop
      vertex -0.199762 9.02779 2.5
      vertex 0 3.3 2.5
      vertex 0 9.03 2.5
    endloop
  endfacet
  facet normal 0 0 1
    outer loop
      vertex 0 3.3 2.5
      vertex -0.199762 9.02779 2.5
      vertex -0.199248 3.29398 2.5
    endloop
  endfacet
  facet normal -0 0 1
    outer loop
      vertex -0.399426 9.02116 2.5
      vertex -0.199248 3.29398 2.5
      vertex -0.199762 9.02779 2.5
    endloop
  endfacet
  facet normal -0 0 1
    outer loop
      vertex -0.598896 9.01012 2.5
      vertex -0.199248 3.29398 2.5
      vertex -0.399426 9.02116 2.5
    endloop
  endfacet
  facet normal -0 0 1
    outer loop
      vertex -0.798072 8.99466 2.5
      vertex -0.199248 3.29398 2.5
      vertex -0.598896 9.01012 2.5
    endloop
  endfacet
  facet normal 0 0 1
    outer loop
      vertex -0.199248 3.29398 2.5
      vertex -0.798072 8.99466 2.5
      vertex -0.397771 3.27594 2.5
    endloop
  endfacet
  facet normal -0 0 1
    outer loop
      vertex -0.996858 8.97481 2.5
      vertex -0.397771 3.27594 2.5
      vertex -0.798072 8.99466 2.5
    endloop
  endfacet
  facet normal -0 0 1
    outer loop
      vertex -1.19516 8.95056 2.5
      vertex -0.397771 3.27594 2.5
      vertex -0.996858 8.97481 2.5
    endloop
  endfacet
  facet normal -0 0 1
    outer loop
      vertex -1.39287 8.92193 2.5
      vertex -0.397771 3.27594 2.5
      vertex -1.19516 8.95056 2.5
    endloop
  endfacet
  facet normal 0 0 1
    outer loop
      vertex -0.397771 3.27594 2.5
      vertex -1.39287 8.92193 2.5
      vertex -0.594841 3.24594 2.5
    endloop
  endfacet
  facet normal -0 0 1
    outer loop
      vertex -1.5899 8.88893 2.5
      vertex -0.594841 3.24594 2.5
      vertex -1.39287 8.92193 2.5
    endloop
  endfacet
  facet normal -0 0 1
    outer loop
      vertex -1.78615 8.85158 2.5
      vertex -0.594841 3.24594 2.5
      vertex -1.5899 8.88893 2.5
    endloop
  endfacet
  facet normal 0 0 1
    outer loop
      vertex -0.594841 3.24594 2.5
      vertex -1.78615 8.85158 2.5
      vertex -0.789742 3.20411 2.5
    endloop
  endfacet
  facet normal -0 0 1
    outer loop
      vertex -1.98153 8.80991 2.5
      vertex -0.789742 3.20411 2.5
      vertex -1.78615 8.85158 2.5
    endloop
  endfacet
  facet normal -0 0 1
    outer loop
      vertex -2.17594 8.76391 2.5
      vertex -0.789742 3.20411 2.5
      vertex -1.98153 8.80991 2.5
    endloop
  endfacet
  facet normal -0 0 1
    outer loop
      vertex -2.36928 8.71363 2.5
      vertex -0.789742 3.20411 2.5
      vertex -2.17594 8.76391 2.5
    endloop
  endfacet
  facet normal 0 0 1
    outer loop
      vertex -0.789742 3.20411 2.5
      vertex -2.36928 8.71363 2.5
      vertex -0.98176 3.15058 2.5
    endloop
  endfacet
  facet normal -0 0 1
    outer loop
      vertex -2.56147 8.65909 2.5
      vertex -0.98176 3.15058 2.5
      vertex -2.36928 8.71363 2.5
    endloop
  endfacet
  facet normal -0 0 1
    outer loop
      vertex -2.7524 8.6003 2.5
      vertex -0.98176 3.15058 2.5
      vertex -2.56147 8.65909 2.5
    endloop
  endfacet
  facet normal -0 0 1
    outer loop
      vertex -2.94198 8.53731 2.5
      vertex -0.98176 3.15058 2.5
      vertex -2.7524 8.6003 2.5
    endloop
  endfacet
  facet normal 0 0 1
    outer loop
      vertex -0.98176 3.15058 2.5
      vertex -2.94198 8.53731 2.5
      vertex -1.1702 3.08555 2.5
    endloop
  endfacet
  facet normal -0 0 1
    outer loop
      vertex -3.13012 8.47014 2.5
      vertex -1.1702 3.08555 2.5
      vertex -2.94198 8.53731 2.5
    endloop
  endfacet
  facet normal -0 0 1
    outer loop
      vertex -3.31673 8.39882 2.5
      vertex -1.1702 3.08555 2.5
      vertex -3.13012 8.47014 2.5
    endloop
  endfacet
  facet normal -0 0 1
    outer loop
      vertex -3.50172 8.32339 2.5
      vertex -1.1702 3.08555 2.5
      vertex -3.31673 8.39882 2.5
    endloop
  endfacet
  facet normal 0 0 1
    outer loop
      vertex -1.1702 3.08555 2.5
      vertex -3.50172 8.32339 2.5
      vertex -1.35436 3.00927 2.5
    endloop
  endfacet
  facet normal -0 0 1
    outer loop
      vertex -3.68499 8.24389 2.5
      vertex -1.35436 3.00927 2.5
      vertex -3.50172 8.32339 2.5
    endloop
  endfacet
  facet normal -0 0 1
    outer loop
      vertex -3.86646 8.16035 2.5
      vertex -1.35436 3.00927 2.5
      vertex -3.68499 8.24389 2.5
    endloop
  endfacet
  facet normal 0 0 1
    outer loop
      vertex -1.35436 3.00927 2.5
      vertex -3.86646 8.16035 2.5
      vertex -1.53359 2.922 2.5
    endloop
  endfacet
  facet normal -0 0 1
    outer loop
      vertex -4.04604 8.07282 2.5
      vertex -1.53359 2.922 2.5
      vertex -3.86646 8.16035 2.5
    endloop
  endfacet
  facet normal -0 0 1
    outer loop
      vertex -4.22364 7.98134 2.5
      vertex -1.53359 2.922 2.5
      vertex -4.04604 8.07282 2.5
    endloop
  endfacet
  facet normal -0 0 1
    outer loop
      vertex -4.39917 7.88595 2.5
      vertex -1.53359 2.922 2.5
      vertex -4.22364 7.98134 2.5
    endloop
  endfacet
  facet normal 0 0 1
    outer loop
      vertex -1.53359 2.922 2.5
      vertex -4.39917 7.88595 2.5
      vertex -1.70721 2.82408 2.5
    endloop
  endfacet
  facet normal -0 0 1
    outer loop
      vertex -4.57255 7.7867 2.5
      vertex -1.70721 2.82408 2.5
      vertex -4.39917 7.88595 2.5
    endloop
  endfacet
  facet normal -0 0 1
    outer loop
      vertex -4.74369 7.68364 2.5
      vertex -1.70721 2.82408 2.5
      vertex -4.57255 7.7867 2.5
    endloop
  endfacet
  facet normal -0 0 1
    outer loop
      vertex -4.9125 7.57682 2.5
      vertex -1.70721 2.82408 2.5
      vertex -4.74369 7.68364 2.5
    endloop
  endfacet
  facet normal 0 0 1
    outer loop
      vertex -1.70721 2.82408 2.5
      vertex -4.9125 7.57682 2.5
      vertex -1.87461 2.71585 2.5
    endloop
  endfacet
  facet normal -0 0 1
    outer loop
      vertex -5.07892 7.46629 2.5
      vertex -1.87461 2.71585 2.5
      vertex -4.9125 7.57682 2.5
    endloop
  endfacet
  facet normal -0 0 1
    outer loop
      vertex -5.24284 7.35211 2.5
      vertex -1.87461 2.71585 2.5
      vertex -5.07892 7.46629 2.5
    endloop
  endfacet
  facet normal 0 0 1
    outer loop
      vertex -1.87461 2.71585 2.5
      vertex -5.24284 7.35211 2.5
      vertex -2.03517 2.5977 2.5
    endloop
  endfacet
  facet normal -0 0 1
    outer loop
      vertex -5.4042 7.23433 2.5
      vertex -2.03517 2.5977 2.5
      vertex -5.24284 7.35211 2.5
    endloop
  endfacet
  facet normal -0 0 1
    outer loop
      vertex -5.56292 7.113 2.5
      vertex -2.03517 2.5977 2.5
      vertex -5.4042 7.23433 2.5
    endloop
  endfacet
  facet normal -0 0 1
    outer loop
      vertex -5.71891 6.9882 2.5
      vertex -2.03517 2.5977 2.5
      vertex -5.56292 7.113 2.5
    endloop
  endfacet
  facet normal 0 0 1
    outer loop
      vertex -2.03517 2.5977 2.5
      vertex -5.71891 6.9882 2.5
      vertex -2.1883 2.47009 2.5
    endloop
  endfacet
  facet normal -0 0 1
    outer loop
      vertex 2.03517 -2.5977 2.5
      vertex 5.71891 -6.9882 2.5
      vertex 2.1883 -2.47009 2.5
    endloop
  endfacet
  facet normal 0 0 1
    outer loop
      vertex 5.71891 -6.9882 2.5
      vertex 2.03517 -2.5977 2.5
      vertex 5.56292 -7.113 2.5
    endloop
  endfacet
  facet normal 0 0 1
    outer loop
      vertex 5.56292 -7.113 2.5
      vertex 2.03517 -2.5977 2.5
      vertex 5.4042 -7.23433 2.5
    endloop
  endfacet
  facet normal 0 0 1
    outer loop
      vertex 5.4042 -7.23433 2.5
      vertex 2.03517 -2.5977 2.5
      vertex 5.24284 -7.35211 2.5
    endloop
  endfacet
  facet normal -0 0 1
    outer loop
      vertex 1.87461 -2.71585 2.5
      vertex 5.24284 -7.35211 2.5
      vertex 2.03517 -2.5977 2.5
    endloop
  endfacet
  facet normal 0 0 1
    outer loop
      vertex 5.24284 -7.35211 2.5
      vertex 1.87461 -2.71585 2.5
      vertex 5.07892 -7.46629 2.5
    endloop
  endfacet
  facet normal 0 0 1
    outer loop
      vertex 5.07892 -7.46629 2.5
      vertex 1.87461 -2.71585 2.5
      vertex 4.9125 -7.57682 2.5
    endloop
  endfacet
  facet normal -0 0 1
    outer loop
      vertex 1.70721 -2.82408 2.5
      vertex 4.9125 -7.57682 2.5
      vertex 1.87461 -2.71585 2.5
    endloop
  endfacet
  facet normal 0 0 1
    outer loop
      vertex 4.9125 -7.57682 2.5
      vertex 1.70721 -2.82408 2.5
      vertex 4.74369 -7.68364 2.5
    endloop
  endfacet
  facet normal 0 0 1
    outer loop
      vertex 4.74369 -7.68364 2.5
      vertex 1.70721 -2.82408 2.5
      vertex 4.57255 -7.7867 2.5
    endloop
  endfacet
  facet normal 0 0 1
    outer loop
      vertex 4.57255 -7.7867 2.5
      vertex 1.70721 -2.82408 2.5
      vertex 4.39917 -7.88595 2.5
    endloop
  endfacet
  facet normal -0 0 1
    outer loop
      vertex 1.53359 -2.922 2.5
      vertex 4.39917 -7.88595 2.5
      vertex 1.70721 -2.82408 2.5
    endloop
  endfacet
  facet normal 0 0 1
    outer loop
      vertex 4.39917 -7.88595 2.5
      vertex 1.53359 -2.922 2.5
      vertex 4.22364 -7.98134 2.5
    endloop
  endfacet
  facet normal 0 0 1
    outer loop
      vertex 4.22364 -7.98134 2.5
      vertex 1.53359 -2.922 2.5
      vertex 4.04604 -8.07282 2.5
    endloop
  endfacet
  facet normal 0 0 1
    outer loop
      vertex 4.04604 -8.07282 2.5
      vertex 1.53359 -2.922 2.5
      vertex 3.86646 -8.16035 2.5
    endloop
  endfacet
  facet normal -0 0 1
    outer loop
      vertex 1.35436 -3.00927 2.5
      vertex 3.86646 -8.16035 2.5
      vertex 1.53359 -2.922 2.5
    endloop
  endfacet
  facet normal 0 0 1
    outer loop
      vertex 3.86646 -8.16035 2.5
      vertex 1.35436 -3.00927 2.5
      vertex 3.68499 -8.24389 2.5
    endloop
  endfacet
  facet normal 0 0 1
    outer loop
      vertex 3.68499 -8.24389 2.5
      vertex 1.35436 -3.00927 2.5
      vertex 3.50172 -8.32339 2.5
    endloop
  endfacet
  facet normal -0 0 1
    outer loop
      vertex 1.1702 -3.08555 2.5
      vertex 3.50172 -8.32339 2.5
      vertex 1.35436 -3.00927 2.5
    endloop
  endfacet
  facet normal 0 0 1
    outer loop
      vertex 3.50172 -8.32339 2.5
      vertex 1.1702 -3.08555 2.5
      vertex 3.31673 -8.39882 2.5
    endloop
  endfacet
  facet normal 0 0 1
    outer loop
      vertex 3.31673 -8.39882 2.5
      vertex 1.1702 -3.08555 2.5
      vertex 3.13012 -8.47014 2.5
    endloop
  endfacet
  facet normal 0 0 1
    outer loop
      vertex 3.13012 -8.47014 2.5
      vertex 1.1702 -3.08555 2.5
      vertex 2.94198 -8.53731 2.5
    endloop
  endfacet
  facet normal -0 0 1
    outer loop
      vertex 0.98176 -3.15058 2.5
      vertex 2.94198 -8.53731 2.5
      vertex 1.1702 -3.08555 2.5
    endloop
  endfacet
  facet normal 0 0 1
    outer loop
      vertex 2.94198 -8.53731 2.5
      vertex 0.98176 -3.15058 2.5
      vertex 2.7524 -8.6003 2.5
    endloop
  endfacet
  facet normal 0 0 1
    outer loop
      vertex 2.7524 -8.6003 2.5
      vertex 0.98176 -3.15058 2.5
      vertex 2.56147 -8.65909 2.5
    endloop
  endfacet
  facet normal 0 0 1
    outer loop
      vertex 2.56147 -8.65909 2.5
      vertex 0.98176 -3.15058 2.5
      vertex 2.36928 -8.71363 2.5
    endloop
  endfacet
  facet normal -0 0 1
    outer loop
      vertex 0.789742 -3.20411 2.5
      vertex 2.36928 -8.71363 2.5
      vertex 0.98176 -3.15058 2.5
    endloop
  endfacet
  facet normal 0 0 1
    outer loop
      vertex 2.36928 -8.71363 2.5
      vertex 0.789742 -3.20411 2.5
      vertex 2.17594 -8.76391 2.5
    endloop
  endfacet
  facet normal 0 0 1
    outer loop
      vertex 2.17594 -8.76391 2.5
      vertex 0.789742 -3.20411 2.5
      vertex 1.98153 -8.80991 2.5
    endloop
  endfacet
  facet normal 0 0 1
    outer loop
      vertex 1.98153 -8.80991 2.5
      vertex 0.789742 -3.20411 2.5
      vertex 1.78615 -8.85158 2.5
    endloop
  endfacet
  facet normal -0 0 1
    outer loop
      vertex 0.594841 -3.24594 2.5
      vertex 1.78615 -8.85158 2.5
      vertex 0.789742 -3.20411 2.5
    endloop
  endfacet
  facet normal 0 0 1
    outer loop
      vertex 1.78615 -8.85158 2.5
      vertex 0.594841 -3.24594 2.5
      vertex 1.5899 -8.88893 2.5
    endloop
  endfacet
  facet normal 0 0 1
    outer loop
      vertex 1.5899 -8.88893 2.5
      vertex 0.594841 -3.24594 2.5
      vertex 1.39287 -8.92193 2.5
    endloop
  endfacet
  facet normal -0 0 1
    outer loop
      vertex 0.397771 -3.27594 2.5
      vertex 1.39287 -8.92193 2.5
      vertex 0.594841 -3.24594 2.5
    endloop
  endfacet
  facet normal 0 0 1
    outer loop
      vertex 1.39287 -8.92193 2.5
      vertex 0.397771 -3.27594 2.5
      vertex 1.19516 -8.95056 2.5
    endloop
  endfacet
  facet normal 0 0 1
    outer loop
      vertex 1.19516 -8.95056 2.5
      vertex 0.397771 -3.27594 2.5
      vertex 0.996858 -8.97481 2.5
    endloop
  endfacet
  facet normal 0 0 1
    outer loop
      vertex 0.996858 -8.97481 2.5
      vertex 0.397771 -3.27594 2.5
      vertex 0.798072 -8.99466 2.5
    endloop
  endfacet
  facet normal -0 0 1
    outer loop
      vertex 0.199248 -3.29398 2.5
      vertex 0.798072 -8.99466 2.5
      vertex 0.397771 -3.27594 2.5
    endloop
  endfacet
  facet normal 0 0 1
    outer loop
      vertex 0.798072 -8.99466 2.5
      vertex 0.199248 -3.29398 2.5
      vertex 0.598896 -9.01012 2.5
    endloop
  endfacet
  facet normal 0 0 1
    outer loop
      vertex 0.598896 -9.01012 2.5
      vertex 0.199248 -3.29398 2.5
      vertex 0.399426 -9.02116 2.5
    endloop
  endfacet
  facet normal 0 0 1
    outer loop
      vertex 0.399426 -9.02116 2.5
      vertex 0.199248 -3.29398 2.5
      vertex 0.199762 -9.02779 2.5
    endloop
  endfacet
  facet normal -0 0 1
    outer loop
      vertex 0 -3.3 2.5
      vertex 0.199762 -9.02779 2.5
      vertex 0.199248 -3.29398 2.5
    endloop
  endfacet
  facet normal 0 0 1
    outer loop
      vertex 0 -3.3 2.5
      vertex 0 -9.03 2.5
      vertex 0.199762 -9.02779 2.5
    endloop
  endfacet
  facet normal 0 0 1
    outer loop
      vertex -0.199762 -9.02779 2.5
      vertex 0 -3.3 2.5
      vertex -0.199248 -3.29398 2.5
    endloop
  endfacet
  facet normal 0 0 1
    outer loop
      vertex 0 -3.3 2.5
      vertex -0.199762 -9.02779 2.5
      vertex 0 -9.03 2.5
    endloop
  endfacet
  facet normal 0 0 1
    outer loop
      vertex -0.798072 -8.99466 2.5
      vertex -0.199248 -3.29398 2.5
      vertex -0.397771 -3.27594 2.5
    endloop
  endfacet
  facet normal 0 0 1
    outer loop
      vertex -0.199248 -3.29398 2.5
      vertex -0.399426 -9.02116 2.5
      vertex -0.199762 -9.02779 2.5
    endloop
  endfacet
  facet normal 0 0 1
    outer loop
      vertex -1.39287 -8.92193 2.5
      vertex -0.397771 -3.27594 2.5
      vertex -0.594841 -3.24594 2.5
    endloop
  endfacet
  facet normal 0 0 1
    outer loop
      vertex -0.199248 -3.29398 2.5
      vertex -0.598896 -9.01012 2.5
      vertex -0.399426 -9.02116 2.5
    endloop
  endfacet
  facet normal 0 0 1
    outer loop
      vertex -1.78615 -8.85158 2.5
      vertex -0.594841 -3.24594 2.5
      vertex -0.789742 -3.20411 2.5
    endloop
  endfacet
  facet normal 0 0 1
    outer loop
      vertex -0.199248 -3.29398 2.5
      vertex -0.798072 -8.99466 2.5
      vertex -0.598896 -9.01012 2.5
    endloop
  endfacet
  facet normal 0 0 1
    outer loop
      vertex -2.36928 -8.71363 2.5
      vertex -0.789742 -3.20411 2.5
      vertex -0.98176 -3.15058 2.5
    endloop
  endfacet
  facet normal 0 0 1
    outer loop
      vertex -0.397771 -3.27594 2.5
      vertex -0.996858 -8.97481 2.5
      vertex -0.798072 -8.99466 2.5
    endloop
  endfacet
  facet normal 0 0 1
    outer loop
      vertex -2.94198 -8.53731 2.5
      vertex -0.98176 -3.15058 2.5
      vertex -1.1702 -3.08555 2.5
    endloop
  endfacet
  facet normal 0 0 1
    outer loop
      vertex -0.397771 -3.27594 2.5
      vertex -1.19516 -8.95056 2.5
      vertex -0.996858 -8.97481 2.5
    endloop
  endfacet
  facet normal 0 0 1
    outer loop
      vertex -3.50172 -8.32339 2.5
      vertex -1.1702 -3.08555 2.5
      vertex -1.35436 -3.00927 2.5
    endloop
  endfacet
  facet normal 0 0 1
    outer loop
      vertex -0.397771 -3.27594 2.5
      vertex -1.39287 -8.92193 2.5
      vertex -1.19516 -8.95056 2.5
    endloop
  endfacet
  facet normal 0 0 1
    outer loop
      vertex -3.86646 -8.16035 2.5
      vertex -1.35436 -3.00927 2.5
      vertex -1.53359 -2.922 2.5
    endloop
  endfacet
  facet normal 0 0 1
    outer loop
      vertex -0.594841 -3.24594 2.5
      vertex -1.5899 -8.88893 2.5
      vertex -1.39287 -8.92193 2.5
    endloop
  endfacet
  facet normal 0 0 1
    outer loop
      vertex -4.39917 -7.88595 2.5
      vertex -1.53359 -2.922 2.5
      vertex -1.70721 -2.82408 2.5
    endloop
  endfacet
  facet normal 0 0 1
    outer loop
      vertex -0.594841 -3.24594 2.5
      vertex -1.78615 -8.85158 2.5
      vertex -1.5899 -8.88893 2.5
    endloop
  endfacet
  facet normal 0 0 1
    outer loop
      vertex -4.9125 -7.57682 2.5
      vertex -1.70721 -2.82408 2.5
      vertex -1.87461 -2.71585 2.5
    endloop
  endfacet
  facet normal 0 0 1
    outer loop
      vertex -0.789742 -3.20411 2.5
      vertex -1.98153 -8.80991 2.5
      vertex -1.78615 -8.85158 2.5
    endloop
  endfacet
  facet normal 0 0 1
    outer loop
      vertex -5.24284 -7.35211 2.5
      vertex -1.87461 -2.71585 2.5
      vertex -2.03517 -2.5977 2.5
    endloop
  endfacet
  facet normal 0 0 1
    outer loop
      vertex -0.789742 -3.20411 2.5
      vertex -2.17594 -8.76391 2.5
      vertex -1.98153 -8.80991 2.5
    endloop
  endfacet
  facet normal 0 0 1
    outer loop
      vertex -5.71891 -6.9882 2.5
      vertex -2.03517 -2.5977 2.5
      vertex -2.1883 -2.47009 2.5
    endloop
  endfacet
  facet normal 0 0 1
    outer loop
      vertex -6.1698 -6.59352 2.5
      vertex -2.1883 -2.47009 2.5
      vertex -2.33345 -2.33345 2.5
    endloop
  endfacet
  facet normal 0 0 1
    outer loop
      vertex -0.789742 -3.20411 2.5
      vertex -2.36928 -8.71363 2.5
      vertex -2.17594 -8.76391 2.5
    endloop
  endfacet
  facet normal 0 0 1
    outer loop
      vertex -6.59352 -6.1698 2.5
      vertex -2.33345 -2.33345 2.5
      vertex -2.47009 -2.1883 2.5
    endloop
  endfacet
  facet normal 0 0 1
    outer loop
      vertex -0.98176 -3.15058 2.5
      vertex -2.56147 -8.65909 2.5
      vertex -2.36928 -8.71363 2.5
    endloop
  endfacet
  facet normal 0 0 1
    outer loop
      vertex -6.85997 -5.87211 2.5
      vertex -2.47009 -2.1883 2.5
      vertex -2.5977 -2.03517 2.5
    endloop
  endfacet
  facet normal 0 0 1
    outer loop
      vertex -7.23433 -5.4042 2.5
      vertex -2.5977 -2.03517 2.5
      vertex -2.71585 -1.87461 2.5
    endloop
  endfacet
  facet normal 0 0 1
    outer loop
      vertex -0.98176 -3.15058 2.5
      vertex -2.7524 -8.6003 2.5
      vertex -2.56147 -8.65909 2.5
    endloop
  endfacet
  facet normal 0 0 1
    outer loop
      vertex -7.57682 -4.9125 2.5
      vertex -2.71585 -1.87461 2.5
      vertex -2.82408 -1.70721 2.5
    endloop
  endfacet
  facet normal 0 0 1
    outer loop
      vertex -7.88595 -4.39917 2.5
      vertex -2.82408 -1.70721 2.5
      vertex -2.922 -1.53359 2.5
    endloop
  endfacet
  facet normal 0 0 1
    outer loop
      vertex -0.98176 -3.15058 2.5
      vertex -2.94198 -8.53731 2.5
      vertex -2.7524 -8.6003 2.5
    endloop
  endfacet
  facet normal 0 0 1
    outer loop
      vertex -8.07282 -4.04604 2.5
      vertex -2.922 -1.53359 2.5
      vertex -3.00927 -1.35436 2.5
    endloop
  endfacet
  facet normal 0 0 1
    outer loop
      vertex -8.32339 -3.50172 2.5
      vertex -3.00927 -1.35436 2.5
      vertex -3.08555 -1.1702 2.5
    endloop
  endfacet
  facet normal 0 0 1
    outer loop
      vertex -1.1702 -3.08555 2.5
      vertex -3.13012 -8.47014 2.5
      vertex -2.94198 -8.53731 2.5
    endloop
  endfacet
  facet normal 0 0 1
    outer loop
      vertex -8.53731 -2.94198 2.5
      vertex -3.08555 -1.1702 2.5
      vertex -3.15058 -0.98176 2.5
    endloop
  endfacet
  facet normal 0 0 1
    outer loop
      vertex -8.71363 -2.36928 2.5
      vertex -3.15058 -0.98176 2.5
      vertex -3.20411 -0.789742 2.5
    endloop
  endfacet
  facet normal 0 0 1
    outer loop
      vertex -8.80991 -1.98153 2.5
      vertex -3.20411 -0.789742 2.5
      vertex -3.24594 -0.594841 2.5
    endloop
  endfacet
  facet normal 0 0 1
    outer loop
      vertex -8.92193 -1.39287 2.5
      vertex -3.24594 -0.594841 2.5
      vertex -3.27594 -0.397771 2.5
    endloop
  endfacet
  facet normal 0 0 1
    outer loop
      vertex -8.99466 -0.798072 2.5
      vertex -3.27594 -0.397771 2.5
      vertex -3.29398 -0.199248 2.5
    endloop
  endfacet
  facet normal 0 0 1
    outer loop
      vertex -9.02116 -0.399426 2.5
      vertex -3.29398 -0.199248 2.5
      vertex -3.3 0 2.5
    endloop
  endfacet
  facet normal 0 0 1
    outer loop
      vertex -1.1702 -3.08555 2.5
      vertex -3.31673 -8.39882 2.5
      vertex -3.13012 -8.47014 2.5
    endloop
  endfacet
  facet normal -0 0 1
    outer loop
      vertex -5.87211 6.85997 2.5
      vertex -2.1883 2.47009 2.5
      vertex -5.71891 6.9882 2.5
    endloop
  endfacet
  facet normal -0 0 1
    outer loop
      vertex -6.02243 6.72839 2.5
      vertex -2.1883 2.47009 2.5
      vertex -5.87211 6.85997 2.5
    endloop
  endfacet
  facet normal 0 0 1
    outer loop
      vertex -1.1702 -3.08555 2.5
      vertex -3.50172 -8.32339 2.5
      vertex -3.31673 -8.39882 2.5
    endloop
  endfacet
  facet normal -0 0 1
    outer loop
      vertex -6.1698 6.59352 2.5
      vertex -2.1883 2.47009 2.5
      vertex -6.02243 6.72839 2.5
    endloop
  endfacet
  facet normal 0 0 1
    outer loop
      vertex -1.35436 -3.00927 2.5
      vertex -3.68499 -8.24389 2.5
      vertex -3.50172 -8.32339 2.5
    endloop
  endfacet
  facet normal 0 0 1
    outer loop
      vertex -2.1883 2.47009 2.5
      vertex -6.1698 6.59352 2.5
      vertex -2.33345 2.33345 2.5
    endloop
  endfacet
  facet normal 0 0 1
    outer loop
      vertex -1.35436 -3.00927 2.5
      vertex -3.86646 -8.16035 2.5
      vertex -3.68499 -8.24389 2.5
    endloop
  endfacet
  facet normal -0 0 1
    outer loop
      vertex -6.31415 6.45541 2.5
      vertex -2.33345 2.33345 2.5
      vertex -6.1698 6.59352 2.5
    endloop
  endfacet
  facet normal 0 0 1
    outer loop
      vertex -1.53359 -2.922 2.5
      vertex -4.04604 -8.07282 2.5
      vertex -3.86646 -8.16035 2.5
    endloop
  endfacet
  facet normal -0 0 1
    outer loop
      vertex -6.45541 6.31415 2.5
      vertex -2.33345 2.33345 2.5
      vertex -6.31415 6.45541 2.5
    endloop
  endfacet
  facet normal 0 0 1
    outer loop
      vertex -1.53359 -2.922 2.5
      vertex -4.22364 -7.98134 2.5
      vertex -4.04604 -8.07282 2.5
    endloop
  endfacet
  facet normal -0 0 1
    outer loop
      vertex -6.59352 6.1698 2.5
      vertex -2.33345 2.33345 2.5
      vertex -6.45541 6.31415 2.5
    endloop
  endfacet
  facet normal 0 0 1
    outer loop
      vertex -1.53359 -2.922 2.5
      vertex -4.39917 -7.88595 2.5
      vertex -4.22364 -7.98134 2.5
    endloop
  endfacet
  facet normal 0 0 1
    outer loop
      vertex -2.33345 2.33345 2.5
      vertex -6.59352 6.1698 2.5
      vertex -2.47009 2.1883 2.5
    endloop
  endfacet
  facet normal 0 0 1
    outer loop
      vertex -1.70721 -2.82408 2.5
      vertex -4.57255 -7.7867 2.5
      vertex -4.39917 -7.88595 2.5
    endloop
  endfacet
  facet normal -0 0 1
    outer loop
      vertex -6.72839 6.02243 2.5
      vertex -2.47009 2.1883 2.5
      vertex -6.59352 6.1698 2.5
    endloop
  endfacet
  facet normal 0 0 1
    outer loop
      vertex -1.70721 -2.82408 2.5
      vertex -4.74369 -7.68364 2.5
      vertex -4.57255 -7.7867 2.5
    endloop
  endfacet
  facet normal -0 0 1
    outer loop
      vertex -6.85997 5.87211 2.5
      vertex -2.47009 2.1883 2.5
      vertex -6.72839 6.02243 2.5
    endloop
  endfacet
  facet normal 0 0 1
    outer loop
      vertex -1.70721 -2.82408 2.5
      vertex -4.9125 -7.57682 2.5
      vertex -4.74369 -7.68364 2.5
    endloop
  endfacet
  facet normal 0 0 1
    outer loop
      vertex -2.47009 2.1883 2.5
      vertex -6.85997 5.87211 2.5
      vertex -2.5977 2.03517 2.5
    endloop
  endfacet
  facet normal 0 0 1
    outer loop
      vertex -1.87461 -2.71585 2.5
      vertex -5.07892 -7.46629 2.5
      vertex -4.9125 -7.57682 2.5
    endloop
  endfacet
  facet normal -0 0 1
    outer loop
      vertex -6.9882 5.71891 2.5
      vertex -2.5977 2.03517 2.5
      vertex -6.85997 5.87211 2.5
    endloop
  endfacet
  facet normal 0 0 1
    outer loop
      vertex -1.87461 -2.71585 2.5
      vertex -5.24284 -7.35211 2.5
      vertex -5.07892 -7.46629 2.5
    endloop
  endfacet
  facet normal -0 0 1
    outer loop
      vertex -7.113 5.56292 2.5
      vertex -2.5977 2.03517 2.5
      vertex -6.9882 5.71891 2.5
    endloop
  endfacet
  facet normal 0 0 1
    outer loop
      vertex -2.03517 -2.5977 2.5
      vertex -5.4042 -7.23433 2.5
      vertex -5.24284 -7.35211 2.5
    endloop
  endfacet
  facet normal -0 0 1
    outer loop
      vertex -7.23433 5.4042 2.5
      vertex -2.5977 2.03517 2.5
      vertex -7.113 5.56292 2.5
    endloop
  endfacet
  facet normal 0 0 1
    outer loop
      vertex -2.03517 -2.5977 2.5
      vertex -5.56292 -7.113 2.5
      vertex -5.4042 -7.23433 2.5
    endloop
  endfacet
  facet normal 0 0 1
    outer loop
      vertex -2.5977 2.03517 2.5
      vertex -7.23433 5.4042 2.5
      vertex -2.71585 1.87461 2.5
    endloop
  endfacet
  facet normal 0 0 1
    outer loop
      vertex -2.03517 -2.5977 2.5
      vertex -5.71891 -6.9882 2.5
      vertex -5.56292 -7.113 2.5
    endloop
  endfacet
  facet normal -0 0 1
    outer loop
      vertex -7.35211 5.24284 2.5
      vertex -2.71585 1.87461 2.5
      vertex -7.23433 5.4042 2.5
    endloop
  endfacet
  facet normal 0 0 1
    outer loop
      vertex -2.1883 -2.47009 2.5
      vertex -5.87211 -6.85997 2.5
      vertex -5.71891 -6.9882 2.5
    endloop
  endfacet
  facet normal -0 0 1
    outer loop
      vertex -7.46629 5.07892 2.5
      vertex -2.71585 1.87461 2.5
      vertex -7.35211 5.24284 2.5
    endloop
  endfacet
  facet normal 0 0 1
    outer loop
      vertex -2.1883 -2.47009 2.5
      vertex -6.02243 -6.72839 2.5
      vertex -5.87211 -6.85997 2.5
    endloop
  endfacet
  facet normal -0 0 1
    outer loop
      vertex -7.57682 4.9125 2.5
      vertex -2.71585 1.87461 2.5
      vertex -7.46629 5.07892 2.5
    endloop
  endfacet
  facet normal 0 0 1
    outer loop
      vertex -2.1883 -2.47009 2.5
      vertex -6.1698 -6.59352 2.5
      vertex -6.02243 -6.72839 2.5
    endloop
  endfacet
  facet normal 0 0 1
    outer loop
      vertex -2.71585 1.87461 2.5
      vertex -7.57682 4.9125 2.5
      vertex -2.82408 1.70721 2.5
    endloop
  endfacet
  facet normal 0 0 1
    outer loop
      vertex -2.33345 -2.33345 2.5
      vertex -6.31415 -6.45541 2.5
      vertex -6.1698 -6.59352 2.5
    endloop
  endfacet
  facet normal -0 0 1
    outer loop
      vertex -7.68364 4.74369 2.5
      vertex -2.82408 1.70721 2.5
      vertex -7.57682 4.9125 2.5
    endloop
  endfacet
  facet normal 0 0 1
    outer loop
      vertex -2.33345 -2.33345 2.5
      vertex -6.45541 -6.31415 2.5
      vertex -6.31415 -6.45541 2.5
    endloop
  endfacet
  facet normal -0 0 1
    outer loop
      vertex -7.7867 4.57255 2.5
      vertex -2.82408 1.70721 2.5
      vertex -7.68364 4.74369 2.5
    endloop
  endfacet
  facet normal 0 0 1
    outer loop
      vertex -2.33345 -2.33345 2.5
      vertex -6.59352 -6.1698 2.5
      vertex -6.45541 -6.31415 2.5
    endloop
  endfacet
  facet normal -0 0 1
    outer loop
      vertex -7.88595 4.39917 2.5
      vertex -2.82408 1.70721 2.5
      vertex -7.7867 4.57255 2.5
    endloop
  endfacet
  facet normal 0 0 1
    outer loop
      vertex -2.47009 -2.1883 2.5
      vertex -6.72839 -6.02243 2.5
      vertex -6.59352 -6.1698 2.5
    endloop
  endfacet
  facet normal 0 0 1
    outer loop
      vertex -2.82408 1.70721 2.5
      vertex -7.88595 4.39917 2.5
      vertex -2.922 1.53359 2.5
    endloop
  endfacet
  facet normal 0 0 1
    outer loop
      vertex -2.47009 -2.1883 2.5
      vertex -6.85997 -5.87211 2.5
      vertex -6.72839 -6.02243 2.5
    endloop
  endfacet
  facet normal -0 0 1
    outer loop
      vertex -7.98134 4.22364 2.5
      vertex -2.922 1.53359 2.5
      vertex -7.88595 4.39917 2.5
    endloop
  endfacet
  facet normal 0 0 1
    outer loop
      vertex -2.5977 -2.03517 2.5
      vertex -6.9882 -5.71891 2.5
      vertex -6.85997 -5.87211 2.5
    endloop
  endfacet
  facet normal -0 0 1
    outer loop
      vertex -8.07282 4.04604 2.5
      vertex -2.922 1.53359 2.5
      vertex -7.98134 4.22364 2.5
    endloop
  endfacet
  facet normal 0 0 1
    outer loop
      vertex -2.5977 -2.03517 2.5
      vertex -7.113 -5.56292 2.5
      vertex -6.9882 -5.71891 2.5
    endloop
  endfacet
  facet normal 0 0 1
    outer loop
      vertex -2.922 1.53359 2.5
      vertex -8.07282 4.04604 2.5
      vertex -3.00927 1.35436 2.5
    endloop
  endfacet
  facet normal 0 0 1
    outer loop
      vertex -2.5977 -2.03517 2.5
      vertex -7.23433 -5.4042 2.5
      vertex -7.113 -5.56292 2.5
    endloop
  endfacet
  facet normal -0 0 1
    outer loop
      vertex -8.16035 3.86646 2.5
      vertex -3.00927 1.35436 2.5
      vertex -8.07282 4.04604 2.5
    endloop
  endfacet
  facet normal 0 0 1
    outer loop
      vertex -2.71585 -1.87461 2.5
      vertex -7.35211 -5.24284 2.5
      vertex -7.23433 -5.4042 2.5
    endloop
  endfacet
  facet normal -0 0 1
    outer loop
      vertex -8.24389 3.68499 2.5
      vertex -3.00927 1.35436 2.5
      vertex -8.16035 3.86646 2.5
    endloop
  endfacet
  facet normal 0 0 1
    outer loop
      vertex -2.71585 -1.87461 2.5
      vertex -7.46629 -5.07892 2.5
      vertex -7.35211 -5.24284 2.5
    endloop
  endfacet
  facet normal -0 0 1
    outer loop
      vertex -8.32339 3.50172 2.5
      vertex -3.00927 1.35436 2.5
      vertex -8.24389 3.68499 2.5
    endloop
  endfacet
  facet normal 0 0 1
    outer loop
      vertex -2.71585 -1.87461 2.5
      vertex -7.57682 -4.9125 2.5
      vertex -7.46629 -5.07892 2.5
    endloop
  endfacet
  facet normal 0 0 1
    outer loop
      vertex -3.00927 1.35436 2.5
      vertex -8.32339 3.50172 2.5
      vertex -3.08555 1.1702 2.5
    endloop
  endfacet
  facet normal 0 0 1
    outer loop
      vertex -2.82408 -1.70721 2.5
      vertex -7.68364 -4.74369 2.5
      vertex -7.57682 -4.9125 2.5
    endloop
  endfacet
  facet normal -0 0 1
    outer loop
      vertex -8.39882 3.31673 2.5
      vertex -3.08555 1.1702 2.5
      vertex -8.32339 3.50172 2.5
    endloop
  endfacet
  facet normal 0 0 1
    outer loop
      vertex -2.82408 -1.70721 2.5
      vertex -7.7867 -4.57255 2.5
      vertex -7.68364 -4.74369 2.5
    endloop
  endfacet
  facet normal -0 0 1
    outer loop
      vertex -8.47014 3.13012 2.5
      vertex -3.08555 1.1702 2.5
      vertex -8.39882 3.31673 2.5
    endloop
  endfacet
  facet normal 0 0 1
    outer loop
      vertex -2.82408 -1.70721 2.5
      vertex -7.88595 -4.39917 2.5
      vertex -7.7867 -4.57255 2.5
    endloop
  endfacet
  facet normal -0 0 1
    outer loop
      vertex -8.53731 2.94198 2.5
      vertex -3.08555 1.1702 2.5
      vertex -8.47014 3.13012 2.5
    endloop
  endfacet
  facet normal 0 0 1
    outer loop
      vertex -2.922 -1.53359 2.5
      vertex -7.98134 -4.22364 2.5
      vertex -7.88595 -4.39917 2.5
    endloop
  endfacet
  facet normal 0 0 1
    outer loop
      vertex -3.08555 1.1702 2.5
      vertex -8.53731 2.94198 2.5
      vertex -3.15058 0.98176 2.5
    endloop
  endfacet
  facet normal 0 0 1
    outer loop
      vertex -2.922 -1.53359 2.5
      vertex -8.07282 -4.04604 2.5
      vertex -7.98134 -4.22364 2.5
    endloop
  endfacet
  facet normal -0 0 1
    outer loop
      vertex -8.6003 2.7524 2.5
      vertex -3.15058 0.98176 2.5
      vertex -8.53731 2.94198 2.5
    endloop
  endfacet
  facet normal 0 0 1
    outer loop
      vertex -3.00927 -1.35436 2.5
      vertex -8.16035 -3.86646 2.5
      vertex -8.07282 -4.04604 2.5
    endloop
  endfacet
  facet normal -0 0 1
    outer loop
      vertex -8.65909 2.56147 2.5
      vertex -3.15058 0.98176 2.5
      vertex -8.6003 2.7524 2.5
    endloop
  endfacet
  facet normal 0 0 1
    outer loop
      vertex -3.00927 -1.35436 2.5
      vertex -8.24389 -3.68499 2.5
      vertex -8.16035 -3.86646 2.5
    endloop
  endfacet
  facet normal -0 0 1
    outer loop
      vertex -8.71363 2.36928 2.5
      vertex -3.15058 0.98176 2.5
      vertex -8.65909 2.56147 2.5
    endloop
  endfacet
  facet normal 0 0 1
    outer loop
      vertex -3.00927 -1.35436 2.5
      vertex -8.32339 -3.50172 2.5
      vertex -8.24389 -3.68499 2.5
    endloop
  endfacet
  facet normal 0 0 1
    outer loop
      vertex -3.15058 0.98176 2.5
      vertex -8.71363 2.36928 2.5
      vertex -3.20411 0.789742 2.5
    endloop
  endfacet
  facet normal 0 0 1
    outer loop
      vertex -3.08555 -1.1702 2.5
      vertex -8.39882 -3.31673 2.5
      vertex -8.32339 -3.50172 2.5
    endloop
  endfacet
  facet normal -0 0 1
    outer loop
      vertex -8.76391 2.17594 2.5
      vertex -3.20411 0.789742 2.5
      vertex -8.71363 2.36928 2.5
    endloop
  endfacet
  facet normal 0 0 1
    outer loop
      vertex -3.08555 -1.1702 2.5
      vertex -8.47014 -3.13012 2.5
      vertex -8.39882 -3.31673 2.5
    endloop
  endfacet
  facet normal -0 0 1
    outer loop
      vertex -8.80991 1.98153 2.5
      vertex -3.20411 0.789742 2.5
      vertex -8.76391 2.17594 2.5
    endloop
  endfacet
  facet normal 0 0 1
    outer loop
      vertex -3.08555 -1.1702 2.5
      vertex -8.53731 -2.94198 2.5
      vertex -8.47014 -3.13012 2.5
    endloop
  endfacet
  facet normal 0 0 1
    outer loop
      vertex -3.20411 0.789742 2.5
      vertex -8.80991 1.98153 2.5
      vertex -3.24594 0.594841 2.5
    endloop
  endfacet
  facet normal 0 0 1
    outer loop
      vertex -3.15058 -0.98176 2.5
      vertex -8.6003 -2.7524 2.5
      vertex -8.53731 -2.94198 2.5
    endloop
  endfacet
  facet normal -0 0 1
    outer loop
      vertex -8.85158 1.78615 2.5
      vertex -3.24594 0.594841 2.5
      vertex -8.80991 1.98153 2.5
    endloop
  endfacet
  facet normal 0 0 1
    outer loop
      vertex -3.15058 -0.98176 2.5
      vertex -8.65909 -2.56147 2.5
      vertex -8.6003 -2.7524 2.5
    endloop
  endfacet
  facet normal -0 0 1
    outer loop
      vertex -8.88893 1.5899 2.5
      vertex -3.24594 0.594841 2.5
      vertex -8.85158 1.78615 2.5
    endloop
  endfacet
  facet normal 0 0 1
    outer loop
      vertex -3.15058 -0.98176 2.5
      vertex -8.71363 -2.36928 2.5
      vertex -8.65909 -2.56147 2.5
    endloop
  endfacet
  facet normal -0 0 1
    outer loop
      vertex -8.92193 1.39287 2.5
      vertex -3.24594 0.594841 2.5
      vertex -8.88893 1.5899 2.5
    endloop
  endfacet
  facet normal 0 0 1
    outer loop
      vertex -3.20411 -0.789742 2.5
      vertex -8.76391 -2.17594 2.5
      vertex -8.71363 -2.36928 2.5
    endloop
  endfacet
  facet normal 0 0 1
    outer loop
      vertex -3.24594 0.594841 2.5
      vertex -8.92193 1.39287 2.5
      vertex -3.27594 0.397771 2.5
    endloop
  endfacet
  facet normal 0 0 1
    outer loop
      vertex -3.20411 -0.789742 2.5
      vertex -8.80991 -1.98153 2.5
      vertex -8.76391 -2.17594 2.5
    endloop
  endfacet
  facet normal -0 0 1
    outer loop
      vertex -8.95056 1.19516 2.5
      vertex -3.27594 0.397771 2.5
      vertex -8.92193 1.39287 2.5
    endloop
  endfacet
  facet normal 0 0 1
    outer loop
      vertex -3.24594 -0.594841 2.5
      vertex -8.85158 -1.78615 2.5
      vertex -8.80991 -1.98153 2.5
    endloop
  endfacet
  facet normal -0 0 1
    outer loop
      vertex -8.97481 0.996858 2.5
      vertex -3.27594 0.397771 2.5
      vertex -8.95056 1.19516 2.5
    endloop
  endfacet
  facet normal 0 0 1
    outer loop
      vertex -3.24594 -0.594841 2.5
      vertex -8.88893 -1.5899 2.5
      vertex -8.85158 -1.78615 2.5
    endloop
  endfacet
  facet normal -0 0 1
    outer loop
      vertex -8.99466 0.798072 2.5
      vertex -3.27594 0.397771 2.5
      vertex -8.97481 0.996858 2.5
    endloop
  endfacet
  facet normal 0 0 1
    outer loop
      vertex -3.24594 -0.594841 2.5
      vertex -8.92193 -1.39287 2.5
      vertex -8.88893 -1.5899 2.5
    endloop
  endfacet
  facet normal 0 0 1
    outer loop
      vertex -3.27594 0.397771 2.5
      vertex -8.99466 0.798072 2.5
      vertex -3.29398 0.199248 2.5
    endloop
  endfacet
  facet normal 0 0 1
    outer loop
      vertex -3.27594 -0.397771 2.5
      vertex -8.95056 -1.19516 2.5
      vertex -8.92193 -1.39287 2.5
    endloop
  endfacet
  facet normal -0 0 1
    outer loop
      vertex -9.01012 0.598896 2.5
      vertex -3.29398 0.199248 2.5
      vertex -8.99466 0.798072 2.5
    endloop
  endfacet
  facet normal 0 0 1
    outer loop
      vertex -3.27594 -0.397771 2.5
      vertex -8.97481 -0.996858 2.5
      vertex -8.95056 -1.19516 2.5
    endloop
  endfacet
  facet normal -0 0 1
    outer loop
      vertex -9.02116 0.399426 2.5
      vertex -3.29398 0.199248 2.5
      vertex -9.01012 0.598896 2.5
    endloop
  endfacet
  facet normal 0 0 1
    outer loop
      vertex -3.27594 -0.397771 2.5
      vertex -8.99466 -0.798072 2.5
      vertex -8.97481 -0.996858 2.5
    endloop
  endfacet
  facet normal 0 0 1
    outer loop
      vertex -3.29398 0.199248 2.5
      vertex -9.02116 0.399426 2.5
      vertex -3.3 0 2.5
    endloop
  endfacet
  facet normal 0 0 1
    outer loop
      vertex -3.29398 -0.199248 2.5
      vertex -9.01012 -0.598896 2.5
      vertex -8.99466 -0.798072 2.5
    endloop
  endfacet
  facet normal -0 0 1
    outer loop
      vertex -9.02779 0.199762 2.5
      vertex -3.3 0 2.5
      vertex -9.02116 0.399426 2.5
    endloop
  endfacet
  facet normal 0 0 1
    outer loop
      vertex -3.29398 -0.199248 2.5
      vertex -9.02116 -0.399426 2.5
      vertex -9.01012 -0.598896 2.5
    endloop
  endfacet
  facet normal 0 0 1
    outer loop
      vertex -9.03 0 2.5
      vertex -3.3 0 2.5
      vertex -9.02779 0.199762 2.5
    endloop
  endfacet
  facet normal 0 0 1
    outer loop
      vertex -3.3 0 2.5
      vertex -9.02779 -0.199762 2.5
      vertex -9.02116 -0.399426 2.5
    endloop
  endfacet
  facet normal 0 0 1
    outer loop
      vertex -3.3 0 2.5
      vertex -9.03 0 2.5
      vertex -9.02779 -0.199762 2.5
    endloop
  endfacet
  facet normal -0.955719 0.294279 0
    outer loop
      vertex -8.65909 2.56147 0
      vertex -8.6003 2.7524 2.5
      vertex -8.6003 2.7524 0
    endloop
  endfacet
  facet normal -0.955719 0.294279 0
    outer loop
      vertex -8.6003 2.7524 2.5
      vertex -8.65909 2.56147 0
      vertex -8.65909 2.56147 2.5
    endloop
  endfacet
  facet normal -0.948988 0.315312 0
    outer loop
      vertex -8.6003 2.7524 0
      vertex -8.53731 2.94198 2.5
      vertex -8.53731 2.94198 0
    endloop
  endfacet
  facet normal -0.948988 0.315312 0
    outer loop
      vertex -8.53731 2.94198 2.5
      vertex -8.6003 2.7524 0
      vertex -8.6003 2.7524 2.5
    endloop
  endfacet
  facet normal -0.97313 0.230256 0
    outer loop
      vertex -8.80991 1.98153 0
      vertex -8.76391 2.17594 2.5
      vertex -8.76391 2.17594 0
    endloop
  endfacet
  facet normal -0.97313 0.230256 0
    outer loop
      vertex -8.76391 2.17594 2.5
      vertex -8.80991 1.98153 0
      vertex -8.80991 1.98153 2.5
    endloop
  endfacet
  facet normal -0.967808 0.251688 0
    outer loop
      vertex -8.76391 2.17594 0
      vertex -8.71363 2.36928 2.5
      vertex -8.71363 2.36928 0
    endloop
  endfacet
  facet normal -0.967808 0.251688 0
    outer loop
      vertex -8.71363 2.36928 2.5
      vertex -8.76391 2.17594 0
      vertex -8.76391 2.17594 2.5
    endloop
  endfacet
  facet normal -0.908369 0.418169 0
    outer loop
      vertex -8.24389 3.68499 0
      vertex -8.16035 3.86646 2.5
      vertex -8.16035 3.86646 0
    endloop
  endfacet
  facet normal -0.908369 0.418169 0
    outer loop
      vertex -8.16035 3.86646 2.5
      vertex -8.24389 3.68499 0
      vertex -8.24389 3.68499 2.5
    endloop
  endfacet
  facet normal -0.845029 0.53472 0
    outer loop
      vertex -7.68364 4.74369 0
      vertex -7.57682 4.9125 2.5
      vertex -7.57682 4.9125 0
    endloop
  endfacet
  facet normal -0.845029 0.53472 0
    outer loop
      vertex -7.57682 4.9125 2.5
      vertex -7.68364 4.74369 0
      vertex -7.68364 4.74369 2.5
    endloop
  endfacet
  facet normal -0.867864 0.496802 0
    outer loop
      vertex -7.88595 4.39917 0
      vertex -7.7867 4.57255 2.5
      vertex -7.7867 4.57255 0
    endloop
  endfacet
  facet normal -0.867864 0.496802 0
    outer loop
      vertex -7.7867 4.57255 2.5
      vertex -7.88595 4.39917 0
      vertex -7.88595 4.39917 2.5
    endloop
  endfacet
  facet normal -0.878639 0.477487 0
    outer loop
      vertex -7.98134 4.22364 0
      vertex -7.88595 4.39917 2.5
      vertex -7.88595 4.39917 0
    endloop
  endfacet
  facet normal -0.878639 0.477487 0
    outer loop
      vertex -7.88595 4.39917 2.5
      vertex -7.98134 4.22364 0
      vertex -7.98134 4.22364 2.5
    endloop
  endfacet
  facet normal -0.898906 0.438141 0
    outer loop
      vertex -8.16035 3.86646 0
      vertex -8.07282 4.04604 2.5
      vertex -8.07282 4.04604 0
    endloop
  endfacet
  facet normal -0.898906 0.438141 0
    outer loop
      vertex -8.07282 4.04604 2.5
      vertex -8.16035 3.86646 0
      vertex -8.16035 3.86646 2.5
    endloop
  endfacet
  facet normal -0.917404 0.397957 0
    outer loop
      vertex -8.32339 3.50172 0
      vertex -8.24389 3.68499 2.5
      vertex -8.24389 3.68499 0
    endloop
  endfacet
  facet normal -0.917404 0.397957 0
    outer loop
      vertex -8.24389 3.68499 2.5
      vertex -8.32339 3.50172 0
      vertex -8.32339 3.50172 2.5
    endloop
  endfacet
  facet normal -0.7377 0.675128 0
    outer loop
      vertex -6.72839 6.02243 0
      vertex -6.59352 6.1698 2.5
      vertex -6.59352 6.1698 0
    endloop
  endfacet
  facet normal -0.7377 0.675128 0
    outer loop
      vertex -6.59352 6.1698 2.5
      vertex -6.72839 6.02243 0
      vertex -6.72839 6.02243 2.5
    endloop
  endfacet
  facet normal -0.752453 0.658646 0
    outer loop
      vertex -6.85997 5.87211 0
      vertex -6.72839 6.02243 2.5
      vertex -6.72839 6.02243 0
    endloop
  endfacet
  facet normal -0.752453 0.658646 0
    outer loop
      vertex -6.72839 6.02243 2.5
      vertex -6.85997 5.87211 0
      vertex -6.85997 5.87211 2.5
    endloop
  endfacet
  facet normal -0.794464 0.607311 0
    outer loop
      vertex -7.23433 5.4042 0
      vertex -7.113 5.56292 2.5
      vertex -7.113 5.56292 0
    endloop
  endfacet
  facet normal -0.794464 0.607311 0
    outer loop
      vertex -7.113 5.56292 2.5
      vertex -7.23433 5.4042 0
      vertex -7.23433 5.4042 2.5
    endloop
  endfacet
  facet normal -0.807718 0.58957 0
    outer loop
      vertex -7.35211 5.24284 0
      vertex -7.23433 5.4042 2.5
      vertex -7.23433 5.4042 0
    endloop
  endfacet
  facet normal -0.807718 0.58957 0
    outer loop
      vertex -7.23433 5.4042 2.5
      vertex -7.35211 5.24284 0
      vertex -7.35211 5.24284 2.5
    endloop
  endfacet
  facet normal -0.357003 0.934103 0
    outer loop
      vertex -3.13012 8.47014 0
      vertex -3.31673 8.39882 2.5
      vertex -3.13012 8.47014 2.5
    endloop
  endfacet
  facet normal -0.357003 0.934103 0
    outer loop
      vertex -3.31673 8.39882 2.5
      vertex -3.13012 8.47014 0
      vertex -3.31673 8.39882 0
    endloop
  endfacet
  facet normal -0.230256 0.97313 0
    outer loop
      vertex -1.98153 8.80991 0
      vertex -2.17594 8.76391 2.5
      vertex -1.98153 8.80991 2.5
    endloop
  endfacet
  facet normal -0.230256 0.97313 0
    outer loop
      vertex -2.17594 8.76391 2.5
      vertex -1.98153 8.80991 0
      vertex -2.17594 8.76391 0
    endloop
  endfacet
  facet normal -0.273002 0.962014 0
    outer loop
      vertex -2.36928 8.71363 0
      vertex -2.56147 8.65909 2.5
      vertex -2.36928 8.71363 2.5
    endloop
  endfacet
  facet normal -0.273002 0.962014 0
    outer loop
      vertex -2.56147 8.65909 2.5
      vertex -2.36928 8.71363 0
      vertex -2.56147 8.65909 0
    endloop
  endfacet
  facet normal -0.294279 0.955719 0
    outer loop
      vertex -2.56147 8.65909 0
      vertex -2.7524 8.6003 2.5
      vertex -2.56147 8.65909 2.5
    endloop
  endfacet
  facet normal -0.294279 0.955719 0
    outer loop
      vertex -2.7524 8.6003 2.5
      vertex -2.56147 8.65909 0
      vertex -2.7524 8.6003 0
    endloop
  endfacet
  facet normal -0.336235 0.941778 0
    outer loop
      vertex -2.94198 8.53731 0
      vertex -3.13012 8.47014 2.5
      vertex -2.94198 8.53731 2.5
    endloop
  endfacet
  facet normal -0.336235 0.941778 0
    outer loop
      vertex -3.13012 8.47014 2.5
      vertex -2.94198 8.53731 0
      vertex -3.13012 8.47014 0
    endloop
  endfacet
  facet normal -0.37757 0.925981 0
    outer loop
      vertex -3.31673 8.39882 0
      vertex -3.50172 8.32339 2.5
      vertex -3.31673 8.39882 2.5
    endloop
  endfacet
  facet normal -0.37757 0.925981 0
    outer loop
      vertex -3.50172 8.32339 2.5
      vertex -3.31673 8.39882 0
      vertex -3.50172 8.32339 0
    endloop
  endfacet
  facet normal -0.121384 0.992606 0
    outer loop
      vertex -0.996858 8.97481 0
      vertex -1.19516 8.95056 2.5
      vertex -0.996858 8.97481 2.5
    endloop
  endfacet
  facet normal -0.121384 0.992606 0
    outer loop
      vertex -1.19516 8.95056 2.5
      vertex -0.996858 8.97481 0
      vertex -1.19516 8.95056 0
    endloop
  endfacet
  facet normal -0.165186 0.986262 0
    outer loop
      vertex -1.39287 8.92193 0
      vertex -1.5899 8.88893 2.5
      vertex -1.39287 8.92193 2.5
    endloop
  endfacet
  facet normal -0.165186 0.986262 0
    outer loop
      vertex -1.5899 8.88893 2.5
      vertex -1.39287 8.92193 0
      vertex -1.5899 8.88893 0
    endloop
  endfacet
  facet normal -0.099362 0.995051 0
    outer loop
      vertex -0.798072 8.99466 0
      vertex -0.996858 8.97481 2.5
      vertex -0.798072 8.99466 2.5
    endloop
  endfacet
  facet normal -0.099362 0.995051 0
    outer loop
      vertex -0.996858 8.97481 2.5
      vertex -0.798072 8.99466 0
      vertex -0.996858 8.97481 0
    endloop
  endfacet
  facet normal -0.0331875 0.999449 0
    outer loop
      vertex -0.199762 9.02779 0
      vertex -0.399426 9.02116 2.5
      vertex -0.199762 9.02779 2.5
    endloop
  endfacet
  facet normal -0.0331875 0.999449 0
    outer loop
      vertex -0.399426 9.02116 2.5
      vertex -0.199762 9.02779 0
      vertex -0.399426 9.02116 0
    endloop
  endfacet
  facet normal -0.496802 0.867864 0
    outer loop
      vertex -4.39917 7.88595 0
      vertex -4.57255 7.7867 2.5
      vertex -4.39917 7.88595 2.5
    endloop
  endfacet
  facet normal -0.496802 0.867864 0
    outer loop
      vertex -4.57255 7.7867 2.5
      vertex -4.39917 7.88595 0
      vertex -4.57255 7.7867 0
    endloop
  endfacet
  facet normal -0.515879 0.856661 0
    outer loop
      vertex -4.57255 7.7867 0
      vertex -4.74369 7.68364 2.5
      vertex -4.57255 7.7867 2.5
    endloop
  endfacet
  facet normal -0.515879 0.856661 0
    outer loop
      vertex -4.74369 7.68364 2.5
      vertex -4.57255 7.7867 0
      vertex -4.74369 7.68364 0
    endloop
  endfacet
  facet normal -0.477487 0.878639 0
    outer loop
      vertex -4.22364 7.98134 0
      vertex -4.39917 7.88595 2.5
      vertex -4.22364 7.98134 2.5
    endloop
  endfacet
  facet normal -0.477487 0.878639 0
    outer loop
      vertex -4.39917 7.88595 2.5
      vertex -4.22364 7.98134 0
      vertex -4.39917 7.88595 0
    endloop
  endfacet
  facet normal -0.418169 0.908369 0
    outer loop
      vertex -3.68499 8.24389 0
      vertex -3.86646 8.16035 2.5
      vertex -3.68499 8.24389 2.5
    endloop
  endfacet
  facet normal -0.418169 0.908369 0
    outer loop
      vertex -3.86646 8.16035 2.5
      vertex -3.68499 8.24389 0
      vertex -3.86646 8.16035 0
    endloop
  endfacet
  facet normal -0.641847 0.766833 0
    outer loop
      vertex -5.71891 6.9882 0
      vertex -5.87211 6.85997 2.5
      vertex -5.71891 6.9882 2.5
    endloop
  endfacet
  facet normal -0.641847 0.766833 0
    outer loop
      vertex -5.87211 6.85997 2.5
      vertex -5.71891 6.9882 0
      vertex -5.87211 6.85997 0
    endloop
  endfacet
  facet normal -0.624719 0.780849 0
    outer loop
      vertex -5.56292 7.113 0
      vertex -5.71891 6.9882 2.5
      vertex -5.56292 7.113 2.5
    endloop
  endfacet
  facet normal -0.624719 0.780849 0
    outer loop
      vertex -5.71891 6.9882 2.5
      vertex -5.56292 7.113 0
      vertex -5.71891 6.9882 0
    endloop
  endfacet
  facet normal -0.58957 0.807718 0
    outer loop
      vertex -5.24284 7.35211 0
      vertex -5.4042 7.23433 2.5
      vertex -5.24284 7.35211 2.5
    endloop
  endfacet
  facet normal -0.58957 0.807718 0
    outer loop
      vertex -5.4042 7.23433 2.5
      vertex -5.24284 7.35211 0
      vertex -5.4042 7.23433 0
    endloop
  endfacet
  facet normal -0.691317 0.722552 0
    outer loop
      vertex -6.1698 6.59352 0
      vertex -6.31415 6.45541 2.5
      vertex -6.1698 6.59352 2.5
    endloop
  endfacet
  facet normal -0.691317 0.722552 0
    outer loop
      vertex -6.31415 6.45541 2.5
      vertex -6.1698 6.59352 0
      vertex -6.31415 6.45541 0
    endloop
  endfacet
  facet normal -0.675128 0.7377 0
    outer loop
      vertex -6.02243 6.72839 0
      vertex -6.1698 6.59352 2.5
      vertex -6.02243 6.72839 2.5
    endloop
  endfacet
  facet normal -0.675128 0.7377 0
    outer loop
      vertex -6.1698 6.59352 2.5
      vertex -6.02243 6.72839 0
      vertex -6.1698 6.59352 0
    endloop
  endfacet
  facet normal -0.707107 0.707107 0
    outer loop
      vertex -6.45541 6.31415 0
      vertex -6.31415 6.45541 2.5
      vertex -6.31415 6.45541 0
    endloop
  endfacet
  facet normal -0.707107 0.707107 0
    outer loop
      vertex -6.31415 6.45541 2.5
      vertex -6.45541 6.31415 0
      vertex -6.45541 6.31415 2.5
    endloop
  endfacet
  facet normal 0.999939 -0.0110625 0
    outer loop
      vertex 9.02779 -0.199762 2.5
      vertex 9.03 0 0
      vertex 9.03 0 2.5
    endloop
  endfacet
  facet normal 0.999939 -0.0110625 0
    outer loop
      vertex 9.03 0 0
      vertex 9.02779 -0.199762 2.5
      vertex 9.02779 -0.199762 0
    endloop
  endfacet
  facet normal 0.999449 -0.0331875 0
    outer loop
      vertex 9.02116 -0.399426 2.5
      vertex 9.02779 -0.199762 0
      vertex 9.02779 -0.199762 2.5
    endloop
  endfacet
  facet normal 0.999449 -0.0331875 0
    outer loop
      vertex 9.02779 -0.199762 0
      vertex 9.02116 -0.399426 2.5
      vertex 9.02116 -0.399426 0
    endloop
  endfacet
  facet normal 0.995051 -0.099362 0
    outer loop
      vertex 8.97481 -0.996858 2.5
      vertex 8.99466 -0.798072 0
      vertex 8.99466 -0.798072 2.5
    endloop
  endfacet
  facet normal 0.995051 -0.099362 0
    outer loop
      vertex 8.99466 -0.798072 0
      vertex 8.97481 -0.996858 2.5
      vertex 8.97481 -0.996858 0
    endloop
  endfacet
  facet normal 0.982367 -0.186963 0
    outer loop
      vertex 8.85158 -1.78615 2.5
      vertex 8.88893 -1.5899 0
      vertex 8.88893 -1.5899 2.5
    endloop
  endfacet
  facet normal 0.982367 -0.186963 0
    outer loop
      vertex 8.88893 -1.5899 0
      vertex 8.85158 -1.78615 2.5
      vertex 8.85158 -1.78615 0
    endloop
  endfacet
  facet normal 0.948988 -0.315312 0
    outer loop
      vertex 8.53731 -2.94198 2.5
      vertex 8.6003 -2.7524 0
      vertex 8.6003 -2.7524 2.5
    endloop
  endfacet
  facet normal 0.948988 -0.315312 0
    outer loop
      vertex 8.6003 -2.7524 0
      vertex 8.53731 -2.94198 2.5
      vertex 8.53731 -2.94198 0
    endloop
  endfacet
  facet normal 0.934103 -0.357003 0
    outer loop
      vertex 8.39882 -3.31673 2.5
      vertex 8.47014 -3.13012 0
      vertex 8.47014 -3.13012 2.5
    endloop
  endfacet
  facet normal 0.934103 -0.357003 0
    outer loop
      vertex 8.47014 -3.13012 0
      vertex 8.39882 -3.31673 2.5
      vertex 8.39882 -3.31673 0
    endloop
  endfacet
  facet normal 0.856661 -0.515879 0
    outer loop
      vertex 7.68364 -4.74369 2.5
      vertex 7.7867 -4.57255 0
      vertex 7.7867 -4.57255 2.5
    endloop
  endfacet
  facet normal 0.856661 -0.515879 0
    outer loop
      vertex 7.7867 -4.57255 0
      vertex 7.68364 -4.74369 2.5
      vertex 7.68364 -4.74369 0
    endloop
  endfacet
  facet normal 0.53472 -0.845029 0
    outer loop
      vertex 4.74369 -7.68364 0
      vertex 4.9125 -7.57682 2.5
      vertex 4.74369 -7.68364 2.5
    endloop
  endfacet
  facet normal 0.53472 -0.845029 0
    outer loop
      vertex 4.9125 -7.57682 2.5
      vertex 4.74369 -7.68364 0
      vertex 4.9125 -7.57682 0
    endloop
  endfacet
  facet normal -0.53472 -0.845029 0
    outer loop
      vertex -4.9125 -7.57682 0
      vertex -4.74369 -7.68364 2.5
      vertex -4.9125 -7.57682 2.5
    endloop
  endfacet
  facet normal -0.53472 -0.845029 -0
    outer loop
      vertex -4.74369 -7.68364 2.5
      vertex -4.9125 -7.57682 0
      vertex -4.74369 -7.68364 0
    endloop
  endfacet
  facet normal 0 0 -1
    outer loop
      vertex 1.7 0 0
      vertex 9.03 0 0
      vertex 9.02779 -0.199762 0
    endloop
  endfacet
  facet normal 0 0 -1
    outer loop
      vertex 1.7 0 0
      vertex 9.02779 -0.199762 0
      vertex 9.02116 -0.399426 0
    endloop
  endfacet
  facet normal 0 0 -1
    outer loop
      vertex 9.03 0 0
      vertex 1.7 0 0
      vertex 9.02779 0.199762 0
    endloop
  endfacet
  facet normal 0 0 -1
    outer loop
      vertex 1.7 0 0
      vertex 9.02116 -0.399426 0
      vertex 9.01012 -0.598896 0
    endloop
  endfacet
  facet normal -0 0 -1
    outer loop
      vertex 9.02779 0.199762 0
      vertex 1.7 0 0
      vertex 9.02116 0.399426 0
    endloop
  endfacet
  facet normal 0 0 -1
    outer loop
      vertex 1.68851 -0.197357 0
      vertex 9.01012 -0.598896 0
      vertex 8.99466 -0.798072 0
    endloop
  endfacet
  facet normal -0 0 -1
    outer loop
      vertex 9.02116 0.399426 0
      vertex 1.7 0 0
      vertex 9.01012 0.598896 0
    endloop
  endfacet
  facet normal 0 0 -1
    outer loop
      vertex 1.68851 -0.197357 0
      vertex 8.99466 -0.798072 0
      vertex 8.97481 -0.996858 0
    endloop
  endfacet
  facet normal 0 0 -1
    outer loop
      vertex 1.68851 0.197357 0
      vertex 9.01012 0.598896 0
      vertex 1.7 0 0
    endloop
  endfacet
  facet normal 0 0 -1
    outer loop
      vertex 1.68851 -0.197357 0
      vertex 8.97481 -0.996858 0
      vertex 8.95056 -1.19516 0
    endloop
  endfacet
  facet normal -0 0 -1
    outer loop
      vertex 9.01012 0.598896 0
      vertex 1.68851 0.197357 0
      vertex 8.99466 0.798072 0
    endloop
  endfacet
  facet normal 0 0 -1
    outer loop
      vertex 1.68851 -0.197357 0
      vertex 8.95056 -1.19516 0
      vertex 8.92193 -1.39287 0
    endloop
  endfacet
  facet normal -0 0 -1
    outer loop
      vertex 8.99466 0.798072 0
      vertex 1.68851 0.197357 0
      vertex 8.97481 0.996858 0
    endloop
  endfacet
  facet normal 0 0 -1
    outer loop
      vertex 1.68851 -0.197357 0
      vertex 8.92193 -1.39287 0
      vertex 8.88893 -1.5899 0
    endloop
  endfacet
  facet normal -0 0 -1
    outer loop
      vertex 8.97481 0.996858 0
      vertex 1.68851 0.197357 0
      vertex 8.95056 1.19516 0
    endloop
  endfacet
  facet normal 0 0 -1
    outer loop
      vertex 1.65418 -0.392047 0
      vertex 8.88893 -1.5899 0
      vertex 8.85158 -1.78615 0
    endloop
  endfacet
  facet normal -0 0 -1
    outer loop
      vertex 8.95056 1.19516 0
      vertex 1.68851 0.197357 0
      vertex 8.92193 1.39287 0
    endloop
  endfacet
  facet normal 0 0 -1
    outer loop
      vertex 1.65418 -0.392047 0
      vertex 8.85158 -1.78615 0
      vertex 8.80991 -1.98153 0
    endloop
  endfacet
  facet normal -0 0 -1
    outer loop
      vertex 8.92193 1.39287 0
      vertex 1.68851 0.197357 0
      vertex 8.88893 1.5899 0
    endloop
  endfacet
  facet normal 0 0 -1
    outer loop
      vertex 1.65418 -0.392047 0
      vertex 8.80991 -1.98153 0
      vertex 8.76391 -2.17594 0
    endloop
  endfacet
  facet normal 0 0 -1
    outer loop
      vertex 1.65418 0.392047 0
      vertex 8.88893 1.5899 0
      vertex 1.68851 0.197357 0
    endloop
  endfacet
  facet normal 0 0 -1
    outer loop
      vertex 1.65418 -0.392047 0
      vertex 8.76391 -2.17594 0
      vertex 8.71363 -2.36928 0
    endloop
  endfacet
  facet normal -0 0 -1
    outer loop
      vertex 8.88893 1.5899 0
      vertex 1.65418 0.392047 0
      vertex 8.85158 1.78615 0
    endloop
  endfacet
  facet normal 0 0 -1
    outer loop
      vertex 1.65418 -0.392047 0
      vertex 8.71363 -2.36928 0
      vertex 8.65909 -2.56147 0
    endloop
  endfacet
  facet normal -0 0 -1
    outer loop
      vertex 8.85158 1.78615 0
      vertex 1.65418 0.392047 0
      vertex 8.80991 1.98153 0
    endloop
  endfacet
  facet normal 0 0 -1
    outer loop
      vertex 1.59748 -0.581433 0
      vertex 8.65909 -2.56147 0
      vertex 8.6003 -2.7524 0
    endloop
  endfacet
  facet normal -0 0 -1
    outer loop
      vertex 8.80991 1.98153 0
      vertex 1.65418 0.392047 0
      vertex 8.76391 2.17594 0
    endloop
  endfacet
  facet normal 0 0 -1
    outer loop
      vertex 1.59748 -0.581433 0
      vertex 8.6003 -2.7524 0
      vertex 8.53731 -2.94198 0
    endloop
  endfacet
  facet normal -0 0 -1
    outer loop
      vertex 8.76391 2.17594 0
      vertex 1.65418 0.392047 0
      vertex 8.71363 2.36928 0
    endloop
  endfacet
  facet normal 0 0 -1
    outer loop
      vertex 1.59748 -0.581433 0
      vertex 8.53731 -2.94198 0
      vertex 8.47014 -3.13012 0
    endloop
  endfacet
  facet normal -0 0 -1
    outer loop
      vertex 8.71363 2.36928 0
      vertex 1.65418 0.392047 0
      vertex 8.65909 2.56147 0
    endloop
  endfacet
  facet normal 0 0 -1
    outer loop
      vertex 1.59748 -0.581433 0
      vertex 8.47014 -3.13012 0
      vertex 8.39882 -3.31673 0
    endloop
  endfacet
  facet normal 0 0 -1
    outer loop
      vertex 1.59748 0.581433 0
      vertex 8.65909 2.56147 0
      vertex 1.65418 0.392047 0
    endloop
  endfacet
  facet normal 0 0 -1
    outer loop
      vertex 1.59748 -0.581433 0
      vertex 8.39882 -3.31673 0
      vertex 8.32339 -3.50172 0
    endloop
  endfacet
  facet normal -0 0 -1
    outer loop
      vertex 8.65909 2.56147 0
      vertex 1.59748 0.581433 0
      vertex 8.6003 2.7524 0
    endloop
  endfacet
  facet normal 0 0 -1
    outer loop
      vertex 1.59748 -0.581433 0
      vertex 8.32339 -3.50172 0
      vertex 8.24389 -3.68499 0
    endloop
  endfacet
  facet normal -0 0 -1
    outer loop
      vertex 8.6003 2.7524 0
      vertex 1.59748 0.581433 0
      vertex 8.53731 2.94198 0
    endloop
  endfacet
  facet normal 0 0 -1
    outer loop
      vertex 1.51917 -0.762959 0
      vertex 8.24389 -3.68499 0
      vertex 8.16035 -3.86646 0
    endloop
  endfacet
  facet normal -0 0 -1
    outer loop
      vertex 8.53731 2.94198 0
      vertex 1.59748 0.581433 0
      vertex 8.47014 3.13012 0
    endloop
  endfacet
  facet normal 0 0 -1
    outer loop
      vertex 1.51917 -0.762959 0
      vertex 8.16035 -3.86646 0
      vertex 8.07282 -4.04604 0
    endloop
  endfacet
  facet normal -0 0 -1
    outer loop
      vertex 8.47014 3.13012 0
      vertex 1.59748 0.581433 0
      vertex 8.39882 3.31673 0
    endloop
  endfacet
  facet normal 0 0 -1
    outer loop
      vertex 1.51917 -0.762959 0
      vertex 8.07282 -4.04604 0
      vertex 7.98134 -4.22364 0
    endloop
  endfacet
  facet normal -0 0 -1
    outer loop
      vertex 8.39882 3.31673 0
      vertex 1.59748 0.581433 0
      vertex 8.32339 3.50172 0
    endloop
  endfacet
  facet normal 0 0 -1
    outer loop
      vertex 1.51917 -0.762959 0
      vertex 7.98134 -4.22364 0
      vertex 7.88595 -4.39917 0
    endloop
  endfacet
  facet normal -0 0 -1
    outer loop
      vertex 8.32339 3.50172 0
      vertex 1.59748 0.581433 0
      vertex 8.24389 3.68499 0
    endloop
  endfacet
  facet normal 0 0 -1
    outer loop
      vertex 1.51917 -0.762959 0
      vertex 7.88595 -4.39917 0
      vertex 7.7867 -4.57255 0
    endloop
  endfacet
  facet normal 0 0 -1
    outer loop
      vertex 1.51917 0.762959 0
      vertex 8.24389 3.68499 0
      vertex 1.59748 0.581433 0
    endloop
  endfacet
  facet normal 0 0 -1
    outer loop
      vertex 1.42033 -0.934165 0
      vertex 7.7867 -4.57255 0
      vertex 7.68364 -4.74369 0
    endloop
  endfacet
  facet normal -0 0 -1
    outer loop
      vertex 8.24389 3.68499 0
      vertex 1.51917 0.762959 0
      vertex 8.16035 3.86646 0
    endloop
  endfacet
  facet normal 0 0 -1
    outer loop
      vertex 1.42033 -0.934165 0
      vertex 7.68364 -4.74369 0
      vertex 7.57682 -4.9125 0
    endloop
  endfacet
  facet normal -0 0 -1
    outer loop
      vertex 8.16035 3.86646 0
      vertex 1.51917 0.762959 0
      vertex 8.07282 4.04604 0
    endloop
  endfacet
  facet normal 0 0 -1
    outer loop
      vertex 1.42033 -0.934165 0
      vertex 7.57682 -4.9125 0
      vertex 7.46629 -5.07892 0
    endloop
  endfacet
  facet normal -0 0 -1
    outer loop
      vertex 8.07282 4.04604 0
      vertex 1.51917 0.762959 0
      vertex 7.98134 4.22364 0
    endloop
  endfacet
  facet normal 0 0 -1
    outer loop
      vertex 1.42033 -0.934165 0
      vertex 7.46629 -5.07892 0
      vertex 7.35211 -5.24284 0
    endloop
  endfacet
  facet normal -0 0 -1
    outer loop
      vertex 7.98134 4.22364 0
      vertex 1.51917 0.762959 0
      vertex 7.88595 4.39917 0
    endloop
  endfacet
  facet normal 0 0 -1
    outer loop
      vertex 1.42033 -0.934165 0
      vertex 7.35211 -5.24284 0
      vertex 7.23433 -5.4042 0
    endloop
  endfacet
  facet normal -0 0 -1
    outer loop
      vertex 7.88595 4.39917 0
      vertex 1.51917 0.762959 0
      vertex 7.7867 4.57255 0
    endloop
  endfacet
  facet normal 0 0 -1
    outer loop
      vertex 1.30227 -1.09274 0
      vertex 7.23433 -5.4042 0
      vertex 7.113 -5.56292 0
    endloop
  endfacet
  facet normal 0 0 -1
    outer loop
      vertex 1.42033 0.934165 0
      vertex 7.7867 4.57255 0
      vertex 1.51917 0.762959 0
    endloop
  endfacet
  facet normal 0 0 -1
    outer loop
      vertex 1.30227 -1.09274 0
      vertex 7.113 -5.56292 0
      vertex 6.9882 -5.71891 0
    endloop
  endfacet
  facet normal -0 0 -1
    outer loop
      vertex 7.7867 4.57255 0
      vertex 1.42033 0.934165 0
      vertex 7.68364 4.74369 0
    endloop
  endfacet
  facet normal 0 0 -1
    outer loop
      vertex 1.30227 -1.09274 0
      vertex 6.9882 -5.71891 0
      vertex 6.85997 -5.87211 0
    endloop
  endfacet
  facet normal -0 0 -1
    outer loop
      vertex 7.68364 4.74369 0
      vertex 1.42033 0.934165 0
      vertex 7.57682 4.9125 0
    endloop
  endfacet
  facet normal 0 0 -1
    outer loop
      vertex 1.30227 -1.09274 0
      vertex 6.85997 -5.87211 0
      vertex 6.72839 -6.02243 0
    endloop
  endfacet
  facet normal -0 0 -1
    outer loop
      vertex 7.57682 4.9125 0
      vertex 1.42033 0.934165 0
      vertex 7.46629 5.07892 0
    endloop
  endfacet
  facet normal 0 0 -1
    outer loop
      vertex 1.30227 -1.09274 0
      vertex 6.72839 -6.02243 0
      vertex 6.59352 -6.1698 0
    endloop
  endfacet
  facet normal -0 0 -1
    outer loop
      vertex 7.46629 5.07892 0
      vertex 1.42033 0.934165 0
      vertex 7.35211 5.24284 0
    endloop
  endfacet
  facet normal 0 0 -1
    outer loop
      vertex 1.16661 -1.23654 0
      vertex 6.59352 -6.1698 0
      vertex 6.45541 -6.31415 0
    endloop
  endfacet
  facet normal -0 0 -1
    outer loop
      vertex 7.35211 5.24284 0
      vertex 1.42033 0.934165 0
      vertex 7.23433 5.4042 0
    endloop
  endfacet
  facet normal 0 0 -1
    outer loop
      vertex 1.16661 -1.23654 0
      vertex 6.45541 -6.31415 0
      vertex 6.31415 -6.45541 0
    endloop
  endfacet
  facet normal 0 0 -1
    outer loop
      vertex 1.30227 1.09274 0
      vertex 7.23433 5.4042 0
      vertex 1.42033 0.934165 0
    endloop
  endfacet
  facet normal 0 0 -1
    outer loop
      vertex 1.16661 -1.23654 0
      vertex 6.31415 -6.45541 0
      vertex 6.1698 -6.59352 0
    endloop
  endfacet
  facet normal -0 0 -1
    outer loop
      vertex 7.23433 5.4042 0
      vertex 1.30227 1.09274 0
      vertex 7.113 5.56292 0
    endloop
  endfacet
  facet normal 0 0 -1
    outer loop
      vertex 1.16661 -1.23654 0
      vertex 6.1698 -6.59352 0
      vertex 6.02243 -6.72839 0
    endloop
  endfacet
  facet normal -0 0 -1
    outer loop
      vertex 7.113 5.56292 0
      vertex 1.30227 1.09274 0
      vertex 6.9882 5.71891 0
    endloop
  endfacet
  facet normal 0 0 -1
    outer loop
      vertex 1.16661 -1.23654 0
      vertex 6.02243 -6.72839 0
      vertex 5.87211 -6.85997 0
    endloop
  endfacet
  facet normal -0 0 -1
    outer loop
      vertex 6.9882 5.71891 0
      vertex 1.30227 1.09274 0
      vertex 6.85997 5.87211 0
    endloop
  endfacet
  facet normal 0 0 -1
    outer loop
      vertex 1.16661 -1.23654 0
      vertex 5.87211 -6.85997 0
      vertex 5.71891 -6.9882 0
    endloop
  endfacet
  facet normal -0 0 -1
    outer loop
      vertex 6.85997 5.87211 0
      vertex 1.30227 1.09274 0
      vertex 6.72839 6.02243 0
    endloop
  endfacet
  facet normal 0 0 -1
    outer loop
      vertex 1.01517 -1.36361 0
      vertex 5.71891 -6.9882 0
      vertex 5.56292 -7.113 0
    endloop
  endfacet
  facet normal -0 0 -1
    outer loop
      vertex 6.72839 6.02243 0
      vertex 1.30227 1.09274 0
      vertex 6.59352 6.1698 0
    endloop
  endfacet
  facet normal 0 0 -1
    outer loop
      vertex 1.01517 -1.36361 0
      vertex 5.56292 -7.113 0
      vertex 5.4042 -7.23433 0
    endloop
  endfacet
  facet normal 0 0 -1
    outer loop
      vertex 1.16661 1.23654 0
      vertex 6.59352 6.1698 0
      vertex 1.30227 1.09274 0
    endloop
  endfacet
  facet normal 0 0 -1
    outer loop
      vertex 1.01517 -1.36361 0
      vertex 5.4042 -7.23433 0
      vertex 5.24284 -7.35211 0
    endloop
  endfacet
  facet normal -0 0 -1
    outer loop
      vertex 6.59352 6.1698 0
      vertex 1.16661 1.23654 0
      vertex 6.45541 6.31415 0
    endloop
  endfacet
  facet normal 0 0 -1
    outer loop
      vertex 1.01517 -1.36361 0
      vertex 5.24284 -7.35211 0
      vertex 5.07892 -7.46629 0
    endloop
  endfacet
  facet normal -0 0 -1
    outer loop
      vertex 6.45541 6.31415 0
      vertex 1.16661 1.23654 0
      vertex 6.31415 6.45541 0
    endloop
  endfacet
  facet normal 0 0 -1
    outer loop
      vertex 1.01517 -1.36361 0
      vertex 5.07892 -7.46629 0
      vertex 4.9125 -7.57682 0
    endloop
  endfacet
  facet normal -0 0 -1
    outer loop
      vertex 6.31415 6.45541 0
      vertex 1.16661 1.23654 0
      vertex 6.1698 6.59352 0
    endloop
  endfacet
  facet normal 0 0 -1
    outer loop
      vertex 0.849999 -1.47224 0
      vertex 4.9125 -7.57682 0
      vertex 4.74369 -7.68364 0
    endloop
  endfacet
  facet normal -0 0 -1
    outer loop
      vertex 6.1698 6.59352 0
      vertex 1.16661 1.23654 0
      vertex 6.02243 6.72839 0
    endloop
  endfacet
  facet normal 0 0 -1
    outer loop
      vertex 0.849999 -1.47224 0
      vertex 4.74369 -7.68364 0
      vertex 4.57255 -7.7867 0
    endloop
  endfacet
  facet normal -0 0 -1
    outer loop
      vertex 6.02243 6.72839 0
      vertex 1.16661 1.23654 0
      vertex 5.87211 6.85997 0
    endloop
  endfacet
  facet normal 0 0 -1
    outer loop
      vertex 0.849999 -1.47224 0
      vertex 4.57255 -7.7867 0
      vertex 4.39917 -7.88595 0
    endloop
  endfacet
  facet normal -0 0 -1
    outer loop
      vertex 5.87211 6.85997 0
      vertex 1.16661 1.23654 0
      vertex 5.71891 6.9882 0
    endloop
  endfacet
  facet normal 0 0 -1
    outer loop
      vertex 0.849999 -1.47224 0
      vertex 4.39917 -7.88595 0
      vertex 4.22364 -7.98134 0
    endloop
  endfacet
  facet normal 0 0 -1
    outer loop
      vertex 1.01517 1.36361 0
      vertex 5.71891 6.9882 0
      vertex 1.16661 1.23654 0
    endloop
  endfacet
  facet normal 0 0 -1
    outer loop
      vertex 0.849999 -1.47224 0
      vertex 4.22364 -7.98134 0
      vertex 4.04604 -8.07282 0
    endloop
  endfacet
  facet normal -0 0 -1
    outer loop
      vertex 5.71891 6.9882 0
      vertex 1.01517 1.36361 0
      vertex 5.56292 7.113 0
    endloop
  endfacet
  facet normal 0 0 -1
    outer loop
      vertex 0.673335 -1.56097 0
      vertex 4.04604 -8.07282 0
      vertex 3.86646 -8.16035 0
    endloop
  endfacet
  facet normal -0 0 -1
    outer loop
      vertex 5.56292 7.113 0
      vertex 1.01517 1.36361 0
      vertex 5.4042 7.23433 0
    endloop
  endfacet
  facet normal 0 0 -1
    outer loop
      vertex 0.673335 -1.56097 0
      vertex 3.86646 -8.16035 0
      vertex 3.68499 -8.24389 0
    endloop
  endfacet
  facet normal -0 0 -1
    outer loop
      vertex 5.4042 7.23433 0
      vertex 1.01517 1.36361 0
      vertex 5.24284 7.35211 0
    endloop
  endfacet
  facet normal 0 0 -1
    outer loop
      vertex 0.673335 -1.56097 0
      vertex 3.68499 -8.24389 0
      vertex 3.50172 -8.32339 0
    endloop
  endfacet
  facet normal -0 0 -1
    outer loop
      vertex 5.24284 7.35211 0
      vertex 1.01517 1.36361 0
      vertex 5.07892 7.46629 0
    endloop
  endfacet
  facet normal 0 0 -1
    outer loop
      vertex 0.673335 -1.56097 0
      vertex 3.50172 -8.32339 0
      vertex 3.31673 -8.39882 0
    endloop
  endfacet
  facet normal -0 0 -1
    outer loop
      vertex 5.07892 7.46629 0
      vertex 1.01517 1.36361 0
      vertex 4.9125 7.57682 0
    endloop
  endfacet
  facet normal 0 0 -1
    outer loop
      vertex 0.673335 -1.56097 0
      vertex 3.31673 -8.39882 0
      vertex 3.13012 -8.47014 0
    endloop
  endfacet
  facet normal 0 0 -1
    outer loop
      vertex 0.849999 1.47224 0
      vertex 4.9125 7.57682 0
      vertex 1.01517 1.36361 0
    endloop
  endfacet
  facet normal 0 0 -1
    outer loop
      vertex 0.673335 -1.56097 0
      vertex 3.13012 -8.47014 0
      vertex 2.94198 -8.53731 0
    endloop
  endfacet
  facet normal -0 0 -1
    outer loop
      vertex 4.9125 7.57682 0
      vertex 0.849999 1.47224 0
      vertex 4.74369 7.68364 0
    endloop
  endfacet
  facet normal 0 0 -1
    outer loop
      vertex 0.487565 -1.62858 0
      vertex 2.94198 -8.53731 0
      vertex 2.7524 -8.6003 0
    endloop
  endfacet
  facet normal -0 0 -1
    outer loop
      vertex 4.74369 7.68364 0
      vertex 0.849999 1.47224 0
      vertex 4.57255 7.7867 0
    endloop
  endfacet
  facet normal 0 0 -1
    outer loop
      vertex 0.487565 -1.62858 0
      vertex 2.7524 -8.6003 0
      vertex 2.56147 -8.65909 0
    endloop
  endfacet
  facet normal -0 0 -1
    outer loop
      vertex 4.57255 7.7867 0
      vertex 0.849999 1.47224 0
      vertex 4.39917 7.88595 0
    endloop
  endfacet
  facet normal 0 0 -1
    outer loop
      vertex 0.487565 -1.62858 0
      vertex 2.56147 -8.65909 0
      vertex 2.36928 -8.71363 0
    endloop
  endfacet
  facet normal -0 0 -1
    outer loop
      vertex 4.39917 7.88595 0
      vertex 0.849999 1.47224 0
      vertex 4.22364 7.98134 0
    endloop
  endfacet
  facet normal 0 0 -1
    outer loop
      vertex 0.487565 -1.62858 0
      vertex 2.36928 -8.71363 0
      vertex 2.17594 -8.76391 0
    endloop
  endfacet
  facet normal -0 0 -1
    outer loop
      vertex 4.22364 7.98134 0
      vertex 0.849999 1.47224 0
      vertex 4.04604 8.07282 0
    endloop
  endfacet
  facet normal 0 0 -1
    outer loop
      vertex 0.487565 -1.62858 0
      vertex 2.17594 -8.76391 0
      vertex 1.98153 -8.80991 0
    endloop
  endfacet
  facet normal 0 0 -1
    outer loop
      vertex 0.673335 1.56097 0
      vertex 4.04604 8.07282 0
      vertex 0.849999 1.47224 0
    endloop
  endfacet
  facet normal 0 0 -1
    outer loop
      vertex 0.295201 -1.67417 0
      vertex 1.98153 -8.80991 0
      vertex 1.78615 -8.85158 0
    endloop
  endfacet
  facet normal -0 0 -1
    outer loop
      vertex 4.04604 8.07282 0
      vertex 0.673335 1.56097 0
      vertex 3.86646 8.16035 0
    endloop
  endfacet
  facet normal -0 0 -1
    outer loop
      vertex 3.86646 8.16035 0
      vertex 0.673335 1.56097 0
      vertex 3.68499 8.24389 0
    endloop
  endfacet
  facet normal 0 0 -1
    outer loop
      vertex 9.01012 -0.598896 0
      vertex 1.68851 -0.197357 0
      vertex 1.7 0 0
    endloop
  endfacet
  facet normal 0 0 -1
    outer loop
      vertex 8.88893 -1.5899 0
      vertex 1.65418 -0.392047 0
      vertex 1.68851 -0.197357 0
    endloop
  endfacet
  facet normal 0 0 -1
    outer loop
      vertex 8.65909 -2.56147 0
      vertex 1.59748 -0.581433 0
      vertex 1.65418 -0.392047 0
    endloop
  endfacet
  facet normal 0 0 -1
    outer loop
      vertex 0.295201 -1.67417 0
      vertex 1.78615 -8.85158 0
      vertex 1.5899 -8.88893 0
    endloop
  endfacet
  facet normal 0 0 -1
    outer loop
      vertex 8.24389 -3.68499 0
      vertex 1.51917 -0.762959 0
      vertex 1.59748 -0.581433 0
    endloop
  endfacet
  facet normal 0 0 -1
    outer loop
      vertex 7.7867 -4.57255 0
      vertex 1.42033 -0.934165 0
      vertex 1.51917 -0.762959 0
    endloop
  endfacet
  facet normal 0 0 -1
    outer loop
      vertex 0.295201 -1.67417 0
      vertex 1.5899 -8.88893 0
      vertex 1.39287 -8.92193 0
    endloop
  endfacet
  facet normal 0 0 -1
    outer loop
      vertex 7.23433 -5.4042 0
      vertex 1.30227 -1.09274 0
      vertex 1.42033 -0.934165 0
    endloop
  endfacet
  facet normal 0 0 -1
    outer loop
      vertex 0.295201 -1.67417 0
      vertex 1.39287 -8.92193 0
      vertex 1.19516 -8.95056 0
    endloop
  endfacet
  facet normal 0 0 -1
    outer loop
      vertex 6.59352 -6.1698 0
      vertex 1.16661 -1.23654 0
      vertex 1.30227 -1.09274 0
    endloop
  endfacet
  facet normal 0 0 -1
    outer loop
      vertex 5.71891 -6.9882 0
      vertex 1.01517 -1.36361 0
      vertex 1.16661 -1.23654 0
    endloop
  endfacet
  facet normal 0 0 -1
    outer loop
      vertex 0.295201 -1.67417 0
      vertex 1.19516 -8.95056 0
      vertex 0.996858 -8.97481 0
    endloop
  endfacet
  facet normal 0 0 -1
    outer loop
      vertex 4.9125 -7.57682 0
      vertex 0.849999 -1.47224 0
      vertex 1.01517 -1.36361 0
    endloop
  endfacet
  facet normal 0 0 -1
    outer loop
      vertex 0.0988455 -1.69712 0
      vertex 0.996858 -8.97481 0
      vertex 0.798072 -8.99466 0
    endloop
  endfacet
  facet normal 0 0 -1
    outer loop
      vertex 4.04604 -8.07282 0
      vertex 0.673335 -1.56097 0
      vertex 0.849999 -1.47224 0
    endloop
  endfacet
  facet normal 0 0 -1
    outer loop
      vertex 0.0988455 -1.69712 0
      vertex 0.798072 -8.99466 0
      vertex 0.598896 -9.01012 0
    endloop
  endfacet
  facet normal 0 0 -1
    outer loop
      vertex 2.94198 -8.53731 0
      vertex 0.487565 -1.62858 0
      vertex 0.673335 -1.56097 0
    endloop
  endfacet
  facet normal 0 0 -1
    outer loop
      vertex 0.0988455 -1.69712 0
      vertex 0.598896 -9.01012 0
      vertex 0.399426 -9.02116 0
    endloop
  endfacet
  facet normal 0 0 -1
    outer loop
      vertex 1.98153 -8.80991 0
      vertex 0.295201 -1.67417 0
      vertex 0.487565 -1.62858 0
    endloop
  endfacet
  facet normal 0 0 -1
    outer loop
      vertex 0.0988455 -1.69712 0
      vertex 0.399426 -9.02116 0
      vertex 0.199762 -9.02779 0
    endloop
  endfacet
  facet normal 0 0 -1
    outer loop
      vertex 0.996858 -8.97481 0
      vertex 0.0988455 -1.69712 0
      vertex 0.295201 -1.67417 0
    endloop
  endfacet
  facet normal 0 0 -1
    outer loop
      vertex 0 -9.03 0
      vertex 0.0988455 -1.69712 0
      vertex 0.199762 -9.02779 0
    endloop
  endfacet
  facet normal 0 0 -1
    outer loop
      vertex 0 -9.03 0
      vertex -0.0988455 -1.69712 0
      vertex 0.0988455 -1.69712 0
    endloop
  endfacet
  facet normal 0 0 -1
    outer loop
      vertex -0.199762 -9.02779 0
      vertex -0.0988455 -1.69712 0
      vertex 0 -9.03 0
    endloop
  endfacet
  facet normal 0 0 -1
    outer loop
      vertex -0.399426 -9.02116 0
      vertex -0.0988455 -1.69712 0
      vertex -0.199762 -9.02779 0
    endloop
  endfacet
  facet normal 0 0 -1
    outer loop
      vertex -0.598896 -9.01012 0
      vertex -0.0988455 -1.69712 0
      vertex -0.399426 -9.02116 0
    endloop
  endfacet
  facet normal 0 0 -1
    outer loop
      vertex -0.798072 -8.99466 0
      vertex -0.0988455 -1.69712 0
      vertex -0.598896 -9.01012 0
    endloop
  endfacet
  facet normal 0 0 -1
    outer loop
      vertex -0.996858 -8.97481 0
      vertex -0.0988455 -1.69712 0
      vertex -0.798072 -8.99466 0
    endloop
  endfacet
  facet normal -0 0 -1
    outer loop
      vertex -0.0988455 -1.69712 0
      vertex -0.996858 -8.97481 0
      vertex -0.295201 -1.67417 0
    endloop
  endfacet
  facet normal 0 0 -1
    outer loop
      vertex -1.19516 -8.95056 0
      vertex -0.295201 -1.67417 0
      vertex -0.996858 -8.97481 0
    endloop
  endfacet
  facet normal 0 0 -1
    outer loop
      vertex -1.39287 -8.92193 0
      vertex -0.295201 -1.67417 0
      vertex -1.19516 -8.95056 0
    endloop
  endfacet
  facet normal 0 0 -1
    outer loop
      vertex -1.5899 -8.88893 0
      vertex -0.295201 -1.67417 0
      vertex -1.39287 -8.92193 0
    endloop
  endfacet
  facet normal 0 0 -1
    outer loop
      vertex -1.78615 -8.85158 0
      vertex -0.295201 -1.67417 0
      vertex -1.5899 -8.88893 0
    endloop
  endfacet
  facet normal 0 0 -1
    outer loop
      vertex -1.98153 -8.80991 0
      vertex -0.295201 -1.67417 0
      vertex -1.78615 -8.85158 0
    endloop
  endfacet
  facet normal -0 0 -1
    outer loop
      vertex -0.295201 -1.67417 0
      vertex -1.98153 -8.80991 0
      vertex -0.487565 -1.62858 0
    endloop
  endfacet
  facet normal 0 0 -1
    outer loop
      vertex -2.17594 -8.76391 0
      vertex -0.487565 -1.62858 0
      vertex -1.98153 -8.80991 0
    endloop
  endfacet
  facet normal 0 0 -1
    outer loop
      vertex -2.36928 -8.71363 0
      vertex -0.487565 -1.62858 0
      vertex -2.17594 -8.76391 0
    endloop
  endfacet
  facet normal 0 0 -1
    outer loop
      vertex -2.56147 -8.65909 0
      vertex -0.487565 -1.62858 0
      vertex -2.36928 -8.71363 0
    endloop
  endfacet
  facet normal 0 0 -1
    outer loop
      vertex -2.7524 -8.6003 0
      vertex -0.487565 -1.62858 0
      vertex -2.56147 -8.65909 0
    endloop
  endfacet
  facet normal 0 0 -1
    outer loop
      vertex -2.94198 -8.53731 0
      vertex -0.487565 -1.62858 0
      vertex -2.7524 -8.6003 0
    endloop
  endfacet
  facet normal -0 0 -1
    outer loop
      vertex -0.487565 -1.62858 0
      vertex -2.94198 -8.53731 0
      vertex -0.673335 -1.56097 0
    endloop
  endfacet
  facet normal 0 0 -1
    outer loop
      vertex -3.13012 -8.47014 0
      vertex -0.673335 -1.56097 0
      vertex -2.94198 -8.53731 0
    endloop
  endfacet
  facet normal 0 0 -1
    outer loop
      vertex -3.31673 -8.39882 0
      vertex -0.673335 -1.56097 0
      vertex -3.13012 -8.47014 0
    endloop
  endfacet
  facet normal 0 0 -1
    outer loop
      vertex -3.50172 -8.32339 0
      vertex -0.673335 -1.56097 0
      vertex -3.31673 -8.39882 0
    endloop
  endfacet
  facet normal 0 0 -1
    outer loop
      vertex -3.68499 -8.24389 0
      vertex -0.673335 -1.56097 0
      vertex -3.50172 -8.32339 0
    endloop
  endfacet
  facet normal -0 0 -1
    outer loop
      vertex 3.68499 8.24389 0
      vertex 0.673335 1.56097 0
      vertex 3.50172 8.32339 0
    endloop
  endfacet
  facet normal -0 0 -1
    outer loop
      vertex 3.50172 8.32339 0
      vertex 0.673335 1.56097 0
      vertex 3.31673 8.39882 0
    endloop
  endfacet
  facet normal -0 0 -1
    outer loop
      vertex 3.31673 8.39882 0
      vertex 0.673335 1.56097 0
      vertex 3.13012 8.47014 0
    endloop
  endfacet
  facet normal -0 0 -1
    outer loop
      vertex 3.13012 8.47014 0
      vertex 0.673335 1.56097 0
      vertex 2.94198 8.53731 0
    endloop
  endfacet
  facet normal 0 0 -1
    outer loop
      vertex 0.487565 1.62858 0
      vertex 2.94198 8.53731 0
      vertex 0.673335 1.56097 0
    endloop
  endfacet
  facet normal -0 0 -1
    outer loop
      vertex 2.94198 8.53731 0
      vertex 0.487565 1.62858 0
      vertex 2.7524 8.6003 0
    endloop
  endfacet
  facet normal -0 0 -1
    outer loop
      vertex 2.7524 8.6003 0
      vertex 0.487565 1.62858 0
      vertex 2.56147 8.65909 0
    endloop
  endfacet
  facet normal -0 0 -1
    outer loop
      vertex 2.56147 8.65909 0
      vertex 0.487565 1.62858 0
      vertex 2.36928 8.71363 0
    endloop
  endfacet
  facet normal -0 0 -1
    outer loop
      vertex 2.36928 8.71363 0
      vertex 0.487565 1.62858 0
      vertex 2.17594 8.76391 0
    endloop
  endfacet
  facet normal -0 0 -1
    outer loop
      vertex 2.17594 8.76391 0
      vertex 0.487565 1.62858 0
      vertex 1.98153 8.80991 0
    endloop
  endfacet
  facet normal 0 0 -1
    outer loop
      vertex 0.295201 1.67417 0
      vertex 1.98153 8.80991 0
      vertex 0.487565 1.62858 0
    endloop
  endfacet
  facet normal -0 0 -1
    outer loop
      vertex 1.98153 8.80991 0
      vertex 0.295201 1.67417 0
      vertex 1.78615 8.85158 0
    endloop
  endfacet
  facet normal -0 0 -1
    outer loop
      vertex 1.78615 8.85158 0
      vertex 0.295201 1.67417 0
      vertex 1.5899 8.88893 0
    endloop
  endfacet
  facet normal -0 0 -1
    outer loop
      vertex 1.5899 8.88893 0
      vertex 0.295201 1.67417 0
      vertex 1.39287 8.92193 0
    endloop
  endfacet
  facet normal -0 0 -1
    outer loop
      vertex 1.39287 8.92193 0
      vertex 0.295201 1.67417 0
      vertex 1.19516 8.95056 0
    endloop
  endfacet
  facet normal -0 0 -1
    outer loop
      vertex 1.19516 8.95056 0
      vertex 0.295201 1.67417 0
      vertex 0.996858 8.97481 0
    endloop
  endfacet
  facet normal 0 0 -1
    outer loop
      vertex 0.0988455 1.69712 0
      vertex 0.996858 8.97481 0
      vertex 0.295201 1.67417 0
    endloop
  endfacet
  facet normal -0 0 -1
    outer loop
      vertex 0.996858 8.97481 0
      vertex 0.0988455 1.69712 0
      vertex 0.798072 8.99466 0
    endloop
  endfacet
  facet normal -0 0 -1
    outer loop
      vertex 0.798072 8.99466 0
      vertex 0.0988455 1.69712 0
      vertex 0.598896 9.01012 0
    endloop
  endfacet
  facet normal -0 0 -1
    outer loop
      vertex 0.598896 9.01012 0
      vertex 0.0988455 1.69712 0
      vertex 0.399426 9.02116 0
    endloop
  endfacet
  facet normal -0 0 -1
    outer loop
      vertex 0.399426 9.02116 0
      vertex 0.0988455 1.69712 0
      vertex 0.199762 9.02779 0
    endloop
  endfacet
  facet normal 0 0 -1
    outer loop
      vertex 0.0988455 1.69712 0
      vertex 0 9.03 0
      vertex 0.199762 9.02779 0
    endloop
  endfacet
  facet normal 0 0 -1
    outer loop
      vertex -0.0988455 1.69712 0
      vertex 0 9.03 0
      vertex 0.0988455 1.69712 0
    endloop
  endfacet
  facet normal 0 0 -1
    outer loop
      vertex -0.0988455 1.69712 0
      vertex -0.199762 9.02779 0
      vertex 0 9.03 0
    endloop
  endfacet
  facet normal 0 0 -1
    outer loop
      vertex -0.996858 8.97481 0
      vertex -0.0988455 1.69712 0
      vertex -0.295201 1.67417 0
    endloop
  endfacet
  facet normal 0 0 -1
    outer loop
      vertex -0.0988455 1.69712 0
      vertex -0.399426 9.02116 0
      vertex -0.199762 9.02779 0
    endloop
  endfacet
  facet normal 0 0 -1
    outer loop
      vertex -1.98153 8.80991 0
      vertex -0.295201 1.67417 0
      vertex -0.487565 1.62858 0
    endloop
  endfacet
  facet normal 0 0 -1
    outer loop
      vertex -0.0988455 1.69712 0
      vertex -0.598896 9.01012 0
      vertex -0.399426 9.02116 0
    endloop
  endfacet
  facet normal 0 0 -1
    outer loop
      vertex -2.94198 8.53731 0
      vertex -0.487565 1.62858 0
      vertex -0.673335 1.56097 0
    endloop
  endfacet
  facet normal 0 0 -1
    outer loop
      vertex -0.0988455 1.69712 0
      vertex -0.798072 8.99466 0
      vertex -0.598896 9.01012 0
    endloop
  endfacet
  facet normal 0 0 -1
    outer loop
      vertex -4.04604 8.07282 0
      vertex -0.673335 1.56097 0
      vertex -0.849999 1.47224 0
    endloop
  endfacet
  facet normal 0 0 -1
    outer loop
      vertex -0.0988455 1.69712 0
      vertex -0.996858 8.97481 0
      vertex -0.798072 8.99466 0
    endloop
  endfacet
  facet normal 0 0 -1
    outer loop
      vertex -4.9125 7.57682 0
      vertex -0.849999 1.47224 0
      vertex -1.01517 1.36361 0
    endloop
  endfacet
  facet normal 0 0 -1
    outer loop
      vertex -5.71891 6.9882 0
      vertex -1.01517 1.36361 0
      vertex -1.16661 1.23654 0
    endloop
  endfacet
  facet normal 0 0 -1
    outer loop
      vertex -0.295201 1.67417 0
      vertex -1.19516 8.95056 0
      vertex -0.996858 8.97481 0
    endloop
  endfacet
  facet normal 0 0 -1
    outer loop
      vertex -6.59352 6.1698 0
      vertex -1.16661 1.23654 0
      vertex -1.30227 1.09274 0
    endloop
  endfacet
  facet normal 0 0 -1
    outer loop
      vertex -0.295201 1.67417 0
      vertex -1.39287 8.92193 0
      vertex -1.19516 8.95056 0
    endloop
  endfacet
  facet normal 0 0 -1
    outer loop
      vertex -7.23433 5.4042 0
      vertex -1.30227 1.09274 0
      vertex -1.42033 0.934165 0
    endloop
  endfacet
  facet normal 0 0 -1
    outer loop
      vertex -7.7867 4.57255 0
      vertex -1.42033 0.934165 0
      vertex -1.51917 0.762959 0
    endloop
  endfacet
  facet normal 0 0 -1
    outer loop
      vertex -0.295201 1.67417 0
      vertex -1.5899 8.88893 0
      vertex -1.39287 8.92193 0
    endloop
  endfacet
  facet normal 0 0 -1
    outer loop
      vertex -8.24389 3.68499 0
      vertex -1.51917 0.762959 0
      vertex -1.59748 0.581433 0
    endloop
  endfacet
  facet normal 0 0 -1
    outer loop
      vertex -8.65909 2.56147 0
      vertex -1.59748 0.581433 0
      vertex -1.65418 0.392047 0
    endloop
  endfacet
  facet normal 0 0 -1
    outer loop
      vertex -8.88893 1.5899 0
      vertex -1.65418 0.392047 0
      vertex -1.68851 0.197357 0
    endloop
  endfacet
  facet normal 0 0 -1
    outer loop
      vertex -9.01012 0.598896 0
      vertex -1.68851 0.197357 0
      vertex -1.7 0 0
    endloop
  endfacet
  facet normal 0 0 -1
    outer loop
      vertex -0.295201 1.67417 0
      vertex -1.78615 8.85158 0
      vertex -1.5899 8.88893 0
    endloop
  endfacet
  facet normal 0 0 -1
    outer loop
      vertex -3.86646 -8.16035 0
      vertex -0.673335 -1.56097 0
      vertex -3.68499 -8.24389 0
    endloop
  endfacet
  facet normal 0 0 -1
    outer loop
      vertex -4.04604 -8.07282 0
      vertex -0.673335 -1.56097 0
      vertex -3.86646 -8.16035 0
    endloop
  endfacet
  facet normal 0 0 -1
    outer loop
      vertex -0.295201 1.67417 0
      vertex -1.98153 8.80991 0
      vertex -1.78615 8.85158 0
    endloop
  endfacet
  facet normal -0 0 -1
    outer loop
      vertex -0.673335 -1.56097 0
      vertex -4.04604 -8.07282 0
      vertex -0.849999 -1.47224 0
    endloop
  endfacet
  facet normal 0 0 -1
    outer loop
      vertex -0.487565 1.62858 0
      vertex -2.17594 8.76391 0
      vertex -1.98153 8.80991 0
    endloop
  endfacet
  facet normal 0 0 -1
    outer loop
      vertex -4.22364 -7.98134 0
      vertex -0.849999 -1.47224 0
      vertex -4.04604 -8.07282 0
    endloop
  endfacet
  facet normal 0 0 -1
    outer loop
      vertex -0.487565 1.62858 0
      vertex -2.36928 8.71363 0
      vertex -2.17594 8.76391 0
    endloop
  endfacet
  facet normal 0 0 -1
    outer loop
      vertex -4.39917 -7.88595 0
      vertex -0.849999 -1.47224 0
      vertex -4.22364 -7.98134 0
    endloop
  endfacet
  facet normal 0 0 -1
    outer loop
      vertex -0.487565 1.62858 0
      vertex -2.56147 8.65909 0
      vertex -2.36928 8.71363 0
    endloop
  endfacet
  facet normal 0 0 -1
    outer loop
      vertex -4.57255 -7.7867 0
      vertex -0.849999 -1.47224 0
      vertex -4.39917 -7.88595 0
    endloop
  endfacet
  facet normal 0 0 -1
    outer loop
      vertex -0.487565 1.62858 0
      vertex -2.7524 8.6003 0
      vertex -2.56147 8.65909 0
    endloop
  endfacet
  facet normal 0 0 -1
    outer loop
      vertex -4.74369 -7.68364 0
      vertex -0.849999 -1.47224 0
      vertex -4.57255 -7.7867 0
    endloop
  endfacet
  facet normal 0 0 -1
    outer loop
      vertex -0.487565 1.62858 0
      vertex -2.94198 8.53731 0
      vertex -2.7524 8.6003 0
    endloop
  endfacet
  facet normal 0 0 -1
    outer loop
      vertex -4.9125 -7.57682 0
      vertex -0.849999 -1.47224 0
      vertex -4.74369 -7.68364 0
    endloop
  endfacet
  facet normal 0 0 -1
    outer loop
      vertex -0.673335 1.56097 0
      vertex -3.13012 8.47014 0
      vertex -2.94198 8.53731 0
    endloop
  endfacet
  facet normal -0 0 -1
    outer loop
      vertex -0.849999 -1.47224 0
      vertex -4.9125 -7.57682 0
      vertex -1.01517 -1.36361 0
    endloop
  endfacet
  facet normal 0 0 -1
    outer loop
      vertex -0.673335 1.56097 0
      vertex -3.31673 8.39882 0
      vertex -3.13012 8.47014 0
    endloop
  endfacet
  facet normal 0 0 -1
    outer loop
      vertex -5.07892 -7.46629 0
      vertex -1.01517 -1.36361 0
      vertex -4.9125 -7.57682 0
    endloop
  endfacet
  facet normal 0 0 -1
    outer loop
      vertex -0.673335 1.56097 0
      vertex -3.50172 8.32339 0
      vertex -3.31673 8.39882 0
    endloop
  endfacet
  facet normal 0 0 -1
    outer loop
      vertex -5.24284 -7.35211 0
      vertex -1.01517 -1.36361 0
      vertex -5.07892 -7.46629 0
    endloop
  endfacet
  facet normal 0 0 -1
    outer loop
      vertex -0.673335 1.56097 0
      vertex -3.68499 8.24389 0
      vertex -3.50172 8.32339 0
    endloop
  endfacet
  facet normal 0 0 -1
    outer loop
      vertex -5.4042 -7.23433 0
      vertex -1.01517 -1.36361 0
      vertex -5.24284 -7.35211 0
    endloop
  endfacet
  facet normal 0 0 -1
    outer loop
      vertex -0.673335 1.56097 0
      vertex -3.86646 8.16035 0
      vertex -3.68499 8.24389 0
    endloop
  endfacet
  facet normal 0 0 -1
    outer loop
      vertex -5.56292 -7.113 0
      vertex -1.01517 -1.36361 0
      vertex -5.4042 -7.23433 0
    endloop
  endfacet
  facet normal 0 0 -1
    outer loop
      vertex -0.673335 1.56097 0
      vertex -4.04604 8.07282 0
      vertex -3.86646 8.16035 0
    endloop
  endfacet
  facet normal 0 0 -1
    outer loop
      vertex -5.71891 -6.9882 0
      vertex -1.01517 -1.36361 0
      vertex -5.56292 -7.113 0
    endloop
  endfacet
  facet normal 0 0 -1
    outer loop
      vertex -0.849999 1.47224 0
      vertex -4.22364 7.98134 0
      vertex -4.04604 8.07282 0
    endloop
  endfacet
  facet normal -0 0 -1
    outer loop
      vertex -1.01517 -1.36361 0
      vertex -5.71891 -6.9882 0
      vertex -1.16661 -1.23654 0
    endloop
  endfacet
  facet normal 0 0 -1
    outer loop
      vertex -0.849999 1.47224 0
      vertex -4.39917 7.88595 0
      vertex -4.22364 7.98134 0
    endloop
  endfacet
  facet normal 0 0 -1
    outer loop
      vertex -5.87211 -6.85997 0
      vertex -1.16661 -1.23654 0
      vertex -5.71891 -6.9882 0
    endloop
  endfacet
  facet normal 0 0 -1
    outer loop
      vertex -0.849999 1.47224 0
      vertex -4.57255 7.7867 0
      vertex -4.39917 7.88595 0
    endloop
  endfacet
  facet normal 0 0 -1
    outer loop
      vertex -6.02243 -6.72839 0
      vertex -1.16661 -1.23654 0
      vertex -5.87211 -6.85997 0
    endloop
  endfacet
  facet normal 0 0 -1
    outer loop
      vertex -0.849999 1.47224 0
      vertex -4.74369 7.68364 0
      vertex -4.57255 7.7867 0
    endloop
  endfacet
  facet normal 0 0 -1
    outer loop
      vertex -6.1698 -6.59352 0
      vertex -1.16661 -1.23654 0
      vertex -6.02243 -6.72839 0
    endloop
  endfacet
  facet normal 0 0 -1
    outer loop
      vertex -0.849999 1.47224 0
      vertex -4.9125 7.57682 0
      vertex -4.74369 7.68364 0
    endloop
  endfacet
  facet normal 0 0 -1
    outer loop
      vertex -6.31415 -6.45541 0
      vertex -1.16661 -1.23654 0
      vertex -6.1698 -6.59352 0
    endloop
  endfacet
  facet normal 0 0 -1
    outer loop
      vertex -1.01517 1.36361 0
      vertex -5.07892 7.46629 0
      vertex -4.9125 7.57682 0
    endloop
  endfacet
  facet normal 0 0 -1
    outer loop
      vertex -6.45541 -6.31415 0
      vertex -1.16661 -1.23654 0
      vertex -6.31415 -6.45541 0
    endloop
  endfacet
  facet normal 0 0 -1
    outer loop
      vertex -1.01517 1.36361 0
      vertex -5.24284 7.35211 0
      vertex -5.07892 7.46629 0
    endloop
  endfacet
  facet normal 0 0 -1
    outer loop
      vertex -6.59352 -6.1698 0
      vertex -1.16661 -1.23654 0
      vertex -6.45541 -6.31415 0
    endloop
  endfacet
  facet normal 0 0 -1
    outer loop
      vertex -1.01517 1.36361 0
      vertex -5.4042 7.23433 0
      vertex -5.24284 7.35211 0
    endloop
  endfacet
  facet normal -0 0 -1
    outer loop
      vertex -1.16661 -1.23654 0
      vertex -6.59352 -6.1698 0
      vertex -1.30227 -1.09274 0
    endloop
  endfacet
  facet normal 0 0 -1
    outer loop
      vertex -1.01517 1.36361 0
      vertex -5.56292 7.113 0
      vertex -5.4042 7.23433 0
    endloop
  endfacet
  facet normal 0 0 -1
    outer loop
      vertex -6.72839 -6.02243 0
      vertex -1.30227 -1.09274 0
      vertex -6.59352 -6.1698 0
    endloop
  endfacet
  facet normal 0 0 -1
    outer loop
      vertex -1.01517 1.36361 0
      vertex -5.71891 6.9882 0
      vertex -5.56292 7.113 0
    endloop
  endfacet
  facet normal 0 0 -1
    outer loop
      vertex -6.85997 -5.87211 0
      vertex -1.30227 -1.09274 0
      vertex -6.72839 -6.02243 0
    endloop
  endfacet
  facet normal 0 0 -1
    outer loop
      vertex -1.16661 1.23654 0
      vertex -5.87211 6.85997 0
      vertex -5.71891 6.9882 0
    endloop
  endfacet
  facet normal 0 0 -1
    outer loop
      vertex -6.9882 -5.71891 0
      vertex -1.30227 -1.09274 0
      vertex -6.85997 -5.87211 0
    endloop
  endfacet
  facet normal 0 0 -1
    outer loop
      vertex -1.16661 1.23654 0
      vertex -6.02243 6.72839 0
      vertex -5.87211 6.85997 0
    endloop
  endfacet
  facet normal 0 0 -1
    outer loop
      vertex -7.113 -5.56292 0
      vertex -1.30227 -1.09274 0
      vertex -6.9882 -5.71891 0
    endloop
  endfacet
  facet normal 0 0 -1
    outer loop
      vertex -1.16661 1.23654 0
      vertex -6.1698 6.59352 0
      vertex -6.02243 6.72839 0
    endloop
  endfacet
  facet normal 0 0 -1
    outer loop
      vertex -7.23433 -5.4042 0
      vertex -1.30227 -1.09274 0
      vertex -7.113 -5.56292 0
    endloop
  endfacet
  facet normal 0 0 -1
    outer loop
      vertex -1.16661 1.23654 0
      vertex -6.31415 6.45541 0
      vertex -6.1698 6.59352 0
    endloop
  endfacet
  facet normal -0 0 -1
    outer loop
      vertex -1.30227 -1.09274 0
      vertex -7.23433 -5.4042 0
      vertex -1.42033 -0.934165 0
    endloop
  endfacet
  facet normal 0 0 -1
    outer loop
      vertex -1.16661 1.23654 0
      vertex -6.45541 6.31415 0
      vertex -6.31415 6.45541 0
    endloop
  endfacet
  facet normal 0 0 -1
    outer loop
      vertex -7.35211 -5.24284 0
      vertex -1.42033 -0.934165 0
      vertex -7.23433 -5.4042 0
    endloop
  endfacet
  facet normal 0 0 -1
    outer loop
      vertex -1.16661 1.23654 0
      vertex -6.59352 6.1698 0
      vertex -6.45541 6.31415 0
    endloop
  endfacet
  facet normal 0 0 -1
    outer loop
      vertex -7.46629 -5.07892 0
      vertex -1.42033 -0.934165 0
      vertex -7.35211 -5.24284 0
    endloop
  endfacet
  facet normal 0 0 -1
    outer loop
      vertex -1.30227 1.09274 0
      vertex -6.72839 6.02243 0
      vertex -6.59352 6.1698 0
    endloop
  endfacet
  facet normal 0 0 -1
    outer loop
      vertex -7.57682 -4.9125 0
      vertex -1.42033 -0.934165 0
      vertex -7.46629 -5.07892 0
    endloop
  endfacet
  facet normal 0 0 -1
    outer loop
      vertex -1.30227 1.09274 0
      vertex -6.85997 5.87211 0
      vertex -6.72839 6.02243 0
    endloop
  endfacet
  facet normal 0 0 -1
    outer loop
      vertex -7.68364 -4.74369 0
      vertex -1.42033 -0.934165 0
      vertex -7.57682 -4.9125 0
    endloop
  endfacet
  facet normal 0 0 -1
    outer loop
      vertex -1.30227 1.09274 0
      vertex -6.9882 5.71891 0
      vertex -6.85997 5.87211 0
    endloop
  endfacet
  facet normal 0 0 -1
    outer loop
      vertex -7.7867 -4.57255 0
      vertex -1.42033 -0.934165 0
      vertex -7.68364 -4.74369 0
    endloop
  endfacet
  facet normal 0 0 -1
    outer loop
      vertex -1.30227 1.09274 0
      vertex -7.113 5.56292 0
      vertex -6.9882 5.71891 0
    endloop
  endfacet
  facet normal -0 0 -1
    outer loop
      vertex -1.42033 -0.934165 0
      vertex -7.7867 -4.57255 0
      vertex -1.51917 -0.762959 0
    endloop
  endfacet
  facet normal 0 0 -1
    outer loop
      vertex -1.30227 1.09274 0
      vertex -7.23433 5.4042 0
      vertex -7.113 5.56292 0
    endloop
  endfacet
  facet normal 0 0 -1
    outer loop
      vertex -7.88595 -4.39917 0
      vertex -1.51917 -0.762959 0
      vertex -7.7867 -4.57255 0
    endloop
  endfacet
  facet normal 0 0 -1
    outer loop
      vertex -1.42033 0.934165 0
      vertex -7.35211 5.24284 0
      vertex -7.23433 5.4042 0
    endloop
  endfacet
  facet normal 0 0 -1
    outer loop
      vertex -7.98134 -4.22364 0
      vertex -1.51917 -0.762959 0
      vertex -7.88595 -4.39917 0
    endloop
  endfacet
  facet normal 0 0 -1
    outer loop
      vertex -1.42033 0.934165 0
      vertex -7.46629 5.07892 0
      vertex -7.35211 5.24284 0
    endloop
  endfacet
  facet normal 0 0 -1
    outer loop
      vertex -8.07282 -4.04604 0
      vertex -1.51917 -0.762959 0
      vertex -7.98134 -4.22364 0
    endloop
  endfacet
  facet normal 0 0 -1
    outer loop
      vertex -1.42033 0.934165 0
      vertex -7.57682 4.9125 0
      vertex -7.46629 5.07892 0
    endloop
  endfacet
  facet normal 0 0 -1
    outer loop
      vertex -8.16035 -3.86646 0
      vertex -1.51917 -0.762959 0
      vertex -8.07282 -4.04604 0
    endloop
  endfacet
  facet normal 0 0 -1
    outer loop
      vertex -1.42033 0.934165 0
      vertex -7.68364 4.74369 0
      vertex -7.57682 4.9125 0
    endloop
  endfacet
  facet normal 0 0 -1
    outer loop
      vertex -8.24389 -3.68499 0
      vertex -1.51917 -0.762959 0
      vertex -8.16035 -3.86646 0
    endloop
  endfacet
  facet normal 0 0 -1
    outer loop
      vertex -1.42033 0.934165 0
      vertex -7.7867 4.57255 0
      vertex -7.68364 4.74369 0
    endloop
  endfacet
  facet normal -0 0 -1
    outer loop
      vertex -1.51917 -0.762959 0
      vertex -8.24389 -3.68499 0
      vertex -1.59748 -0.581433 0
    endloop
  endfacet
  facet normal 0 0 -1
    outer loop
      vertex -1.51917 0.762959 0
      vertex -7.88595 4.39917 0
      vertex -7.7867 4.57255 0
    endloop
  endfacet
  facet normal 0 0 -1
    outer loop
      vertex -8.32339 -3.50172 0
      vertex -1.59748 -0.581433 0
      vertex -8.24389 -3.68499 0
    endloop
  endfacet
  facet normal 0 0 -1
    outer loop
      vertex -1.51917 0.762959 0
      vertex -7.98134 4.22364 0
      vertex -7.88595 4.39917 0
    endloop
  endfacet
  facet normal 0 0 -1
    outer loop
      vertex -8.39882 -3.31673 0
      vertex -1.59748 -0.581433 0
      vertex -8.32339 -3.50172 0
    endloop
  endfacet
  facet normal 0 0 -1
    outer loop
      vertex -1.51917 0.762959 0
      vertex -8.07282 4.04604 0
      vertex -7.98134 4.22364 0
    endloop
  endfacet
  facet normal 0 0 -1
    outer loop
      vertex -8.47014 -3.13012 0
      vertex -1.59748 -0.581433 0
      vertex -8.39882 -3.31673 0
    endloop
  endfacet
  facet normal 0 0 -1
    outer loop
      vertex -1.51917 0.762959 0
      vertex -8.16035 3.86646 0
      vertex -8.07282 4.04604 0
    endloop
  endfacet
  facet normal 0 0 -1
    outer loop
      vertex -8.53731 -2.94198 0
      vertex -1.59748 -0.581433 0
      vertex -8.47014 -3.13012 0
    endloop
  endfacet
  facet normal 0 0 -1
    outer loop
      vertex -1.51917 0.762959 0
      vertex -8.24389 3.68499 0
      vertex -8.16035 3.86646 0
    endloop
  endfacet
  facet normal 0 0 -1
    outer loop
      vertex -8.6003 -2.7524 0
      vertex -1.59748 -0.581433 0
      vertex -8.53731 -2.94198 0
    endloop
  endfacet
  facet normal 0 0 -1
    outer loop
      vertex -1.59748 0.581433 0
      vertex -8.32339 3.50172 0
      vertex -8.24389 3.68499 0
    endloop
  endfacet
  facet normal 0 0 -1
    outer loop
      vertex -8.65909 -2.56147 0
      vertex -1.59748 -0.581433 0
      vertex -8.6003 -2.7524 0
    endloop
  endfacet
  facet normal 0 0 -1
    outer loop
      vertex -1.59748 0.581433 0
      vertex -8.39882 3.31673 0
      vertex -8.32339 3.50172 0
    endloop
  endfacet
  facet normal -0 0 -1
    outer loop
      vertex -1.59748 -0.581433 0
      vertex -8.65909 -2.56147 0
      vertex -1.65418 -0.392047 0
    endloop
  endfacet
  facet normal 0 0 -1
    outer loop
      vertex -1.59748 0.581433 0
      vertex -8.47014 3.13012 0
      vertex -8.39882 3.31673 0
    endloop
  endfacet
  facet normal 0 0 -1
    outer loop
      vertex -8.71363 -2.36928 0
      vertex -1.65418 -0.392047 0
      vertex -8.65909 -2.56147 0
    endloop
  endfacet
  facet normal 0 0 -1
    outer loop
      vertex -1.59748 0.581433 0
      vertex -8.53731 2.94198 0
      vertex -8.47014 3.13012 0
    endloop
  endfacet
  facet normal 0 0 -1
    outer loop
      vertex -8.76391 -2.17594 0
      vertex -1.65418 -0.392047 0
      vertex -8.71363 -2.36928 0
    endloop
  endfacet
  facet normal 0 0 -1
    outer loop
      vertex -1.59748 0.581433 0
      vertex -8.6003 2.7524 0
      vertex -8.53731 2.94198 0
    endloop
  endfacet
  facet normal 0 0 -1
    outer loop
      vertex -8.80991 -1.98153 0
      vertex -1.65418 -0.392047 0
      vertex -8.76391 -2.17594 0
    endloop
  endfacet
  facet normal 0 0 -1
    outer loop
      vertex -1.59748 0.581433 0
      vertex -8.65909 2.56147 0
      vertex -8.6003 2.7524 0
    endloop
  endfacet
  facet normal 0 0 -1
    outer loop
      vertex -8.85158 -1.78615 0
      vertex -1.65418 -0.392047 0
      vertex -8.80991 -1.98153 0
    endloop
  endfacet
  facet normal 0 0 -1
    outer loop
      vertex -1.65418 0.392047 0
      vertex -8.71363 2.36928 0
      vertex -8.65909 2.56147 0
    endloop
  endfacet
  facet normal 0 0 -1
    outer loop
      vertex -8.88893 -1.5899 0
      vertex -1.65418 -0.392047 0
      vertex -8.85158 -1.78615 0
    endloop
  endfacet
  facet normal 0 0 -1
    outer loop
      vertex -1.65418 0.392047 0
      vertex -8.76391 2.17594 0
      vertex -8.71363 2.36928 0
    endloop
  endfacet
  facet normal -0 0 -1
    outer loop
      vertex -1.65418 -0.392047 0
      vertex -8.88893 -1.5899 0
      vertex -1.68851 -0.197357 0
    endloop
  endfacet
  facet normal 0 0 -1
    outer loop
      vertex -1.65418 0.392047 0
      vertex -8.80991 1.98153 0
      vertex -8.76391 2.17594 0
    endloop
  endfacet
  facet normal 0 0 -1
    outer loop
      vertex -8.92193 -1.39287 0
      vertex -1.68851 -0.197357 0
      vertex -8.88893 -1.5899 0
    endloop
  endfacet
  facet normal 0 0 -1
    outer loop
      vertex -1.65418 0.392047 0
      vertex -8.85158 1.78615 0
      vertex -8.80991 1.98153 0
    endloop
  endfacet
  facet normal 0 0 -1
    outer loop
      vertex -8.95056 -1.19516 0
      vertex -1.68851 -0.197357 0
      vertex -8.92193 -1.39287 0
    endloop
  endfacet
  facet normal 0 0 -1
    outer loop
      vertex -1.65418 0.392047 0
      vertex -8.88893 1.5899 0
      vertex -8.85158 1.78615 0
    endloop
  endfacet
  facet normal 0 0 -1
    outer loop
      vertex -8.97481 -0.996858 0
      vertex -1.68851 -0.197357 0
      vertex -8.95056 -1.19516 0
    endloop
  endfacet
  facet normal 0 0 -1
    outer loop
      vertex -1.68851 0.197357 0
      vertex -8.92193 1.39287 0
      vertex -8.88893 1.5899 0
    endloop
  endfacet
  facet normal 0 0 -1
    outer loop
      vertex -8.99466 -0.798072 0
      vertex -1.68851 -0.197357 0
      vertex -8.97481 -0.996858 0
    endloop
  endfacet
  facet normal 0 0 -1
    outer loop
      vertex -1.68851 0.197357 0
      vertex -8.95056 1.19516 0
      vertex -8.92193 1.39287 0
    endloop
  endfacet
  facet normal 0 0 -1
    outer loop
      vertex -9.01012 -0.598896 0
      vertex -1.68851 -0.197357 0
      vertex -8.99466 -0.798072 0
    endloop
  endfacet
  facet normal 0 0 -1
    outer loop
      vertex -1.68851 0.197357 0
      vertex -8.97481 0.996858 0
      vertex -8.95056 1.19516 0
    endloop
  endfacet
  facet normal -0 0 -1
    outer loop
      vertex -1.68851 -0.197357 0
      vertex -9.01012 -0.598896 0
      vertex -1.7 0 0
    endloop
  endfacet
  facet normal 0 0 -1
    outer loop
      vertex -1.68851 0.197357 0
      vertex -8.99466 0.798072 0
      vertex -8.97481 0.996858 0
    endloop
  endfacet
  facet normal 0 0 -1
    outer loop
      vertex -9.02116 -0.399426 0
      vertex -1.7 0 0
      vertex -9.01012 -0.598896 0
    endloop
  endfacet
  facet normal 0 0 -1
    outer loop
      vertex -1.68851 0.197357 0
      vertex -9.01012 0.598896 0
      vertex -8.99466 0.798072 0
    endloop
  endfacet
  facet normal 0 0 -1
    outer loop
      vertex -9.02779 -0.199762 0
      vertex -1.7 0 0
      vertex -9.02116 -0.399426 0
    endloop
  endfacet
  facet normal 0 0 -1
    outer loop
      vertex -1.7 0 0
      vertex -9.02116 0.399426 0
      vertex -9.01012 0.598896 0
    endloop
  endfacet
  facet normal 0 0 -1
    outer loop
      vertex -9.03 0 0
      vertex -1.7 0 0
      vertex -9.02779 -0.199762 0
    endloop
  endfacet
  facet normal 0 0 -1
    outer loop
      vertex -1.7 0 0
      vertex -9.02779 0.199762 0
      vertex -9.02116 0.399426 0
    endloop
  endfacet
  facet normal 0 0 -1
    outer loop
      vertex -1.7 0 0
      vertex -9.03 0 0
      vertex -9.02779 0.199762 0
    endloop
  endfacet
  facet normal -0.941778 -0.336235 0
    outer loop
      vertex -8.47014 -3.13012 0
      vertex -8.53731 -2.94198 2.5
      vertex -8.53731 -2.94198 0
    endloop
  endfacet
  facet normal -0.941778 -0.336235 0
    outer loop
      vertex -8.53731 -2.94198 2.5
      vertex -8.47014 -3.13012 0
      vertex -8.47014 -3.13012 2.5
    endloop
  endfacet
  facet normal -0.934103 -0.357003 0
    outer loop
      vertex -8.39882 -3.31673 0
      vertex -8.47014 -3.13012 2.5
      vertex -8.47014 -3.13012 0
    endloop
  endfacet
  facet normal -0.934103 -0.357003 0
    outer loop
      vertex -8.47014 -3.13012 2.5
      vertex -8.39882 -3.31673 0
      vertex -8.39882 -3.31673 2.5
    endloop
  endfacet
  facet normal 0.077387 -0.997001 0
    outer loop
      vertex 0.598896 -9.01012 0
      vertex 0.798072 -8.99466 2.5
      vertex 0.598896 -9.01012 2.5
    endloop
  endfacet
  facet normal 0.077387 -0.997001 0
    outer loop
      vertex 0.798072 -8.99466 2.5
      vertex 0.598896 -9.01012 0
      vertex 0.798072 -8.99466 0
    endloop
  endfacet
  facet normal 0.37757 -0.925981 0
    outer loop
      vertex 3.31673 -8.39882 0
      vertex 3.50172 -8.32339 2.5
      vertex 3.31673 -8.39882 2.5
    endloop
  endfacet
  facet normal 0.37757 -0.925981 0
    outer loop
      vertex 3.50172 -8.32339 2.5
      vertex 3.31673 -8.39882 0
      vertex 3.50172 -8.32339 0
    endloop
  endfacet
  facet normal 0.998472 0.0552621 0
    outer loop
      vertex 9.02116 0.399426 2.5
      vertex 9.01012 0.598896 0
      vertex 9.01012 0.598896 2.5
    endloop
  endfacet
  facet normal 0.998472 0.0552621 0
    outer loop
      vertex 9.01012 0.598896 0
      vertex 9.02116 0.399426 2.5
      vertex 9.02116 0.399426 0
    endloop
  endfacet
  facet normal 0.995051 0.099362 0
    outer loop
      vertex 8.99466 0.798072 2.5
      vertex 8.97481 0.996858 0
      vertex 8.97481 0.996858 2.5
    endloop
  endfacet
  facet normal 0.995051 0.099362 0
    outer loop
      vertex 8.97481 0.996858 0
      vertex 8.99466 0.798072 2.5
      vertex 8.99466 0.798072 0
    endloop
  endfacet
  facet normal 0.982367 0.186963 0
    outer loop
      vertex 8.88893 1.5899 2.5
      vertex 8.85158 1.78615 0
      vertex 8.85158 1.78615 2.5
    endloop
  endfacet
  facet normal 0.982367 0.186963 0
    outer loop
      vertex 8.85158 1.78615 0
      vertex 8.88893 1.5899 2.5
      vertex 8.88893 1.5899 0
    endloop
  endfacet
  facet normal 0.948988 0.315312 0
    outer loop
      vertex 8.6003 2.7524 2.5
      vertex 8.53731 2.94198 0
      vertex 8.53731 2.94198 2.5
    endloop
  endfacet
  facet normal 0.948988 0.315312 0
    outer loop
      vertex 8.53731 2.94198 0
      vertex 8.6003 2.7524 2.5
      vertex 8.6003 2.7524 0
    endloop
  endfacet
  facet normal 0.962014 0.273002 0
    outer loop
      vertex 8.71363 2.36928 2.5
      vertex 8.65909 2.56147 0
      vertex 8.65909 2.56147 2.5
    endloop
  endfacet
  facet normal 0.962014 0.273002 0
    outer loop
      vertex 8.65909 2.56147 0
      vertex 8.71363 2.36928 2.5
      vertex 8.71363 2.36928 0
    endloop
  endfacet
  facet normal 0.934103 0.357003 0
    outer loop
      vertex 8.47014 3.13012 2.5
      vertex 8.39882 3.31673 0
      vertex 8.39882 3.31673 2.5
    endloop
  endfacet
  facet normal 0.934103 0.357003 0
    outer loop
      vertex 8.39882 3.31673 0
      vertex 8.47014 3.13012 2.5
      vertex 8.47014 3.13012 0
    endloop
  endfacet
  facet normal 0.925981 0.37757 0
    outer loop
      vertex 8.39882 3.31673 2.5
      vertex 8.32339 3.50172 0
      vertex 8.32339 3.50172 2.5
    endloop
  endfacet
  facet normal 0.925981 0.37757 0
    outer loop
      vertex 8.32339 3.50172 0
      vertex 8.39882 3.31673 2.5
      vertex 8.39882 3.31673 0
    endloop
  endfacet
  facet normal 0.833012 0.553255 0
    outer loop
      vertex 7.57682 4.9125 2.5
      vertex 7.46629 5.07892 0
      vertex 7.46629 5.07892 2.5
    endloop
  endfacet
  facet normal 0.833012 0.553255 0
    outer loop
      vertex 7.46629 5.07892 0
      vertex 7.57682 4.9125 2.5
      vertex 7.57682 4.9125 0
    endloop
  endfacet
  facet normal 0.752453 0.658646 0
    outer loop
      vertex 6.85997 5.87211 2.5
      vertex 6.72839 6.02243 0
      vertex 6.72839 6.02243 2.5
    endloop
  endfacet
  facet normal 0.752453 0.658646 0
    outer loop
      vertex 6.72839 6.02243 0
      vertex 6.85997 5.87211 2.5
      vertex 6.85997 5.87211 0
    endloop
  endfacet
  facet normal 0.707107 0.707107 0
    outer loop
      vertex 6.45541 6.31415 2.5
      vertex 6.31415 6.45541 0
      vertex 6.31415 6.45541 2.5
    endloop
  endfacet
  facet normal 0.707107 0.707107 0
    outer loop
      vertex 6.31415 6.45541 0
      vertex 6.45541 6.31415 2.5
      vertex 6.45541 6.31415 0
    endloop
  endfacet
  facet normal 0.165186 0.986262 -0
    outer loop
      vertex 1.5899 8.88893 0
      vertex 1.39287 8.92193 2.5
      vertex 1.5899 8.88893 2.5
    endloop
  endfacet
  facet normal 0.165186 0.986262 0
    outer loop
      vertex 1.39287 8.92193 2.5
      vertex 1.5899 8.88893 0
      vertex 1.39287 8.92193 0
    endloop
  endfacet
  facet normal 0.143313 0.989677 -0
    outer loop
      vertex 1.39287 8.92193 0
      vertex 1.19516 8.95056 2.5
      vertex 1.39287 8.92193 2.5
    endloop
  endfacet
  facet normal 0.143313 0.989677 0
    outer loop
      vertex 1.19516 8.95056 2.5
      vertex 1.39287 8.92193 0
      vertex 1.19516 8.95056 0
    endloop
  endfacet
  facet normal 0.230256 0.97313 -0
    outer loop
      vertex 2.17594 8.76391 0
      vertex 1.98153 8.80991 2.5
      vertex 2.17594 8.76391 2.5
    endloop
  endfacet
  facet normal 0.230256 0.97313 0
    outer loop
      vertex 1.98153 8.80991 2.5
      vertex 2.17594 8.76391 0
      vertex 1.98153 8.80991 0
    endloop
  endfacet
  facet normal 0.515879 0.856661 -0
    outer loop
      vertex 4.74369 7.68364 0
      vertex 4.57255 7.7867 2.5
      vertex 4.74369 7.68364 2.5
    endloop
  endfacet
  facet normal 0.515879 0.856661 0
    outer loop
      vertex 4.57255 7.7867 2.5
      vertex 4.74369 7.68364 0
      vertex 4.57255 7.7867 0
    endloop
  endfacet
  facet normal 0.438141 0.898906 -0
    outer loop
      vertex 4.04604 8.07282 0
      vertex 3.86646 8.16035 2.5
      vertex 4.04604 8.07282 2.5
    endloop
  endfacet
  facet normal 0.438141 0.898906 0
    outer loop
      vertex 3.86646 8.16035 2.5
      vertex 4.04604 8.07282 0
      vertex 3.86646 8.16035 0
    endloop
  endfacet
  facet normal 0.571566 0.820556 -0
    outer loop
      vertex 5.24284 7.35211 0
      vertex 5.07892 7.46629 2.5
      vertex 5.24284 7.35211 2.5
    endloop
  endfacet
  facet normal 0.571566 0.820556 0
    outer loop
      vertex 5.07892 7.46629 2.5
      vertex 5.24284 7.35211 0
      vertex 5.07892 7.46629 0
    endloop
  endfacet
  facet normal 0.553255 0.833012 -0
    outer loop
      vertex 5.07892 7.46629 0
      vertex 4.9125 7.57682 2.5
      vertex 5.07892 7.46629 2.5
    endloop
  endfacet
  facet normal 0.553255 0.833012 0
    outer loop
      vertex 4.9125 7.57682 2.5
      vertex 5.07892 7.46629 0
      vertex 4.9125 7.57682 0
    endloop
  endfacet
  facet normal -0.856661 0.515879 0
    outer loop
      vertex -7.7867 4.57255 0
      vertex -7.68364 4.74369 2.5
      vertex -7.68364 4.74369 0
    endloop
  endfacet
  facet normal -0.856661 0.515879 0
    outer loop
      vertex -7.68364 4.74369 2.5
      vertex -7.7867 4.57255 0
      vertex -7.7867 4.57255 2.5
    endloop
  endfacet
  facet normal -0.780849 0.624719 0
    outer loop
      vertex -7.113 5.56292 0
      vertex -6.9882 5.71891 2.5
      vertex -6.9882 5.71891 0
    endloop
  endfacet
  facet normal -0.780849 0.624719 0
    outer loop
      vertex -6.9882 5.71891 2.5
      vertex -7.113 5.56292 0
      vertex -7.113 5.56292 2.5
    endloop
  endfacet
  facet normal -0.766833 0.641847 0
    outer loop
      vertex -6.9882 5.71891 0
      vertex -6.85997 5.87211 2.5
      vertex -6.85997 5.87211 0
    endloop
  endfacet
  facet normal -0.766833 0.641847 0
    outer loop
      vertex -6.85997 5.87211 2.5
      vertex -6.9882 5.71891 0
      vertex -6.9882 5.71891 2.5
    endloop
  endfacet
  facet normal -0.820556 0.571566 0
    outer loop
      vertex -7.46629 5.07892 0
      vertex -7.35211 5.24284 2.5
      vertex -7.35211 5.24284 0
    endloop
  endfacet
  facet normal -0.820556 0.571566 0
    outer loop
      vertex -7.35211 5.24284 2.5
      vertex -7.46629 5.07892 0
      vertex -7.46629 5.07892 2.5
    endloop
  endfacet
  facet normal -0.251688 0.967808 0
    outer loop
      vertex -2.17594 8.76391 0
      vertex -2.36928 8.71363 2.5
      vertex -2.17594 8.76391 2.5
    endloop
  endfacet
  facet normal -0.251688 0.967808 0
    outer loop
      vertex -2.36928 8.71363 2.5
      vertex -2.17594 8.76391 0
      vertex -2.36928 8.71363 0
    endloop
  endfacet
  facet normal -0.186963 0.982367 0
    outer loop
      vertex -1.5899 8.88893 0
      vertex -1.78615 8.85158 2.5
      vertex -1.5899 8.88893 2.5
    endloop
  endfacet
  facet normal -0.186963 0.982367 0
    outer loop
      vertex -1.78615 8.85158 2.5
      vertex -1.5899 8.88893 0
      vertex -1.78615 8.85158 0
    endloop
  endfacet
  facet normal -0.143313 0.989677 0
    outer loop
      vertex -1.19516 8.95056 0
      vertex -1.39287 8.92193 2.5
      vertex -1.19516 8.95056 2.5
    endloop
  endfacet
  facet normal -0.143313 0.989677 0
    outer loop
      vertex -1.39287 8.92193 2.5
      vertex -1.19516 8.95056 0
      vertex -1.39287 8.92193 0
    endloop
  endfacet
  facet normal -0.53472 0.845029 0
    outer loop
      vertex -4.74369 7.68364 0
      vertex -4.9125 7.57682 2.5
      vertex -4.74369 7.68364 2.5
    endloop
  endfacet
  facet normal -0.53472 0.845029 0
    outer loop
      vertex -4.9125 7.57682 2.5
      vertex -4.74369 7.68364 0
      vertex -4.9125 7.57682 0
    endloop
  endfacet
  facet normal 0.998472 -0.0552621 0
    outer loop
      vertex 9.01012 -0.598896 2.5
      vertex 9.02116 -0.399426 0
      vertex 9.02116 -0.399426 2.5
    endloop
  endfacet
  facet normal 0.998472 -0.0552621 0
    outer loop
      vertex 9.02116 -0.399426 0
      vertex 9.01012 -0.598896 2.5
      vertex 9.01012 -0.598896 0
    endloop
  endfacet
  facet normal 0.986262 -0.165186 0
    outer loop
      vertex 8.88893 -1.5899 2.5
      vertex 8.92193 -1.39287 0
      vertex 8.92193 -1.39287 2.5
    endloop
  endfacet
  facet normal 0.986262 -0.165186 0
    outer loop
      vertex 8.92193 -1.39287 0
      vertex 8.88893 -1.5899 2.5
      vertex 8.88893 -1.5899 0
    endloop
  endfacet
  facet normal 0.97313 -0.230256 0
    outer loop
      vertex 8.76391 -2.17594 2.5
      vertex 8.80991 -1.98153 0
      vertex 8.80991 -1.98153 2.5
    endloop
  endfacet
  facet normal 0.97313 -0.230256 0
    outer loop
      vertex 8.80991 -1.98153 0
      vertex 8.76391 -2.17594 2.5
      vertex 8.76391 -2.17594 0
    endloop
  endfacet
  facet normal 0.955719 -0.294279 0
    outer loop
      vertex 8.6003 -2.7524 2.5
      vertex 8.65909 -2.56147 0
      vertex 8.65909 -2.56147 2.5
    endloop
  endfacet
  facet normal 0.955719 -0.294279 0
    outer loop
      vertex 8.65909 -2.56147 0
      vertex 8.6003 -2.7524 2.5
      vertex 8.6003 -2.7524 0
    endloop
  endfacet
  facet normal 0.941778 -0.336235 0
    outer loop
      vertex 8.47014 -3.13012 2.5
      vertex 8.53731 -2.94198 0
      vertex 8.53731 -2.94198 2.5
    endloop
  endfacet
  facet normal 0.941778 -0.336235 0
    outer loop
      vertex 8.53731 -2.94198 0
      vertex 8.47014 -3.13012 2.5
      vertex 8.47014 -3.13012 0
    endloop
  endfacet
  facet normal 0.878639 -0.477487 0
    outer loop
      vertex 7.88595 -4.39917 2.5
      vertex 7.98134 -4.22364 0
      vertex 7.98134 -4.22364 2.5
    endloop
  endfacet
  facet normal 0.878639 -0.477487 0
    outer loop
      vertex 7.98134 -4.22364 0
      vertex 7.88595 -4.39917 2.5
      vertex 7.88595 -4.39917 0
    endloop
  endfacet
  facet normal 0.477487 -0.878639 0
    outer loop
      vertex 4.22364 -7.98134 0
      vertex 4.39917 -7.88595 2.5
      vertex 4.22364 -7.98134 2.5
    endloop
  endfacet
  facet normal 0.477487 -0.878639 0
    outer loop
      vertex 4.39917 -7.88595 2.5
      vertex 4.22364 -7.98134 0
      vertex 4.39917 -7.88595 0
    endloop
  endfacet
  facet normal 0.766833 -0.641847 0
    outer loop
      vertex 6.85997 -5.87211 2.5
      vertex 6.9882 -5.71891 0
      vertex 6.9882 -5.71891 2.5
    endloop
  endfacet
  facet normal 0.766833 -0.641847 0
    outer loop
      vertex 6.9882 -5.71891 0
      vertex 6.85997 -5.87211 2.5
      vertex 6.85997 -5.87211 0
    endloop
  endfacet
  facet normal -0.357003 -0.934103 0
    outer loop
      vertex -3.31673 -8.39882 0
      vertex -3.13012 -8.47014 2.5
      vertex -3.31673 -8.39882 2.5
    endloop
  endfacet
  facet normal -0.357003 -0.934103 -0
    outer loop
      vertex -3.13012 -8.47014 2.5
      vertex -3.31673 -8.39882 0
      vertex -3.13012 -8.47014 0
    endloop
  endfacet
  facet normal -0.925981 -0.37757 0
    outer loop
      vertex -8.32339 -3.50172 0
      vertex -8.39882 -3.31673 2.5
      vertex -8.39882 -3.31673 0
    endloop
  endfacet
  facet normal -0.925981 -0.37757 0
    outer loop
      vertex -8.39882 -3.31673 2.5
      vertex -8.32339 -3.50172 0
      vertex -8.32339 -3.50172 2.5
    endloop
  endfacet
  facet normal 0.0331875 -0.999449 0
    outer loop
      vertex 0.199762 -9.02779 0
      vertex 0.399426 -9.02116 2.5
      vertex 0.199762 -9.02779 2.5
    endloop
  endfacet
  facet normal 0.0331875 -0.999449 0
    outer loop
      vertex 0.399426 -9.02116 2.5
      vertex 0.199762 -9.02779 0
      vertex 0.399426 -9.02116 0
    endloop
  endfacet
  facet normal 0.121384 -0.992606 0
    outer loop
      vertex 0.996858 -8.97481 0
      vertex 1.19516 -8.95056 2.5
      vertex 0.996858 -8.97481 2.5
    endloop
  endfacet
  facet normal 0.121384 -0.992606 0
    outer loop
      vertex 1.19516 -8.95056 2.5
      vertex 0.996858 -8.97481 0
      vertex 1.19516 -8.95056 0
    endloop
  endfacet
  facet normal 0.165186 -0.986262 0
    outer loop
      vertex 1.39287 -8.92193 0
      vertex 1.5899 -8.88893 2.5
      vertex 1.39287 -8.92193 2.5
    endloop
  endfacet
  facet normal 0.165186 -0.986262 0
    outer loop
      vertex 1.5899 -8.88893 2.5
      vertex 1.39287 -8.92193 0
      vertex 1.5899 -8.88893 0
    endloop
  endfacet
  facet normal 0.186963 -0.982367 0
    outer loop
      vertex 1.5899 -8.88893 0
      vertex 1.78615 -8.85158 2.5
      vertex 1.5899 -8.88893 2.5
    endloop
  endfacet
  facet normal 0.186963 -0.982367 0
    outer loop
      vertex 1.78615 -8.85158 2.5
      vertex 1.5899 -8.88893 0
      vertex 1.78615 -8.85158 0
    endloop
  endfacet
  facet normal 0.230256 -0.97313 0
    outer loop
      vertex 1.98153 -8.80991 0
      vertex 2.17594 -8.76391 2.5
      vertex 1.98153 -8.80991 2.5
    endloop
  endfacet
  facet normal 0.230256 -0.97313 0
    outer loop
      vertex 2.17594 -8.76391 2.5
      vertex 1.98153 -8.80991 0
      vertex 2.17594 -8.76391 0
    endloop
  endfacet
  facet normal 0.357003 -0.934103 0
    outer loop
      vertex 3.13012 -8.47014 0
      vertex 3.31673 -8.39882 2.5
      vertex 3.13012 -8.47014 2.5
    endloop
  endfacet
  facet normal 0.357003 -0.934103 0
    outer loop
      vertex 3.31673 -8.39882 2.5
      vertex 3.13012 -8.47014 0
      vertex 3.31673 -8.39882 0
    endloop
  endfacet
  facet normal 0.397957 -0.917404 0
    outer loop
      vertex 3.50172 -8.32339 0
      vertex 3.68499 -8.24389 2.5
      vertex 3.50172 -8.32339 2.5
    endloop
  endfacet
  facet normal 0.397957 -0.917404 0
    outer loop
      vertex 3.68499 -8.24389 2.5
      vertex 3.50172 -8.32339 0
      vertex 3.68499 -8.24389 0
    endloop
  endfacet
  facet normal 0.955719 0.294279 0
    outer loop
      vertex 8.65909 2.56147 2.5
      vertex 8.6003 2.7524 0
      vertex 8.6003 2.7524 2.5
    endloop
  endfacet
  facet normal 0.955719 0.294279 0
    outer loop
      vertex 8.6003 2.7524 0
      vertex 8.65909 2.56147 2.5
      vertex 8.65909 2.56147 0
    endloop
  endfacet
  facet normal 0.97313 0.230256 0
    outer loop
      vertex 8.80991 1.98153 2.5
      vertex 8.76391 2.17594 0
      vertex 8.76391 2.17594 2.5
    endloop
  endfacet
  facet normal 0.97313 0.230256 0
    outer loop
      vertex 8.76391 2.17594 0
      vertex 8.80991 1.98153 2.5
      vertex 8.80991 1.98153 0
    endloop
  endfacet
  facet normal 0.208585 0.978004 -0
    outer loop
      vertex 1.98153 8.80991 0
      vertex 1.78615 8.85158 2.5
      vertex 1.98153 8.80991 2.5
    endloop
  endfacet
  facet normal 0.208585 0.978004 0
    outer loop
      vertex 1.78615 8.85158 2.5
      vertex 1.98153 8.80991 0
      vertex 1.78615 8.85158 0
    endloop
  endfacet
  facet normal -0.978004 0.208585 0
    outer loop
      vertex -8.85158 1.78615 0
      vertex -8.80991 1.98153 2.5
      vertex -8.80991 1.98153 0
    endloop
  endfacet
  facet normal -0.978004 0.208585 0
    outer loop
      vertex -8.80991 1.98153 2.5
      vertex -8.85158 1.78615 0
      vertex -8.85158 1.78615 2.5
    endloop
  endfacet
  facet normal -0.553255 0.833012 0
    outer loop
      vertex -4.9125 7.57682 0
      vertex -5.07892 7.46629 2.5
      vertex -4.9125 7.57682 2.5
    endloop
  endfacet
  facet normal -0.553255 0.833012 0
    outer loop
      vertex -5.07892 7.46629 2.5
      vertex -4.9125 7.57682 0
      vertex -5.07892 7.46629 0
    endloop
  endfacet
  facet normal 0.997001 -0.077387 0
    outer loop
      vertex 8.99466 -0.798072 2.5
      vertex 9.01012 -0.598896 0
      vertex 9.01012 -0.598896 2.5
    endloop
  endfacet
  facet normal 0.997001 -0.077387 0
    outer loop
      vertex 9.01012 -0.598896 0
      vertex 8.99466 -0.798072 2.5
      vertex 8.99466 -0.798072 0
    endloop
  endfacet
  facet normal 0.989677 -0.143313 0
    outer loop
      vertex 8.92193 -1.39287 2.5
      vertex 8.95056 -1.19516 0
      vertex 8.95056 -1.19516 2.5
    endloop
  endfacet
  facet normal 0.989677 -0.143313 0
    outer loop
      vertex 8.95056 -1.19516 0
      vertex 8.92193 -1.39287 2.5
      vertex 8.92193 -1.39287 0
    endloop
  endfacet
  facet normal 0.992606 -0.121384 0
    outer loop
      vertex 8.95056 -1.19516 2.5
      vertex 8.97481 -0.996858 0
      vertex 8.97481 -0.996858 2.5
    endloop
  endfacet
  facet normal 0.992606 -0.121384 0
    outer loop
      vertex 8.97481 -0.996858 0
      vertex 8.95056 -1.19516 2.5
      vertex 8.95056 -1.19516 0
    endloop
  endfacet
  facet normal 0.962014 -0.273002 0
    outer loop
      vertex 8.65909 -2.56147 2.5
      vertex 8.71363 -2.36928 0
      vertex 8.71363 -2.36928 2.5
    endloop
  endfacet
  facet normal 0.962014 -0.273002 0
    outer loop
      vertex 8.71363 -2.36928 0
      vertex 8.65909 -2.56147 2.5
      vertex 8.65909 -2.56147 0
    endloop
  endfacet
  facet normal 0.917404 -0.397957 0
    outer loop
      vertex 8.24389 -3.68499 2.5
      vertex 8.32339 -3.50172 0
      vertex 8.32339 -3.50172 2.5
    endloop
  endfacet
  facet normal 0.917404 -0.397957 0
    outer loop
      vertex 8.32339 -3.50172 0
      vertex 8.24389 -3.68499 2.5
      vertex 8.24389 -3.68499 0
    endloop
  endfacet
  facet normal 0.898906 -0.438141 0
    outer loop
      vertex 8.07282 -4.04604 2.5
      vertex 8.16035 -3.86646 0
      vertex 8.16035 -3.86646 2.5
    endloop
  endfacet
  facet normal 0.898906 -0.438141 0
    outer loop
      vertex 8.16035 -3.86646 0
      vertex 8.07282 -4.04604 2.5
      vertex 8.07282 -4.04604 0
    endloop
  endfacet
  facet normal 0.571566 -0.820556 0
    outer loop
      vertex 5.07892 -7.46629 0
      vertex 5.24284 -7.35211 2.5
      vertex 5.07892 -7.46629 2.5
    endloop
  endfacet
  facet normal 0.571566 -0.820556 0
    outer loop
      vertex 5.24284 -7.35211 2.5
      vertex 5.07892 -7.46629 0
      vertex 5.24284 -7.35211 0
    endloop
  endfacet
  facet normal 0.496802 -0.867864 0
    outer loop
      vertex 4.39917 -7.88595 0
      vertex 4.57255 -7.7867 2.5
      vertex 4.39917 -7.88595 2.5
    endloop
  endfacet
  facet normal 0.496802 -0.867864 0
    outer loop
      vertex 4.57255 -7.7867 2.5
      vertex 4.39917 -7.88595 0
      vertex 4.57255 -7.7867 0
    endloop
  endfacet
  facet normal 0.58957 -0.807718 0
    outer loop
      vertex 5.24284 -7.35211 0
      vertex 5.4042 -7.23433 2.5
      vertex 5.24284 -7.35211 2.5
    endloop
  endfacet
  facet normal 0.58957 -0.807718 0
    outer loop
      vertex 5.4042 -7.23433 2.5
      vertex 5.24284 -7.35211 0
      vertex 5.4042 -7.23433 0
    endloop
  endfacet
  facet normal 0.7377 -0.675128 0
    outer loop
      vertex 6.59352 -6.1698 2.5
      vertex 6.72839 -6.02243 0
      vertex 6.72839 -6.02243 2.5
    endloop
  endfacet
  facet normal 0.7377 -0.675128 0
    outer loop
      vertex 6.72839 -6.02243 0
      vertex 6.59352 -6.1698 2.5
      vertex 6.59352 -6.1698 0
    endloop
  endfacet
  facet normal 0.707107 -0.707107 0
    outer loop
      vertex 6.31415 -6.45541 2.5
      vertex 6.45541 -6.31415 0
      vertex 6.45541 -6.31415 2.5
    endloop
  endfacet
  facet normal 0.707107 -0.707107 0
    outer loop
      vertex 6.45541 -6.31415 0
      vertex 6.31415 -6.45541 2.5
      vertex 6.31415 -6.45541 0
    endloop
  endfacet
  facet normal -0.58957 -0.807718 0
    outer loop
      vertex -5.4042 -7.23433 0
      vertex -5.24284 -7.35211 2.5
      vertex -5.4042 -7.23433 2.5
    endloop
  endfacet
  facet normal -0.58957 -0.807718 -0
    outer loop
      vertex -5.24284 -7.35211 2.5
      vertex -5.4042 -7.23433 0
      vertex -5.24284 -7.35211 0
    endloop
  endfacet
  facet normal -0.658646 -0.752453 0
    outer loop
      vertex -6.02243 -6.72839 0
      vertex -5.87211 -6.85997 2.5
      vertex -6.02243 -6.72839 2.5
    endloop
  endfacet
  facet normal -0.658646 -0.752453 -0
    outer loop
      vertex -5.87211 -6.85997 2.5
      vertex -6.02243 -6.72839 0
      vertex -5.87211 -6.85997 0
    endloop
  endfacet
  facet normal -0.0552621 -0.998472 0
    outer loop
      vertex -0.598896 -9.01012 0
      vertex -0.399426 -9.02116 2.5
      vertex -0.598896 -9.01012 2.5
    endloop
  endfacet
  facet normal -0.0552621 -0.998472 -0
    outer loop
      vertex -0.399426 -9.02116 2.5
      vertex -0.598896 -9.01012 0
      vertex -0.399426 -9.02116 0
    endloop
  endfacet
  facet normal -0.0110625 -0.999939 0
    outer loop
      vertex -0.199762 -9.02779 0
      vertex 0 -9.03 2.5
      vertex -0.199762 -9.02779 2.5
    endloop
  endfacet
  facet normal -0.0110625 -0.999939 -0
    outer loop
      vertex 0 -9.03 2.5
      vertex -0.199762 -9.02779 0
      vertex 0 -9.03 0
    endloop
  endfacet
  facet normal -0.97313 -0.230256 0
    outer loop
      vertex -8.76391 -2.17594 0
      vertex -8.80991 -1.98153 2.5
      vertex -8.80991 -1.98153 0
    endloop
  endfacet
  facet normal -0.97313 -0.230256 0
    outer loop
      vertex -8.80991 -1.98153 2.5
      vertex -8.76391 -2.17594 0
      vertex -8.76391 -2.17594 2.5
    endloop
  endfacet
  facet normal -0.989677 -0.143313 0
    outer loop
      vertex -8.92193 -1.39287 0
      vertex -8.95056 -1.19516 2.5
      vertex -8.95056 -1.19516 0
    endloop
  endfacet
  facet normal -0.989677 -0.143313 0
    outer loop
      vertex -8.95056 -1.19516 2.5
      vertex -8.92193 -1.39287 0
      vertex -8.92193 -1.39287 2.5
    endloop
  endfacet
  facet normal -0.997001 -0.077387 0
    outer loop
      vertex -8.99466 -0.798072 0
      vertex -9.01012 -0.598896 2.5
      vertex -9.01012 -0.598896 0
    endloop
  endfacet
  facet normal -0.997001 -0.077387 0
    outer loop
      vertex -9.01012 -0.598896 2.5
      vertex -8.99466 -0.798072 0
      vertex -8.99466 -0.798072 2.5
    endloop
  endfacet
  facet normal -0.999449 -0.0331875 0
    outer loop
      vertex -9.02116 -0.399426 0
      vertex -9.02779 -0.199762 2.5
      vertex -9.02779 -0.199762 0
    endloop
  endfacet
  facet normal -0.999449 -0.0331875 0
    outer loop
      vertex -9.02779 -0.199762 2.5
      vertex -9.02116 -0.399426 0
      vertex -9.02116 -0.399426 2.5
    endloop
  endfacet
  facet normal -0.999939 -0.0110625 0
    outer loop
      vertex -9.02779 -0.199762 0
      vertex -9.03 0 2.5
      vertex -9.03 0 0
    endloop
  endfacet
  facet normal -0.999939 -0.0110625 0
    outer loop
      vertex -9.03 0 2.5
      vertex -9.02779 -0.199762 0
      vertex -9.02779 -0.199762 2.5
    endloop
  endfacet
  facet normal -0.917404 -0.397957 0
    outer loop
      vertex -8.24389 -3.68499 0
      vertex -8.32339 -3.50172 2.5
      vertex -8.32339 -3.50172 0
    endloop
  endfacet
  facet normal -0.917404 -0.397957 0
    outer loop
      vertex -8.32339 -3.50172 2.5
      vertex -8.24389 -3.68499 0
      vertex -8.24389 -3.68499 2.5
    endloop
  endfacet
  facet normal -0.888997 -0.457913 0
    outer loop
      vertex -7.98134 -4.22364 0
      vertex -8.07282 -4.04604 2.5
      vertex -8.07282 -4.04604 0
    endloop
  endfacet
  facet normal -0.888997 -0.457913 0
    outer loop
      vertex -8.07282 -4.04604 2.5
      vertex -7.98134 -4.22364 0
      vertex -7.98134 -4.22364 2.5
    endloop
  endfacet
  facet normal 0.099362 -0.995051 0
    outer loop
      vertex 0.798072 -8.99466 0
      vertex 0.996858 -8.97481 2.5
      vertex 0.798072 -8.99466 2.5
    endloop
  endfacet
  facet normal 0.099362 -0.995051 0
    outer loop
      vertex 0.996858 -8.97481 2.5
      vertex 0.798072 -8.99466 0
      vertex 0.996858 -8.97481 0
    endloop
  endfacet
  facet normal 0.0552621 -0.998472 0
    outer loop
      vertex 0.399426 -9.02116 0
      vertex 0.598896 -9.01012 2.5
      vertex 0.399426 -9.02116 2.5
    endloop
  endfacet
  facet normal 0.0552621 -0.998472 0
    outer loop
      vertex 0.598896 -9.01012 2.5
      vertex 0.399426 -9.02116 0
      vertex 0.598896 -9.01012 0
    endloop
  endfacet
  facet normal 0.143313 -0.989677 0
    outer loop
      vertex 1.19516 -8.95056 0
      vertex 1.39287 -8.92193 2.5
      vertex 1.19516 -8.95056 2.5
    endloop
  endfacet
  facet normal 0.143313 -0.989677 0
    outer loop
      vertex 1.39287 -8.92193 2.5
      vertex 1.19516 -8.95056 0
      vertex 1.39287 -8.92193 0
    endloop
  endfacet
  facet normal 0.208585 -0.978004 0
    outer loop
      vertex 1.78615 -8.85158 0
      vertex 1.98153 -8.80991 2.5
      vertex 1.78615 -8.85158 2.5
    endloop
  endfacet
  facet normal 0.208585 -0.978004 0
    outer loop
      vertex 1.98153 -8.80991 2.5
      vertex 1.78615 -8.85158 0
      vertex 1.98153 -8.80991 0
    endloop
  endfacet
  facet normal 0.315312 -0.948988 0
    outer loop
      vertex 2.7524 -8.6003 0
      vertex 2.94198 -8.53731 2.5
      vertex 2.7524 -8.6003 2.5
    endloop
  endfacet
  facet normal 0.315312 -0.948988 0
    outer loop
      vertex 2.94198 -8.53731 2.5
      vertex 2.7524 -8.6003 0
      vertex 2.94198 -8.53731 0
    endloop
  endfacet
  facet normal 0.989677 0.143313 0
    outer loop
      vertex 8.95056 1.19516 2.5
      vertex 8.92193 1.39287 0
      vertex 8.92193 1.39287 2.5
    endloop
  endfacet
  facet normal 0.989677 0.143313 0
    outer loop
      vertex 8.92193 1.39287 0
      vertex 8.95056 1.19516 2.5
      vertex 8.95056 1.19516 0
    endloop
  endfacet
  facet normal 0.992606 0.121384 0
    outer loop
      vertex 8.97481 0.996858 2.5
      vertex 8.95056 1.19516 0
      vertex 8.95056 1.19516 2.5
    endloop
  endfacet
  facet normal 0.992606 0.121384 0
    outer loop
      vertex 8.95056 1.19516 0
      vertex 8.97481 0.996858 2.5
      vertex 8.97481 0.996858 0
    endloop
  endfacet
  facet normal 0.967808 0.251688 0
    outer loop
      vertex 8.76391 2.17594 2.5
      vertex 8.71363 2.36928 0
      vertex 8.71363 2.36928 2.5
    endloop
  endfacet
  facet normal 0.967808 0.251688 0
    outer loop
      vertex 8.71363 2.36928 0
      vertex 8.76391 2.17594 2.5
      vertex 8.76391 2.17594 0
    endloop
  endfacet
  facet normal 0.978004 -0.208585 0
    outer loop
      vertex 8.80991 -1.98153 2.5
      vertex 8.85158 -1.78615 0
      vertex 8.85158 -1.78615 2.5
    endloop
  endfacet
  facet normal 0.978004 -0.208585 0
    outer loop
      vertex 8.85158 -1.78615 0
      vertex 8.80991 -1.98153 2.5
      vertex 8.80991 -1.98153 0
    endloop
  endfacet
  facet normal 0.908369 -0.418169 0
    outer loop
      vertex 8.16035 -3.86646 2.5
      vertex 8.24389 -3.68499 0
      vertex 8.24389 -3.68499 2.5
    endloop
  endfacet
  facet normal 0.908369 -0.418169 0
    outer loop
      vertex 8.24389 -3.68499 0
      vertex 8.16035 -3.86646 2.5
      vertex 8.16035 -3.86646 0
    endloop
  endfacet
  facet normal 0.867864 -0.496802 0
    outer loop
      vertex 7.7867 -4.57255 2.5
      vertex 7.88595 -4.39917 0
      vertex 7.88595 -4.39917 2.5
    endloop
  endfacet
  facet normal 0.867864 -0.496802 0
    outer loop
      vertex 7.88595 -4.39917 0
      vertex 7.7867 -4.57255 2.5
      vertex 7.7867 -4.57255 0
    endloop
  endfacet
  facet normal 0.888997 -0.457913 0
    outer loop
      vertex 7.98134 -4.22364 2.5
      vertex 8.07282 -4.04604 0
      vertex 8.07282 -4.04604 2.5
    endloop
  endfacet
  facet normal 0.888997 -0.457913 0
    outer loop
      vertex 8.07282 -4.04604 0
      vertex 7.98134 -4.22364 2.5
      vertex 7.98134 -4.22364 0
    endloop
  endfacet
  facet normal 0.438141 -0.898906 0
    outer loop
      vertex 3.86646 -8.16035 0
      vertex 4.04604 -8.07282 2.5
      vertex 3.86646 -8.16035 2.5
    endloop
  endfacet
  facet normal 0.438141 -0.898906 0
    outer loop
      vertex 4.04604 -8.07282 2.5
      vertex 3.86646 -8.16035 0
      vertex 4.04604 -8.07282 0
    endloop
  endfacet
  facet normal 0.515879 -0.856661 0
    outer loop
      vertex 4.57255 -7.7867 0
      vertex 4.74369 -7.68364 2.5
      vertex 4.57255 -7.7867 2.5
    endloop
  endfacet
  facet normal 0.515879 -0.856661 0
    outer loop
      vertex 4.74369 -7.68364 2.5
      vertex 4.57255 -7.7867 0
      vertex 4.74369 -7.68364 0
    endloop
  endfacet
  facet normal 0.691317 -0.722552 0
    outer loop
      vertex 6.1698 -6.59352 0
      vertex 6.31415 -6.45541 2.5
      vertex 6.1698 -6.59352 2.5
    endloop
  endfacet
  facet normal 0.691317 -0.722552 0
    outer loop
      vertex 6.31415 -6.45541 2.5
      vertex 6.1698 -6.59352 0
      vertex 6.31415 -6.45541 0
    endloop
  endfacet
  facet normal 0.658646 -0.752453 0
    outer loop
      vertex 5.87211 -6.85997 0
      vertex 6.02243 -6.72839 2.5
      vertex 5.87211 -6.85997 2.5
    endloop
  endfacet
  facet normal 0.658646 -0.752453 0
    outer loop
      vertex 6.02243 -6.72839 2.5
      vertex 5.87211 -6.85997 0
      vertex 6.02243 -6.72839 0
    endloop
  endfacet
  facet normal 0.553255 -0.833012 0
    outer loop
      vertex 4.9125 -7.57682 0
      vertex 5.07892 -7.46629 2.5
      vertex 4.9125 -7.57682 2.5
    endloop
  endfacet
  facet normal 0.553255 -0.833012 0
    outer loop
      vertex 5.07892 -7.46629 2.5
      vertex 4.9125 -7.57682 0
      vertex 5.07892 -7.46629 0
    endloop
  endfacet
  facet normal 0.624719 -0.780849 0
    outer loop
      vertex 5.56292 -7.113 0
      vertex 5.71891 -6.9882 2.5
      vertex 5.56292 -7.113 2.5
    endloop
  endfacet
  facet normal 0.624719 -0.780849 0
    outer loop
      vertex 5.71891 -6.9882 2.5
      vertex 5.56292 -7.113 0
      vertex 5.71891 -6.9882 0
    endloop
  endfacet
  facet normal 0.607311 -0.794464 0
    outer loop
      vertex 5.4042 -7.23433 0
      vertex 5.56292 -7.113 2.5
      vertex 5.4042 -7.23433 2.5
    endloop
  endfacet
  facet normal 0.607311 -0.794464 0
    outer loop
      vertex 5.56292 -7.113 2.5
      vertex 5.4042 -7.23433 0
      vertex 5.56292 -7.113 0
    endloop
  endfacet
  facet normal 0.752453 -0.658646 0
    outer loop
      vertex 6.72839 -6.02243 2.5
      vertex 6.85997 -5.87211 0
      vertex 6.85997 -5.87211 2.5
    endloop
  endfacet
  facet normal 0.752453 -0.658646 0
    outer loop
      vertex 6.85997 -5.87211 0
      vertex 6.72839 -6.02243 2.5
      vertex 6.72839 -6.02243 0
    endloop
  endfacet
  facet normal 0.807718 -0.58957 0
    outer loop
      vertex 7.23433 -5.4042 2.5
      vertex 7.35211 -5.24284 0
      vertex 7.35211 -5.24284 2.5
    endloop
  endfacet
  facet normal 0.807718 -0.58957 0
    outer loop
      vertex 7.35211 -5.24284 0
      vertex 7.23433 -5.4042 2.5
      vertex 7.23433 -5.4042 0
    endloop
  endfacet
  facet normal 0.794464 -0.607311 0
    outer loop
      vertex 7.113 -5.56292 2.5
      vertex 7.23433 -5.4042 0
      vertex 7.23433 -5.4042 2.5
    endloop
  endfacet
  facet normal 0.794464 -0.607311 0
    outer loop
      vertex 7.23433 -5.4042 0
      vertex 7.113 -5.56292 2.5
      vertex 7.113 -5.56292 0
    endloop
  endfacet
  facet normal 0.780849 -0.624719 0
    outer loop
      vertex 6.9882 -5.71891 2.5
      vertex 7.113 -5.56292 0
      vertex 7.113 -5.56292 2.5
    endloop
  endfacet
  facet normal 0.780849 -0.624719 0
    outer loop
      vertex 7.113 -5.56292 0
      vertex 6.9882 -5.71891 2.5
      vertex 6.9882 -5.71891 0
    endloop
  endfacet
  facet normal -0.691317 -0.722552 0
    outer loop
      vertex -6.31415 -6.45541 0
      vertex -6.1698 -6.59352 2.5
      vertex -6.31415 -6.45541 2.5
    endloop
  endfacet
  facet normal -0.691317 -0.722552 -0
    outer loop
      vertex -6.1698 -6.59352 2.5
      vertex -6.31415 -6.45541 0
      vertex -6.1698 -6.59352 0
    endloop
  endfacet
  facet normal -0.477487 -0.878639 0
    outer loop
      vertex -4.39917 -7.88595 0
      vertex -4.22364 -7.98134 2.5
      vertex -4.39917 -7.88595 2.5
    endloop
  endfacet
  facet normal -0.477487 -0.878639 -0
    outer loop
      vertex -4.22364 -7.98134 2.5
      vertex -4.39917 -7.88595 0
      vertex -4.22364 -7.98134 0
    endloop
  endfacet
  facet normal -0.438141 -0.898906 0
    outer loop
      vertex -4.04604 -8.07282 0
      vertex -3.86646 -8.16035 2.5
      vertex -4.04604 -8.07282 2.5
    endloop
  endfacet
  facet normal -0.438141 -0.898906 -0
    outer loop
      vertex -3.86646 -8.16035 2.5
      vertex -4.04604 -8.07282 0
      vertex -3.86646 -8.16035 0
    endloop
  endfacet
  facet normal -0.397957 -0.917404 0
    outer loop
      vertex -3.68499 -8.24389 0
      vertex -3.50172 -8.32339 2.5
      vertex -3.68499 -8.24389 2.5
    endloop
  endfacet
  facet normal -0.397957 -0.917404 -0
    outer loop
      vertex -3.50172 -8.32339 2.5
      vertex -3.68499 -8.24389 0
      vertex -3.50172 -8.32339 0
    endloop
  endfacet
  facet normal -0.553255 -0.833012 0
    outer loop
      vertex -5.07892 -7.46629 0
      vertex -4.9125 -7.57682 2.5
      vertex -5.07892 -7.46629 2.5
    endloop
  endfacet
  facet normal -0.553255 -0.833012 -0
    outer loop
      vertex -4.9125 -7.57682 2.5
      vertex -5.07892 -7.46629 0
      vertex -4.9125 -7.57682 0
    endloop
  endfacet
  facet normal -0.571566 -0.820556 0
    outer loop
      vertex -5.24284 -7.35211 0
      vertex -5.07892 -7.46629 2.5
      vertex -5.24284 -7.35211 2.5
    endloop
  endfacet
  facet normal -0.571566 -0.820556 -0
    outer loop
      vertex -5.07892 -7.46629 2.5
      vertex -5.24284 -7.35211 0
      vertex -5.07892 -7.46629 0
    endloop
  endfacet
  facet normal -0.641847 -0.766833 0
    outer loop
      vertex -5.87211 -6.85997 0
      vertex -5.71891 -6.9882 2.5
      vertex -5.87211 -6.85997 2.5
    endloop
  endfacet
  facet normal -0.641847 -0.766833 -0
    outer loop
      vertex -5.71891 -6.9882 2.5
      vertex -5.87211 -6.85997 0
      vertex -5.71891 -6.9882 0
    endloop
  endfacet
  facet normal -0.315312 -0.948988 0
    outer loop
      vertex -2.94198 -8.53731 0
      vertex -2.7524 -8.6003 2.5
      vertex -2.94198 -8.53731 2.5
    endloop
  endfacet
  facet normal -0.315312 -0.948988 -0
    outer loop
      vertex -2.7524 -8.6003 2.5
      vertex -2.94198 -8.53731 0
      vertex -2.7524 -8.6003 0
    endloop
  endfacet
  facet normal -0.230256 -0.97313 0
    outer loop
      vertex -2.17594 -8.76391 0
      vertex -1.98153 -8.80991 2.5
      vertex -2.17594 -8.76391 2.5
    endloop
  endfacet
  facet normal -0.230256 -0.97313 -0
    outer loop
      vertex -1.98153 -8.80991 2.5
      vertex -2.17594 -8.76391 0
      vertex -1.98153 -8.80991 0
    endloop
  endfacet
  facet normal -0.273002 -0.962014 0
    outer loop
      vertex -2.56147 -8.65909 0
      vertex -2.36928 -8.71363 2.5
      vertex -2.56147 -8.65909 2.5
    endloop
  endfacet
  facet normal -0.273002 -0.962014 -0
    outer loop
      vertex -2.36928 -8.71363 2.5
      vertex -2.56147 -8.65909 0
      vertex -2.36928 -8.71363 0
    endloop
  endfacet
  facet normal -0.0331875 -0.999449 0
    outer loop
      vertex -0.399426 -9.02116 0
      vertex -0.199762 -9.02779 2.5
      vertex -0.399426 -9.02116 2.5
    endloop
  endfacet
  facet normal -0.0331875 -0.999449 -0
    outer loop
      vertex -0.199762 -9.02779 2.5
      vertex -0.399426 -9.02116 0
      vertex -0.199762 -9.02779 0
    endloop
  endfacet
  facet normal -0.967808 -0.251688 0
    outer loop
      vertex -8.71363 -2.36928 0
      vertex -8.76391 -2.17594 2.5
      vertex -8.76391 -2.17594 0
    endloop
  endfacet
  facet normal -0.967808 -0.251688 0
    outer loop
      vertex -8.76391 -2.17594 2.5
      vertex -8.71363 -2.36928 0
      vertex -8.71363 -2.36928 2.5
    endloop
  endfacet
  facet normal -0.982367 -0.186963 0
    outer loop
      vertex -8.85158 -1.78615 0
      vertex -8.88893 -1.5899 2.5
      vertex -8.88893 -1.5899 0
    endloop
  endfacet
  facet normal -0.982367 -0.186963 0
    outer loop
      vertex -8.88893 -1.5899 2.5
      vertex -8.85158 -1.78615 0
      vertex -8.85158 -1.78615 2.5
    endloop
  endfacet
  facet normal -0.992606 -0.121384 0
    outer loop
      vertex -8.95056 -1.19516 0
      vertex -8.97481 -0.996858 2.5
      vertex -8.97481 -0.996858 0
    endloop
  endfacet
  facet normal -0.992606 -0.121384 0
    outer loop
      vertex -8.97481 -0.996858 2.5
      vertex -8.95056 -1.19516 0
      vertex -8.95056 -1.19516 2.5
    endloop
  endfacet
  facet normal -0.995051 -0.099362 0
    outer loop
      vertex -8.97481 -0.996858 0
      vertex -8.99466 -0.798072 2.5
      vertex -8.99466 -0.798072 0
    endloop
  endfacet
  facet normal -0.995051 -0.099362 0
    outer loop
      vertex -8.99466 -0.798072 2.5
      vertex -8.97481 -0.996858 0
      vertex -8.97481 -0.996858 2.5
    endloop
  endfacet
  facet normal -0.986262 -0.165186 0
    outer loop
      vertex -8.88893 -1.5899 0
      vertex -8.92193 -1.39287 2.5
      vertex -8.92193 -1.39287 0
    endloop
  endfacet
  facet normal -0.986262 -0.165186 0
    outer loop
      vertex -8.92193 -1.39287 2.5
      vertex -8.88893 -1.5899 0
      vertex -8.88893 -1.5899 2.5
    endloop
  endfacet
  facet normal -0.998472 -0.0552621 0
    outer loop
      vertex -9.01012 -0.598896 0
      vertex -9.02116 -0.399426 2.5
      vertex -9.02116 -0.399426 0
    endloop
  endfacet
  facet normal -0.998472 -0.0552621 0
    outer loop
      vertex -9.02116 -0.399426 2.5
      vertex -9.01012 -0.598896 0
      vertex -9.01012 -0.598896 2.5
    endloop
  endfacet
  facet normal -0.898906 -0.438141 0
    outer loop
      vertex -8.07282 -4.04604 0
      vertex -8.16035 -3.86646 2.5
      vertex -8.16035 -3.86646 0
    endloop
  endfacet
  facet normal -0.898906 -0.438141 0
    outer loop
      vertex -8.16035 -3.86646 2.5
      vertex -8.07282 -4.04604 0
      vertex -8.07282 -4.04604 2.5
    endloop
  endfacet
  facet normal -0.908369 -0.418169 0
    outer loop
      vertex -8.16035 -3.86646 0
      vertex -8.24389 -3.68499 2.5
      vertex -8.24389 -3.68499 0
    endloop
  endfacet
  facet normal -0.908369 -0.418169 0
    outer loop
      vertex -8.24389 -3.68499 2.5
      vertex -8.16035 -3.86646 0
      vertex -8.16035 -3.86646 2.5
    endloop
  endfacet
  facet normal -0.878639 -0.477487 0
    outer loop
      vertex -7.88595 -4.39917 0
      vertex -7.98134 -4.22364 2.5
      vertex -7.98134 -4.22364 0
    endloop
  endfacet
  facet normal -0.878639 -0.477487 0
    outer loop
      vertex -7.98134 -4.22364 2.5
      vertex -7.88595 -4.39917 0
      vertex -7.88595 -4.39917 2.5
    endloop
  endfacet
  facet normal -0.845029 -0.53472 0
    outer loop
      vertex -7.57682 -4.9125 0
      vertex -7.68364 -4.74369 2.5
      vertex -7.68364 -4.74369 0
    endloop
  endfacet
  facet normal -0.845029 -0.53472 0
    outer loop
      vertex -7.68364 -4.74369 2.5
      vertex -7.57682 -4.9125 0
      vertex -7.57682 -4.9125 2.5
    endloop
  endfacet
  facet normal -0.867864 -0.496802 0
    outer loop
      vertex -7.7867 -4.57255 0
      vertex -7.88595 -4.39917 2.5
      vertex -7.88595 -4.39917 0
    endloop
  endfacet
  facet normal -0.867864 -0.496802 0
    outer loop
      vertex -7.88595 -4.39917 2.5
      vertex -7.7867 -4.57255 0
      vertex -7.7867 -4.57255 2.5
    endloop
  endfacet
  facet normal -0.833012 -0.553255 0
    outer loop
      vertex -7.46629 -5.07892 0
      vertex -7.57682 -4.9125 2.5
      vertex -7.57682 -4.9125 0
    endloop
  endfacet
  facet normal -0.833012 -0.553255 0
    outer loop
      vertex -7.57682 -4.9125 2.5
      vertex -7.46629 -5.07892 0
      vertex -7.46629 -5.07892 2.5
    endloop
  endfacet
  facet normal -0.948988 -0.315312 0
    outer loop
      vertex -8.53731 -2.94198 0
      vertex -8.6003 -2.7524 2.5
      vertex -8.6003 -2.7524 0
    endloop
  endfacet
  facet normal -0.948988 -0.315312 0
    outer loop
      vertex -8.6003 -2.7524 2.5
      vertex -8.53731 -2.94198 0
      vertex -8.53731 -2.94198 2.5
    endloop
  endfacet
  facet normal -0.955719 -0.294279 0
    outer loop
      vertex -8.6003 -2.7524 0
      vertex -8.65909 -2.56147 2.5
      vertex -8.65909 -2.56147 0
    endloop
  endfacet
  facet normal -0.955719 -0.294279 0
    outer loop
      vertex -8.65909 -2.56147 2.5
      vertex -8.6003 -2.7524 0
      vertex -8.6003 -2.7524 2.5
    endloop
  endfacet
  facet normal 0.273002 -0.962014 0
    outer loop
      vertex 2.36928 -8.71363 0
      vertex 2.56147 -8.65909 2.5
      vertex 2.36928 -8.71363 2.5
    endloop
  endfacet
  facet normal 0.273002 -0.962014 0
    outer loop
      vertex 2.56147 -8.65909 2.5
      vertex 2.36928 -8.71363 0
      vertex 2.56147 -8.65909 0
    endloop
  endfacet
  facet normal 0.251688 -0.967808 0
    outer loop
      vertex 2.17594 -8.76391 0
      vertex 2.36928 -8.71363 2.5
      vertex 2.17594 -8.76391 2.5
    endloop
  endfacet
  facet normal 0.251688 -0.967808 0
    outer loop
      vertex 2.36928 -8.71363 2.5
      vertex 2.17594 -8.76391 0
      vertex 2.36928 -8.71363 0
    endloop
  endfacet
  facet normal 0.294279 -0.955719 0
    outer loop
      vertex 2.56147 -8.65909 0
      vertex 2.7524 -8.6003 2.5
      vertex 2.56147 -8.65909 2.5
    endloop
  endfacet
  facet normal 0.294279 -0.955719 0
    outer loop
      vertex 2.7524 -8.6003 2.5
      vertex 2.56147 -8.65909 0
      vertex 2.7524 -8.6003 0
    endloop
  endfacet
  facet normal 0.986262 0.165186 0
    outer loop
      vertex 8.92193 1.39287 2.5
      vertex 8.88893 1.5899 0
      vertex 8.88893 1.5899 2.5
    endloop
  endfacet
  facet normal 0.986262 0.165186 0
    outer loop
      vertex 8.88893 1.5899 0
      vertex 8.92193 1.39287 2.5
      vertex 8.92193 1.39287 0
    endloop
  endfacet
  facet normal 0.967808 -0.251688 0
    outer loop
      vertex 8.71363 -2.36928 2.5
      vertex 8.76391 -2.17594 0
      vertex 8.76391 -2.17594 2.5
    endloop
  endfacet
  facet normal 0.967808 -0.251688 0
    outer loop
      vertex 8.76391 -2.17594 0
      vertex 8.71363 -2.36928 2.5
      vertex 8.71363 -2.36928 0
    endloop
  endfacet
  facet normal 0.457913 -0.888997 0
    outer loop
      vertex 4.04604 -8.07282 0
      vertex 4.22364 -7.98134 2.5
      vertex 4.04604 -8.07282 2.5
    endloop
  endfacet
  facet normal 0.457913 -0.888997 0
    outer loop
      vertex 4.22364 -7.98134 2.5
      vertex 4.04604 -8.07282 0
      vertex 4.22364 -7.98134 0
    endloop
  endfacet
  facet normal 0.675128 -0.7377 0
    outer loop
      vertex 6.02243 -6.72839 0
      vertex 6.1698 -6.59352 2.5
      vertex 6.02243 -6.72839 2.5
    endloop
  endfacet
  facet normal 0.675128 -0.7377 0
    outer loop
      vertex 6.1698 -6.59352 2.5
      vertex 6.02243 -6.72839 0
      vertex 6.1698 -6.59352 0
    endloop
  endfacet
  facet normal 0.641847 -0.766833 0
    outer loop
      vertex 5.71891 -6.9882 0
      vertex 5.87211 -6.85997 2.5
      vertex 5.71891 -6.9882 2.5
    endloop
  endfacet
  facet normal 0.641847 -0.766833 0
    outer loop
      vertex 5.87211 -6.85997 2.5
      vertex 5.71891 -6.9882 0
      vertex 5.87211 -6.85997 0
    endloop
  endfacet
  facet normal 0.845029 -0.53472 0
    outer loop
      vertex 7.57682 -4.9125 2.5
      vertex 7.68364 -4.74369 0
      vertex 7.68364 -4.74369 2.5
    endloop
  endfacet
  facet normal 0.845029 -0.53472 0
    outer loop
      vertex 7.68364 -4.74369 0
      vertex 7.57682 -4.9125 2.5
      vertex 7.57682 -4.9125 0
    endloop
  endfacet
  facet normal -0.515879 -0.856661 0
    outer loop
      vertex -4.74369 -7.68364 0
      vertex -4.57255 -7.7867 2.5
      vertex -4.74369 -7.68364 2.5
    endloop
  endfacet
  facet normal -0.515879 -0.856661 -0
    outer loop
      vertex -4.57255 -7.7867 2.5
      vertex -4.74369 -7.68364 0
      vertex -4.57255 -7.7867 0
    endloop
  endfacet
  facet normal -0.457913 -0.888997 0
    outer loop
      vertex -4.22364 -7.98134 0
      vertex -4.04604 -8.07282 2.5
      vertex -4.22364 -7.98134 2.5
    endloop
  endfacet
  facet normal -0.457913 -0.888997 -0
    outer loop
      vertex -4.04604 -8.07282 2.5
      vertex -4.22364 -7.98134 0
      vertex -4.04604 -8.07282 0
    endloop
  endfacet
  facet normal -0.418169 -0.908369 0
    outer loop
      vertex -3.86646 -8.16035 0
      vertex -3.68499 -8.24389 2.5
      vertex -3.86646 -8.16035 2.5
    endloop
  endfacet
  facet normal -0.418169 -0.908369 -0
    outer loop
      vertex -3.68499 -8.24389 2.5
      vertex -3.86646 -8.16035 0
      vertex -3.68499 -8.24389 0
    endloop
  endfacet
  facet normal -0.37757 -0.925981 0
    outer loop
      vertex -3.50172 -8.32339 0
      vertex -3.31673 -8.39882 2.5
      vertex -3.50172 -8.32339 2.5
    endloop
  endfacet
  facet normal -0.37757 -0.925981 -0
    outer loop
      vertex -3.31673 -8.39882 2.5
      vertex -3.50172 -8.32339 0
      vertex -3.31673 -8.39882 0
    endloop
  endfacet
  facet normal -0.607311 -0.794464 0
    outer loop
      vertex -5.56292 -7.113 0
      vertex -5.4042 -7.23433 2.5
      vertex -5.56292 -7.113 2.5
    endloop
  endfacet
  facet normal -0.607311 -0.794464 -0
    outer loop
      vertex -5.4042 -7.23433 2.5
      vertex -5.56292 -7.113 0
      vertex -5.4042 -7.23433 0
    endloop
  endfacet
  facet normal -0.675128 -0.7377 0
    outer loop
      vertex -6.1698 -6.59352 0
      vertex -6.02243 -6.72839 2.5
      vertex -6.1698 -6.59352 2.5
    endloop
  endfacet
  facet normal -0.675128 -0.7377 -0
    outer loop
      vertex -6.02243 -6.72839 2.5
      vertex -6.1698 -6.59352 0
      vertex -6.02243 -6.72839 0
    endloop
  endfacet
  facet normal -0.336235 -0.941778 0
    outer loop
      vertex -3.13012 -8.47014 0
      vertex -2.94198 -8.53731 2.5
      vertex -3.13012 -8.47014 2.5
    endloop
  endfacet
  facet normal -0.336235 -0.941778 -0
    outer loop
      vertex -2.94198 -8.53731 2.5
      vertex -3.13012 -8.47014 0
      vertex -2.94198 -8.53731 0
    endloop
  endfacet
  facet normal -0.294279 -0.955719 0
    outer loop
      vertex -2.7524 -8.6003 0
      vertex -2.56147 -8.65909 2.5
      vertex -2.7524 -8.6003 2.5
    endloop
  endfacet
  facet normal -0.294279 -0.955719 -0
    outer loop
      vertex -2.56147 -8.65909 2.5
      vertex -2.7524 -8.6003 0
      vertex -2.56147 -8.65909 0
    endloop
  endfacet
  facet normal -0.208585 -0.978004 0
    outer loop
      vertex -1.98153 -8.80991 0
      vertex -1.78615 -8.85158 2.5
      vertex -1.98153 -8.80991 2.5
    endloop
  endfacet
  facet normal -0.208585 -0.978004 -0
    outer loop
      vertex -1.78615 -8.85158 2.5
      vertex -1.98153 -8.80991 0
      vertex -1.78615 -8.85158 0
    endloop
  endfacet
  facet normal -0.251688 -0.967808 0
    outer loop
      vertex -2.36928 -8.71363 0
      vertex -2.17594 -8.76391 2.5
      vertex -2.36928 -8.71363 2.5
    endloop
  endfacet
  facet normal -0.251688 -0.967808 -0
    outer loop
      vertex -2.17594 -8.76391 2.5
      vertex -2.36928 -8.71363 0
      vertex -2.17594 -8.76391 0
    endloop
  endfacet
  facet normal -0.165186 -0.986262 0
    outer loop
      vertex -1.5899 -8.88893 0
      vertex -1.39287 -8.92193 2.5
      vertex -1.5899 -8.88893 2.5
    endloop
  endfacet
  facet normal -0.165186 -0.986262 -0
    outer loop
      vertex -1.39287 -8.92193 2.5
      vertex -1.5899 -8.88893 0
      vertex -1.39287 -8.92193 0
    endloop
  endfacet
  facet normal -0.121384 -0.992606 0
    outer loop
      vertex -1.19516 -8.95056 0
      vertex -0.996858 -8.97481 2.5
      vertex -1.19516 -8.95056 2.5
    endloop
  endfacet
  facet normal -0.121384 -0.992606 -0
    outer loop
      vertex -0.996858 -8.97481 2.5
      vertex -1.19516 -8.95056 0
      vertex -0.996858 -8.97481 0
    endloop
  endfacet
  facet normal -0.099362 -0.995051 0
    outer loop
      vertex -0.996858 -8.97481 0
      vertex -0.798072 -8.99466 2.5
      vertex -0.996858 -8.97481 2.5
    endloop
  endfacet
  facet normal -0.099362 -0.995051 -0
    outer loop
      vertex -0.798072 -8.99466 2.5
      vertex -0.996858 -8.97481 0
      vertex -0.798072 -8.99466 0
    endloop
  endfacet
  facet normal -0.962014 -0.273002 0
    outer loop
      vertex -8.65909 -2.56147 0
      vertex -8.71363 -2.36928 2.5
      vertex -8.71363 -2.36928 0
    endloop
  endfacet
  facet normal -0.962014 -0.273002 0
    outer loop
      vertex -8.71363 -2.36928 2.5
      vertex -8.65909 -2.56147 0
      vertex -8.65909 -2.56147 2.5
    endloop
  endfacet
  facet normal -0.780849 -0.624719 0
    outer loop
      vertex -6.9882 -5.71891 0
      vertex -7.113 -5.56292 2.5
      vertex -7.113 -5.56292 0
    endloop
  endfacet
  facet normal -0.780849 -0.624719 0
    outer loop
      vertex -7.113 -5.56292 2.5
      vertex -6.9882 -5.71891 0
      vertex -6.9882 -5.71891 2.5
    endloop
  endfacet
  facet normal -0.794464 -0.607311 0
    outer loop
      vertex -7.113 -5.56292 0
      vertex -7.23433 -5.4042 2.5
      vertex -7.23433 -5.4042 0
    endloop
  endfacet
  facet normal -0.794464 -0.607311 0
    outer loop
      vertex -7.23433 -5.4042 2.5
      vertex -7.113 -5.56292 0
      vertex -7.113 -5.56292 2.5
    endloop
  endfacet
  facet normal -0.807718 -0.58957 0
    outer loop
      vertex -7.23433 -5.4042 0
      vertex -7.35211 -5.24284 2.5
      vertex -7.35211 -5.24284 0
    endloop
  endfacet
  facet normal -0.807718 -0.58957 0
    outer loop
      vertex -7.35211 -5.24284 2.5
      vertex -7.23433 -5.4042 0
      vertex -7.23433 -5.4042 2.5
    endloop
  endfacet
  facet normal -0.820556 -0.571566 0
    outer loop
      vertex -7.35211 -5.24284 0
      vertex -7.46629 -5.07892 2.5
      vertex -7.46629 -5.07892 0
    endloop
  endfacet
  facet normal -0.820556 -0.571566 0
    outer loop
      vertex -7.46629 -5.07892 2.5
      vertex -7.35211 -5.24284 0
      vertex -7.35211 -5.24284 2.5
    endloop
  endfacet
  facet normal -0.856661 -0.515879 0
    outer loop
      vertex -7.68364 -4.74369 0
      vertex -7.7867 -4.57255 2.5
      vertex -7.7867 -4.57255 0
    endloop
  endfacet
  facet normal -0.856661 -0.515879 0
    outer loop
      vertex -7.7867 -4.57255 2.5
      vertex -7.68364 -4.74369 0
      vertex -7.68364 -4.74369 2.5
    endloop
  endfacet
  facet normal 0.833012 -0.553255 0
    outer loop
      vertex 7.46629 -5.07892 2.5
      vertex 7.57682 -4.9125 0
      vertex 7.57682 -4.9125 2.5
    endloop
  endfacet
  facet normal 0.833012 -0.553255 0
    outer loop
      vertex 7.57682 -4.9125 0
      vertex 7.46629 -5.07892 2.5
      vertex 7.46629 -5.07892 0
    endloop
  endfacet
  facet normal 0.820556 -0.571566 0
    outer loop
      vertex 7.35211 -5.24284 2.5
      vertex 7.46629 -5.07892 0
      vertex 7.46629 -5.07892 2.5
    endloop
  endfacet
  facet normal 0.820556 -0.571566 0
    outer loop
      vertex 7.46629 -5.07892 0
      vertex 7.35211 -5.24284 2.5
      vertex 7.35211 -5.24284 0
    endloop
  endfacet
  facet normal -0.496802 -0.867864 0
    outer loop
      vertex -4.57255 -7.7867 0
      vertex -4.39917 -7.88595 2.5
      vertex -4.57255 -7.7867 2.5
    endloop
  endfacet
  facet normal -0.496802 -0.867864 -0
    outer loop
      vertex -4.39917 -7.88595 2.5
      vertex -4.57255 -7.7867 0
      vertex -4.39917 -7.88595 0
    endloop
  endfacet
  facet normal -0.624719 -0.780849 0
    outer loop
      vertex -5.71891 -6.9882 0
      vertex -5.56292 -7.113 2.5
      vertex -5.71891 -6.9882 2.5
    endloop
  endfacet
  facet normal -0.624719 -0.780849 -0
    outer loop
      vertex -5.56292 -7.113 2.5
      vertex -5.71891 -6.9882 0
      vertex -5.56292 -7.113 0
    endloop
  endfacet
  facet normal -0.186963 -0.982367 0
    outer loop
      vertex -1.78615 -8.85158 0
      vertex -1.5899 -8.88893 2.5
      vertex -1.78615 -8.85158 2.5
    endloop
  endfacet
  facet normal -0.186963 -0.982367 -0
    outer loop
      vertex -1.5899 -8.88893 2.5
      vertex -1.78615 -8.85158 0
      vertex -1.5899 -8.88893 0
    endloop
  endfacet
  facet normal -0.143313 -0.989677 0
    outer loop
      vertex -1.39287 -8.92193 0
      vertex -1.19516 -8.95056 2.5
      vertex -1.39287 -8.92193 2.5
    endloop
  endfacet
  facet normal -0.143313 -0.989677 -0
    outer loop
      vertex -1.19516 -8.95056 2.5
      vertex -1.39287 -8.92193 0
      vertex -1.19516 -8.95056 0
    endloop
  endfacet
  facet normal -0.077387 -0.997001 0
    outer loop
      vertex -0.798072 -8.99466 0
      vertex -0.598896 -9.01012 2.5
      vertex -0.798072 -8.99466 2.5
    endloop
  endfacet
  facet normal -0.077387 -0.997001 -0
    outer loop
      vertex -0.598896 -9.01012 2.5
      vertex -0.798072 -8.99466 0
      vertex -0.598896 -9.01012 0
    endloop
  endfacet
  facet normal -0.978004 -0.208585 0
    outer loop
      vertex -8.80991 -1.98153 0
      vertex -8.85158 -1.78615 2.5
      vertex -8.85158 -1.78615 0
    endloop
  endfacet
  facet normal -0.978004 -0.208585 0
    outer loop
      vertex -8.85158 -1.78615 2.5
      vertex -8.80991 -1.98153 0
      vertex -8.80991 -1.98153 2.5
    endloop
  endfacet
  facet normal -0.722552 -0.691317 0
    outer loop
      vertex -6.45541 -6.31415 0
      vertex -6.59352 -6.1698 2.5
      vertex -6.59352 -6.1698 0
    endloop
  endfacet
  facet normal -0.722552 -0.691317 0
    outer loop
      vertex -6.59352 -6.1698 2.5
      vertex -6.45541 -6.31415 0
      vertex -6.45541 -6.31415 2.5
    endloop
  endfacet
  facet normal -0.7377 -0.675128 0
    outer loop
      vertex -6.59352 -6.1698 0
      vertex -6.72839 -6.02243 2.5
      vertex -6.72839 -6.02243 0
    endloop
  endfacet
  facet normal -0.7377 -0.675128 0
    outer loop
      vertex -6.72839 -6.02243 2.5
      vertex -6.59352 -6.1698 0
      vertex -6.59352 -6.1698 2.5
    endloop
  endfacet
  facet normal -0.752453 -0.658646 0
    outer loop
      vertex -6.72839 -6.02243 0
      vertex -6.85997 -5.87211 2.5
      vertex -6.85997 -5.87211 0
    endloop
  endfacet
  facet normal -0.752453 -0.658646 0
    outer loop
      vertex -6.85997 -5.87211 2.5
      vertex -6.72839 -6.02243 0
      vertex -6.72839 -6.02243 2.5
    endloop
  endfacet
  facet normal -0.707107 -0.707107 0
    outer loop
      vertex -6.31415 -6.45541 0
      vertex -6.45541 -6.31415 2.5
      vertex -6.45541 -6.31415 0
    endloop
  endfacet
  facet normal -0.707107 -0.707107 0
    outer loop
      vertex -6.45541 -6.31415 2.5
      vertex -6.31415 -6.45541 0
      vertex -6.31415 -6.45541 2.5
    endloop
  endfacet
  facet normal -0.766833 -0.641847 0
    outer loop
      vertex -6.85997 -5.87211 0
      vertex -6.9882 -5.71891 2.5
      vertex -6.9882 -5.71891 0
    endloop
  endfacet
  facet normal -0.766833 -0.641847 0
    outer loop
      vertex -6.9882 -5.71891 2.5
      vertex -6.85997 -5.87211 0
      vertex -6.85997 -5.87211 2.5
    endloop
  endfacet
  facet normal -0.99831 -0.058121 0
    outer loop
      vertex 1.7 0 0
      vertex 1.68851 0.197357 1
      vertex 1.68851 0.197357 0
    endloop
  endfacet
  facet normal -0.99831 -0.058121 0
    outer loop
      vertex 1.68851 0.197357 1
      vertex 1.7 0 0
      vertex 1.7 0 1
    endloop
  endfacet
  facet normal 0.99831 -0.058121 0
    outer loop
      vertex -1.7 0 1
      vertex -1.68851 0.197357 0
      vertex -1.68851 0.197357 1
    endloop
  endfacet
  facet normal 0.99831 -0.058121 0
    outer loop
      vertex -1.68851 0.197357 0
      vertex -1.7 0 1
      vertex -1.7 0 0
    endloop
  endfacet
  facet normal 0 -1 0
    outer loop
      vertex -0.0988455 1.69712 0
      vertex 0.0988455 1.69712 1
      vertex -0.0988455 1.69712 1
    endloop
  endfacet
  facet normal 0 -1 -0
    outer loop
      vertex 0.0988455 1.69712 1
      vertex -0.0988455 1.69712 0
      vertex 0.0988455 1.69712 0
    endloop
  endfacet
  facet normal 0 1 -0
    outer loop
      vertex 0.0988455 -1.69712 0
      vertex -0.0988455 -1.69712 1
      vertex 0.0988455 -1.69712 1
    endloop
  endfacet
  facet normal 0 1 0
    outer loop
      vertex -0.0988455 -1.69712 1
      vertex 0.0988455 -1.69712 0
      vertex -0.0988455 -1.69712 0
    endloop
  endfacet
  facet normal -0.727395 -0.686219 0
    outer loop
      vertex 1.30227 1.09274 0
      vertex 1.16661 1.23654 1
      vertex 1.16661 1.23654 0
    endloop
  endfacet
  facet normal -0.727395 -0.686219 0
    outer loop
      vertex 1.16661 1.23654 1
      vertex 1.30227 1.09274 0
      vertex 1.30227 1.09274 1
    endloop
  endfacet
  facet normal 0.642778 -0.766053 0
    outer loop
      vertex -1.16661 1.23654 0
      vertex -1.01517 1.36361 1
      vertex -1.16661 1.23654 1
    endloop
  endfacet
  facet normal 0.642778 -0.766053 0
    outer loop
      vertex -1.01517 1.36361 1
      vertex -1.16661 1.23654 0
      vertex -1.01517 1.36361 0
    endloop
  endfacet
  facet normal 0.341999 -0.9397 0
    outer loop
      vertex -0.673335 1.56097 0
      vertex -0.487565 1.62858 1
      vertex -0.673335 1.56097 1
    endloop
  endfacet
  facet normal 0.341999 -0.9397 0
    outer loop
      vertex -0.487565 1.62858 1
      vertex -0.673335 1.56097 0
      vertex -0.487565 1.62858 0
    endloop
  endfacet
  facet normal -0.918203 -0.396111 0
    outer loop
      vertex 1.59748 0.581433 0
      vertex 1.51917 0.762959 1
      vertex 1.51917 0.762959 0
    endloop
  endfacet
  facet normal -0.918203 -0.396111 0
    outer loop
      vertex 1.51917 0.762959 1
      vertex 1.59748 0.581433 0
      vertex 1.59748 0.581433 1
    endloop
  endfacet
  facet normal -0.984807 -0.173653 0
    outer loop
      vertex 1.68851 0.197357 0
      vertex 1.65418 0.392047 1
      vertex 1.65418 0.392047 0
    endloop
  endfacet
  facet normal -0.984807 -0.173653 0
    outer loop
      vertex 1.65418 0.392047 1
      vertex 1.68851 0.197357 0
      vertex 1.68851 0.197357 1
    endloop
  endfacet
  facet normal -0.866038 -0.499978 0
    outer loop
      vertex 1.51917 0.762959 0
      vertex 1.42033 0.934165 1
      vertex 1.42033 0.934165 0
    endloop
  endfacet
  facet normal -0.866038 -0.499978 0
    outer loop
      vertex 1.42033 0.934165 1
      vertex 1.51917 0.762959 0
      vertex 1.51917 0.762959 1
    endloop
  endfacet
  facet normal -0.341999 -0.9397 0
    outer loop
      vertex 0.487565 1.62858 0
      vertex 0.673335 1.56097 1
      vertex 0.487565 1.62858 1
    endloop
  endfacet
  facet normal -0.341999 -0.9397 -0
    outer loop
      vertex 0.673335 1.56097 1
      vertex 0.487565 1.62858 0
      vertex 0.673335 1.56097 0
    endloop
  endfacet
  facet normal -0.549492 -0.835499 0
    outer loop
      vertex 0.849999 1.47224 0
      vertex 1.01517 1.36361 1
      vertex 0.849999 1.47224 1
    endloop
  endfacet
  facet normal -0.549492 -0.835499 -0
    outer loop
      vertex 1.01517 1.36361 1
      vertex 0.849999 1.47224 0
      vertex 1.01517 1.36361 0
    endloop
  endfacet
  facet normal 0.866038 -0.499978 0
    outer loop
      vertex -1.51917 0.762959 1
      vertex -1.42033 0.934165 0
      vertex -1.42033 0.934165 1
    endloop
  endfacet
  facet normal 0.866038 -0.499978 0
    outer loop
      vertex -1.42033 0.934165 0
      vertex -1.51917 0.762959 1
      vertex -1.51917 0.762959 0
    endloop
  endfacet
  facet normal 0.80211 -0.597176 0
    outer loop
      vertex -1.42033 0.934165 1
      vertex -1.30227 1.09274 0
      vertex -1.30227 1.09274 1
    endloop
  endfacet
  facet normal 0.80211 -0.597176 0
    outer loop
      vertex -1.30227 1.09274 0
      vertex -1.42033 0.934165 1
      vertex -1.42033 0.934165 0
    endloop
  endfacet
  facet normal 0.549492 -0.835499 0
    outer loop
      vertex -1.01517 1.36361 0
      vertex -0.849999 1.47224 1
      vertex -1.01517 1.36361 1
    endloop
  endfacet
  facet normal 0.549492 -0.835499 0
    outer loop
      vertex -0.849999 1.47224 1
      vertex -1.01517 1.36361 0
      vertex -0.849999 1.47224 0
    endloop
  endfacet
  facet normal 0.230611 -0.973046 0
    outer loop
      vertex -0.487565 1.62858 0
      vertex -0.295201 1.67417 1
      vertex -0.487565 1.62858 1
    endloop
  endfacet
  facet normal 0.230611 -0.973046 0
    outer loop
      vertex -0.295201 1.67417 1
      vertex -0.487565 1.62858 0
      vertex -0.295201 1.67417 0
    endloop
  endfacet
  facet normal -0.341999 0.9397 0
    outer loop
      vertex 0.673335 -1.56097 0
      vertex 0.487565 -1.62858 1
      vertex 0.673335 -1.56097 1
    endloop
  endfacet
  facet normal -0.341999 0.9397 0
    outer loop
      vertex 0.487565 -1.62858 1
      vertex 0.673335 -1.56097 0
      vertex 0.487565 -1.62858 0
    endloop
  endfacet
  facet normal -0.957987 -0.28681 0
    outer loop
      vertex 1.65418 0.392047 0
      vertex 1.59748 0.581433 1
      vertex 1.59748 0.581433 0
    endloop
  endfacet
  facet normal -0.957987 -0.28681 0
    outer loop
      vertex 1.59748 0.581433 1
      vertex 1.65418 0.392047 0
      vertex 1.65418 0.392047 1
    endloop
  endfacet
  facet normal -0.80211 -0.597176 0
    outer loop
      vertex 1.42033 0.934165 0
      vertex 1.30227 1.09274 1
      vertex 1.30227 1.09274 0
    endloop
  endfacet
  facet normal -0.80211 -0.597176 0
    outer loop
      vertex 1.30227 1.09274 1
      vertex 1.42033 0.934165 0
      vertex 1.42033 0.934165 1
    endloop
  endfacet
  facet normal -0.230611 -0.973046 0
    outer loop
      vertex 0.295201 1.67417 0
      vertex 0.487565 1.62858 1
      vertex 0.295201 1.67417 1
    endloop
  endfacet
  facet normal -0.230611 -0.973046 -0
    outer loop
      vertex 0.487565 1.62858 1
      vertex 0.295201 1.67417 0
      vertex 0.487565 1.62858 0
    endloop
  endfacet
  facet normal -0.11609 -0.993239 0
    outer loop
      vertex 0.0988455 1.69712 0
      vertex 0.295201 1.67417 1
      vertex 0.0988455 1.69712 1
    endloop
  endfacet
  facet normal -0.11609 -0.993239 -0
    outer loop
      vertex 0.295201 1.67417 1
      vertex 0.0988455 1.69712 0
      vertex 0.295201 1.67417 0
    endloop
  endfacet
  facet normal -0.448823 -0.89362 0
    outer loop
      vertex 0.673335 1.56097 0
      vertex 0.849999 1.47224 1
      vertex 0.673335 1.56097 1
    endloop
  endfacet
  facet normal -0.448823 -0.89362 -0
    outer loop
      vertex 0.849999 1.47224 1
      vertex 0.673335 1.56097 0
      vertex 0.849999 1.47224 0
    endloop
  endfacet
  facet normal -0.642778 -0.766053 0
    outer loop
      vertex 1.01517 1.36361 0
      vertex 1.16661 1.23654 1
      vertex 1.01517 1.36361 1
    endloop
  endfacet
  facet normal -0.642778 -0.766053 -0
    outer loop
      vertex 1.16661 1.23654 1
      vertex 1.01517 1.36361 0
      vertex 1.16661 1.23654 0
    endloop
  endfacet
  facet normal 0.727395 -0.686219 0
    outer loop
      vertex -1.30227 1.09274 1
      vertex -1.16661 1.23654 0
      vertex -1.16661 1.23654 1
    endloop
  endfacet
  facet normal 0.727395 -0.686219 0
    outer loop
      vertex -1.16661 1.23654 0
      vertex -1.30227 1.09274 1
      vertex -1.30227 1.09274 0
    endloop
  endfacet
  facet normal 0.918203 -0.396111 0
    outer loop
      vertex -1.59748 0.581433 1
      vertex -1.51917 0.762959 0
      vertex -1.51917 0.762959 1
    endloop
  endfacet
  facet normal 0.918203 -0.396111 0
    outer loop
      vertex -1.51917 0.762959 0
      vertex -1.59748 0.581433 1
      vertex -1.59748 0.581433 0
    endloop
  endfacet
  facet normal 0.984807 -0.173653 0
    outer loop
      vertex -1.68851 0.197357 1
      vertex -1.65418 0.392047 0
      vertex -1.65418 0.392047 1
    endloop
  endfacet
  facet normal 0.984807 -0.173653 0
    outer loop
      vertex -1.65418 0.392047 0
      vertex -1.68851 0.197357 1
      vertex -1.68851 0.197357 0
    endloop
  endfacet
  facet normal 0.448823 -0.89362 0
    outer loop
      vertex -0.849999 1.47224 0
      vertex -0.673335 1.56097 1
      vertex -0.849999 1.47224 1
    endloop
  endfacet
  facet normal 0.448823 -0.89362 0
    outer loop
      vertex -0.673335 1.56097 1
      vertex -0.849999 1.47224 0
      vertex -0.673335 1.56097 0
    endloop
  endfacet
  facet normal 0.11609 -0.993239 0
    outer loop
      vertex -0.295201 1.67417 0
      vertex -0.0988455 1.69712 1
      vertex -0.295201 1.67417 1
    endloop
  endfacet
  facet normal 0.11609 -0.993239 0
    outer loop
      vertex -0.0988455 1.69712 1
      vertex -0.295201 1.67417 0
      vertex -0.0988455 1.69712 0
    endloop
  endfacet
  facet normal -0.99831 0.058121 0
    outer loop
      vertex 1.68851 -0.197357 0
      vertex 1.7 0 1
      vertex 1.7 0 0
    endloop
  endfacet
  facet normal -0.99831 0.058121 0
    outer loop
      vertex 1.7 0 1
      vertex 1.68851 -0.197357 0
      vertex 1.68851 -0.197357 1
    endloop
  endfacet
  facet normal -0.727395 0.686219 0
    outer loop
      vertex 1.16661 -1.23654 0
      vertex 1.30227 -1.09274 1
      vertex 1.30227 -1.09274 0
    endloop
  endfacet
  facet normal -0.727395 0.686219 0
    outer loop
      vertex 1.30227 -1.09274 1
      vertex 1.16661 -1.23654 0
      vertex 1.16661 -1.23654 1
    endloop
  endfacet
  facet normal 0.341999 0.9397 -0
    outer loop
      vertex -0.487565 -1.62858 0
      vertex -0.673335 -1.56097 1
      vertex -0.487565 -1.62858 1
    endloop
  endfacet
  facet normal 0.341999 0.9397 0
    outer loop
      vertex -0.673335 -1.56097 1
      vertex -0.487565 -1.62858 0
      vertex -0.673335 -1.56097 0
    endloop
  endfacet
  facet normal 0.80211 0.597176 0
    outer loop
      vertex -1.30227 -1.09274 1
      vertex -1.42033 -0.934165 0
      vertex -1.42033 -0.934165 1
    endloop
  endfacet
  facet normal 0.80211 0.597176 0
    outer loop
      vertex -1.42033 -0.934165 0
      vertex -1.30227 -1.09274 1
      vertex -1.30227 -1.09274 0
    endloop
  endfacet
  facet normal 0.99831 0.058121 0
    outer loop
      vertex -1.68851 -0.197357 1
      vertex -1.7 0 0
      vertex -1.7 0 1
    endloop
  endfacet
  facet normal 0.99831 0.058121 0
    outer loop
      vertex -1.7 0 0
      vertex -1.68851 -0.197357 1
      vertex -1.68851 -0.197357 0
    endloop
  endfacet
  facet normal -0.448823 0.89362 0
    outer loop
      vertex 0.849999 -1.47224 0
      vertex 0.673335 -1.56097 1
      vertex 0.849999 -1.47224 1
    endloop
  endfacet
  facet normal -0.448823 0.89362 0
    outer loop
      vertex 0.673335 -1.56097 1
      vertex 0.849999 -1.47224 0
      vertex 0.673335 -1.56097 0
    endloop
  endfacet
  facet normal 0.957987 -0.28681 0
    outer loop
      vertex -1.65418 0.392047 1
      vertex -1.59748 0.581433 0
      vertex -1.59748 0.581433 1
    endloop
  endfacet
  facet normal 0.957987 -0.28681 0
    outer loop
      vertex -1.59748 0.581433 0
      vertex -1.65418 0.392047 1
      vertex -1.65418 0.392047 0
    endloop
  endfacet
  facet normal -0.984807 0.173653 0
    outer loop
      vertex 1.65418 -0.392047 0
      vertex 1.68851 -0.197357 1
      vertex 1.68851 -0.197357 0
    endloop
  endfacet
  facet normal -0.984807 0.173653 0
    outer loop
      vertex 1.68851 -0.197357 1
      vertex 1.65418 -0.392047 0
      vertex 1.65418 -0.392047 1
    endloop
  endfacet
  facet normal -0.80211 0.597176 0
    outer loop
      vertex 1.30227 -1.09274 0
      vertex 1.42033 -0.934165 1
      vertex 1.42033 -0.934165 0
    endloop
  endfacet
  facet normal -0.80211 0.597176 0
    outer loop
      vertex 1.42033 -0.934165 1
      vertex 1.30227 -1.09274 0
      vertex 1.30227 -1.09274 1
    endloop
  endfacet
  facet normal -0.549492 0.835499 0
    outer loop
      vertex 1.01517 -1.36361 0
      vertex 0.849999 -1.47224 1
      vertex 1.01517 -1.36361 1
    endloop
  endfacet
  facet normal -0.549492 0.835499 0
    outer loop
      vertex 0.849999 -1.47224 1
      vertex 1.01517 -1.36361 0
      vertex 0.849999 -1.47224 0
    endloop
  endfacet
  facet normal -0.918203 0.396111 0
    outer loop
      vertex 1.51917 -0.762959 0
      vertex 1.59748 -0.581433 1
      vertex 1.59748 -0.581433 0
    endloop
  endfacet
  facet normal -0.918203 0.396111 0
    outer loop
      vertex 1.59748 -0.581433 1
      vertex 1.51917 -0.762959 0
      vertex 1.51917 -0.762959 1
    endloop
  endfacet
  facet normal 0.918203 0.396111 0
    outer loop
      vertex -1.51917 -0.762959 1
      vertex -1.59748 -0.581433 0
      vertex -1.59748 -0.581433 1
    endloop
  endfacet
  facet normal 0.918203 0.396111 0
    outer loop
      vertex -1.59748 -0.581433 0
      vertex -1.51917 -0.762959 1
      vertex -1.51917 -0.762959 0
    endloop
  endfacet
  facet normal 0.984807 0.173653 0
    outer loop
      vertex -1.65418 -0.392047 1
      vertex -1.68851 -0.197357 0
      vertex -1.68851 -0.197357 1
    endloop
  endfacet
  facet normal 0.984807 0.173653 0
    outer loop
      vertex -1.68851 -0.197357 0
      vertex -1.65418 -0.392047 1
      vertex -1.65418 -0.392047 0
    endloop
  endfacet
  facet normal 0.957987 0.28681 0
    outer loop
      vertex -1.59748 -0.581433 1
      vertex -1.65418 -0.392047 0
      vertex -1.65418 -0.392047 1
    endloop
  endfacet
  facet normal 0.957987 0.28681 0
    outer loop
      vertex -1.65418 -0.392047 0
      vertex -1.59748 -0.581433 1
      vertex -1.59748 -0.581433 0
    endloop
  endfacet
  facet normal -0.11609 0.993239 0
    outer loop
      vertex 0.295201 -1.67417 0
      vertex 0.0988455 -1.69712 1
      vertex 0.295201 -1.67417 1
    endloop
  endfacet
  facet normal -0.11609 0.993239 0
    outer loop
      vertex 0.0988455 -1.69712 1
      vertex 0.295201 -1.67417 0
      vertex 0.0988455 -1.69712 0
    endloop
  endfacet
  facet normal -0.866038 0.499978 0
    outer loop
      vertex 1.42033 -0.934165 0
      vertex 1.51917 -0.762959 1
      vertex 1.51917 -0.762959 0
    endloop
  endfacet
  facet normal -0.866038 0.499978 0
    outer loop
      vertex 1.51917 -0.762959 1
      vertex 1.42033 -0.934165 0
      vertex 1.42033 -0.934165 1
    endloop
  endfacet
  facet normal -0.642778 0.766053 0
    outer loop
      vertex 1.16661 -1.23654 0
      vertex 1.01517 -1.36361 1
      vertex 1.16661 -1.23654 1
    endloop
  endfacet
  facet normal -0.642778 0.766053 0
    outer loop
      vertex 1.01517 -1.36361 1
      vertex 1.16661 -1.23654 0
      vertex 1.01517 -1.36361 0
    endloop
  endfacet
  facet normal -0.957987 0.28681 0
    outer loop
      vertex 1.59748 -0.581433 0
      vertex 1.65418 -0.392047 1
      vertex 1.65418 -0.392047 0
    endloop
  endfacet
  facet normal -0.957987 0.28681 0
    outer loop
      vertex 1.65418 -0.392047 1
      vertex 1.59748 -0.581433 0
      vertex 1.59748 -0.581433 1
    endloop
  endfacet
  facet normal 0.642778 0.766053 -0
    outer loop
      vertex -1.01517 -1.36361 0
      vertex -1.16661 -1.23654 1
      vertex -1.01517 -1.36361 1
    endloop
  endfacet
  facet normal 0.642778 0.766053 0
    outer loop
      vertex -1.16661 -1.23654 1
      vertex -1.01517 -1.36361 0
      vertex -1.16661 -1.23654 0
    endloop
  endfacet
  facet normal 0.230611 0.973046 -0
    outer loop
      vertex -0.295201 -1.67417 0
      vertex -0.487565 -1.62858 1
      vertex -0.295201 -1.67417 1
    endloop
  endfacet
  facet normal 0.230611 0.973046 0
    outer loop
      vertex -0.487565 -1.62858 1
      vertex -0.295201 -1.67417 0
      vertex -0.487565 -1.62858 0
    endloop
  endfacet
  facet normal 0.727395 0.686219 0
    outer loop
      vertex -1.16661 -1.23654 1
      vertex -1.30227 -1.09274 0
      vertex -1.30227 -1.09274 1
    endloop
  endfacet
  facet normal 0.727395 0.686219 0
    outer loop
      vertex -1.30227 -1.09274 0
      vertex -1.16661 -1.23654 1
      vertex -1.16661 -1.23654 0
    endloop
  endfacet
  facet normal 0.866038 0.499978 0
    outer loop
      vertex -1.42033 -0.934165 1
      vertex -1.51917 -0.762959 0
      vertex -1.51917 -0.762959 1
    endloop
  endfacet
  facet normal 0.866038 0.499978 0
    outer loop
      vertex -1.51917 -0.762959 0
      vertex -1.42033 -0.934165 1
      vertex -1.42033 -0.934165 0
    endloop
  endfacet
  facet normal -0.230611 0.973046 0
    outer loop
      vertex 0.487565 -1.62858 0
      vertex 0.295201 -1.67417 1
      vertex 0.487565 -1.62858 1
    endloop
  endfacet
  facet normal -0.230611 0.973046 0
    outer loop
      vertex 0.295201 -1.67417 1
      vertex 0.487565 -1.62858 0
      vertex 0.295201 -1.67417 0
    endloop
  endfacet
  facet normal 0.11609 0.993239 -0
    outer loop
      vertex -0.0988455 -1.69712 0
      vertex -0.295201 -1.67417 1
      vertex -0.0988455 -1.69712 1
    endloop
  endfacet
  facet normal 0.11609 0.993239 0
    outer loop
      vertex -0.295201 -1.67417 1
      vertex -0.0988455 -1.69712 0
      vertex -0.295201 -1.67417 0
    endloop
  endfacet
  facet normal 0.448823 0.89362 -0
    outer loop
      vertex -0.673335 -1.56097 0
      vertex -0.849999 -1.47224 1
      vertex -0.673335 -1.56097 1
    endloop
  endfacet
  facet normal 0.448823 0.89362 0
    outer loop
      vertex -0.849999 -1.47224 1
      vertex -0.673335 -1.56097 0
      vertex -0.849999 -1.47224 0
    endloop
  endfacet
  facet normal 0.549492 0.835499 -0
    outer loop
      vertex -0.849999 -1.47224 0
      vertex -1.01517 -1.36361 1
      vertex -0.849999 -1.47224 1
    endloop
  endfacet
  facet normal 0.549492 0.835499 0
    outer loop
      vertex -1.01517 -1.36361 1
      vertex -0.849999 -1.47224 0
      vertex -1.01517 -1.36361 0
    endloop
  endfacet
  facet normal -0.999544 -0.0301998 0
    outer loop
      vertex 3.3 0 1
      vertex 3.29398 0.199248 2.5
      vertex 3.29398 0.199248 1
    endloop
  endfacet
  facet normal -0.999544 -0.0301998 0
    outer loop
      vertex 3.29398 0.199248 2.5
      vertex 3.3 0 1
      vertex 3.3 0 2.5
    endloop
  endfacet
  facet normal 0.999544 -0.0301998 0
    outer loop
      vertex -3.3 0 2.5
      vertex -3.29398 0.199248 1
      vertex -3.29398 0.199248 2.5
    endloop
  endfacet
  facet normal 0.999544 -0.0301998 0
    outer loop
      vertex -3.29398 0.199248 1
      vertex -3.3 0 2.5
      vertex -3.3 0 1
    endloop
  endfacet
  facet normal 0.0301998 -0.999544 0
    outer loop
      vertex -0.199248 3.29398 1
      vertex 0 3.3 2.5
      vertex -0.199248 3.29398 2.5
    endloop
  endfacet
  facet normal 0.0301998 -0.999544 0
    outer loop
      vertex 0 3.3 2.5
      vertex -0.199248 3.29398 1
      vertex 0 3.3 1
    endloop
  endfacet
  facet normal -0.0301998 0.999544 0
    outer loop
      vertex 0.199248 -3.29398 1
      vertex 0 -3.3 2.5
      vertex 0.199248 -3.29398 2.5
    endloop
  endfacet
  facet normal -0.0301998 0.999544 0
    outer loop
      vertex 0 -3.3 2.5
      vertex 0.199248 -3.29398 1
      vertex 0 -3.3 1
    endloop
  endfacet
  facet normal -0.68544 -0.728129 0
    outer loop
      vertex 2.1883 2.47009 1
      vertex 2.33345 2.33345 2.5
      vertex 2.1883 2.47009 2.5
    endloop
  endfacet
  facet normal -0.68544 -0.728129 -0
    outer loop
      vertex 2.33345 2.33345 2.5
      vertex 2.1883 2.47009 1
      vertex 2.33345 2.33345 1
    endloop
  endfacet
  facet normal 0.68544 -0.728129 0
    outer loop
      vertex -2.33345 2.33345 1
      vertex -2.1883 2.47009 2.5
      vertex -2.33345 2.33345 2.5
    endloop
  endfacet
  facet normal 0.68544 -0.728129 0
    outer loop
      vertex -2.1883 2.47009 2.5
      vertex -2.33345 2.33345 1
      vertex -2.1883 2.47009 1
    endloop
  endfacet
  facet normal -0.899083 -0.437778 0
    outer loop
      vertex 3.00927 1.35436 1
      vertex 2.922 1.53359 2.5
      vertex 2.922 1.53359 1
    endloop
  endfacet
  facet normal -0.899083 -0.437778 0
    outer loop
      vertex 2.922 1.53359 2.5
      vertex 3.00927 1.35436 1
      vertex 3.00927 1.35436 2.5
    endloop
  endfacet
  facet normal -0.326218 -0.945295 0
    outer loop
      vertex 0.98176 3.15058 1
      vertex 1.1702 3.08555 2.5
      vertex 0.98176 3.15058 2.5
    endloop
  endfacet
  facet normal -0.326218 -0.945295 -0
    outer loop
      vertex 1.1702 3.08555 2.5
      vertex 0.98176 3.15058 1
      vertex 1.1702 3.08555 1
    endloop
  endfacet
  facet normal -0.542941 -0.839771 0
    outer loop
      vertex 1.70721 2.82408 1
      vertex 1.87461 2.71585 2.5
      vertex 1.70721 2.82408 2.5
    endloop
  endfacet
  facet normal -0.542941 -0.839771 -0
    outer loop
      vertex 1.87461 2.71585 2.5
      vertex 1.70721 2.82408 1
      vertex 1.87461 2.71585 1
    endloop
  endfacet
  facet normal 0.87102 -0.491247 0
    outer loop
      vertex -2.922 1.53359 2.5
      vertex -2.82408 1.70721 1
      vertex -2.82408 1.70721 2.5
    endloop
  endfacet
  facet normal 0.87102 -0.491247 0
    outer loop
      vertex -2.82408 1.70721 1
      vertex -2.922 1.53359 2.5
      vertex -2.922 1.53359 1
    endloop
  endfacet
  facet normal 0.640189 -0.768217 0
    outer loop
      vertex -2.1883 2.47009 1
      vertex -2.03517 2.5977 2.5
      vertex -2.1883 2.47009 2.5
    endloop
  endfacet
  facet normal 0.640189 -0.768217 0
    outer loop
      vertex -2.03517 2.5977 2.5
      vertex -2.1883 2.47009 1
      vertex -2.03517 2.5977 1
    endloop
  endfacet
  facet normal 0.150496 -0.988611 0
    outer loop
      vertex -0.594841 3.24594 1
      vertex -0.397771 3.27594 2.5
      vertex -0.594841 3.24594 2.5
    endloop
  endfacet
  facet normal 0.150496 -0.988611 0
    outer loop
      vertex -0.397771 3.27594 2.5
      vertex -0.594841 3.24594 1
      vertex -0.397771 3.27594 1
    endloop
  endfacet
  facet normal -0.977735 -0.209843 0
    outer loop
      vertex 3.24594 0.594841 1
      vertex 3.20411 0.789742 2.5
      vertex 3.20411 0.789742 1
    endloop
  endfacet
  facet normal -0.977735 -0.209843 0
    outer loop
      vertex 3.20411 0.789742 2.5
      vertex 3.24594 0.594841 1
      vertex 3.24594 0.594841 2.5
    endloop
  endfacet
  facet normal -0.945295 -0.326218 0
    outer loop
      vertex 3.15058 0.98176 1
      vertex 3.08555 1.1702 2.5
      vertex 3.08555 1.1702 1
    endloop
  endfacet
  facet normal -0.945295 -0.326218 0
    outer loop
      vertex 3.08555 1.1702 2.5
      vertex 3.15058 0.98176 1
      vertex 3.15058 0.98176 2.5
    endloop
  endfacet
  facet normal -0.839771 -0.542941 0
    outer loop
      vertex 2.82408 1.70721 1
      vertex 2.71585 1.87461 2.5
      vertex 2.71585 1.87461 1
    endloop
  endfacet
  facet normal -0.839771 -0.542941 0
    outer loop
      vertex 2.71585 1.87461 2.5
      vertex 2.82408 1.70721 1
      vertex 2.82408 1.70721 2.5
    endloop
  endfacet
  facet normal -0.87102 -0.491247 0
    outer loop
      vertex 2.922 1.53359 1
      vertex 2.82408 1.70721 2.5
      vertex 2.82408 1.70721 1
    endloop
  endfacet
  facet normal -0.87102 -0.491247 0
    outer loop
      vertex 2.82408 1.70721 2.5
      vertex 2.922 1.53359 1
      vertex 2.922 1.53359 2.5
    endloop
  endfacet
  facet normal -0.150496 -0.988611 0
    outer loop
      vertex 0.397771 3.27594 1
      vertex 0.594841 3.24594 2.5
      vertex 0.397771 3.27594 2.5
    endloop
  endfacet
  facet normal -0.150496 -0.988611 -0
    outer loop
      vertex 0.594841 3.24594 2.5
      vertex 0.397771 3.27594 1
      vertex 0.594841 3.24594 1
    endloop
  endfacet
  facet normal -0.268536 -0.96327 0
    outer loop
      vertex 0.789742 3.20411 1
      vertex 0.98176 3.15058 2.5
      vertex 0.789742 3.20411 2.5
    endloop
  endfacet
  facet normal -0.268536 -0.96327 -0
    outer loop
      vertex 0.98176 3.15058 2.5
      vertex 0.789742 3.20411 1
      vertex 0.98176 3.15058 1
    endloop
  endfacet
  facet normal -0.592687 -0.805433 0
    outer loop
      vertex 1.87461 2.71585 1
      vertex 2.03517 2.5977 2.5
      vertex 1.87461 2.71585 2.5
    endloop
  endfacet
  facet normal -0.592687 -0.805433 -0
    outer loop
      vertex 2.03517 2.5977 2.5
      vertex 1.87461 2.71585 1
      vertex 2.03517 2.5977 1
    endloop
  endfacet
  facet normal 0.977735 -0.209843 0
    outer loop
      vertex -3.24594 0.594841 2.5
      vertex -3.20411 0.789742 1
      vertex -3.20411 0.789742 2.5
    endloop
  endfacet
  facet normal 0.977735 -0.209843 0
    outer loop
      vertex -3.20411 0.789742 1
      vertex -3.24594 0.594841 2.5
      vertex -3.24594 0.594841 1
    endloop
  endfacet
  facet normal 0.945295 -0.326218 0
    outer loop
      vertex -3.15058 0.98176 2.5
      vertex -3.08555 1.1702 1
      vertex -3.08555 1.1702 2.5
    endloop
  endfacet
  facet normal 0.945295 -0.326218 0
    outer loop
      vertex -3.08555 1.1702 1
      vertex -3.15058 0.98176 2.5
      vertex -3.15058 0.98176 1
    endloop
  endfacet
  facet normal 0.988611 -0.150496 0
    outer loop
      vertex -3.27594 0.397771 2.5
      vertex -3.24594 0.594841 1
      vertex -3.24594 0.594841 2.5
    endloop
  endfacet
  facet normal 0.988611 -0.150496 0
    outer loop
      vertex -3.24594 0.594841 1
      vertex -3.27594 0.397771 2.5
      vertex -3.27594 0.397771 1
    endloop
  endfacet
  facet normal 0.542941 -0.839771 0
    outer loop
      vertex -1.87461 2.71585 1
      vertex -1.70721 2.82408 2.5
      vertex -1.87461 2.71585 2.5
    endloop
  endfacet
  facet normal 0.542941 -0.839771 0
    outer loop
      vertex -1.70721 2.82408 2.5
      vertex -1.87461 2.71585 1
      vertex -1.70721 2.82408 1
    endloop
  endfacet
  facet normal 0.437778 -0.899083 0
    outer loop
      vertex -1.53359 2.922 1
      vertex -1.35436 3.00927 2.5
      vertex -1.53359 2.922 2.5
    endloop
  endfacet
  facet normal 0.437778 -0.899083 0
    outer loop
      vertex -1.35436 3.00927 2.5
      vertex -1.53359 2.922 1
      vertex -1.35436 3.00927 1
    endloop
  endfacet
  facet normal 0.326218 -0.945295 0
    outer loop
      vertex -1.1702 3.08555 1
      vertex -0.98176 3.15058 2.5
      vertex -1.1702 3.08555 2.5
    endloop
  endfacet
  facet normal 0.326218 -0.945295 0
    outer loop
      vertex -0.98176 3.15058 2.5
      vertex -1.1702 3.08555 1
      vertex -0.98176 3.15058 1
    endloop
  endfacet
  facet normal 0.0904982 -0.995897 0
    outer loop
      vertex -0.397771 3.27594 1
      vertex -0.199248 3.29398 2.5
      vertex -0.397771 3.27594 2.5
    endloop
  endfacet
  facet normal 0.0904982 -0.995897 0
    outer loop
      vertex -0.199248 3.29398 2.5
      vertex -0.397771 3.27594 1
      vertex -0.199248 3.29398 1
    endloop
  endfacet
  facet normal 0.839771 0.542941 0
    outer loop
      vertex -2.71585 -1.87461 2.5
      vertex -2.82408 -1.70721 1
      vertex -2.82408 -1.70721 2.5
    endloop
  endfacet
  facet normal 0.839771 0.542941 0
    outer loop
      vertex -2.82408 -1.70721 1
      vertex -2.71585 -1.87461 2.5
      vertex -2.71585 -1.87461 1
    endloop
  endfacet
  facet normal -0.0904982 0.995897 0
    outer loop
      vertex 0.397771 -3.27594 1
      vertex 0.199248 -3.29398 2.5
      vertex 0.397771 -3.27594 2.5
    endloop
  endfacet
  facet normal -0.0904982 0.995897 0
    outer loop
      vertex 0.199248 -3.29398 2.5
      vertex 0.397771 -3.27594 1
      vertex 0.199248 -3.29398 1
    endloop
  endfacet
  facet normal -0.382677 0.923882 0
    outer loop
      vertex 1.35436 -3.00927 1
      vertex 1.1702 -3.08555 2.5
      vertex 1.35436 -3.00927 2.5
    endloop
  endfacet
  facet normal -0.382677 0.923882 0
    outer loop
      vertex 1.1702 -3.08555 2.5
      vertex 1.35436 -3.00927 1
      vertex 1.1702 -3.08555 1
    endloop
  endfacet
  facet normal -0.988611 -0.150496 0
    outer loop
      vertex 3.27594 0.397771 1
      vertex 3.24594 0.594841 2.5
      vertex 3.24594 0.594841 1
    endloop
  endfacet
  facet normal -0.988611 -0.150496 0
    outer loop
      vertex 3.24594 0.594841 2.5
      vertex 3.27594 0.397771 1
      vertex 3.27594 0.397771 2.5
    endloop
  endfacet
  facet normal -0.995897 -0.0904982 0
    outer loop
      vertex 3.29398 0.199248 1
      vertex 3.27594 0.397771 2.5
      vertex 3.27594 0.397771 1
    endloop
  endfacet
  facet normal -0.995897 -0.0904982 0
    outer loop
      vertex 3.27594 0.397771 2.5
      vertex 3.29398 0.199248 1
      vertex 3.29398 0.199248 2.5
    endloop
  endfacet
  facet normal -0.96327 -0.268536 0
    outer loop
      vertex 3.20411 0.789742 1
      vertex 3.15058 0.98176 2.5
      vertex 3.15058 0.98176 1
    endloop
  endfacet
  facet normal -0.96327 -0.268536 0
    outer loop
      vertex 3.15058 0.98176 2.5
      vertex 3.20411 0.789742 1
      vertex 3.20411 0.789742 2.5
    endloop
  endfacet
  facet normal -0.923882 -0.382677 0
    outer loop
      vertex 3.08555 1.1702 1
      vertex 3.00927 1.35436 2.5
      vertex 3.00927 1.35436 1
    endloop
  endfacet
  facet normal -0.923882 -0.382677 0
    outer loop
      vertex 3.00927 1.35436 2.5
      vertex 3.08555 1.1702 1
      vertex 3.08555 1.1702 2.5
    endloop
  endfacet
  facet normal -0.768217 -0.640189 0
    outer loop
      vertex 2.5977 2.03517 1
      vertex 2.47009 2.1883 2.5
      vertex 2.47009 2.1883 1
    endloop
  endfacet
  facet normal -0.768217 -0.640189 0
    outer loop
      vertex 2.47009 2.1883 2.5
      vertex 2.5977 2.03517 1
      vertex 2.5977 2.03517 2.5
    endloop
  endfacet
  facet normal -0.728129 -0.68544 0
    outer loop
      vertex 2.47009 2.1883 1
      vertex 2.33345 2.33345 2.5
      vertex 2.33345 2.33345 1
    endloop
  endfacet
  facet normal -0.728129 -0.68544 0
    outer loop
      vertex 2.33345 2.33345 2.5
      vertex 2.47009 2.1883 1
      vertex 2.47009 2.1883 2.5
    endloop
  endfacet
  facet normal -0.805433 -0.592687 0
    outer loop
      vertex 2.71585 1.87461 1
      vertex 2.5977 2.03517 2.5
      vertex 2.5977 2.03517 1
    endloop
  endfacet
  facet normal -0.805433 -0.592687 0
    outer loop
      vertex 2.5977 2.03517 2.5
      vertex 2.71585 1.87461 1
      vertex 2.71585 1.87461 2.5
    endloop
  endfacet
  facet normal -0.209843 -0.977735 0
    outer loop
      vertex 0.594841 3.24594 1
      vertex 0.789742 3.20411 2.5
      vertex 0.594841 3.24594 2.5
    endloop
  endfacet
  facet normal -0.209843 -0.977735 -0
    outer loop
      vertex 0.789742 3.20411 2.5
      vertex 0.594841 3.24594 1
      vertex 0.789742 3.20411 1
    endloop
  endfacet
  facet normal -0.0904982 -0.995897 0
    outer loop
      vertex 0.199248 3.29398 1
      vertex 0.397771 3.27594 2.5
      vertex 0.199248 3.29398 2.5
    endloop
  endfacet
  facet normal -0.0904982 -0.995897 -0
    outer loop
      vertex 0.397771 3.27594 2.5
      vertex 0.199248 3.29398 1
      vertex 0.397771 3.27594 1
    endloop
  endfacet
  facet normal -0.0301998 -0.999544 0
    outer loop
      vertex 0 3.3 1
      vertex 0.199248 3.29398 2.5
      vertex 0 3.3 2.5
    endloop
  endfacet
  facet normal -0.0301998 -0.999544 -0
    outer loop
      vertex 0.199248 3.29398 2.5
      vertex 0 3.3 1
      vertex 0.199248 3.29398 1
    endloop
  endfacet
  facet normal -0.437778 -0.899083 0
    outer loop
      vertex 1.35436 3.00927 1
      vertex 1.53359 2.922 2.5
      vertex 1.35436 3.00927 2.5
    endloop
  endfacet
  facet normal -0.437778 -0.899083 -0
    outer loop
      vertex 1.53359 2.922 2.5
      vertex 1.35436 3.00927 1
      vertex 1.53359 2.922 1
    endloop
  endfacet
  facet normal -0.382677 -0.923882 0
    outer loop
      vertex 1.1702 3.08555 1
      vertex 1.35436 3.00927 2.5
      vertex 1.1702 3.08555 2.5
    endloop
  endfacet
  facet normal -0.382677 -0.923882 -0
    outer loop
      vertex 1.35436 3.00927 2.5
      vertex 1.1702 3.08555 1
      vertex 1.35436 3.00927 1
    endloop
  endfacet
  facet normal -0.491247 -0.87102 0
    outer loop
      vertex 1.53359 2.922 1
      vertex 1.70721 2.82408 2.5
      vertex 1.53359 2.922 2.5
    endloop
  endfacet
  facet normal -0.491247 -0.87102 -0
    outer loop
      vertex 1.70721 2.82408 2.5
      vertex 1.53359 2.922 1
      vertex 1.70721 2.82408 1
    endloop
  endfacet
  facet normal -0.640189 -0.768217 0
    outer loop
      vertex 2.03517 2.5977 1
      vertex 2.1883 2.47009 2.5
      vertex 2.03517 2.5977 2.5
    endloop
  endfacet
  facet normal -0.640189 -0.768217 -0
    outer loop
      vertex 2.1883 2.47009 2.5
      vertex 2.03517 2.5977 1
      vertex 2.1883 2.47009 1
    endloop
  endfacet
  facet normal 0.923882 -0.382677 0
    outer loop
      vertex -3.08555 1.1702 2.5
      vertex -3.00927 1.35436 1
      vertex -3.00927 1.35436 2.5
    endloop
  endfacet
  facet normal 0.923882 -0.382677 0
    outer loop
      vertex -3.00927 1.35436 1
      vertex -3.08555 1.1702 2.5
      vertex -3.08555 1.1702 1
    endloop
  endfacet
  facet normal 0.899083 -0.437778 0
    outer loop
      vertex -3.00927 1.35436 2.5
      vertex -2.922 1.53359 1
      vertex -2.922 1.53359 2.5
    endloop
  endfacet
  facet normal 0.899083 -0.437778 0
    outer loop
      vertex -2.922 1.53359 1
      vertex -3.00927 1.35436 2.5
      vertex -3.00927 1.35436 1
    endloop
  endfacet
  facet normal 0.96327 -0.268536 0
    outer loop
      vertex -3.20411 0.789742 2.5
      vertex -3.15058 0.98176 1
      vertex -3.15058 0.98176 2.5
    endloop
  endfacet
  facet normal 0.96327 -0.268536 0
    outer loop
      vertex -3.15058 0.98176 1
      vertex -3.20411 0.789742 2.5
      vertex -3.20411 0.789742 1
    endloop
  endfacet
  facet normal 0.995897 -0.0904982 0
    outer loop
      vertex -3.29398 0.199248 2.5
      vertex -3.27594 0.397771 1
      vertex -3.27594 0.397771 2.5
    endloop
  endfacet
  facet normal 0.995897 -0.0904982 0
    outer loop
      vertex -3.27594 0.397771 1
      vertex -3.29398 0.199248 2.5
      vertex -3.29398 0.199248 1
    endloop
  endfacet
  facet normal 0.592687 -0.805433 0
    outer loop
      vertex -2.03517 2.5977 1
      vertex -1.87461 2.71585 2.5
      vertex -2.03517 2.5977 2.5
    endloop
  endfacet
  facet normal 0.592687 -0.805433 0
    outer loop
      vertex -1.87461 2.71585 2.5
      vertex -2.03517 2.5977 1
      vertex -1.87461 2.71585 1
    endloop
  endfacet
  facet normal 0.491247 -0.87102 0
    outer loop
      vertex -1.70721 2.82408 1
      vertex -1.53359 2.922 2.5
      vertex -1.70721 2.82408 2.5
    endloop
  endfacet
  facet normal 0.491247 -0.87102 0
    outer loop
      vertex -1.53359 2.922 2.5
      vertex -1.70721 2.82408 1
      vertex -1.53359 2.922 1
    endloop
  endfacet
  facet normal 0.382677 -0.923882 0
    outer loop
      vertex -1.35436 3.00927 1
      vertex -1.1702 3.08555 2.5
      vertex -1.35436 3.00927 2.5
    endloop
  endfacet
  facet normal 0.382677 -0.923882 0
    outer loop
      vertex -1.1702 3.08555 2.5
      vertex -1.35436 3.00927 1
      vertex -1.1702 3.08555 1
    endloop
  endfacet
  facet normal 0.268536 -0.96327 0
    outer loop
      vertex -0.98176 3.15058 1
      vertex -0.789742 3.20411 2.5
      vertex -0.98176 3.15058 2.5
    endloop
  endfacet
  facet normal 0.268536 -0.96327 0
    outer loop
      vertex -0.789742 3.20411 2.5
      vertex -0.98176 3.15058 1
      vertex -0.789742 3.20411 1
    endloop
  endfacet
  facet normal 0.209843 -0.977735 0
    outer loop
      vertex -0.789742 3.20411 1
      vertex -0.594841 3.24594 2.5
      vertex -0.789742 3.20411 2.5
    endloop
  endfacet
  facet normal 0.209843 -0.977735 0
    outer loop
      vertex -0.594841 3.24594 2.5
      vertex -0.789742 3.20411 1
      vertex -0.594841 3.24594 1
    endloop
  endfacet
  facet normal -0.96327 0.268536 0
    outer loop
      vertex 3.15058 -0.98176 1
      vertex 3.20411 -0.789742 2.5
      vertex 3.20411 -0.789742 1
    endloop
  endfacet
  facet normal -0.96327 0.268536 0
    outer loop
      vertex 3.20411 -0.789742 2.5
      vertex 3.15058 -0.98176 1
      vertex 3.15058 -0.98176 2.5
    endloop
  endfacet
  facet normal -0.995897 0.0904982 0
    outer loop
      vertex 3.27594 -0.397771 1
      vertex 3.29398 -0.199248 2.5
      vertex 3.29398 -0.199248 1
    endloop
  endfacet
  facet normal -0.995897 0.0904982 0
    outer loop
      vertex 3.29398 -0.199248 2.5
      vertex 3.27594 -0.397771 1
      vertex 3.27594 -0.397771 2.5
    endloop
  endfacet
  facet normal -0.768217 0.640189 0
    outer loop
      vertex 2.47009 -2.1883 1
      vertex 2.5977 -2.03517 2.5
      vertex 2.5977 -2.03517 1
    endloop
  endfacet
  facet normal -0.768217 0.640189 0
    outer loop
      vertex 2.5977 -2.03517 2.5
      vertex 2.47009 -2.1883 1
      vertex 2.47009 -2.1883 2.5
    endloop
  endfacet
  facet normal -0.640189 0.768217 0
    outer loop
      vertex 2.1883 -2.47009 1
      vertex 2.03517 -2.5977 2.5
      vertex 2.1883 -2.47009 2.5
    endloop
  endfacet
  facet normal -0.640189 0.768217 0
    outer loop
      vertex 2.03517 -2.5977 2.5
      vertex 2.1883 -2.47009 1
      vertex 2.03517 -2.5977 1
    endloop
  endfacet
  facet normal -0.68544 0.728129 0
    outer loop
      vertex 2.33345 -2.33345 1
      vertex 2.1883 -2.47009 2.5
      vertex 2.33345 -2.33345 2.5
    endloop
  endfacet
  facet normal -0.68544 0.728129 0
    outer loop
      vertex 2.1883 -2.47009 2.5
      vertex 2.33345 -2.33345 1
      vertex 2.1883 -2.47009 1
    endloop
  endfacet
  facet normal 0.437778 0.899083 -0
    outer loop
      vertex -1.35436 -3.00927 1
      vertex -1.53359 -2.922 2.5
      vertex -1.35436 -3.00927 2.5
    endloop
  endfacet
  facet normal 0.437778 0.899083 0
    outer loop
      vertex -1.53359 -2.922 2.5
      vertex -1.35436 -3.00927 1
      vertex -1.53359 -2.922 1
    endloop
  endfacet
  facet normal 0.977735 0.209843 0
    outer loop
      vertex -3.20411 -0.789742 2.5
      vertex -3.24594 -0.594841 1
      vertex -3.24594 -0.594841 2.5
    endloop
  endfacet
  facet normal 0.977735 0.209843 0
    outer loop
      vertex -3.24594 -0.594841 1
      vertex -3.20411 -0.789742 2.5
      vertex -3.20411 -0.789742 1
    endloop
  endfacet
  facet normal -0.437778 0.899083 0
    outer loop
      vertex 1.53359 -2.922 1
      vertex 1.35436 -3.00927 2.5
      vertex 1.53359 -2.922 2.5
    endloop
  endfacet
  facet normal -0.437778 0.899083 0
    outer loop
      vertex 1.35436 -3.00927 2.5
      vertex 1.53359 -2.922 1
      vertex 1.35436 -3.00927 1
    endloop
  endfacet
  facet normal 0.839771 -0.542941 0
    outer loop
      vertex -2.82408 1.70721 2.5
      vertex -2.71585 1.87461 1
      vertex -2.71585 1.87461 2.5
    endloop
  endfacet
  facet normal 0.839771 -0.542941 0
    outer loop
      vertex -2.71585 1.87461 1
      vertex -2.82408 1.70721 2.5
      vertex -2.82408 1.70721 1
    endloop
  endfacet
  facet normal 0.805433 -0.592687 0
    outer loop
      vertex -2.71585 1.87461 2.5
      vertex -2.5977 2.03517 1
      vertex -2.5977 2.03517 2.5
    endloop
  endfacet
  facet normal 0.805433 -0.592687 0
    outer loop
      vertex -2.5977 2.03517 1
      vertex -2.71585 1.87461 2.5
      vertex -2.71585 1.87461 1
    endloop
  endfacet
  facet normal 0.768217 -0.640189 0
    outer loop
      vertex -2.5977 2.03517 2.5
      vertex -2.47009 2.1883 1
      vertex -2.47009 2.1883 2.5
    endloop
  endfacet
  facet normal 0.768217 -0.640189 0
    outer loop
      vertex -2.47009 2.1883 1
      vertex -2.5977 2.03517 2.5
      vertex -2.5977 2.03517 1
    endloop
  endfacet
  facet normal -0.977735 0.209843 0
    outer loop
      vertex 3.20411 -0.789742 1
      vertex 3.24594 -0.594841 2.5
      vertex 3.24594 -0.594841 1
    endloop
  endfacet
  facet normal -0.977735 0.209843 0
    outer loop
      vertex 3.24594 -0.594841 2.5
      vertex 3.20411 -0.789742 1
      vertex 3.20411 -0.789742 2.5
    endloop
  endfacet
  facet normal -0.988611 0.150496 0
    outer loop
      vertex 3.24594 -0.594841 1
      vertex 3.27594 -0.397771 2.5
      vertex 3.27594 -0.397771 1
    endloop
  endfacet
  facet normal -0.988611 0.150496 0
    outer loop
      vertex 3.27594 -0.397771 2.5
      vertex 3.24594 -0.594841 1
      vertex 3.24594 -0.594841 2.5
    endloop
  endfacet
  facet normal -0.999544 0.0301998 0
    outer loop
      vertex 3.29398 -0.199248 1
      vertex 3.3 0 2.5
      vertex 3.3 0 1
    endloop
  endfacet
  facet normal -0.999544 0.0301998 0
    outer loop
      vertex 3.3 0 2.5
      vertex 3.29398 -0.199248 1
      vertex 3.29398 -0.199248 2.5
    endloop
  endfacet
  facet normal -0.491247 0.87102 0
    outer loop
      vertex 1.70721 -2.82408 1
      vertex 1.53359 -2.922 2.5
      vertex 1.70721 -2.82408 2.5
    endloop
  endfacet
  facet normal -0.491247 0.87102 0
    outer loop
      vertex 1.53359 -2.922 2.5
      vertex 1.70721 -2.82408 1
      vertex 1.53359 -2.922 1
    endloop
  endfacet
  facet normal -0.899083 0.437778 0
    outer loop
      vertex 2.922 -1.53359 1
      vertex 3.00927 -1.35436 2.5
      vertex 3.00927 -1.35436 1
    endloop
  endfacet
  facet normal -0.899083 0.437778 0
    outer loop
      vertex 3.00927 -1.35436 2.5
      vertex 2.922 -1.53359 1
      vertex 2.922 -1.53359 2.5
    endloop
  endfacet
  facet normal -0.945295 0.326218 0
    outer loop
      vertex 3.08555 -1.1702 1
      vertex 3.15058 -0.98176 2.5
      vertex 3.15058 -0.98176 1
    endloop
  endfacet
  facet normal -0.945295 0.326218 0
    outer loop
      vertex 3.15058 -0.98176 2.5
      vertex 3.08555 -1.1702 1
      vertex 3.08555 -1.1702 2.5
    endloop
  endfacet
  facet normal 0.209843 0.977735 -0
    outer loop
      vertex -0.594841 -3.24594 1
      vertex -0.789742 -3.20411 2.5
      vertex -0.594841 -3.24594 2.5
    endloop
  endfacet
  facet normal 0.209843 0.977735 0
    outer loop
      vertex -0.789742 -3.20411 2.5
      vertex -0.594841 -3.24594 1
      vertex -0.789742 -3.20411 1
    endloop
  endfacet
  facet normal 0.491247 0.87102 -0
    outer loop
      vertex -1.53359 -2.922 1
      vertex -1.70721 -2.82408 2.5
      vertex -1.53359 -2.922 2.5
    endloop
  endfacet
  facet normal 0.491247 0.87102 0
    outer loop
      vertex -1.70721 -2.82408 2.5
      vertex -1.53359 -2.922 1
      vertex -1.70721 -2.82408 1
    endloop
  endfacet
  facet normal 0.768217 0.640189 0
    outer loop
      vertex -2.47009 -2.1883 2.5
      vertex -2.5977 -2.03517 1
      vertex -2.5977 -2.03517 2.5
    endloop
  endfacet
  facet normal 0.768217 0.640189 0
    outer loop
      vertex -2.5977 -2.03517 1
      vertex -2.47009 -2.1883 2.5
      vertex -2.47009 -2.1883 1
    endloop
  endfacet
  facet normal 0.87102 0.491247 0
    outer loop
      vertex -2.82408 -1.70721 2.5
      vertex -2.922 -1.53359 1
      vertex -2.922 -1.53359 2.5
    endloop
  endfacet
  facet normal 0.87102 0.491247 0
    outer loop
      vertex -2.922 -1.53359 1
      vertex -2.82408 -1.70721 2.5
      vertex -2.82408 -1.70721 1
    endloop
  endfacet
  facet normal 0.923882 0.382677 0
    outer loop
      vertex -3.00927 -1.35436 2.5
      vertex -3.08555 -1.1702 1
      vertex -3.08555 -1.1702 2.5
    endloop
  endfacet
  facet normal 0.923882 0.382677 0
    outer loop
      vertex -3.08555 -1.1702 1
      vertex -3.00927 -1.35436 2.5
      vertex -3.00927 -1.35436 1
    endloop
  endfacet
  facet normal 0.899083 0.437778 0
    outer loop
      vertex -2.922 -1.53359 2.5
      vertex -3.00927 -1.35436 1
      vertex -3.00927 -1.35436 2.5
    endloop
  endfacet
  facet normal 0.899083 0.437778 0
    outer loop
      vertex -3.00927 -1.35436 1
      vertex -2.922 -1.53359 2.5
      vertex -2.922 -1.53359 1
    endloop
  endfacet
  facet normal 0.945295 0.326218 0
    outer loop
      vertex -3.08555 -1.1702 2.5
      vertex -3.15058 -0.98176 1
      vertex -3.15058 -0.98176 2.5
    endloop
  endfacet
  facet normal 0.945295 0.326218 0
    outer loop
      vertex -3.15058 -0.98176 1
      vertex -3.08555 -1.1702 2.5
      vertex -3.08555 -1.1702 1
    endloop
  endfacet
  facet normal 0.988611 0.150496 0
    outer loop
      vertex -3.24594 -0.594841 2.5
      vertex -3.27594 -0.397771 1
      vertex -3.27594 -0.397771 2.5
    endloop
  endfacet
  facet normal 0.988611 0.150496 0
    outer loop
      vertex -3.27594 -0.397771 1
      vertex -3.24594 -0.594841 2.5
      vertex -3.24594 -0.594841 1
    endloop
  endfacet
  facet normal 0.999544 0.0301998 0
    outer loop
      vertex -3.29398 -0.199248 2.5
      vertex -3.3 0 1
      vertex -3.3 0 2.5
    endloop
  endfacet
  facet normal 0.999544 0.0301998 0
    outer loop
      vertex -3.3 0 1
      vertex -3.29398 -0.199248 2.5
      vertex -3.29398 -0.199248 1
    endloop
  endfacet
  facet normal 0.995897 0.0904982 0
    outer loop
      vertex -3.27594 -0.397771 2.5
      vertex -3.29398 -0.199248 1
      vertex -3.29398 -0.199248 2.5
    endloop
  endfacet
  facet normal 0.995897 0.0904982 0
    outer loop
      vertex -3.29398 -0.199248 1
      vertex -3.27594 -0.397771 2.5
      vertex -3.27594 -0.397771 1
    endloop
  endfacet
  facet normal -0.268536 0.96327 0
    outer loop
      vertex 0.98176 -3.15058 1
      vertex 0.789742 -3.20411 2.5
      vertex 0.98176 -3.15058 2.5
    endloop
  endfacet
  facet normal -0.268536 0.96327 0
    outer loop
      vertex 0.789742 -3.20411 2.5
      vertex 0.98176 -3.15058 1
      vertex 0.789742 -3.20411 1
    endloop
  endfacet
  facet normal -0.150496 0.988611 0
    outer loop
      vertex 0.594841 -3.24594 1
      vertex 0.397771 -3.27594 2.5
      vertex 0.594841 -3.24594 2.5
    endloop
  endfacet
  facet normal -0.150496 0.988611 0
    outer loop
      vertex 0.397771 -3.27594 2.5
      vertex 0.594841 -3.24594 1
      vertex 0.397771 -3.27594 1
    endloop
  endfacet
  facet normal 0.728129 -0.68544 0
    outer loop
      vertex -2.47009 2.1883 2.5
      vertex -2.33345 2.33345 1
      vertex -2.33345 2.33345 2.5
    endloop
  endfacet
  facet normal 0.728129 -0.68544 0
    outer loop
      vertex -2.33345 2.33345 1
      vertex -2.47009 2.1883 2.5
      vertex -2.47009 2.1883 1
    endloop
  endfacet
  facet normal -0.805433 0.592687 0
    outer loop
      vertex 2.5977 -2.03517 1
      vertex 2.71585 -1.87461 2.5
      vertex 2.71585 -1.87461 1
    endloop
  endfacet
  facet normal -0.805433 0.592687 0
    outer loop
      vertex 2.71585 -1.87461 2.5
      vertex 2.5977 -2.03517 1
      vertex 2.5977 -2.03517 2.5
    endloop
  endfacet
  facet normal -0.728129 0.68544 0
    outer loop
      vertex 2.33345 -2.33345 1
      vertex 2.47009 -2.1883 2.5
      vertex 2.47009 -2.1883 1
    endloop
  endfacet
  facet normal -0.728129 0.68544 0
    outer loop
      vertex 2.47009 -2.1883 2.5
      vertex 2.33345 -2.33345 1
      vertex 2.33345 -2.33345 2.5
    endloop
  endfacet
  facet normal -0.923882 0.382677 0
    outer loop
      vertex 3.00927 -1.35436 1
      vertex 3.08555 -1.1702 2.5
      vertex 3.08555 -1.1702 1
    endloop
  endfacet
  facet normal -0.923882 0.382677 0
    outer loop
      vertex 3.08555 -1.1702 2.5
      vertex 3.00927 -1.35436 1
      vertex 3.00927 -1.35436 2.5
    endloop
  endfacet
  facet normal 0.0904982 0.995897 -0
    outer loop
      vertex -0.199248 -3.29398 1
      vertex -0.397771 -3.27594 2.5
      vertex -0.199248 -3.29398 2.5
    endloop
  endfacet
  facet normal 0.0904982 0.995897 0
    outer loop
      vertex -0.397771 -3.27594 2.5
      vertex -0.199248 -3.29398 1
      vertex -0.397771 -3.27594 1
    endloop
  endfacet
  facet normal 0.326218 0.945295 -0
    outer loop
      vertex -0.98176 -3.15058 1
      vertex -1.1702 -3.08555 2.5
      vertex -0.98176 -3.15058 2.5
    endloop
  endfacet
  facet normal 0.326218 0.945295 0
    outer loop
      vertex -1.1702 -3.08555 2.5
      vertex -0.98176 -3.15058 1
      vertex -1.1702 -3.08555 1
    endloop
  endfacet
  facet normal 0.268536 0.96327 -0
    outer loop
      vertex -0.789742 -3.20411 1
      vertex -0.98176 -3.15058 2.5
      vertex -0.789742 -3.20411 2.5
    endloop
  endfacet
  facet normal 0.268536 0.96327 0
    outer loop
      vertex -0.98176 -3.15058 2.5
      vertex -0.789742 -3.20411 1
      vertex -0.98176 -3.15058 1
    endloop
  endfacet
  facet normal 0.382677 0.923882 -0
    outer loop
      vertex -1.1702 -3.08555 1
      vertex -1.35436 -3.00927 2.5
      vertex -1.1702 -3.08555 2.5
    endloop
  endfacet
  facet normal 0.382677 0.923882 0
    outer loop
      vertex -1.35436 -3.00927 2.5
      vertex -1.1702 -3.08555 1
      vertex -1.35436 -3.00927 1
    endloop
  endfacet
  facet normal 0.592687 0.805433 -0
    outer loop
      vertex -1.87461 -2.71585 1
      vertex -2.03517 -2.5977 2.5
      vertex -1.87461 -2.71585 2.5
    endloop
  endfacet
  facet normal 0.592687 0.805433 0
    outer loop
      vertex -2.03517 -2.5977 2.5
      vertex -1.87461 -2.71585 1
      vertex -2.03517 -2.5977 1
    endloop
  endfacet
  facet normal 0.68544 0.728129 -0
    outer loop
      vertex -2.1883 -2.47009 1
      vertex -2.33345 -2.33345 2.5
      vertex -2.1883 -2.47009 2.5
    endloop
  endfacet
  facet normal 0.68544 0.728129 0
    outer loop
      vertex -2.33345 -2.33345 2.5
      vertex -2.1883 -2.47009 1
      vertex -2.33345 -2.33345 1
    endloop
  endfacet
  facet normal 0.542941 0.839771 -0
    outer loop
      vertex -1.70721 -2.82408 1
      vertex -1.87461 -2.71585 2.5
      vertex -1.70721 -2.82408 2.5
    endloop
  endfacet
  facet normal 0.542941 0.839771 0
    outer loop
      vertex -1.87461 -2.71585 2.5
      vertex -1.70721 -2.82408 1
      vertex -1.87461 -2.71585 1
    endloop
  endfacet
  facet normal 0.805433 0.592687 0
    outer loop
      vertex -2.5977 -2.03517 2.5
      vertex -2.71585 -1.87461 1
      vertex -2.71585 -1.87461 2.5
    endloop
  endfacet
  facet normal 0.805433 0.592687 0
    outer loop
      vertex -2.71585 -1.87461 1
      vertex -2.5977 -2.03517 2.5
      vertex -2.5977 -2.03517 1
    endloop
  endfacet
  facet normal 0.728129 0.68544 0
    outer loop
      vertex -2.33345 -2.33345 2.5
      vertex -2.47009 -2.1883 1
      vertex -2.47009 -2.1883 2.5
    endloop
  endfacet
  facet normal 0.728129 0.68544 0
    outer loop
      vertex -2.47009 -2.1883 1
      vertex -2.33345 -2.33345 2.5
      vertex -2.33345 -2.33345 1
    endloop
  endfacet
  facet normal 0.96327 0.268536 0
    outer loop
      vertex -3.15058 -0.98176 2.5
      vertex -3.20411 -0.789742 1
      vertex -3.20411 -0.789742 2.5
    endloop
  endfacet
  facet normal 0.96327 0.268536 0
    outer loop
      vertex -3.20411 -0.789742 1
      vertex -3.15058 -0.98176 2.5
      vertex -3.15058 -0.98176 1
    endloop
  endfacet
  facet normal 0 0 1
    outer loop
      vertex 1.7 0 1
      vertex 3.3 0 1
      vertex 3.29398 0.199248 1
    endloop
  endfacet
  facet normal 0 0 1
    outer loop
      vertex 1.68851 0.197357 1
      vertex 3.29398 0.199248 1
      vertex 3.27594 0.397771 1
    endloop
  endfacet
  facet normal 0 0 1
    outer loop
      vertex 3.3 0 1
      vertex 1.7 0 1
      vertex 3.29398 -0.199248 1
    endloop
  endfacet
  facet normal 0 0 1
    outer loop
      vertex 1.68851 0.197357 1
      vertex 3.27594 0.397771 1
      vertex 3.24594 0.594841 1
    endloop
  endfacet
  facet normal -0 0 1
    outer loop
      vertex 1.68851 -0.197357 1
      vertex 3.29398 -0.199248 1
      vertex 1.7 0 1
    endloop
  endfacet
  facet normal 0 0 1
    outer loop
      vertex 1.65418 0.392047 1
      vertex 3.24594 0.594841 1
      vertex 3.20411 0.789742 1
    endloop
  endfacet
  facet normal 0 0 1
    outer loop
      vertex 3.29398 -0.199248 1
      vertex 1.68851 -0.197357 1
      vertex 3.27594 -0.397771 1
    endloop
  endfacet
  facet normal 0 0 1
    outer loop
      vertex 1.65418 0.392047 1
      vertex 3.20411 0.789742 1
      vertex 3.15058 0.98176 1
    endloop
  endfacet
  facet normal 0 0 1
    outer loop
      vertex 3.27594 -0.397771 1
      vertex 1.68851 -0.197357 1
      vertex 3.24594 -0.594841 1
    endloop
  endfacet
  facet normal 0 0 1
    outer loop
      vertex 1.59748 0.581433 1
      vertex 3.15058 0.98176 1
      vertex 3.08555 1.1702 1
    endloop
  endfacet
  facet normal -0 0 1
    outer loop
      vertex 1.65418 -0.392047 1
      vertex 3.24594 -0.594841 1
      vertex 1.68851 -0.197357 1
    endloop
  endfacet
  facet normal 0 0 1
    outer loop
      vertex 1.59748 0.581433 1
      vertex 3.08555 1.1702 1
      vertex 3.00927 1.35436 1
    endloop
  endfacet
  facet normal 0 0 1
    outer loop
      vertex 3.24594 -0.594841 1
      vertex 1.65418 -0.392047 1
      vertex 3.20411 -0.789742 1
    endloop
  endfacet
  facet normal 0 0 1
    outer loop
      vertex 1.51917 0.762959 1
      vertex 3.00927 1.35436 1
      vertex 2.922 1.53359 1
    endloop
  endfacet
  facet normal 0 0 1
    outer loop
      vertex 3.20411 -0.789742 1
      vertex 1.65418 -0.392047 1
      vertex 3.15058 -0.98176 1
    endloop
  endfacet
  facet normal 0 0 1
    outer loop
      vertex 1.51917 0.762959 1
      vertex 2.922 1.53359 1
      vertex 2.82408 1.70721 1
    endloop
  endfacet
  facet normal -0 0 1
    outer loop
      vertex 1.59748 -0.581433 1
      vertex 3.15058 -0.98176 1
      vertex 1.65418 -0.392047 1
    endloop
  endfacet
  facet normal 0 0 1
    outer loop
      vertex 1.42033 0.934165 1
      vertex 2.82408 1.70721 1
      vertex 2.71585 1.87461 1
    endloop
  endfacet
  facet normal 0 0 1
    outer loop
      vertex 3.15058 -0.98176 1
      vertex 1.59748 -0.581433 1
      vertex 3.08555 -1.1702 1
    endloop
  endfacet
  facet normal 0 0 1
    outer loop
      vertex 1.42033 0.934165 1
      vertex 2.71585 1.87461 1
      vertex 2.5977 2.03517 1
    endloop
  endfacet
  facet normal 0 0 1
    outer loop
      vertex 3.08555 -1.1702 1
      vertex 1.59748 -0.581433 1
      vertex 3.00927 -1.35436 1
    endloop
  endfacet
  facet normal 0 0 1
    outer loop
      vertex 1.30227 1.09274 1
      vertex 2.5977 2.03517 1
      vertex 2.47009 2.1883 1
    endloop
  endfacet
  facet normal -0 0 1
    outer loop
      vertex 1.51917 -0.762959 1
      vertex 3.00927 -1.35436 1
      vertex 1.59748 -0.581433 1
    endloop
  endfacet
  facet normal 0 0 1
    outer loop
      vertex 1.30227 1.09274 1
      vertex 2.47009 2.1883 1
      vertex 2.33345 2.33345 1
    endloop
  endfacet
  facet normal 0 0 1
    outer loop
      vertex 3.00927 -1.35436 1
      vertex 1.51917 -0.762959 1
      vertex 2.922 -1.53359 1
    endloop
  endfacet
  facet normal 0 0 1
    outer loop
      vertex 1.16661 1.23654 1
      vertex 2.33345 2.33345 1
      vertex 2.1883 2.47009 1
    endloop
  endfacet
  facet normal 0 0 1
    outer loop
      vertex 2.922 -1.53359 1
      vertex 1.51917 -0.762959 1
      vertex 2.82408 -1.70721 1
    endloop
  endfacet
  facet normal 0 0 1
    outer loop
      vertex 1.01517 1.36361 1
      vertex 2.1883 2.47009 1
      vertex 2.03517 2.5977 1
    endloop
  endfacet
  facet normal -0 0 1
    outer loop
      vertex 1.42033 -0.934165 1
      vertex 2.82408 -1.70721 1
      vertex 1.51917 -0.762959 1
    endloop
  endfacet
  facet normal 0 0 1
    outer loop
      vertex 1.01517 1.36361 1
      vertex 2.03517 2.5977 1
      vertex 1.87461 2.71585 1
    endloop
  endfacet
  facet normal 0 0 1
    outer loop
      vertex 2.82408 -1.70721 1
      vertex 1.42033 -0.934165 1
      vertex 2.71585 -1.87461 1
    endloop
  endfacet
  facet normal 0 0 1
    outer loop
      vertex 0.849999 1.47224 1
      vertex 1.87461 2.71585 1
      vertex 1.70721 2.82408 1
    endloop
  endfacet
  facet normal 0 0 1
    outer loop
      vertex 2.71585 -1.87461 1
      vertex 1.42033 -0.934165 1
      vertex 2.5977 -2.03517 1
    endloop
  endfacet
  facet normal -0 0 1
    outer loop
      vertex 1.30227 -1.09274 1
      vertex 2.5977 -2.03517 1
      vertex 1.42033 -0.934165 1
    endloop
  endfacet
  facet normal 0 0 1
    outer loop
      vertex 3.29398 0.199248 1
      vertex 1.68851 0.197357 1
      vertex 1.7 0 1
    endloop
  endfacet
  facet normal 0 0 1
    outer loop
      vertex 3.24594 0.594841 1
      vertex 1.65418 0.392047 1
      vertex 1.68851 0.197357 1
    endloop
  endfacet
  facet normal 0 0 1
    outer loop
      vertex 3.15058 0.98176 1
      vertex 1.59748 0.581433 1
      vertex 1.65418 0.392047 1
    endloop
  endfacet
  facet normal 0 0 1
    outer loop
      vertex 0.849999 1.47224 1
      vertex 1.70721 2.82408 1
      vertex 1.53359 2.922 1
    endloop
  endfacet
  facet normal 0 0 1
    outer loop
      vertex 3.00927 1.35436 1
      vertex 1.51917 0.762959 1
      vertex 1.59748 0.581433 1
    endloop
  endfacet
  facet normal 0 0 1
    outer loop
      vertex 2.82408 1.70721 1
      vertex 1.42033 0.934165 1
      vertex 1.51917 0.762959 1
    endloop
  endfacet
  facet normal 0 0 1
    outer loop
      vertex 0.673335 1.56097 1
      vertex 1.53359 2.922 1
      vertex 1.35436 3.00927 1
    endloop
  endfacet
  facet normal 0 0 1
    outer loop
      vertex 2.5977 2.03517 1
      vertex 1.30227 1.09274 1
      vertex 1.42033 0.934165 1
    endloop
  endfacet
  facet normal 0 0 1
    outer loop
      vertex 0.673335 1.56097 1
      vertex 1.35436 3.00927 1
      vertex 1.1702 3.08555 1
    endloop
  endfacet
  facet normal 0 0 1
    outer loop
      vertex 2.33345 2.33345 1
      vertex 1.16661 1.23654 1
      vertex 1.30227 1.09274 1
    endloop
  endfacet
  facet normal 0 0 1
    outer loop
      vertex 2.1883 2.47009 1
      vertex 1.01517 1.36361 1
      vertex 1.16661 1.23654 1
    endloop
  endfacet
  facet normal 0 0 1
    outer loop
      vertex 0.487565 1.62858 1
      vertex 1.1702 3.08555 1
      vertex 0.98176 3.15058 1
    endloop
  endfacet
  facet normal 0 0 1
    outer loop
      vertex 1.87461 2.71585 1
      vertex 0.849999 1.47224 1
      vertex 1.01517 1.36361 1
    endloop
  endfacet
  facet normal 0 0 1
    outer loop
      vertex 0.487565 1.62858 1
      vertex 0.98176 3.15058 1
      vertex 0.789742 3.20411 1
    endloop
  endfacet
  facet normal 0 0 1
    outer loop
      vertex 1.53359 2.922 1
      vertex 0.673335 1.56097 1
      vertex 0.849999 1.47224 1
    endloop
  endfacet
  facet normal 0 0 1
    outer loop
      vertex 0.295201 1.67417 1
      vertex 0.789742 3.20411 1
      vertex 0.594841 3.24594 1
    endloop
  endfacet
  facet normal 0 0 1
    outer loop
      vertex 1.1702 3.08555 1
      vertex 0.487565 1.62858 1
      vertex 0.673335 1.56097 1
    endloop
  endfacet
  facet normal 0 0 1
    outer loop
      vertex 0.295201 1.67417 1
      vertex 0.594841 3.24594 1
      vertex 0.397771 3.27594 1
    endloop
  endfacet
  facet normal 0 0 1
    outer loop
      vertex 0.789742 3.20411 1
      vertex 0.295201 1.67417 1
      vertex 0.487565 1.62858 1
    endloop
  endfacet
  facet normal 0 0 1
    outer loop
      vertex 0.0988455 1.69712 1
      vertex 0.397771 3.27594 1
      vertex 0.199248 3.29398 1
    endloop
  endfacet
  facet normal 0 0 1
    outer loop
      vertex 0.397771 3.27594 1
      vertex 0.0988455 1.69712 1
      vertex 0.295201 1.67417 1
    endloop
  endfacet
  facet normal 0 0 1
    outer loop
      vertex 0 3.3 1
      vertex 0.0988455 1.69712 1
      vertex 0.199248 3.29398 1
    endloop
  endfacet
  facet normal 0 0 1
    outer loop
      vertex 0 3.3 1
      vertex -0.0988455 1.69712 1
      vertex 0.0988455 1.69712 1
    endloop
  endfacet
  facet normal -0 0 1
    outer loop
      vertex -0.199248 3.29398 1
      vertex -0.0988455 1.69712 1
      vertex 0 3.3 1
    endloop
  endfacet
  facet normal -0 0 1
    outer loop
      vertex -0.397771 3.27594 1
      vertex -0.0988455 1.69712 1
      vertex -0.199248 3.29398 1
    endloop
  endfacet
  facet normal 0 0 1
    outer loop
      vertex -0.0988455 1.69712 1
      vertex -0.397771 3.27594 1
      vertex -0.295201 1.67417 1
    endloop
  endfacet
  facet normal -0 0 1
    outer loop
      vertex -0.594841 3.24594 1
      vertex -0.295201 1.67417 1
      vertex -0.397771 3.27594 1
    endloop
  endfacet
  facet normal -0 0 1
    outer loop
      vertex -0.789742 3.20411 1
      vertex -0.295201 1.67417 1
      vertex -0.594841 3.24594 1
    endloop
  endfacet
  facet normal 0 0 1
    outer loop
      vertex -0.295201 1.67417 1
      vertex -0.789742 3.20411 1
      vertex -0.487565 1.62858 1
    endloop
  endfacet
  facet normal -0 0 1
    outer loop
      vertex -0.98176 3.15058 1
      vertex -0.487565 1.62858 1
      vertex -0.789742 3.20411 1
    endloop
  endfacet
  facet normal -0 0 1
    outer loop
      vertex -1.1702 3.08555 1
      vertex -0.487565 1.62858 1
      vertex -0.98176 3.15058 1
    endloop
  endfacet
  facet normal 0 0 1
    outer loop
      vertex -0.487565 1.62858 1
      vertex -1.1702 3.08555 1
      vertex -0.673335 1.56097 1
    endloop
  endfacet
  facet normal -0 0 1
    outer loop
      vertex -1.35436 3.00927 1
      vertex -0.673335 1.56097 1
      vertex -1.1702 3.08555 1
    endloop
  endfacet
  facet normal -0 0 1
    outer loop
      vertex -1.53359 2.922 1
      vertex -0.673335 1.56097 1
      vertex -1.35436 3.00927 1
    endloop
  endfacet
  facet normal 0 0 1
    outer loop
      vertex -0.673335 1.56097 1
      vertex -1.53359 2.922 1
      vertex -0.849999 1.47224 1
    endloop
  endfacet
  facet normal -0 0 1
    outer loop
      vertex -1.70721 2.82408 1
      vertex -0.849999 1.47224 1
      vertex -1.53359 2.922 1
    endloop
  endfacet
  facet normal -0 0 1
    outer loop
      vertex -1.87461 2.71585 1
      vertex -0.849999 1.47224 1
      vertex -1.70721 2.82408 1
    endloop
  endfacet
  facet normal 0 0 1
    outer loop
      vertex -0.849999 1.47224 1
      vertex -1.87461 2.71585 1
      vertex -1.01517 1.36361 1
    endloop
  endfacet
  facet normal -0 0 1
    outer loop
      vertex -2.03517 2.5977 1
      vertex -1.01517 1.36361 1
      vertex -1.87461 2.71585 1
    endloop
  endfacet
  facet normal -0 0 1
    outer loop
      vertex -2.1883 2.47009 1
      vertex -1.01517 1.36361 1
      vertex -2.03517 2.5977 1
    endloop
  endfacet
  facet normal 0 0 1
    outer loop
      vertex -1.01517 1.36361 1
      vertex -2.1883 2.47009 1
      vertex -1.16661 1.23654 1
    endloop
  endfacet
  facet normal -0 0 1
    outer loop
      vertex -2.33345 2.33345 1
      vertex -1.16661 1.23654 1
      vertex -2.1883 2.47009 1
    endloop
  endfacet
  facet normal 0 0 1
    outer loop
      vertex -1.16661 1.23654 1
      vertex -2.33345 2.33345 1
      vertex -1.30227 1.09274 1
    endloop
  endfacet
  facet normal -0 0 1
    outer loop
      vertex -2.47009 2.1883 1
      vertex -1.30227 1.09274 1
      vertex -2.33345 2.33345 1
    endloop
  endfacet
  facet normal -0 0 1
    outer loop
      vertex -2.5977 2.03517 1
      vertex -1.30227 1.09274 1
      vertex -2.47009 2.1883 1
    endloop
  endfacet
  facet normal 0 0 1
    outer loop
      vertex 2.5977 -2.03517 1
      vertex 1.30227 -1.09274 1
      vertex 2.47009 -2.1883 1
    endloop
  endfacet
  facet normal 0 0 1
    outer loop
      vertex 2.47009 -2.1883 1
      vertex 1.30227 -1.09274 1
      vertex 2.33345 -2.33345 1
    endloop
  endfacet
  facet normal -0 0 1
    outer loop
      vertex 1.16661 -1.23654 1
      vertex 2.33345 -2.33345 1
      vertex 1.30227 -1.09274 1
    endloop
  endfacet
  facet normal 0 0 1
    outer loop
      vertex 2.33345 -2.33345 1
      vertex 1.16661 -1.23654 1
      vertex 2.1883 -2.47009 1
    endloop
  endfacet
  facet normal -0 0 1
    outer loop
      vertex 1.01517 -1.36361 1
      vertex 2.1883 -2.47009 1
      vertex 1.16661 -1.23654 1
    endloop
  endfacet
  facet normal 0 0 1
    outer loop
      vertex 2.1883 -2.47009 1
      vertex 1.01517 -1.36361 1
      vertex 2.03517 -2.5977 1
    endloop
  endfacet
  facet normal 0 0 1
    outer loop
      vertex 2.03517 -2.5977 1
      vertex 1.01517 -1.36361 1
      vertex 1.87461 -2.71585 1
    endloop
  endfacet
  facet normal -0 0 1
    outer loop
      vertex 0.849999 -1.47224 1
      vertex 1.87461 -2.71585 1
      vertex 1.01517 -1.36361 1
    endloop
  endfacet
  facet normal 0 0 1
    outer loop
      vertex 1.87461 -2.71585 1
      vertex 0.849999 -1.47224 1
      vertex 1.70721 -2.82408 1
    endloop
  endfacet
  facet normal 0 0 1
    outer loop
      vertex 1.70721 -2.82408 1
      vertex 0.849999 -1.47224 1
      vertex 1.53359 -2.922 1
    endloop
  endfacet
  facet normal -0 0 1
    outer loop
      vertex 0.673335 -1.56097 1
      vertex 1.53359 -2.922 1
      vertex 0.849999 -1.47224 1
    endloop
  endfacet
  facet normal 0 0 1
    outer loop
      vertex 1.53359 -2.922 1
      vertex 0.673335 -1.56097 1
      vertex 1.35436 -3.00927 1
    endloop
  endfacet
  facet normal 0 0 1
    outer loop
      vertex 1.35436 -3.00927 1
      vertex 0.673335 -1.56097 1
      vertex 1.1702 -3.08555 1
    endloop
  endfacet
  facet normal -0 0 1
    outer loop
      vertex 0.487565 -1.62858 1
      vertex 1.1702 -3.08555 1
      vertex 0.673335 -1.56097 1
    endloop
  endfacet
  facet normal 0 0 1
    outer loop
      vertex 1.1702 -3.08555 1
      vertex 0.487565 -1.62858 1
      vertex 0.98176 -3.15058 1
    endloop
  endfacet
  facet normal 0 0 1
    outer loop
      vertex 0.98176 -3.15058 1
      vertex 0.487565 -1.62858 1
      vertex 0.789742 -3.20411 1
    endloop
  endfacet
  facet normal -0 0 1
    outer loop
      vertex 0.295201 -1.67417 1
      vertex 0.789742 -3.20411 1
      vertex 0.487565 -1.62858 1
    endloop
  endfacet
  facet normal 0 0 1
    outer loop
      vertex 0.789742 -3.20411 1
      vertex 0.295201 -1.67417 1
      vertex 0.594841 -3.24594 1
    endloop
  endfacet
  facet normal 0 0 1
    outer loop
      vertex 0.594841 -3.24594 1
      vertex 0.295201 -1.67417 1
      vertex 0.397771 -3.27594 1
    endloop
  endfacet
  facet normal -0 0 1
    outer loop
      vertex 0.0988455 -1.69712 1
      vertex 0.397771 -3.27594 1
      vertex 0.295201 -1.67417 1
    endloop
  endfacet
  facet normal 0 0 1
    outer loop
      vertex 0.397771 -3.27594 1
      vertex 0.0988455 -1.69712 1
      vertex 0.199248 -3.29398 1
    endloop
  endfacet
  facet normal 0 0 1
    outer loop
      vertex 0.0988455 -1.69712 1
      vertex 0 -3.3 1
      vertex 0.199248 -3.29398 1
    endloop
  endfacet
  facet normal -0 0 1
    outer loop
      vertex -0.0988455 -1.69712 1
      vertex 0 -3.3 1
      vertex 0.0988455 -1.69712 1
    endloop
  endfacet
  facet normal 0 0 1
    outer loop
      vertex -0.0988455 -1.69712 1
      vertex -0.199248 -3.29398 1
      vertex 0 -3.3 1
    endloop
  endfacet
  facet normal 0 0 1
    outer loop
      vertex -0.397771 -3.27594 1
      vertex -0.0988455 -1.69712 1
      vertex -0.295201 -1.67417 1
    endloop
  endfacet
  facet normal 0 0 1
    outer loop
      vertex -0.0988455 -1.69712 1
      vertex -0.397771 -3.27594 1
      vertex -0.199248 -3.29398 1
    endloop
  endfacet
  facet normal 0 0 1
    outer loop
      vertex -0.789742 -3.20411 1
      vertex -0.295201 -1.67417 1
      vertex -0.487565 -1.62858 1
    endloop
  endfacet
  facet normal 0 0 1
    outer loop
      vertex -0.295201 -1.67417 1
      vertex -0.594841 -3.24594 1
      vertex -0.397771 -3.27594 1
    endloop
  endfacet
  facet normal 0 0 1
    outer loop
      vertex -1.1702 -3.08555 1
      vertex -0.487565 -1.62858 1
      vertex -0.673335 -1.56097 1
    endloop
  endfacet
  facet normal 0 0 1
    outer loop
      vertex -0.295201 -1.67417 1
      vertex -0.789742 -3.20411 1
      vertex -0.594841 -3.24594 1
    endloop
  endfacet
  facet normal 0 0 1
    outer loop
      vertex -1.53359 -2.922 1
      vertex -0.673335 -1.56097 1
      vertex -0.849999 -1.47224 1
    endloop
  endfacet
  facet normal 0 0 1
    outer loop
      vertex -0.487565 -1.62858 1
      vertex -0.98176 -3.15058 1
      vertex -0.789742 -3.20411 1
    endloop
  endfacet
  facet normal 0 0 1
    outer loop
      vertex -1.87461 -2.71585 1
      vertex -0.849999 -1.47224 1
      vertex -1.01517 -1.36361 1
    endloop
  endfacet
  facet normal 0 0 1
    outer loop
      vertex -2.1883 -2.47009 1
      vertex -1.01517 -1.36361 1
      vertex -1.16661 -1.23654 1
    endloop
  endfacet
  facet normal 0 0 1
    outer loop
      vertex -0.487565 -1.62858 1
      vertex -1.1702 -3.08555 1
      vertex -0.98176 -3.15058 1
    endloop
  endfacet
  facet normal 0 0 1
    outer loop
      vertex -2.33345 -2.33345 1
      vertex -1.16661 -1.23654 1
      vertex -1.30227 -1.09274 1
    endloop
  endfacet
  facet normal 0 0 1
    outer loop
      vertex -0.673335 -1.56097 1
      vertex -1.35436 -3.00927 1
      vertex -1.1702 -3.08555 1
    endloop
  endfacet
  facet normal 0 0 1
    outer loop
      vertex -2.5977 -2.03517 1
      vertex -1.30227 -1.09274 1
      vertex -1.42033 -0.934165 1
    endloop
  endfacet
  facet normal 0 0 1
    outer loop
      vertex -2.82408 -1.70721 1
      vertex -1.42033 -0.934165 1
      vertex -1.51917 -0.762959 1
    endloop
  endfacet
  facet normal 0 0 1
    outer loop
      vertex -0.673335 -1.56097 1
      vertex -1.53359 -2.922 1
      vertex -1.35436 -3.00927 1
    endloop
  endfacet
  facet normal 0 0 1
    outer loop
      vertex -3.00927 -1.35436 1
      vertex -1.51917 -0.762959 1
      vertex -1.59748 -0.581433 1
    endloop
  endfacet
  facet normal 0 0 1
    outer loop
      vertex -3.15058 -0.98176 1
      vertex -1.59748 -0.581433 1
      vertex -1.65418 -0.392047 1
    endloop
  endfacet
  facet normal 0 0 1
    outer loop
      vertex -3.24594 -0.594841 1
      vertex -1.65418 -0.392047 1
      vertex -1.68851 -0.197357 1
    endloop
  endfacet
  facet normal 0 0 1
    outer loop
      vertex -3.29398 -0.199248 1
      vertex -1.68851 -0.197357 1
      vertex -1.7 0 1
    endloop
  endfacet
  facet normal 0 0 1
    outer loop
      vertex -0.849999 -1.47224 1
      vertex -1.70721 -2.82408 1
      vertex -1.53359 -2.922 1
    endloop
  endfacet
  facet normal 0 0 1
    outer loop
      vertex -1.30227 1.09274 1
      vertex -2.5977 2.03517 1
      vertex -1.42033 0.934165 1
    endloop
  endfacet
  facet normal -0 0 1
    outer loop
      vertex -2.71585 1.87461 1
      vertex -1.42033 0.934165 1
      vertex -2.5977 2.03517 1
    endloop
  endfacet
  facet normal 0 0 1
    outer loop
      vertex -0.849999 -1.47224 1
      vertex -1.87461 -2.71585 1
      vertex -1.70721 -2.82408 1
    endloop
  endfacet
  facet normal -0 0 1
    outer loop
      vertex -2.82408 1.70721 1
      vertex -1.42033 0.934165 1
      vertex -2.71585 1.87461 1
    endloop
  endfacet
  facet normal 0 0 1
    outer loop
      vertex -1.01517 -1.36361 1
      vertex -2.03517 -2.5977 1
      vertex -1.87461 -2.71585 1
    endloop
  endfacet
  facet normal 0 0 1
    outer loop
      vertex -1.42033 0.934165 1
      vertex -2.82408 1.70721 1
      vertex -1.51917 0.762959 1
    endloop
  endfacet
  facet normal 0 0 1
    outer loop
      vertex -1.01517 -1.36361 1
      vertex -2.1883 -2.47009 1
      vertex -2.03517 -2.5977 1
    endloop
  endfacet
  facet normal -0 0 1
    outer loop
      vertex -2.922 1.53359 1
      vertex -1.51917 0.762959 1
      vertex -2.82408 1.70721 1
    endloop
  endfacet
  facet normal 0 0 1
    outer loop
      vertex -1.16661 -1.23654 1
      vertex -2.33345 -2.33345 1
      vertex -2.1883 -2.47009 1
    endloop
  endfacet
  facet normal -0 0 1
    outer loop
      vertex -3.00927 1.35436 1
      vertex -1.51917 0.762959 1
      vertex -2.922 1.53359 1
    endloop
  endfacet
  facet normal 0 0 1
    outer loop
      vertex -1.30227 -1.09274 1
      vertex -2.47009 -2.1883 1
      vertex -2.33345 -2.33345 1
    endloop
  endfacet
  facet normal 0 0 1
    outer loop
      vertex -1.51917 0.762959 1
      vertex -3.00927 1.35436 1
      vertex -1.59748 0.581433 1
    endloop
  endfacet
  facet normal 0 0 1
    outer loop
      vertex -1.30227 -1.09274 1
      vertex -2.5977 -2.03517 1
      vertex -2.47009 -2.1883 1
    endloop
  endfacet
  facet normal -0 0 1
    outer loop
      vertex -3.08555 1.1702 1
      vertex -1.59748 0.581433 1
      vertex -3.00927 1.35436 1
    endloop
  endfacet
  facet normal 0 0 1
    outer loop
      vertex -1.42033 -0.934165 1
      vertex -2.71585 -1.87461 1
      vertex -2.5977 -2.03517 1
    endloop
  endfacet
  facet normal -0 0 1
    outer loop
      vertex -3.15058 0.98176 1
      vertex -1.59748 0.581433 1
      vertex -3.08555 1.1702 1
    endloop
  endfacet
  facet normal 0 0 1
    outer loop
      vertex -1.42033 -0.934165 1
      vertex -2.82408 -1.70721 1
      vertex -2.71585 -1.87461 1
    endloop
  endfacet
  facet normal 0 0 1
    outer loop
      vertex -1.59748 0.581433 1
      vertex -3.15058 0.98176 1
      vertex -1.65418 0.392047 1
    endloop
  endfacet
  facet normal 0 0 1
    outer loop
      vertex -1.51917 -0.762959 1
      vertex -2.922 -1.53359 1
      vertex -2.82408 -1.70721 1
    endloop
  endfacet
  facet normal -0 0 1
    outer loop
      vertex -3.20411 0.789742 1
      vertex -1.65418 0.392047 1
      vertex -3.15058 0.98176 1
    endloop
  endfacet
  facet normal 0 0 1
    outer loop
      vertex -1.51917 -0.762959 1
      vertex -3.00927 -1.35436 1
      vertex -2.922 -1.53359 1
    endloop
  endfacet
  facet normal -0 0 1
    outer loop
      vertex -3.24594 0.594841 1
      vertex -1.65418 0.392047 1
      vertex -3.20411 0.789742 1
    endloop
  endfacet
  facet normal 0 0 1
    outer loop
      vertex -1.59748 -0.581433 1
      vertex -3.08555 -1.1702 1
      vertex -3.00927 -1.35436 1
    endloop
  endfacet
  facet normal 0 0 1
    outer loop
      vertex -1.65418 0.392047 1
      vertex -3.24594 0.594841 1
      vertex -1.68851 0.197357 1
    endloop
  endfacet
  facet normal 0 0 1
    outer loop
      vertex -1.59748 -0.581433 1
      vertex -3.15058 -0.98176 1
      vertex -3.08555 -1.1702 1
    endloop
  endfacet
  facet normal -0 0 1
    outer loop
      vertex -3.27594 0.397771 1
      vertex -1.68851 0.197357 1
      vertex -3.24594 0.594841 1
    endloop
  endfacet
  facet normal 0 0 1
    outer loop
      vertex -1.65418 -0.392047 1
      vertex -3.20411 -0.789742 1
      vertex -3.15058 -0.98176 1
    endloop
  endfacet
  facet normal -0 0 1
    outer loop
      vertex -3.29398 0.199248 1
      vertex -1.68851 0.197357 1
      vertex -3.27594 0.397771 1
    endloop
  endfacet
  facet normal 0 0 1
    outer loop
      vertex -1.65418 -0.392047 1
      vertex -3.24594 -0.594841 1
      vertex -3.20411 -0.789742 1
    endloop
  endfacet
  facet normal 0 0 1
    outer loop
      vertex -1.68851 0.197357 1
      vertex -3.29398 0.199248 1
      vertex -1.7 0 1
    endloop
  endfacet
  facet normal 0 0 1
    outer loop
      vertex -1.68851 -0.197357 1
      vertex -3.27594 -0.397771 1
      vertex -3.24594 -0.594841 1
    endloop
  endfacet
  facet normal 0 0 1
    outer loop
      vertex -3.3 0 1
      vertex -1.7 0 1
      vertex -3.29398 0.199248 1
    endloop
  endfacet
  facet normal 0 0 1
    outer loop
      vertex -1.68851 -0.197357 1
      vertex -3.29398 -0.199248 1
      vertex -3.27594 -0.397771 1
    endloop
  endfacet
  facet normal 0 0 1
    outer loop
      vertex -1.7 0 1
      vertex -3.3 0 1
      vertex -3.29398 -0.199248 1
    endloop
  endfacet
  facet normal -0.326218 0.945295 0
    outer loop
      vertex 1.1702 -3.08555 1
      vertex 0.98176 -3.15058 2.5
      vertex 1.1702 -3.08555 2.5
    endloop
  endfacet
  facet normal -0.326218 0.945295 0
    outer loop
      vertex 0.98176 -3.15058 2.5
      vertex 1.1702 -3.08555 1
      vertex 0.98176 -3.15058 1
    endloop
  endfacet
  facet normal -0.209843 0.977735 0
    outer loop
      vertex 0.789742 -3.20411 1
      vertex 0.594841 -3.24594 2.5
      vertex 0.789742 -3.20411 2.5
    endloop
  endfacet
  facet normal -0.209843 0.977735 0
    outer loop
      vertex 0.594841 -3.24594 2.5
      vertex 0.789742 -3.20411 1
      vertex 0.594841 -3.24594 1
    endloop
  endfacet
  facet normal -0.839771 0.542941 0
    outer loop
      vertex 2.71585 -1.87461 1
      vertex 2.82408 -1.70721 2.5
      vertex 2.82408 -1.70721 1
    endloop
  endfacet
  facet normal -0.839771 0.542941 0
    outer loop
      vertex 2.82408 -1.70721 2.5
      vertex 2.71585 -1.87461 1
      vertex 2.71585 -1.87461 2.5
    endloop
  endfacet
  facet normal -0.87102 0.491247 0
    outer loop
      vertex 2.82408 -1.70721 1
      vertex 2.922 -1.53359 2.5
      vertex 2.922 -1.53359 1
    endloop
  endfacet
  facet normal -0.87102 0.491247 0
    outer loop
      vertex 2.922 -1.53359 2.5
      vertex 2.82408 -1.70721 1
      vertex 2.82408 -1.70721 2.5
    endloop
  endfacet
  facet normal -0.592687 0.805433 0
    outer loop
      vertex 2.03517 -2.5977 1
      vertex 1.87461 -2.71585 2.5
      vertex 2.03517 -2.5977 2.5
    endloop
  endfacet
  facet normal -0.592687 0.805433 0
    outer loop
      vertex 1.87461 -2.71585 2.5
      vertex 2.03517 -2.5977 1
      vertex 1.87461 -2.71585 1
    endloop
  endfacet
  facet normal -0.542941 0.839771 0
    outer loop
      vertex 1.87461 -2.71585 1
      vertex 1.70721 -2.82408 2.5
      vertex 1.87461 -2.71585 2.5
    endloop
  endfacet
  facet normal -0.542941 0.839771 0
    outer loop
      vertex 1.70721 -2.82408 2.5
      vertex 1.87461 -2.71585 1
      vertex 1.70721 -2.82408 1
    endloop
  endfacet
  facet normal 0.0301998 0.999544 -0
    outer loop
      vertex 0 -3.3 1
      vertex -0.199248 -3.29398 2.5
      vertex 0 -3.3 2.5
    endloop
  endfacet
  facet normal 0.0301998 0.999544 0
    outer loop
      vertex -0.199248 -3.29398 2.5
      vertex 0 -3.3 1
      vertex -0.199248 -3.29398 1
    endloop
  endfacet
  facet normal 0.150496 0.988611 -0
    outer loop
      vertex -0.397771 -3.27594 1
      vertex -0.594841 -3.24594 2.5
      vertex -0.397771 -3.27594 2.5
    endloop
  endfacet
  facet normal 0.150496 0.988611 0
    outer loop
      vertex -0.594841 -3.24594 2.5
      vertex -0.397771 -3.27594 1
      vertex -0.594841 -3.24594 1
    endloop
  endfacet
  facet normal 0.640189 0.768217 -0
    outer loop
      vertex -2.03517 -2.5977 1
      vertex -2.1883 -2.47009 2.5
      vertex -2.03517 -2.5977 2.5
    endloop
  endfacet
  facet normal 0.640189 0.768217 0
    outer loop
      vertex -2.1883 -2.47009 2.5
      vertex -2.03517 -2.5977 1
      vertex -2.1883 -2.47009 1
    endloop
  endfacet
endsolid OpenSCAD_Model
