solid OpenSCAD_Model
  facet normal 0.999848 0.0174334 0
    outer loop
      vertex 23.5 0 2
      vertex 23.4857 0.820138 0
      vertex 23.4857 0.820138 2
    endloop
  endfacet
  facet normal 0.999848 0.0174334 0
    outer loop
      vertex 23.4857 0.820138 0
      vertex 23.5 0 2
      vertex 23.5 0 0
    endloop
  endfacet
  facet normal -0.999848 0.0174334 0
    outer loop
      vertex -23.5 0 0
      vertex -23.4857 0.820138 2
      vertex -23.4857 0.820138 0
    endloop
  endfacet
  facet normal -0.999848 0.0174334 0
    outer loop
      vertex -23.4857 0.820138 2
      vertex -23.5 0 0
      vertex -23.5 0 2
    endloop
  endfacet
  facet normal 0.0174334 0.999848 -0
    outer loop
      vertex 0.820138 23.4857 0
      vertex 0 23.5 2
      vertex 0.820138 23.4857 2
    endloop
  endfacet
  facet normal 0.0174334 0.999848 0
    outer loop
      vertex 0 23.5 2
      vertex 0.820138 23.4857 0
      vertex 0 23.5 0
    endloop
  endfacet
  facet normal 0.707107 0.707107 0
    outer loop
      vertex 16.9045 16.3245 2
      vertex 16.3245 16.9045 0
      vertex 16.3245 16.9045 2
    endloop
  endfacet
  facet normal 0.707107 0.707107 0
    outer loop
      vertex 16.3245 16.9045 0
      vertex 16.9045 16.3245 2
      vertex 16.9045 16.3245 0
    endloop
  endfacet
  facet normal -0.681988 0.731363 0
    outer loop
      vertex -15.7246 17.4639 0
      vertex -16.3245 16.9045 2
      vertex -15.7246 17.4639 2
    endloop
  endfacet
  facet normal -0.681988 0.731363 0
    outer loop
      vertex -16.3245 16.9045 2
      vertex -15.7246 17.4639 0
      vertex -16.3245 16.9045 0
    endloop
  endfacet
  facet normal -0.358415 0.933562 0
    outer loop
      vertex -8.03747 22.0828 0
      vertex -8.80325 21.7888 2
      vertex -8.03747 22.0828 2
    endloop
  endfacet
  facet normal -0.358415 0.933562 0
    outer loop
      vertex -8.80325 21.7888 2
      vertex -8.03747 22.0828 0
      vertex -8.80325 21.7888 0
    endloop
  endfacet
  facet normal -0.933562 -0.358415 0
    outer loop
      vertex -21.7888 -8.80325 0
      vertex -22.0828 -8.03747 2
      vertex -22.0828 -8.03747 0
    endloop
  endfacet
  facet normal -0.933562 -0.358415 0
    outer loop
      vertex -22.0828 -8.03747 2
      vertex -21.7888 -8.80325 0
      vertex -21.7888 -8.80325 2
    endloop
  endfacet
  facet normal 0.920507 0.390727 0
    outer loop
      vertex 21.7888 8.80325 2
      vertex 21.4683 9.55831 0
      vertex 21.4683 9.55831 2
    endloop
  endfacet
  facet normal 0.920507 0.390727 0
    outer loop
      vertex 21.4683 9.55831 0
      vertex 21.7888 8.80325 2
      vertex 21.7888 8.80325 0
    endloop
  endfacet
  facet normal 0.390727 0.920507 -0
    outer loop
      vertex 9.55831 21.4683 0
      vertex 8.80325 21.7888 2
      vertex 9.55831 21.4683 2
    endloop
  endfacet
  facet normal 0.390727 0.920507 0
    outer loop
      vertex 8.80325 21.7888 2
      vertex 9.55831 21.4683 0
      vertex 8.80325 21.7888 0
    endloop
  endfacet
  facet normal 0.573544 0.819175 -0
    outer loop
      vertex 13.813 19.0119 0
      vertex 13.141 19.4824 2
      vertex 13.813 19.0119 2
    endloop
  endfacet
  facet normal 0.573544 0.819175 0
    outer loop
      vertex 13.141 19.4824 2
      vertex 13.813 19.0119 0
      vertex 13.141 19.4824 0
    endloop
  endfacet
  facet normal -0.90633 0.42257 0
    outer loop
      vertex -21.4683 9.55831 0
      vertex -21.1217 10.3017 2
      vertex -21.1217 10.3017 0
    endloop
  endfacet
  facet normal -0.90633 0.42257 0
    outer loop
      vertex -21.1217 10.3017 2
      vertex -21.4683 9.55831 0
      vertex -21.4683 9.55831 2
    endloop
  endfacet
  facet normal -0.190794 0.98163 0
    outer loop
      vertex -4.08073 23.143 0
      vertex -4.88592 22.9865 2
      vertex -4.08073 23.143 2
    endloop
  endfacet
  facet normal -0.190794 0.98163 0
    outer loop
      vertex -4.88592 22.9865 2
      vertex -4.08073 23.143 0
      vertex -4.88592 22.9865 0
    endloop
  endfacet
  facet normal -0.992541 -0.121911 0
    outer loop
      vertex -23.2713 -3.27057 0
      vertex -23.3713 -2.45642 2
      vertex -23.3713 -2.45642 0
    endloop
  endfacet
  facet normal -0.992541 -0.121911 0
    outer loop
      vertex -23.3713 -2.45642 2
      vertex -23.2713 -3.27057 0
      vertex -23.2713 -3.27057 2
    endloop
  endfacet
  facet normal 0.974348 0.225045 0
    outer loop
      vertex 22.9865 4.88592 2
      vertex 22.8019 5.68516 0
      vertex 22.8019 5.68516 2
    endloop
  endfacet
  facet normal 0.974348 0.225045 0
    outer loop
      vertex 22.8019 5.68516 0
      vertex 22.9865 4.88592 2
      vertex 22.9865 4.88592 0
    endloop
  endfacet
  facet normal 0.838686 0.544615 0
    outer loop
      vertex 19.9291 12.4531 2
      vertex 19.4824 13.141 0
      vertex 19.4824 13.141 2
    endloop
  endfacet
  facet normal 0.838686 0.544615 0
    outer loop
      vertex 19.4824 13.141 0
      vertex 19.9291 12.4531 2
      vertex 19.9291 12.4531 0
    endloop
  endfacet
  facet normal 0.891013 0.453979 0
    outer loop
      vertex 21.1217 10.3017 2
      vertex 20.7493 11.0326 0
      vertex 20.7493 11.0326 2
    endloop
  endfacet
  facet normal 0.891013 0.453979 0
    outer loop
      vertex 20.7493 11.0326 0
      vertex 21.1217 10.3017 2
      vertex 21.1217 10.3017 0
    endloop
  endfacet
  facet normal 0.225045 0.974348 -0
    outer loop
      vertex 5.68516 22.8019 0
      vertex 4.88592 22.9865 2
      vertex 5.68516 22.8019 2
    endloop
  endfacet
  facet normal 0.225045 0.974348 0
    outer loop
      vertex 4.88592 22.9865 2
      vertex 5.68516 22.8019 0
      vertex 4.88592 22.9865 0
    endloop
  endfacet
  facet normal 0.656007 0.754755 -0
    outer loop
      vertex 15.7246 17.4639 0
      vertex 15.1055 18.002 2
      vertex 15.7246 17.4639 2
    endloop
  endfacet
  facet normal 0.656007 0.754755 0
    outer loop
      vertex 15.1055 18.002 2
      vertex 15.7246 17.4639 0
      vertex 15.1055 18.002 0
    endloop
  endfacet
  facet normal -0.974348 0.225045 0
    outer loop
      vertex -22.9865 4.88592 0
      vertex -22.8019 5.68516 2
      vertex -22.8019 5.68516 0
    endloop
  endfacet
  facet normal -0.974348 0.225045 0
    outer loop
      vertex -22.8019 5.68516 2
      vertex -22.9865 4.88592 0
      vertex -22.9865 4.88592 2
    endloop
  endfacet
  facet normal -0.819175 0.573544 0
    outer loop
      vertex -19.4824 13.141 0
      vertex -19.0119 13.813 2
      vertex -19.0119 13.813 0
    endloop
  endfacet
  facet normal -0.819175 0.573544 0
    outer loop
      vertex -19.0119 13.813 2
      vertex -19.4824 13.141 0
      vertex -19.4824 13.141 2
    endloop
  endfacet
  facet normal -0.544615 0.838686 0
    outer loop
      vertex -12.4531 19.9291 0
      vertex -13.141 19.4824 2
      vertex -12.4531 19.9291 2
    endloop
  endfacet
  facet normal -0.544615 0.838686 0
    outer loop
      vertex -13.141 19.4824 2
      vertex -12.4531 19.9291 0
      vertex -13.141 19.4824 0
    endloop
  endfacet
  facet normal -0.0523002 0.998631 0
    outer loop
      vertex -0.820138 23.4857 0
      vertex -1.63928 23.4428 2
      vertex -0.820138 23.4857 2
    endloop
  endfacet
  facet normal -0.0523002 0.998631 0
    outer loop
      vertex -1.63928 23.4428 2
      vertex -0.820138 23.4857 0
      vertex -1.63928 23.4428 0
    endloop
  endfacet
  facet normal 0.484846 -0.8746 0
    outer loop
      vertex 11.0326 -20.7493 0
      vertex 11.75 -20.3516 2
      vertex 11.0326 -20.7493 2
    endloop
  endfacet
  facet normal 0.484846 -0.8746 0
    outer loop
      vertex 11.75 -20.3516 2
      vertex 11.0326 -20.7493 0
      vertex 11.75 -20.3516 0
    endloop
  endfacet
  facet normal -0.573544 -0.819175 0
    outer loop
      vertex -13.813 -19.0119 0
      vertex -13.141 -19.4824 2
      vertex -13.813 -19.0119 2
    endloop
  endfacet
  facet normal -0.573544 -0.819175 -0
    outer loop
      vertex -13.141 -19.4824 2
      vertex -13.813 -19.0119 0
      vertex -13.141 -19.4824 0
    endloop
  endfacet
  facet normal -0.945537 -0.325513 0
    outer loop
      vertex -22.0828 -8.03747 0
      vertex -22.3498 -7.2619 2
      vertex -22.3498 -7.2619 0
    endloop
  endfacet
  facet normal -0.945537 -0.325513 0
    outer loop
      vertex -22.3498 -7.2619 2
      vertex -22.0828 -8.03747 0
      vertex -22.0828 -8.03747 2
    endloop
  endfacet
  facet normal 0 0 -1
    outer loop
      vertex 23.4857 -0.820138 0
      vertex 23.4857 0.820138 0
      vertex 23.5 0 0
    endloop
  endfacet
  facet normal 0 0 -1
    outer loop
      vertex 23.4428 -1.63928 0
      vertex 23.4857 0.820138 0
      vertex 23.4857 -0.820138 0
    endloop
  endfacet
  facet normal 0 0 -1
    outer loop
      vertex 23.4428 -1.63928 0
      vertex 23.4428 1.63928 0
      vertex 23.4857 0.820138 0
    endloop
  endfacet
  facet normal 0 0 -1
    outer loop
      vertex 23.3713 -2.45642 0
      vertex 23.4428 1.63928 0
      vertex 23.4428 -1.63928 0
    endloop
  endfacet
  facet normal 0 0 -1
    outer loop
      vertex 23.3713 -2.45642 0
      vertex 23.3713 2.45642 0
      vertex 23.4428 1.63928 0
    endloop
  endfacet
  facet normal 0 0 -1
    outer loop
      vertex 23.2713 -3.27057 0
      vertex 23.3713 2.45642 0
      vertex 23.3713 -2.45642 0
    endloop
  endfacet
  facet normal 0 0 -1
    outer loop
      vertex 23.2713 -3.27057 0
      vertex 23.2713 3.27057 0
      vertex 23.3713 2.45642 0
    endloop
  endfacet
  facet normal 0 0 -1
    outer loop
      vertex 23.143 -4.08073 0
      vertex 23.2713 3.27057 0
      vertex 23.2713 -3.27057 0
    endloop
  endfacet
  facet normal 0 0 -1
    outer loop
      vertex 23.143 -4.08073 0
      vertex 23.143 4.08073 0
      vertex 23.2713 3.27057 0
    endloop
  endfacet
  facet normal 0 0 -1
    outer loop
      vertex 22.9865 -4.88592 0
      vertex 23.143 4.08073 0
      vertex 23.143 -4.08073 0
    endloop
  endfacet
  facet normal 0 0 -1
    outer loop
      vertex 22.9865 -4.88592 0
      vertex 22.9865 4.88592 0
      vertex 23.143 4.08073 0
    endloop
  endfacet
  facet normal 0 0 -1
    outer loop
      vertex 22.8019 -5.68516 0
      vertex 22.9865 4.88592 0
      vertex 22.9865 -4.88592 0
    endloop
  endfacet
  facet normal 0 0 -1
    outer loop
      vertex 22.8019 -5.68516 0
      vertex 22.8019 5.68516 0
      vertex 22.9865 4.88592 0
    endloop
  endfacet
  facet normal 0 0 -1
    outer loop
      vertex 22.5896 -6.47748 0
      vertex 22.8019 5.68516 0
      vertex 22.8019 -5.68516 0
    endloop
  endfacet
  facet normal 0 0 -1
    outer loop
      vertex 22.5896 -6.47748 0
      vertex 22.5896 6.47748 0
      vertex 22.8019 5.68516 0
    endloop
  endfacet
  facet normal 0 0 -1
    outer loop
      vertex 22.3498 -7.2619 0
      vertex 22.5896 6.47748 0
      vertex 22.5896 -6.47748 0
    endloop
  endfacet
  facet normal 0 0 -1
    outer loop
      vertex 22.3498 -7.2619 0
      vertex 22.3498 7.2619 0
      vertex 22.5896 6.47748 0
    endloop
  endfacet
  facet normal 0 0 -1
    outer loop
      vertex 22.0828 -8.03747 0
      vertex 22.3498 7.2619 0
      vertex 22.3498 -7.2619 0
    endloop
  endfacet
  facet normal 0 0 -1
    outer loop
      vertex 22.0828 -8.03747 0
      vertex 22.0828 8.03747 0
      vertex 22.3498 7.2619 0
    endloop
  endfacet
  facet normal 0 0 -1
    outer loop
      vertex 21.7888 -8.80325 0
      vertex 22.0828 8.03747 0
      vertex 22.0828 -8.03747 0
    endloop
  endfacet
  facet normal 0 0 -1
    outer loop
      vertex 21.7888 -8.80325 0
      vertex 21.7888 8.80325 0
      vertex 22.0828 8.03747 0
    endloop
  endfacet
  facet normal 0 0 -1
    outer loop
      vertex 21.4683 -9.55831 0
      vertex 21.7888 8.80325 0
      vertex 21.7888 -8.80325 0
    endloop
  endfacet
  facet normal 0 0 -1
    outer loop
      vertex 21.4683 -9.55831 0
      vertex 21.4683 9.55831 0
      vertex 21.7888 8.80325 0
    endloop
  endfacet
  facet normal 0 0 -1
    outer loop
      vertex 21.1217 -10.3017 0
      vertex 21.4683 9.55831 0
      vertex 21.4683 -9.55831 0
    endloop
  endfacet
  facet normal 0 0 -1
    outer loop
      vertex 21.1217 -10.3017 0
      vertex 21.1217 10.3017 0
      vertex 21.4683 9.55831 0
    endloop
  endfacet
  facet normal 0 0 -1
    outer loop
      vertex 20.7493 -11.0326 0
      vertex 21.1217 10.3017 0
      vertex 21.1217 -10.3017 0
    endloop
  endfacet
  facet normal 0 0 -1
    outer loop
      vertex 20.7493 -11.0326 0
      vertex 20.7493 11.0326 0
      vertex 21.1217 10.3017 0
    endloop
  endfacet
  facet normal 0 0 -1
    outer loop
      vertex 20.3516 -11.75 0
      vertex 20.7493 11.0326 0
      vertex 20.7493 -11.0326 0
    endloop
  endfacet
  facet normal 0 0 -1
    outer loop
      vertex 20.3516 -11.75 0
      vertex 20.3516 11.75 0
      vertex 20.7493 11.0326 0
    endloop
  endfacet
  facet normal 0 0 -1
    outer loop
      vertex 19.9291 -12.4531 0
      vertex 20.3516 11.75 0
      vertex 20.3516 -11.75 0
    endloop
  endfacet
  facet normal 0 0 -1
    outer loop
      vertex 19.9291 -12.4531 0
      vertex 19.9291 12.4531 0
      vertex 20.3516 11.75 0
    endloop
  endfacet
  facet normal 0 0 -1
    outer loop
      vertex 19.4824 -13.141 0
      vertex 19.9291 12.4531 0
      vertex 19.9291 -12.4531 0
    endloop
  endfacet
  facet normal 0 0 -1
    outer loop
      vertex 19.4824 -13.141 0
      vertex 19.4824 13.141 0
      vertex 19.9291 12.4531 0
    endloop
  endfacet
  facet normal 0 0 -1
    outer loop
      vertex 19.0119 -13.813 0
      vertex 19.4824 13.141 0
      vertex 19.4824 -13.141 0
    endloop
  endfacet
  facet normal 0 0 -1
    outer loop
      vertex 19.0119 -13.813 0
      vertex 19.0119 13.813 0
      vertex 19.4824 13.141 0
    endloop
  endfacet
  facet normal 0 0 -1
    outer loop
      vertex 18.5183 -14.468 0
      vertex 19.0119 13.813 0
      vertex 19.0119 -13.813 0
    endloop
  endfacet
  facet normal 0 0 -1
    outer loop
      vertex 18.5183 -14.468 0
      vertex 18.5183 14.468 0
      vertex 19.0119 13.813 0
    endloop
  endfacet
  facet normal 0 0 -1
    outer loop
      vertex 18.002 -15.1055 0
      vertex 18.5183 14.468 0
      vertex 18.5183 -14.468 0
    endloop
  endfacet
  facet normal 0 0 -1
    outer loop
      vertex 18.002 -15.1055 0
      vertex 18.002 15.1055 0
      vertex 18.5183 14.468 0
    endloop
  endfacet
  facet normal 0 0 -1
    outer loop
      vertex 17.4639 -15.7246 0
      vertex 18.002 15.1055 0
      vertex 18.002 -15.1055 0
    endloop
  endfacet
  facet normal 0 0 -1
    outer loop
      vertex 17.4639 -15.7246 0
      vertex 17.4639 15.7246 0
      vertex 18.002 15.1055 0
    endloop
  endfacet
  facet normal 0 0 -1
    outer loop
      vertex 16.9045 -16.3245 0
      vertex 17.4639 15.7246 0
      vertex 17.4639 -15.7246 0
    endloop
  endfacet
  facet normal 0 0 -1
    outer loop
      vertex 16.9045 -16.3245 0
      vertex 16.9045 16.3245 0
      vertex 17.4639 15.7246 0
    endloop
  endfacet
  facet normal 0 0 -1
    outer loop
      vertex 16.3245 -16.9045 0
      vertex 16.9045 16.3245 0
      vertex 16.9045 -16.3245 0
    endloop
  endfacet
  facet normal 0 0 -1
    outer loop
      vertex 16.3245 -16.9045 0
      vertex 16.3245 16.9045 0
      vertex 16.9045 16.3245 0
    endloop
  endfacet
  facet normal 0 0 -1
    outer loop
      vertex 15.7246 -17.4639 0
      vertex 16.3245 16.9045 0
      vertex 16.3245 -16.9045 0
    endloop
  endfacet
  facet normal 0 0 -1
    outer loop
      vertex 15.7246 -17.4639 0
      vertex 15.7246 17.4639 0
      vertex 16.3245 16.9045 0
    endloop
  endfacet
  facet normal 0 0 -1
    outer loop
      vertex 15.1055 -18.002 0
      vertex 15.7246 17.4639 0
      vertex 15.7246 -17.4639 0
    endloop
  endfacet
  facet normal 0 0 -1
    outer loop
      vertex 15.1055 -18.002 0
      vertex 15.1055 18.002 0
      vertex 15.7246 17.4639 0
    endloop
  endfacet
  facet normal 0 0 -1
    outer loop
      vertex 14.468 -18.5183 0
      vertex 15.1055 18.002 0
      vertex 15.1055 -18.002 0
    endloop
  endfacet
  facet normal 0 0 -1
    outer loop
      vertex 14.468 -18.5183 0
      vertex 14.468 18.5183 0
      vertex 15.1055 18.002 0
    endloop
  endfacet
  facet normal 0 0 -1
    outer loop
      vertex 13.813 -19.0119 0
      vertex 14.468 18.5183 0
      vertex 14.468 -18.5183 0
    endloop
  endfacet
  facet normal 0 0 -1
    outer loop
      vertex 13.813 -19.0119 0
      vertex 13.813 19.0119 0
      vertex 14.468 18.5183 0
    endloop
  endfacet
  facet normal 0 0 -1
    outer loop
      vertex 13.141 -19.4824 0
      vertex 13.813 19.0119 0
      vertex 13.813 -19.0119 0
    endloop
  endfacet
  facet normal 0 0 -1
    outer loop
      vertex 13.141 -19.4824 0
      vertex 13.141 19.4824 0
      vertex 13.813 19.0119 0
    endloop
  endfacet
  facet normal 0 0 -1
    outer loop
      vertex 12.4531 -19.9291 0
      vertex 13.141 19.4824 0
      vertex 13.141 -19.4824 0
    endloop
  endfacet
  facet normal 0 0 -1
    outer loop
      vertex 12.4531 -19.9291 0
      vertex 12.4531 19.9291 0
      vertex 13.141 19.4824 0
    endloop
  endfacet
  facet normal 0 0 -1
    outer loop
      vertex 11.75 -20.3516 0
      vertex 12.4531 19.9291 0
      vertex 12.4531 -19.9291 0
    endloop
  endfacet
  facet normal 0 0 -1
    outer loop
      vertex 11.75 -20.3516 0
      vertex 11.75 20.3516 0
      vertex 12.4531 19.9291 0
    endloop
  endfacet
  facet normal 0 0 -1
    outer loop
      vertex 11.0326 -20.7493 0
      vertex 11.75 20.3516 0
      vertex 11.75 -20.3516 0
    endloop
  endfacet
  facet normal 0 0 -1
    outer loop
      vertex 11.0326 -20.7493 0
      vertex 11.0326 20.7493 0
      vertex 11.75 20.3516 0
    endloop
  endfacet
  facet normal 0 0 -1
    outer loop
      vertex 10.3017 -21.1217 0
      vertex 11.0326 20.7493 0
      vertex 11.0326 -20.7493 0
    endloop
  endfacet
  facet normal 0 0 -1
    outer loop
      vertex 10.3017 -21.1217 0
      vertex 10.3017 21.1217 0
      vertex 11.0326 20.7493 0
    endloop
  endfacet
  facet normal 0 0 -1
    outer loop
      vertex 9.55831 -21.4683 0
      vertex 10.3017 21.1217 0
      vertex 10.3017 -21.1217 0
    endloop
  endfacet
  facet normal 0 0 -1
    outer loop
      vertex 9.55831 -21.4683 0
      vertex 9.55831 21.4683 0
      vertex 10.3017 21.1217 0
    endloop
  endfacet
  facet normal 0 0 -1
    outer loop
      vertex 8.80325 -21.7888 0
      vertex 9.55831 21.4683 0
      vertex 9.55831 -21.4683 0
    endloop
  endfacet
  facet normal 0 0 -1
    outer loop
      vertex 8.80325 -21.7888 0
      vertex 8.80325 21.7888 0
      vertex 9.55831 21.4683 0
    endloop
  endfacet
  facet normal 0 0 -1
    outer loop
      vertex 8.03747 -22.0828 0
      vertex 8.80325 21.7888 0
      vertex 8.80325 -21.7888 0
    endloop
  endfacet
  facet normal 0 0 -1
    outer loop
      vertex 8.03747 -22.0828 0
      vertex 8.03747 22.0828 0
      vertex 8.80325 21.7888 0
    endloop
  endfacet
  facet normal 0 0 -1
    outer loop
      vertex 7.2619 -22.3498 0
      vertex 8.03747 22.0828 0
      vertex 8.03747 -22.0828 0
    endloop
  endfacet
  facet normal 0 0 -1
    outer loop
      vertex 7.2619 -22.3498 0
      vertex 7.2619 22.3498 0
      vertex 8.03747 22.0828 0
    endloop
  endfacet
  facet normal 0 0 -1
    outer loop
      vertex 6.47748 -22.5896 0
      vertex 7.2619 22.3498 0
      vertex 7.2619 -22.3498 0
    endloop
  endfacet
  facet normal 0 0 -1
    outer loop
      vertex 6.47748 -22.5896 0
      vertex 6.47748 22.5896 0
      vertex 7.2619 22.3498 0
    endloop
  endfacet
  facet normal 0 0 -1
    outer loop
      vertex 5.68516 -22.8019 0
      vertex 6.47748 22.5896 0
      vertex 6.47748 -22.5896 0
    endloop
  endfacet
  facet normal 0 0 -1
    outer loop
      vertex 5.68516 -22.8019 0
      vertex 5.68516 22.8019 0
      vertex 6.47748 22.5896 0
    endloop
  endfacet
  facet normal 0 0 -1
    outer loop
      vertex 4.88592 -22.9865 0
      vertex 5.68516 22.8019 0
      vertex 5.68516 -22.8019 0
    endloop
  endfacet
  facet normal 0 0 -1
    outer loop
      vertex 4.88592 -22.9865 0
      vertex 4.88592 22.9865 0
      vertex 5.68516 22.8019 0
    endloop
  endfacet
  facet normal 0 0 -1
    outer loop
      vertex 4.08073 -23.143 0
      vertex 4.88592 22.9865 0
      vertex 4.88592 -22.9865 0
    endloop
  endfacet
  facet normal 0 0 -1
    outer loop
      vertex 4.08073 -23.143 0
      vertex 4.08073 23.143 0
      vertex 4.88592 22.9865 0
    endloop
  endfacet
  facet normal 0 0 -1
    outer loop
      vertex 3.27057 -23.2713 0
      vertex 4.08073 23.143 0
      vertex 4.08073 -23.143 0
    endloop
  endfacet
  facet normal 0 0 -1
    outer loop
      vertex 3.27057 -23.2713 0
      vertex 3.27057 23.2713 0
      vertex 4.08073 23.143 0
    endloop
  endfacet
  facet normal 0 0 -1
    outer loop
      vertex 2.45642 -23.3713 0
      vertex 3.27057 23.2713 0
      vertex 3.27057 -23.2713 0
    endloop
  endfacet
  facet normal 0 0 -1
    outer loop
      vertex 2.45642 -23.3713 0
      vertex 2.45642 23.3713 0
      vertex 3.27057 23.2713 0
    endloop
  endfacet
  facet normal 0 0 -1
    outer loop
      vertex 1.63928 -23.4428 0
      vertex 2.45642 23.3713 0
      vertex 2.45642 -23.3713 0
    endloop
  endfacet
  facet normal 0 0 -1
    outer loop
      vertex 1.63928 -23.4428 0
      vertex 1.63928 23.4428 0
      vertex 2.45642 23.3713 0
    endloop
  endfacet
  facet normal 0 0 -1
    outer loop
      vertex 0.820138 -23.4857 0
      vertex 1.63928 23.4428 0
      vertex 1.63928 -23.4428 0
    endloop
  endfacet
  facet normal 0 0 -1
    outer loop
      vertex 0.820138 -23.4857 0
      vertex 0.820138 23.4857 0
      vertex 1.63928 23.4428 0
    endloop
  endfacet
  facet normal 0 0 -1
    outer loop
      vertex 0 -23.5 0
      vertex 0.820138 23.4857 0
      vertex 0.820138 -23.4857 0
    endloop
  endfacet
  facet normal 0 0 -1
    outer loop
      vertex 0 -23.5 0
      vertex 0 23.5 0
      vertex 0.820138 23.4857 0
    endloop
  endfacet
  facet normal 0 0 -1
    outer loop
      vertex -0.820138 -23.4857 0
      vertex 0 23.5 0
      vertex 0 -23.5 0
    endloop
  endfacet
  facet normal 0 0 -1
    outer loop
      vertex -0.820138 -23.4857 0
      vertex -0.820138 23.4857 0
      vertex 0 23.5 0
    endloop
  endfacet
  facet normal 0 0 -1
    outer loop
      vertex -1.63928 -23.4428 0
      vertex -0.820138 23.4857 0
      vertex -0.820138 -23.4857 0
    endloop
  endfacet
  facet normal 0 0 -1
    outer loop
      vertex -1.63928 -23.4428 0
      vertex -1.63928 23.4428 0
      vertex -0.820138 23.4857 0
    endloop
  endfacet
  facet normal 0 0 -1
    outer loop
      vertex -2.45642 -23.3713 0
      vertex -1.63928 23.4428 0
      vertex -1.63928 -23.4428 0
    endloop
  endfacet
  facet normal 0 0 -1
    outer loop
      vertex -2.45642 -23.3713 0
      vertex -2.45642 23.3713 0
      vertex -1.63928 23.4428 0
    endloop
  endfacet
  facet normal 0 0 -1
    outer loop
      vertex -3.27057 -23.2713 0
      vertex -2.45642 23.3713 0
      vertex -2.45642 -23.3713 0
    endloop
  endfacet
  facet normal 0 0 -1
    outer loop
      vertex -3.27057 -23.2713 0
      vertex -3.27057 23.2713 0
      vertex -2.45642 23.3713 0
    endloop
  endfacet
  facet normal 0 0 -1
    outer loop
      vertex -4.08073 -23.143 0
      vertex -3.27057 23.2713 0
      vertex -3.27057 -23.2713 0
    endloop
  endfacet
  facet normal 0 0 -1
    outer loop
      vertex -4.08073 -23.143 0
      vertex -4.08073 23.143 0
      vertex -3.27057 23.2713 0
    endloop
  endfacet
  facet normal 0 0 -1
    outer loop
      vertex -4.88592 -22.9865 0
      vertex -4.08073 23.143 0
      vertex -4.08073 -23.143 0
    endloop
  endfacet
  facet normal 0 0 -1
    outer loop
      vertex -4.88592 -22.9865 0
      vertex -4.88592 22.9865 0
      vertex -4.08073 23.143 0
    endloop
  endfacet
  facet normal 0 0 -1
    outer loop
      vertex -5.68516 -22.8019 0
      vertex -4.88592 22.9865 0
      vertex -4.88592 -22.9865 0
    endloop
  endfacet
  facet normal 0 0 -1
    outer loop
      vertex -5.68516 -22.8019 0
      vertex -5.68516 22.8019 0
      vertex -4.88592 22.9865 0
    endloop
  endfacet
  facet normal 0 0 -1
    outer loop
      vertex -6.47748 -22.5896 0
      vertex -5.68516 22.8019 0
      vertex -5.68516 -22.8019 0
    endloop
  endfacet
  facet normal 0 0 -1
    outer loop
      vertex -6.47748 -22.5896 0
      vertex -6.47748 22.5896 0
      vertex -5.68516 22.8019 0
    endloop
  endfacet
  facet normal 0 0 -1
    outer loop
      vertex -7.2619 -22.3498 0
      vertex -6.47748 22.5896 0
      vertex -6.47748 -22.5896 0
    endloop
  endfacet
  facet normal 0 0 -1
    outer loop
      vertex -7.2619 -22.3498 0
      vertex -7.2619 22.3498 0
      vertex -6.47748 22.5896 0
    endloop
  endfacet
  facet normal 0 0 -1
    outer loop
      vertex -8.03747 -22.0828 0
      vertex -7.2619 22.3498 0
      vertex -7.2619 -22.3498 0
    endloop
  endfacet
  facet normal 0 0 -1
    outer loop
      vertex -8.03747 -22.0828 0
      vertex -8.03747 22.0828 0
      vertex -7.2619 22.3498 0
    endloop
  endfacet
  facet normal 0 0 -1
    outer loop
      vertex -8.80325 -21.7888 0
      vertex -8.03747 22.0828 0
      vertex -8.03747 -22.0828 0
    endloop
  endfacet
  facet normal 0 0 -1
    outer loop
      vertex -8.80325 -21.7888 0
      vertex -8.80325 21.7888 0
      vertex -8.03747 22.0828 0
    endloop
  endfacet
  facet normal 0 0 -1
    outer loop
      vertex -9.55831 -21.4683 0
      vertex -8.80325 21.7888 0
      vertex -8.80325 -21.7888 0
    endloop
  endfacet
  facet normal 0 0 -1
    outer loop
      vertex -9.55831 -21.4683 0
      vertex -9.55831 21.4683 0
      vertex -8.80325 21.7888 0
    endloop
  endfacet
  facet normal 0 0 -1
    outer loop
      vertex -10.3017 -21.1217 0
      vertex -9.55831 21.4683 0
      vertex -9.55831 -21.4683 0
    endloop
  endfacet
  facet normal 0 0 -1
    outer loop
      vertex -10.3017 -21.1217 0
      vertex -10.3017 21.1217 0
      vertex -9.55831 21.4683 0
    endloop
  endfacet
  facet normal 0 0 -1
    outer loop
      vertex -11.0326 -20.7493 0
      vertex -10.3017 21.1217 0
      vertex -10.3017 -21.1217 0
    endloop
  endfacet
  facet normal 0 0 -1
    outer loop
      vertex -11.0326 -20.7493 0
      vertex -11.0326 20.7493 0
      vertex -10.3017 21.1217 0
    endloop
  endfacet
  facet normal 0 0 -1
    outer loop
      vertex -11.75 -20.3516 0
      vertex -11.0326 20.7493 0
      vertex -11.0326 -20.7493 0
    endloop
  endfacet
  facet normal 0 0 -1
    outer loop
      vertex -11.75 -20.3516 0
      vertex -11.75 20.3516 0
      vertex -11.0326 20.7493 0
    endloop
  endfacet
  facet normal 0 0 -1
    outer loop
      vertex -12.4531 -19.9291 0
      vertex -11.75 20.3516 0
      vertex -11.75 -20.3516 0
    endloop
  endfacet
  facet normal 0 0 -1
    outer loop
      vertex -12.4531 -19.9291 0
      vertex -12.4531 19.9291 0
      vertex -11.75 20.3516 0
    endloop
  endfacet
  facet normal 0 0 -1
    outer loop
      vertex -13.141 -19.4824 0
      vertex -12.4531 19.9291 0
      vertex -12.4531 -19.9291 0
    endloop
  endfacet
  facet normal 0 0 -1
    outer loop
      vertex -13.141 -19.4824 0
      vertex -13.141 19.4824 0
      vertex -12.4531 19.9291 0
    endloop
  endfacet
  facet normal 0 0 -1
    outer loop
      vertex -13.813 -19.0119 0
      vertex -13.141 19.4824 0
      vertex -13.141 -19.4824 0
    endloop
  endfacet
  facet normal 0 0 -1
    outer loop
      vertex -13.813 -19.0119 0
      vertex -13.813 19.0119 0
      vertex -13.141 19.4824 0
    endloop
  endfacet
  facet normal 0 0 -1
    outer loop
      vertex -14.468 -18.5183 0
      vertex -13.813 19.0119 0
      vertex -13.813 -19.0119 0
    endloop
  endfacet
  facet normal 0 0 -1
    outer loop
      vertex -14.468 -18.5183 0
      vertex -14.468 18.5183 0
      vertex -13.813 19.0119 0
    endloop
  endfacet
  facet normal 0 0 -1
    outer loop
      vertex -15.1055 -18.002 0
      vertex -14.468 18.5183 0
      vertex -14.468 -18.5183 0
    endloop
  endfacet
  facet normal 0 0 -1
    outer loop
      vertex -15.1055 -18.002 0
      vertex -15.1055 18.002 0
      vertex -14.468 18.5183 0
    endloop
  endfacet
  facet normal 0 0 -1
    outer loop
      vertex -15.7246 -17.4639 0
      vertex -15.1055 18.002 0
      vertex -15.1055 -18.002 0
    endloop
  endfacet
  facet normal 0 0 -1
    outer loop
      vertex -15.7246 -17.4639 0
      vertex -15.7246 17.4639 0
      vertex -15.1055 18.002 0
    endloop
  endfacet
  facet normal 0 0 -1
    outer loop
      vertex -16.3245 -16.9045 0
      vertex -15.7246 17.4639 0
      vertex -15.7246 -17.4639 0
    endloop
  endfacet
  facet normal 0 0 -1
    outer loop
      vertex -16.3245 -16.9045 0
      vertex -16.3245 16.9045 0
      vertex -15.7246 17.4639 0
    endloop
  endfacet
  facet normal 0 0 -1
    outer loop
      vertex -16.9045 -16.3245 0
      vertex -16.3245 16.9045 0
      vertex -16.3245 -16.9045 0
    endloop
  endfacet
  facet normal 0 0 -1
    outer loop
      vertex -16.9045 -16.3245 0
      vertex -16.9045 16.3245 0
      vertex -16.3245 16.9045 0
    endloop
  endfacet
  facet normal 0 0 -1
    outer loop
      vertex -17.4639 -15.7246 0
      vertex -16.9045 16.3245 0
      vertex -16.9045 -16.3245 0
    endloop
  endfacet
  facet normal 0 0 -1
    outer loop
      vertex -17.4639 -15.7246 0
      vertex -17.4639 15.7246 0
      vertex -16.9045 16.3245 0
    endloop
  endfacet
  facet normal 0 0 -1
    outer loop
      vertex -18.002 -15.1055 0
      vertex -17.4639 15.7246 0
      vertex -17.4639 -15.7246 0
    endloop
  endfacet
  facet normal 0 0 -1
    outer loop
      vertex -18.002 -15.1055 0
      vertex -18.002 15.1055 0
      vertex -17.4639 15.7246 0
    endloop
  endfacet
  facet normal 0 0 -1
    outer loop
      vertex -18.5183 -14.468 0
      vertex -18.002 15.1055 0
      vertex -18.002 -15.1055 0
    endloop
  endfacet
  facet normal 0 0 -1
    outer loop
      vertex -18.5183 -14.468 0
      vertex -18.5183 14.468 0
      vertex -18.002 15.1055 0
    endloop
  endfacet
  facet normal 0 0 -1
    outer loop
      vertex -19.0119 -13.813 0
      vertex -18.5183 14.468 0
      vertex -18.5183 -14.468 0
    endloop
  endfacet
  facet normal 0 0 -1
    outer loop
      vertex -19.0119 -13.813 0
      vertex -19.0119 13.813 0
      vertex -18.5183 14.468 0
    endloop
  endfacet
  facet normal 0 0 -1
    outer loop
      vertex -19.4824 -13.141 0
      vertex -19.0119 13.813 0
      vertex -19.0119 -13.813 0
    endloop
  endfacet
  facet normal 0 0 -1
    outer loop
      vertex -19.4824 -13.141 0
      vertex -19.4824 13.141 0
      vertex -19.0119 13.813 0
    endloop
  endfacet
  facet normal 0 0 -1
    outer loop
      vertex -19.9291 -12.4531 0
      vertex -19.4824 13.141 0
      vertex -19.4824 -13.141 0
    endloop
  endfacet
  facet normal 0 0 -1
    outer loop
      vertex -19.9291 -12.4531 0
      vertex -19.9291 12.4531 0
      vertex -19.4824 13.141 0
    endloop
  endfacet
  facet normal 0 0 -1
    outer loop
      vertex -20.3516 -11.75 0
      vertex -19.9291 12.4531 0
      vertex -19.9291 -12.4531 0
    endloop
  endfacet
  facet normal 0 0 -1
    outer loop
      vertex -20.3516 -11.75 0
      vertex -20.3516 11.75 0
      vertex -19.9291 12.4531 0
    endloop
  endfacet
  facet normal 0 0 -1
    outer loop
      vertex -20.7493 -11.0326 0
      vertex -20.3516 11.75 0
      vertex -20.3516 -11.75 0
    endloop
  endfacet
  facet normal 0 0 -1
    outer loop
      vertex -20.7493 -11.0326 0
      vertex -20.7493 11.0326 0
      vertex -20.3516 11.75 0
    endloop
  endfacet
  facet normal 0 0 -1
    outer loop
      vertex -21.1217 -10.3017 0
      vertex -20.7493 11.0326 0
      vertex -20.7493 -11.0326 0
    endloop
  endfacet
  facet normal 0 0 -1
    outer loop
      vertex -21.1217 -10.3017 0
      vertex -21.1217 10.3017 0
      vertex -20.7493 11.0326 0
    endloop
  endfacet
  facet normal 0 0 -1
    outer loop
      vertex -21.4683 -9.55831 0
      vertex -21.1217 10.3017 0
      vertex -21.1217 -10.3017 0
    endloop
  endfacet
  facet normal 0 0 -1
    outer loop
      vertex -21.4683 -9.55831 0
      vertex -21.4683 9.55831 0
      vertex -21.1217 10.3017 0
    endloop
  endfacet
  facet normal 0 0 -1
    outer loop
      vertex -21.7888 -8.80325 0
      vertex -21.4683 9.55831 0
      vertex -21.4683 -9.55831 0
    endloop
  endfacet
  facet normal 0 0 -1
    outer loop
      vertex -21.7888 -8.80325 0
      vertex -21.7888 8.80325 0
      vertex -21.4683 9.55831 0
    endloop
  endfacet
  facet normal 0 0 -1
    outer loop
      vertex -22.0828 -8.03747 0
      vertex -21.7888 8.80325 0
      vertex -21.7888 -8.80325 0
    endloop
  endfacet
  facet normal 0 0 -1
    outer loop
      vertex -22.0828 -8.03747 0
      vertex -22.0828 8.03747 0
      vertex -21.7888 8.80325 0
    endloop
  endfacet
  facet normal 0 0 -1
    outer loop
      vertex -22.3498 -7.2619 0
      vertex -22.0828 8.03747 0
      vertex -22.0828 -8.03747 0
    endloop
  endfacet
  facet normal 0 0 -1
    outer loop
      vertex -22.3498 -7.2619 0
      vertex -22.3498 7.2619 0
      vertex -22.0828 8.03747 0
    endloop
  endfacet
  facet normal 0 0 -1
    outer loop
      vertex -22.5896 -6.47748 0
      vertex -22.3498 7.2619 0
      vertex -22.3498 -7.2619 0
    endloop
  endfacet
  facet normal 0 0 -1
    outer loop
      vertex -22.5896 -6.47748 0
      vertex -22.5896 6.47748 0
      vertex -22.3498 7.2619 0
    endloop
  endfacet
  facet normal 0 0 -1
    outer loop
      vertex -22.8019 -5.68516 0
      vertex -22.5896 6.47748 0
      vertex -22.5896 -6.47748 0
    endloop
  endfacet
  facet normal 0 0 -1
    outer loop
      vertex -22.8019 -5.68516 0
      vertex -22.8019 5.68516 0
      vertex -22.5896 6.47748 0
    endloop
  endfacet
  facet normal 0 0 -1
    outer loop
      vertex -22.9865 -4.88592 0
      vertex -22.8019 5.68516 0
      vertex -22.8019 -5.68516 0
    endloop
  endfacet
  facet normal 0 0 -1
    outer loop
      vertex -22.9865 -4.88592 0
      vertex -22.9865 4.88592 0
      vertex -22.8019 5.68516 0
    endloop
  endfacet
  facet normal 0 0 -1
    outer loop
      vertex -23.143 -4.08073 0
      vertex -22.9865 4.88592 0
      vertex -22.9865 -4.88592 0
    endloop
  endfacet
  facet normal 0 0 -1
    outer loop
      vertex -23.143 -4.08073 0
      vertex -23.143 4.08073 0
      vertex -22.9865 4.88592 0
    endloop
  endfacet
  facet normal 0 0 -1
    outer loop
      vertex -23.2713 -3.27057 0
      vertex -23.143 4.08073 0
      vertex -23.143 -4.08073 0
    endloop
  endfacet
  facet normal 0 0 -1
    outer loop
      vertex -23.2713 -3.27057 0
      vertex -23.2713 3.27057 0
      vertex -23.143 4.08073 0
    endloop
  endfacet
  facet normal 0 0 -1
    outer loop
      vertex -23.3713 -2.45642 0
      vertex -23.2713 3.27057 0
      vertex -23.2713 -3.27057 0
    endloop
  endfacet
  facet normal 0 0 -1
    outer loop
      vertex -23.3713 -2.45642 0
      vertex -23.3713 2.45642 0
      vertex -23.2713 3.27057 0
    endloop
  endfacet
  facet normal 0 0 -1
    outer loop
      vertex -23.4428 -1.63928 0
      vertex -23.3713 2.45642 0
      vertex -23.3713 -2.45642 0
    endloop
  endfacet
  facet normal 0 0 -1
    outer loop
      vertex -23.4428 -1.63928 0
      vertex -23.4428 1.63928 0
      vertex -23.3713 2.45642 0
    endloop
  endfacet
  facet normal 0 0 -1
    outer loop
      vertex -23.4857 -0.820138 0
      vertex -23.4428 1.63928 0
      vertex -23.4428 -1.63928 0
    endloop
  endfacet
  facet normal 0 0 -1
    outer loop
      vertex -23.4857 -0.820138 0
      vertex -23.4857 0.820138 0
      vertex -23.4428 1.63928 0
    endloop
  endfacet
  facet normal 0 -0 -1
    outer loop
      vertex -23.4857 0.820138 0
      vertex -23.4857 -0.820138 0
      vertex -23.5 0 0
    endloop
  endfacet
  facet normal 0.992541 0.121911 0
    outer loop
      vertex 23.3713 2.45642 2
      vertex 23.2713 3.27057 0
      vertex 23.2713 3.27057 2
    endloop
  endfacet
  facet normal 0.992541 0.121911 0
    outer loop
      vertex 23.2713 3.27057 0
      vertex 23.3713 2.45642 2
      vertex 23.3713 2.45642 0
    endloop
  endfacet
  facet normal 0.987691 0.156415 0
    outer loop
      vertex 23.2713 3.27057 2
      vertex 23.143 4.08073 0
      vertex 23.143 4.08073 2
    endloop
  endfacet
  facet normal 0.987691 0.156415 0
    outer loop
      vertex 23.143 4.08073 0
      vertex 23.2713 3.27057 2
      vertex 23.2713 3.27057 0
    endloop
  endfacet
  facet normal 0.956312 0.292348 0
    outer loop
      vertex 22.5896 6.47748 2
      vertex 22.3498 7.2619 0
      vertex 22.3498 7.2619 2
    endloop
  endfacet
  facet normal 0.956312 0.292348 0
    outer loop
      vertex 22.3498 7.2619 0
      vertex 22.5896 6.47748 2
      vertex 22.5896 6.47748 0
    endloop
  endfacet
  facet normal 0.965926 0.258817 0
    outer loop
      vertex 22.8019 5.68516 2
      vertex 22.5896 6.47748 0
      vertex 22.5896 6.47748 2
    endloop
  endfacet
  facet normal 0.965926 0.258817 0
    outer loop
      vertex 22.5896 6.47748 0
      vertex 22.8019 5.68516 2
      vertex 22.8019 5.68516 0
    endloop
  endfacet
  facet normal 0.777109 0.629367 0
    outer loop
      vertex 18.5183 14.468 2
      vertex 18.002 15.1055 0
      vertex 18.002 15.1055 2
    endloop
  endfacet
  facet normal 0.777109 0.629367 0
    outer loop
      vertex 18.002 15.1055 0
      vertex 18.5183 14.468 2
      vertex 18.5183 14.468 0
    endloop
  endfacet
  facet normal 0.90633 0.42257 0
    outer loop
      vertex 21.4683 9.55831 2
      vertex 21.1217 10.3017 0
      vertex 21.1217 10.3017 2
    endloop
  endfacet
  facet normal 0.90633 0.42257 0
    outer loop
      vertex 21.1217 10.3017 0
      vertex 21.4683 9.55831 2
      vertex 21.4683 9.55831 0
    endloop
  endfacet
  facet normal 0.121911 0.992541 -0
    outer loop
      vertex 3.27057 23.2713 0
      vertex 2.45642 23.3713 2
      vertex 3.27057 23.2713 2
    endloop
  endfacet
  facet normal 0.121911 0.992541 0
    outer loop
      vertex 2.45642 23.3713 2
      vertex 3.27057 23.2713 0
      vertex 2.45642 23.3713 0
    endloop
  endfacet
  facet normal 0.325513 0.945537 -0
    outer loop
      vertex 8.03747 22.0828 0
      vertex 7.2619 22.3498 2
      vertex 8.03747 22.0828 2
    endloop
  endfacet
  facet normal 0.325513 0.945537 0
    outer loop
      vertex 7.2619 22.3498 2
      vertex 8.03747 22.0828 0
      vertex 7.2619 22.3498 0
    endloop
  endfacet
  facet normal 0.358415 0.933562 -0
    outer loop
      vertex 8.80325 21.7888 0
      vertex 8.03747 22.0828 2
      vertex 8.80325 21.7888 2
    endloop
  endfacet
  facet normal 0.358415 0.933562 0
    outer loop
      vertex 8.03747 22.0828 2
      vertex 8.80325 21.7888 0
      vertex 8.03747 22.0828 0
    endloop
  endfacet
  facet normal 0.292348 0.956312 -0
    outer loop
      vertex 7.2619 22.3498 0
      vertex 6.47748 22.5896 2
      vertex 7.2619 22.3498 2
    endloop
  endfacet
  facet normal 0.292348 0.956312 0
    outer loop
      vertex 6.47748 22.5896 2
      vertex 7.2619 22.3498 0
      vertex 6.47748 22.5896 0
    endloop
  endfacet
  facet normal 0.484846 0.8746 -0
    outer loop
      vertex 11.75 20.3516 0
      vertex 11.0326 20.7493 2
      vertex 11.75 20.3516 2
    endloop
  endfacet
  facet normal 0.484846 0.8746 0
    outer loop
      vertex 11.0326 20.7493 2
      vertex 11.75 20.3516 0
      vertex 11.0326 20.7493 0
    endloop
  endfacet
  facet normal 0.601832 0.798623 -0
    outer loop
      vertex 14.468 18.5183 0
      vertex 13.813 19.0119 2
      vertex 14.468 18.5183 2
    endloop
  endfacet
  facet normal 0.601832 0.798623 0
    outer loop
      vertex 13.813 19.0119 2
      vertex 14.468 18.5183 0
      vertex 13.813 19.0119 0
    endloop
  endfacet
  facet normal 0.681988 0.731363 -0
    outer loop
      vertex 16.3245 16.9045 0
      vertex 15.7246 17.4639 2
      vertex 16.3245 16.9045 2
    endloop
  endfacet
  facet normal 0.681988 0.731363 0
    outer loop
      vertex 15.7246 17.4639 2
      vertex 16.3245 16.9045 0
      vertex 15.7246 17.4639 0
    endloop
  endfacet
  facet normal -0.992541 0.121911 0
    outer loop
      vertex -23.3713 2.45642 0
      vertex -23.2713 3.27057 2
      vertex -23.2713 3.27057 0
    endloop
  endfacet
  facet normal -0.992541 0.121911 0
    outer loop
      vertex -23.2713 3.27057 2
      vertex -23.3713 2.45642 0
      vertex -23.3713 2.45642 2
    endloop
  endfacet
  facet normal -0.707107 0.707107 0
    outer loop
      vertex -16.9045 16.3245 0
      vertex -16.3245 16.9045 2
      vertex -16.3245 16.9045 0
    endloop
  endfacet
  facet normal -0.707107 0.707107 0
    outer loop
      vertex -16.3245 16.9045 2
      vertex -16.9045 16.3245 0
      vertex -16.9045 16.3245 2
    endloop
  endfacet
  facet normal -0.777109 0.629367 0
    outer loop
      vertex -18.5183 14.468 0
      vertex -18.002 15.1055 2
      vertex -18.002 15.1055 0
    endloop
  endfacet
  facet normal -0.777109 0.629367 0
    outer loop
      vertex -18.002 15.1055 2
      vertex -18.5183 14.468 0
      vertex -18.5183 14.468 2
    endloop
  endfacet
  facet normal -0.857149 0.515069 0
    outer loop
      vertex -20.3516 11.75 0
      vertex -19.9291 12.4531 2
      vertex -19.9291 12.4531 0
    endloop
  endfacet
  facet normal -0.857149 0.515069 0
    outer loop
      vertex -19.9291 12.4531 2
      vertex -20.3516 11.75 0
      vertex -20.3516 11.75 2
    endloop
  endfacet
  facet normal -0.838686 0.544615 0
    outer loop
      vertex -19.9291 12.4531 0
      vertex -19.4824 13.141 2
      vertex -19.4824 13.141 0
    endloop
  endfacet
  facet normal -0.838686 0.544615 0
    outer loop
      vertex -19.4824 13.141 2
      vertex -19.9291 12.4531 0
      vertex -19.9291 12.4531 2
    endloop
  endfacet
  facet normal -0.920507 0.390727 0
    outer loop
      vertex -21.7888 8.80325 0
      vertex -21.4683 9.55831 2
      vertex -21.4683 9.55831 0
    endloop
  endfacet
  facet normal -0.920507 0.390727 0
    outer loop
      vertex -21.4683 9.55831 2
      vertex -21.7888 8.80325 0
      vertex -21.7888 8.80325 2
    endloop
  endfacet
  facet normal -0.956312 0.292348 0
    outer loop
      vertex -22.5896 6.47748 0
      vertex -22.3498 7.2619 2
      vertex -22.3498 7.2619 0
    endloop
  endfacet
  facet normal -0.956312 0.292348 0
    outer loop
      vertex -22.3498 7.2619 2
      vertex -22.5896 6.47748 0
      vertex -22.5896 6.47748 2
    endloop
  endfacet
  facet normal -0 0 -1
    outer loop
      vertex -36.2866 18.2046 2
      vertex -43.5108 14.1375 2
      vertex -36.6628 18.316 2
    endloop
  endfacet
  facet normal -0 0 -1
    outer loop
      vertex -36.6628 18.316 2
      vertex -42.9909 15.6474 2
      vertex -37.0168 18.4849 2
    endloop
  endfacet
  facet normal 0 -0 -1
    outer loop
      vertex -42.4187 17.1383 2
      vertex -37.0168 18.4849 2
      vertex -42.9909 15.6474 2
    endloop
  endfacet
  facet normal -0 0 -1
    outer loop
      vertex -37.0168 18.4849 2
      vertex -42.4187 17.1383 2
      vertex -37.3401 18.7071 2
    endloop
  endfacet
  facet normal 0 -0 -1
    outer loop
      vertex -41.7947 18.6082 2
      vertex -37.6247 18.9772 2
      vertex -42.4187 17.1383 2
    endloop
  endfacet
  facet normal 0 0 -1
    outer loop
      vertex -38.2532 20.3887 2
      vertex -39.6207 22.875 2
      vertex -38.7982 24.2438 2
    endloop
  endfacet
  facet normal -0 0 -1
    outer loop
      vertex -37.6247 18.9772 2
      vertex -41.7947 18.6082 2
      vertex -37.8635 19.2884 2
    endloop
  endfacet
  facet normal 0 -0 -1
    outer loop
      vertex -42.9909 15.6474 2
      vertex -36.6628 18.316 2
      vertex -43.5108 14.1375 2
    endloop
  endfacet
  facet normal 0 0 -1
    outer loop
      vertex -38.2532 20.3887 2
      vertex -40.3949 21.4783 2
      vertex -39.6207 22.875 2
    endloop
  endfacet
  facet normal 0 0 -1
    outer loop
      vertex -44.391 11.0679 2
      vertex -40.165 2.22752 2
      vertex -40.5275 2.37764 2
    endloop
  endfacet
  facet normal 0 0 -1
    outer loop
      vertex -44.7503 9.51196 2
      vertex -40.5275 2.37764 2
      vertex -40.9089 2.46922 2
    endloop
  endfacet
  facet normal -0 0 -1
    outer loop
      vertex -38.2532 20.3887 2
      vertex -41.1198 20.0555 2
      vertex -40.3949 21.4783 2
    endloop
  endfacet
  facet normal 0 0 -1
    outer loop
      vertex -45.055 7.9444 2
      vertex -40.9089 2.46922 2
      vertex -41.3 2.5 2
    endloop
  endfacet
  facet normal 0 0 -1
    outer loop
      vertex -45.3048 6.36717 2
      vertex -41.3 2.5 2
      vertex -41.6911 2.46922 2
    endloop
  endfacet
  facet normal 0 0 -1
    outer loop
      vertex -38.1817 20.003 2
      vertex -41.1198 20.0555 2
      vertex -38.2532 20.3887 2
    endloop
  endfacet
  facet normal 0 0 -1
    outer loop
      vertex -45.3048 6.36717 2
      vertex -41.6911 2.46922 2
      vertex -42.0725 2.37764 2
    endloop
  endfacet
  facet normal 0 0 -1
    outer loop
      vertex -38.0507 19.6332 2
      vertex -41.1198 20.0555 2
      vertex -38.1817 20.003 2
    endloop
  endfacet
  facet normal 0 0 -1
    outer loop
      vertex -45.4994 4.78218 2
      vertex -42.0725 2.37764 2
      vertex -42.435 2.22752 2
    endloop
  endfacet
  facet normal 0 0 -1
    outer loop
      vertex -45.4994 4.78218 2
      vertex -42.435 2.22752 2
      vertex -42.7695 2.02254 2
    endloop
  endfacet
  facet normal 0 -0 -1
    outer loop
      vertex -41.1198 20.0555 2
      vertex -38.0507 19.6332 2
      vertex -41.7947 18.6082 2
    endloop
  endfacet
  facet normal 0 0 -1
    outer loop
      vertex -45.6386 3.19136 2
      vertex -42.7695 2.02254 2
      vertex -43.0678 1.76777 2
    endloop
  endfacet
  facet normal 0 0 -1
    outer loop
      vertex -45.6386 3.19136 2
      vertex -43.0678 1.76777 2
      vertex -43.3225 1.46946 2
    endloop
  endfacet
  facet normal -0 0 -1
    outer loop
      vertex -37.8635 19.2884 2
      vertex -41.7947 18.6082 2
      vertex -38.0507 19.6332 2
    endloop
  endfacet
  facet normal 0 0 -1
    outer loop
      vertex -45.7221 1.59665 2
      vertex -43.3225 1.46946 2
      vertex -43.5275 1.13498 2
    endloop
  endfacet
  facet normal 0 0 -1
    outer loop
      vertex -45.7221 1.59665 2
      vertex -43.5275 1.13498 2
      vertex -43.6776 0.772542 2
    endloop
  endfacet
  facet normal 0 0 -1
    outer loop
      vertex -45.7221 1.59665 2
      vertex -43.6776 0.772542 2
      vertex -43.7692 0.391086 2
    endloop
  endfacet
  facet normal 0 0 -1
    outer loop
      vertex -45.75 0 2
      vertex -43.7692 0.391086 2
      vertex -43.8 0 2
    endloop
  endfacet
  facet normal -0 0 -1
    outer loop
      vertex -37.3401 18.7071 2
      vertex -42.4187 17.1383 2
      vertex -37.6247 18.9772 2
    endloop
  endfacet
  facet normal -0 0 -1
    outer loop
      vertex -42.7695 -2.02254 2
      vertex -45.6386 -3.19136 2
      vertex -43.0678 -1.76777 2
    endloop
  endfacet
  facet normal -0 0 -1
    outer loop
      vertex -43.0678 -1.76777 2
      vertex -45.6386 -3.19136 2
      vertex -43.3225 -1.46946 2
    endloop
  endfacet
  facet normal 0 0 -1
    outer loop
      vertex -40.165 2.22752 2
      vertex -44.391 11.0679 2
      vertex -43.9777 12.6104 2
    endloop
  endfacet
  facet normal 0 0 -1
    outer loop
      vertex -45.7221 -1.59665 2
      vertex -43.3225 -1.46946 2
      vertex -45.6386 -3.19136 2
    endloop
  endfacet
  facet normal 0 0 -1
    outer loop
      vertex -40.5275 2.37764 2
      vertex -44.7503 9.51196 2
      vertex -44.391 11.0679 2
    endloop
  endfacet
  facet normal -0 0 -1
    outer loop
      vertex -43.3225 -1.46946 2
      vertex -45.7221 -1.59665 2
      vertex -43.5275 -1.13498 2
    endloop
  endfacet
  facet normal 0 0 -1
    outer loop
      vertex -40.9089 2.46922 2
      vertex -45.055 7.9444 2
      vertex -44.7503 9.51196 2
    endloop
  endfacet
  facet normal -0 0 -1
    outer loop
      vertex -43.5275 -1.13498 2
      vertex -45.7221 -1.59665 2
      vertex -43.6776 -0.772542 2
    endloop
  endfacet
  facet normal 0 0 -1
    outer loop
      vertex -41.3 2.5 2
      vertex -45.3048 6.36717 2
      vertex -45.055 7.9444 2
    endloop
  endfacet
  facet normal -0 0 -1
    outer loop
      vertex -43.6776 -0.772542 2
      vertex -45.7221 -1.59665 2
      vertex -43.7692 -0.391086 2
    endloop
  endfacet
  facet normal 0 0 -1
    outer loop
      vertex -42.0725 2.37764 2
      vertex -45.4994 4.78218 2
      vertex -45.3048 6.36717 2
    endloop
  endfacet
  facet normal 0 0 -1
    outer loop
      vertex -45.75 0 2
      vertex -43.7692 -0.391086 2
      vertex -45.7221 -1.59665 2
    endloop
  endfacet
  facet normal 0 0 -1
    outer loop
      vertex -42.7695 2.02254 2
      vertex -45.6386 3.19136 2
      vertex -45.4994 4.78218 2
    endloop
  endfacet
  facet normal 0 0 -1
    outer loop
      vertex -43.7692 -0.391086 2
      vertex -45.75 0 2
      vertex -43.8 0 2
    endloop
  endfacet
  facet normal 0 0 -1
    outer loop
      vertex -43.3225 1.46946 2
      vertex -45.7221 1.59665 2
      vertex -45.6386 3.19136 2
    endloop
  endfacet
  facet normal -0 0 -1
    outer loop
      vertex -43.7692 0.391086 2
      vertex -45.75 0 2
      vertex -45.7221 1.59665 2
    endloop
  endfacet
  facet normal 0 0 -1
    outer loop
      vertex -39.5322 -1.76777 2
      vertex -22.8019 -5.68516 2
      vertex -35.1198 -18.2352 2
    endloop
  endfacet
  facet normal 0 0 -1
    outer loop
      vertex -23.5 0 2
      vertex -33.3215 20.1302 2
      vertex -33.2703 20.5192 2
    endloop
  endfacet
  facet normal 0 -0 -1
    outer loop
      vertex -39.2775 -1.46946 2
      vertex -22.8019 -5.68516 2
      vertex -39.5322 -1.76777 2
    endloop
  endfacet
  facet normal 0 0 -1
    outer loop
      vertex -23.5 0 2
      vertex -33.4329 19.7541 2
      vertex -33.3215 20.1302 2
    endloop
  endfacet
  facet normal 0 0 -1
    outer loop
      vertex -22.8019 -5.68516 2
      vertex -39.2775 -1.46946 2
      vertex -22.9865 -4.88592 2
    endloop
  endfacet
  facet normal 0 0 -1
    outer loop
      vertex -23.5 0 2
      vertex -33.6018 19.4 2
      vertex -33.4329 19.7541 2
    endloop
  endfacet
  facet normal 0 0 -1
    outer loop
      vertex -22.9865 -4.88592 2
      vertex -39.2775 -1.46946 2
      vertex -23.143 -4.08073 2
    endloop
  endfacet
  facet normal 0 0 -1
    outer loop
      vertex -38.8308 0.391086 2
      vertex -23.5 0 2
      vertex -38.8 0 2
    endloop
  endfacet
  facet normal 0 -0 -1
    outer loop
      vertex -38.9224 -0.772542 2
      vertex -23.2713 -3.27057 2
      vertex -39.0725 -1.13498 2
    endloop
  endfacet
  facet normal 0 0 -1
    outer loop
      vertex -23.5 0 2
      vertex -33.824 19.0767 2
      vertex -33.6018 19.4 2
    endloop
  endfacet
  facet normal 0 0 -1
    outer loop
      vertex -23.2713 -3.27057 2
      vertex -38.9224 -0.772542 2
      vertex -23.3713 -2.45642 2
    endloop
  endfacet
  facet normal 0 0 -1
    outer loop
      vertex -23.5 0 2
      vertex -34.094 18.7921 2
      vertex -33.824 19.0767 2
    endloop
  endfacet
  facet normal 0 0 -1
    outer loop
      vertex -23.3713 -2.45642 2
      vertex -38.9224 -0.772542 2
      vertex -23.4428 -1.63928 2
    endloop
  endfacet
  facet normal 0 0 -1
    outer loop
      vertex -23.5 0 2
      vertex -34.4053 18.5533 2
      vertex -34.094 18.7921 2
    endloop
  endfacet
  facet normal 0 -0 -1
    outer loop
      vertex -39.0725 -1.13498 2
      vertex -23.143 -4.08073 2
      vertex -39.2775 -1.46946 2
    endloop
  endfacet
  facet normal 0 0 -1
    outer loop
      vertex -23.5 0 2
      vertex -34.75 18.3661 2
      vertex -34.4053 18.5533 2
    endloop
  endfacet
  facet normal 0 0 -1
    outer loop
      vertex -39.5322 -1.76777 2
      vertex -35.1198 -18.2352 2
      vertex -35.5055 -18.1637 2
    endloop
  endfacet
  facet normal 0 0 -1
    outer loop
      vertex -38.9224 0.772542 2
      vertex -23.5 0 2
      vertex -38.8308 0.391086 2
    endloop
  endfacet
  facet normal 0 0 -1
    outer loop
      vertex -39.8305 -2.02254 2
      vertex -35.5055 -18.1637 2
      vertex -35.8977 -18.1534 2
    endloop
  endfacet
  facet normal 0 0 -1
    outer loop
      vertex -39.0725 1.13498 2
      vertex -23.5 0 2
      vertex -38.9224 0.772542 2
    endloop
  endfacet
  facet normal 0 0 -1
    outer loop
      vertex -43.9777 -12.6104 2
      vertex -35.8977 -18.1534 2
      vertex -36.2866 -18.2046 2
    endloop
  endfacet
  facet normal 0 0 -1
    outer loop
      vertex -39.2775 1.46946 2
      vertex -23.5 0 2
      vertex -39.0725 1.13498 2
    endloop
  endfacet
  facet normal 0 0 -1
    outer loop
      vertex -43.5108 -14.1375 2
      vertex -36.2866 -18.2046 2
      vertex -36.6628 -18.316 2
    endloop
  endfacet
  facet normal 0 0 -1
    outer loop
      vertex -23.5 0 2
      vertex -39.2775 1.46946 2
      vertex -34.75 18.3661 2
    endloop
  endfacet
  facet normal 0 0 -1
    outer loop
      vertex -42.9909 -15.6474 2
      vertex -36.6628 -18.316 2
      vertex -37.0168 -18.4849 2
    endloop
  endfacet
  facet normal 0 0 -1
    outer loop
      vertex -34.75 18.3661 2
      vertex -39.2775 1.46946 2
      vertex -35.1198 18.2352 2
    endloop
  endfacet
  facet normal 0 0 -1
    outer loop
      vertex -42.4187 -17.1383 2
      vertex -37.0168 -18.4849 2
      vertex -37.3401 -18.7071 2
    endloop
  endfacet
  facet normal 0 0 -1
    outer loop
      vertex -39.5322 1.76777 2
      vertex -35.1198 18.2352 2
      vertex -39.2775 1.46946 2
    endloop
  endfacet
  facet normal 0 0 -1
    outer loop
      vertex -42.4187 -17.1383 2
      vertex -37.3401 -18.7071 2
      vertex -37.6247 -18.9772 2
    endloop
  endfacet
  facet normal 0 0 -1
    outer loop
      vertex -35.1198 18.2352 2
      vertex -39.5322 1.76777 2
      vertex -35.5055 18.1637 2
    endloop
  endfacet
  facet normal 0 0 -1
    outer loop
      vertex -41.7947 -18.6082 2
      vertex -37.6247 -18.9772 2
      vertex -37.8635 -19.2884 2
    endloop
  endfacet
  facet normal 0 0 -1
    outer loop
      vertex -39.8305 2.02254 2
      vertex -35.5055 18.1637 2
      vertex -39.5322 1.76777 2
    endloop
  endfacet
  facet normal 0 0 -1
    outer loop
      vertex -41.7947 -18.6082 2
      vertex -37.8635 -19.2884 2
      vertex -38.0507 -19.6332 2
    endloop
  endfacet
  facet normal 0 0 -1
    outer loop
      vertex -35.5055 18.1637 2
      vertex -39.8305 2.02254 2
      vertex -35.8977 18.1534 2
    endloop
  endfacet
  facet normal 0 0 -1
    outer loop
      vertex -41.1198 -20.0555 2
      vertex -38.0507 -19.6332 2
      vertex -38.1817 -20.003 2
    endloop
  endfacet
  facet normal 0 0 -1
    outer loop
      vertex -40.165 2.22752 2
      vertex -35.8977 18.1534 2
      vertex -39.8305 2.02254 2
    endloop
  endfacet
  facet normal 0 0 -1
    outer loop
      vertex -41.1198 -20.0555 2
      vertex -38.1817 -20.003 2
      vertex -38.2532 -20.3887 2
    endloop
  endfacet
  facet normal 0 0 -1
    outer loop
      vertex -43.9777 12.6104 2
      vertex -35.8977 18.1534 2
      vertex -40.165 2.22752 2
    endloop
  endfacet
  facet normal 0 0 -1
    outer loop
      vertex -38.1008 -21.5459 2
      vertex -40.3949 -21.4783 2
      vertex -38.2122 -21.1698 2
    endloop
  endfacet
  facet normal -0 0 -1
    outer loop
      vertex -35.8977 18.1534 2
      vertex -43.9777 12.6104 2
      vertex -36.2866 18.2046 2
    endloop
  endfacet
  facet normal -0 0 -1
    outer loop
      vertex -21.297 33.352 2
      vertex -33.352 21.297 2
      vertex -21.6668 33.483 2
    endloop
  endfacet
  facet normal 0 0 -1
    outer loop
      vertex -33.483 21.6668 2
      vertex -21.6668 33.483 2
      vertex -33.352 21.297 2
    endloop
  endfacet
  facet normal -0 0 -1
    outer loop
      vertex -21.6668 33.483 2
      vertex -33.483 21.6668 2
      vertex -22.0116 33.6702 2
    endloop
  endfacet
  facet normal 0 0 -1
    outer loop
      vertex -33.6702 22.0116 2
      vertex -22.0116 33.6702 2
      vertex -33.483 21.6668 2
    endloop
  endfacet
  facet normal 0 0 -1
    outer loop
      vertex -22.0116 33.6702 2
      vertex -33.6702 22.0116 2
      vertex -32.9098 31.7806 2
    endloop
  endfacet
  facet normal 0 0 -1
    outer loop
      vertex -33.909 22.3228 2
      vertex -32.9098 31.7806 2
      vertex -33.6702 22.0116 2
    endloop
  endfacet
  facet normal 0 0 -1
    outer loop
      vertex -33.909 22.3228 2
      vertex -33.9989 30.6127 2
      vertex -32.9098 31.7806 2
    endloop
  endfacet
  facet normal 0 0 -1
    outer loop
      vertex -34.1935 22.5929 2
      vertex -33.9989 30.6127 2
      vertex -33.909 22.3228 2
    endloop
  endfacet
  facet normal 0 0 -1
    outer loop
      vertex -35.0465 29.4075 2
      vertex -34.1935 22.5929 2
      vertex -34.5168 22.8151 2
    endloop
  endfacet
  facet normal 0 0 -1
    outer loop
      vertex -36.0515 28.1665 2
      vertex -34.5168 22.8151 2
      vertex -34.8709 22.984 2
    endloop
  endfacet
  facet normal 0 0 -1
    outer loop
      vertex -34.1935 22.5929 2
      vertex -35.0465 29.4075 2
      vertex -33.9989 30.6127 2
    endloop
  endfacet
  facet normal 0 0 -1
    outer loop
      vertex -36.0515 28.1665 2
      vertex -34.8709 22.984 2
      vertex -35.2471 23.0954 2
    endloop
  endfacet
  facet normal 0 0 -1
    outer loop
      vertex -37.0125 26.8912 2
      vertex -35.2471 23.0954 2
      vertex -35.636 23.1466 2
    endloop
  endfacet
  facet normal 0 0 -1
    outer loop
      vertex -37.0125 26.8912 2
      vertex -35.636 23.1466 2
      vertex -36.0282 23.1363 2
    endloop
  endfacet
  facet normal 0 0 -1
    outer loop
      vertex -34.5168 22.8151 2
      vertex -36.0515 28.1665 2
      vertex -35.0465 29.4075 2
    endloop
  endfacet
  facet normal 0 0 -1
    outer loop
      vertex -37.9285 25.5831 2
      vertex -36.0282 23.1363 2
      vertex -36.4139 23.0648 2
    endloop
  endfacet
  facet normal 0 0 -1
    outer loop
      vertex -37.9285 25.5831 2
      vertex -36.4139 23.0648 2
      vertex -36.7837 22.9339 2
    endloop
  endfacet
  facet normal 0 0 -1
    outer loop
      vertex -35.2471 23.0954 2
      vertex -37.0125 26.8912 2
      vertex -36.0515 28.1665 2
    endloop
  endfacet
  facet normal 0 0 -1
    outer loop
      vertex -38.7982 24.2438 2
      vertex -36.7837 22.9339 2
      vertex -37.1284 22.7467 2
    endloop
  endfacet
  facet normal 0 0 -1
    outer loop
      vertex -38.7982 24.2438 2
      vertex -37.1284 22.7467 2
      vertex -37.4397 22.5079 2
    endloop
  endfacet
  facet normal 0 0 -1
    outer loop
      vertex -38.7982 24.2438 2
      vertex -37.4397 22.5079 2
      vertex -37.7097 22.2233 2
    endloop
  endfacet
  facet normal 0 0 -1
    outer loop
      vertex -36.0282 23.1363 2
      vertex -37.9285 25.5831 2
      vertex -37.0125 26.8912 2
    endloop
  endfacet
  facet normal 0 0 -1
    outer loop
      vertex -38.7982 24.2438 2
      vertex -37.7097 22.2233 2
      vertex -37.9319 21.9 2
    endloop
  endfacet
  facet normal 0 0 -1
    outer loop
      vertex -38.7982 24.2438 2
      vertex -37.9319 21.9 2
      vertex -38.1008 21.5459 2
    endloop
  endfacet
  facet normal 0 0 -1
    outer loop
      vertex -38.7982 24.2438 2
      vertex -38.1008 21.5459 2
      vertex -38.2122 21.1698 2
    endloop
  endfacet
  facet normal 0 0 -1
    outer loop
      vertex -38.7982 24.2438 2
      vertex -38.2122 21.1698 2
      vertex -38.2634 20.7808 2
    endloop
  endfacet
  facet normal 0 0 -1
    outer loop
      vertex -36.7837 22.9339 2
      vertex -38.7982 24.2438 2
      vertex -37.9285 25.5831 2
    endloop
  endfacet
  facet normal 0 -0 -1
    outer loop
      vertex -43.5108 14.1375 2
      vertex -36.2866 18.2046 2
      vertex -43.9777 12.6104 2
    endloop
  endfacet
  facet normal 0 0 -1
    outer loop
      vertex -38.2532 20.3887 2
      vertex -38.7982 24.2438 2
      vertex -38.2634 20.7808 2
    endloop
  endfacet
  facet normal 0 0 -1
    outer loop
      vertex -23.4857 -0.820138 2
      vertex -38.8 0 2
      vertex -23.5 0 2
    endloop
  endfacet
  facet normal 0 -0 -1
    outer loop
      vertex -38.8 0 2
      vertex -23.4857 -0.820138 2
      vertex -38.8308 -0.391086 2
    endloop
  endfacet
  facet normal 0 0 -1
    outer loop
      vertex -23.4428 -1.63928 2
      vertex -38.8308 -0.391086 2
      vertex -23.4857 -0.820138 2
    endloop
  endfacet
  facet normal 0 -0 -1
    outer loop
      vertex -38.8308 -0.391086 2
      vertex -23.4428 -1.63928 2
      vertex -38.9224 -0.772542 2
    endloop
  endfacet
  facet normal -0 0 -1
    outer loop
      vertex -38.2634 -20.7808 2
      vertex -40.3949 -21.4783 2
      vertex -38.2532 -20.3887 2
    endloop
  endfacet
  facet normal 0 0 -1
    outer loop
      vertex -41.1198 -20.0555 2
      vertex -38.2532 -20.3887 2
      vertex -40.3949 -21.4783 2
    endloop
  endfacet
  facet normal -0 0 -1
    outer loop
      vertex -38.0507 -19.6332 2
      vertex -41.1198 -20.0555 2
      vertex -41.7947 -18.6082 2
    endloop
  endfacet
  facet normal 0 0 -1
    outer loop
      vertex -37.6247 -18.9772 2
      vertex -41.7947 -18.6082 2
      vertex -42.4187 -17.1383 2
    endloop
  endfacet
  facet normal 0 0 -1
    outer loop
      vertex -23.143 -4.08073 2
      vertex -39.0725 -1.13498 2
      vertex -23.2713 -3.27057 2
    endloop
  endfacet
  facet normal 0 0 -1
    outer loop
      vertex -37.0168 -18.4849 2
      vertex -42.4187 -17.1383 2
      vertex -42.9909 -15.6474 2
    endloop
  endfacet
  facet normal 0 0 -1
    outer loop
      vertex -36.6628 -18.316 2
      vertex -42.9909 -15.6474 2
      vertex -43.5108 -14.1375 2
    endloop
  endfacet
  facet normal 0 0 -1
    outer loop
      vertex -35.5055 -18.1637 2
      vertex -39.8305 -2.02254 2
      vertex -39.5322 -1.76777 2
    endloop
  endfacet
  facet normal 0 0 -1
    outer loop
      vertex -36.2866 -18.2046 2
      vertex -43.5108 -14.1375 2
      vertex -43.9777 -12.6104 2
    endloop
  endfacet
  facet normal 0 0 -1
    outer loop
      vertex -35.8977 -18.1534 2
      vertex -43.9777 -12.6104 2
      vertex -40.165 -2.22752 2
    endloop
  endfacet
  facet normal 0 0 -1
    outer loop
      vertex -35.8977 -18.1534 2
      vertex -40.165 -2.22752 2
      vertex -39.8305 -2.02254 2
    endloop
  endfacet
  facet normal 0 0 -1
    outer loop
      vertex -44.391 -11.0679 2
      vertex -40.165 -2.22752 2
      vertex -43.9777 -12.6104 2
    endloop
  endfacet
  facet normal 0 0 -1
    outer loop
      vertex -40.165 -2.22752 2
      vertex -44.391 -11.0679 2
      vertex -40.5275 -2.37764 2
    endloop
  endfacet
  facet normal 0 0 -1
    outer loop
      vertex -44.7503 -9.51196 2
      vertex -40.5275 -2.37764 2
      vertex -44.391 -11.0679 2
    endloop
  endfacet
  facet normal 0 0 -1
    outer loop
      vertex -40.5275 -2.37764 2
      vertex -44.7503 -9.51196 2
      vertex -40.9089 -2.46922 2
    endloop
  endfacet
  facet normal 0 0 -1
    outer loop
      vertex -45.055 -7.9444 2
      vertex -40.9089 -2.46922 2
      vertex -44.7503 -9.51196 2
    endloop
  endfacet
  facet normal 0 0 -1
    outer loop
      vertex -40.9089 -2.46922 2
      vertex -45.055 -7.9444 2
      vertex -41.3 -2.5 2
    endloop
  endfacet
  facet normal 0 0 -1
    outer loop
      vertex -45.3048 -6.36717 2
      vertex -41.3 -2.5 2
      vertex -45.055 -7.9444 2
    endloop
  endfacet
  facet normal -0 0 -1
    outer loop
      vertex -41.3 -2.5 2
      vertex -45.3048 -6.36717 2
      vertex -41.6911 -2.46922 2
    endloop
  endfacet
  facet normal -0 0 -1
    outer loop
      vertex -41.6911 -2.46922 2
      vertex -45.3048 -6.36717 2
      vertex -42.0725 -2.37764 2
    endloop
  endfacet
  facet normal 0 0 -1
    outer loop
      vertex -45.4994 -4.78218 2
      vertex -42.0725 -2.37764 2
      vertex -45.3048 -6.36717 2
    endloop
  endfacet
  facet normal -0 0 -1
    outer loop
      vertex -42.0725 -2.37764 2
      vertex -45.4994 -4.78218 2
      vertex -42.435 -2.22752 2
    endloop
  endfacet
  facet normal -0 0 -1
    outer loop
      vertex -42.435 -2.22752 2
      vertex -45.4994 -4.78218 2
      vertex -42.7695 -2.02254 2
    endloop
  endfacet
  facet normal 0 0 -1
    outer loop
      vertex -45.6386 -3.19136 2
      vertex -42.7695 -2.02254 2
      vertex -45.4994 -4.78218 2
    endloop
  endfacet
  facet normal 0 0 -1
    outer loop
      vertex -2.02254 39.8305 2
      vertex -18.1637 35.5055 2
      vertex -18.1534 35.8977 2
    endloop
  endfacet
  facet normal 0 0 -1
    outer loop
      vertex -17.4639 15.7246 2
      vertex -18.2352 35.1198 2
      vertex -18.1637 35.5055 2
    endloop
  endfacet
  facet normal 0 0 -1
    outer loop
      vertex -17.4639 15.7246 2
      vertex -18.3661 34.75 2
      vertex -18.2352 35.1198 2
    endloop
  endfacet
  facet normal 0 0 -1
    outer loop
      vertex -33.2703 20.5192 2
      vertex -18.002 15.1055 2
      vertex -18.5183 14.468 2
    endloop
  endfacet
  facet normal 0 0 -1
    outer loop
      vertex -17.4639 15.7246 2
      vertex -18.5533 34.4053 2
      vertex -18.3661 34.75 2
    endloop
  endfacet
  facet normal 0 0 -1
    outer loop
      vertex -17.4639 15.7246 2
      vertex -18.7921 34.094 2
      vertex -18.5533 34.4053 2
    endloop
  endfacet
  facet normal 0 0 -1
    outer loop
      vertex -33.2703 20.5192 2
      vertex -18.5183 14.468 2
      vertex -19.0119 13.813 2
    endloop
  endfacet
  facet normal 0 0 -1
    outer loop
      vertex -17.4639 15.7246 2
      vertex -19.0767 33.824 2
      vertex -18.7921 34.094 2
    endloop
  endfacet
  facet normal 0 0 -1
    outer loop
      vertex -17.4639 15.7246 2
      vertex -19.4 33.6018 2
      vertex -19.0767 33.824 2
    endloop
  endfacet
  facet normal 0 0 -1
    outer loop
      vertex -33.2703 20.5192 2
      vertex -19.0119 13.813 2
      vertex -19.4824 13.141 2
    endloop
  endfacet
  facet normal 0 0 -1
    outer loop
      vertex -17.4639 15.7246 2
      vertex -19.7541 33.4329 2
      vertex -19.4 33.6018 2
    endloop
  endfacet
  facet normal 0 0 -1
    outer loop
      vertex -33.2703 20.5192 2
      vertex -19.4824 13.141 2
      vertex -19.9291 12.4531 2
    endloop
  endfacet
  facet normal 0 0 -1
    outer loop
      vertex -17.4639 15.7246 2
      vertex -20.1302 33.3215 2
      vertex -19.7541 33.4329 2
    endloop
  endfacet
  facet normal 0 0 -1
    outer loop
      vertex -33.2703 20.5192 2
      vertex -19.9291 12.4531 2
      vertex -20.3516 11.75 2
    endloop
  endfacet
  facet normal 0 0 -1
    outer loop
      vertex -17.4639 15.7246 2
      vertex -20.5192 33.2703 2
      vertex -20.1302 33.3215 2
    endloop
  endfacet
  facet normal 0 0 -1
    outer loop
      vertex -33.2703 20.5192 2
      vertex -20.3516 11.75 2
      vertex -20.7493 11.0326 2
    endloop
  endfacet
  facet normal 0 0 -1
    outer loop
      vertex -17.4639 15.7246 2
      vertex -20.9113 33.2805 2
      vertex -20.5192 33.2703 2
    endloop
  endfacet
  facet normal 0 0 -1
    outer loop
      vertex -33.2703 20.5192 2
      vertex -20.7493 11.0326 2
      vertex -21.1217 10.3017 2
    endloop
  endfacet
  facet normal 0 0 -1
    outer loop
      vertex -17.4639 15.7246 2
      vertex -21.297 33.352 2
      vertex -20.9113 33.2805 2
    endloop
  endfacet
  facet normal 0 0 -1
    outer loop
      vertex -33.2703 20.5192 2
      vertex -21.1217 10.3017 2
      vertex -21.4683 9.55831 2
    endloop
  endfacet
  facet normal 0 0 -1
    outer loop
      vertex -18.002 15.1055 2
      vertex -33.2805 20.9113 2
      vertex -17.4639 15.7246 2
    endloop
  endfacet
  facet normal 0 0 -1
    outer loop
      vertex -33.2703 20.5192 2
      vertex -21.4683 9.55831 2
      vertex -21.7888 8.80325 2
    endloop
  endfacet
  facet normal 0 0 -1
    outer loop
      vertex -33.352 21.297 2
      vertex -17.4639 15.7246 2
      vertex -33.2805 20.9113 2
    endloop
  endfacet
  facet normal 0 0 -1
    outer loop
      vertex -33.2703 20.5192 2
      vertex -21.7888 8.80325 2
      vertex -22.0828 8.03747 2
    endloop
  endfacet
  facet normal 0 0 -1
    outer loop
      vertex -17.4639 15.7246 2
      vertex -33.352 21.297 2
      vertex -21.297 33.352 2
    endloop
  endfacet
  facet normal 0 0 -1
    outer loop
      vertex -33.2703 20.5192 2
      vertex -22.0828 8.03747 2
      vertex -22.3498 7.2619 2
    endloop
  endfacet
  facet normal 0 0 -1
    outer loop
      vertex -33.2703 20.5192 2
      vertex -22.3498 7.2619 2
      vertex -22.5896 6.47748 2
    endloop
  endfacet
  facet normal 0 -0 -1
    outer loop
      vertex -31.7806 32.9098 2
      vertex -22.0116 33.6702 2
      vertex -32.9098 31.7806 2
    endloop
  endfacet
  facet normal 0 0 -1
    outer loop
      vertex -33.2703 20.5192 2
      vertex -22.5896 6.47748 2
      vertex -22.8019 5.68516 2
    endloop
  endfacet
  facet normal -0 0 -1
    outer loop
      vertex -22.0116 33.6702 2
      vertex -31.7806 32.9098 2
      vertex -22.3228 33.909 2
    endloop
  endfacet
  facet normal 0 -0 -1
    outer loop
      vertex -30.6127 33.9989 2
      vertex -22.3228 33.909 2
      vertex -31.7806 32.9098 2
    endloop
  endfacet
  facet normal 0 0 -1
    outer loop
      vertex -33.2703 20.5192 2
      vertex -22.8019 5.68516 2
      vertex -22.9865 4.88592 2
    endloop
  endfacet
  facet normal 0 0 -1
    outer loop
      vertex -22.3228 33.909 2
      vertex -30.6127 33.9989 2
      vertex -22.5929 34.1935 2
    endloop
  endfacet
  facet normal 0 0 -1
    outer loop
      vertex -33.2703 20.5192 2
      vertex -22.9865 4.88592 2
      vertex -23.143 4.08073 2
    endloop
  endfacet
  facet normal 0 -0 -1
    outer loop
      vertex -29.4075 35.0465 2
      vertex -22.5929 34.1935 2
      vertex -30.6127 33.9989 2
    endloop
  endfacet
  facet normal 0 0 -1
    outer loop
      vertex -33.2703 20.5192 2
      vertex -23.143 4.08073 2
      vertex -23.2713 3.27057 2
    endloop
  endfacet
  facet normal 0 0 -1
    outer loop
      vertex -20.1302 -33.3215 2
      vertex -13.141 -19.4824 2
      vertex -19.7541 -33.4329 2
    endloop
  endfacet
  facet normal -0 0 -1
    outer loop
      vertex -13.141 -19.4824 2
      vertex -20.1302 -33.3215 2
      vertex -13.813 -19.0119 2
    endloop
  endfacet
  facet normal -0 0 -1
    outer loop
      vertex -13.813 -19.0119 2
      vertex -20.1302 -33.3215 2
      vertex -14.468 -18.5183 2
    endloop
  endfacet
  facet normal 0 0 -1
    outer loop
      vertex -20.5192 -33.2703 2
      vertex -14.468 -18.5183 2
      vertex -20.1302 -33.3215 2
    endloop
  endfacet
  facet normal -0 0 -1
    outer loop
      vertex -14.468 -18.5183 2
      vertex -20.5192 -33.2703 2
      vertex -15.1055 -18.002 2
    endloop
  endfacet
  facet normal 0 0 -1
    outer loop
      vertex -20.9113 -33.2805 2
      vertex -15.1055 -18.002 2
      vertex -20.5192 -33.2703 2
    endloop
  endfacet
  facet normal -0 0 -1
    outer loop
      vertex -15.1055 -18.002 2
      vertex -20.9113 -33.2805 2
      vertex -15.7246 -17.4639 2
    endloop
  endfacet
  facet normal -0 0 -1
    outer loop
      vertex -15.7246 -17.4639 2
      vertex -20.9113 -33.2805 2
      vertex -16.3245 -16.9045 2
    endloop
  endfacet
  facet normal 0 0 -1
    outer loop
      vertex -21.297 -33.352 2
      vertex -16.3245 -16.9045 2
      vertex -20.9113 -33.2805 2
    endloop
  endfacet
  facet normal -0 0 -1
    outer loop
      vertex -16.3245 -16.9045 2
      vertex -21.297 -33.352 2
      vertex -16.9045 -16.3245 2
    endloop
  endfacet
  facet normal 0 0 -1
    outer loop
      vertex -33.352 -21.297 2
      vertex -16.9045 -16.3245 2
      vertex -21.297 -33.352 2
    endloop
  endfacet
  facet normal 0 -0 -1
    outer loop
      vertex -33.2805 -20.9113 2
      vertex -16.9045 -16.3245 2
      vertex -33.352 -21.297 2
    endloop
  endfacet
  facet normal -0 0 -1
    outer loop
      vertex -16.9045 -16.3245 2
      vertex -33.2805 -20.9113 2
      vertex -17.4639 -15.7246 2
    endloop
  endfacet
  facet normal -0 0 -1
    outer loop
      vertex -17.4639 -15.7246 2
      vertex -33.2805 -20.9113 2
      vertex -18.002 -15.1055 2
    endloop
  endfacet
  facet normal 0 0 -1
    outer loop
      vertex -33.3215 -20.1302 2
      vertex -18.5183 -14.468 2
      vertex -33.2703 -20.5192 2
    endloop
  endfacet
  facet normal -0 0 -1
    outer loop
      vertex -18.5183 -14.468 2
      vertex -33.3215 -20.1302 2
      vertex -19.0119 -13.813 2
    endloop
  endfacet
  facet normal -0 0 -1
    outer loop
      vertex -19.0119 -13.813 2
      vertex -33.3215 -20.1302 2
      vertex -19.4824 -13.141 2
    endloop
  endfacet
  facet normal 0 0 -1
    outer loop
      vertex -33.4329 -19.7541 2
      vertex -19.4824 -13.141 2
      vertex -33.3215 -20.1302 2
    endloop
  endfacet
  facet normal 0 -0 -1
    outer loop
      vertex -33.2703 -20.5192 2
      vertex -18.002 -15.1055 2
      vertex -33.2805 -20.9113 2
    endloop
  endfacet
  facet normal -0 0 -1
    outer loop
      vertex -19.4824 -13.141 2
      vertex -33.4329 -19.7541 2
      vertex -19.9291 -12.4531 2
    endloop
  endfacet
  facet normal 0 0 -1
    outer loop
      vertex -33.352 -21.297 2
      vertex -21.297 -33.352 2
      vertex -21.6668 -33.483 2
    endloop
  endfacet
  facet normal 0 0 -1
    outer loop
      vertex -33.6018 -19.4 2
      vertex -19.9291 -12.4531 2
      vertex -33.4329 -19.7541 2
    endloop
  endfacet
  facet normal 0 0 -1
    outer loop
      vertex -33.483 -21.6668 2
      vertex -21.6668 -33.483 2
      vertex -22.0116 -33.6702 2
    endloop
  endfacet
  facet normal -0 0 -1
    outer loop
      vertex -19.9291 -12.4531 2
      vertex -33.6018 -19.4 2
      vertex -20.3516 -11.75 2
    endloop
  endfacet
  facet normal 0 0 -1
    outer loop
      vertex -31.7806 -32.9098 2
      vertex -22.0116 -33.6702 2
      vertex -22.3228 -33.909 2
    endloop
  endfacet
  facet normal 0 0 -1
    outer loop
      vertex -33.824 -19.0767 2
      vertex -20.7493 -11.0326 2
      vertex -33.6018 -19.4 2
    endloop
  endfacet
  facet normal -0 0 -1
    outer loop
      vertex -20.7493 -11.0326 2
      vertex -33.824 -19.0767 2
      vertex -21.1217 -10.3017 2
    endloop
  endfacet
  facet normal 0 0 -1
    outer loop
      vertex -30.6127 -33.9989 2
      vertex -22.3228 -33.909 2
      vertex -22.5929 -34.1935 2
    endloop
  endfacet
  facet normal 0 0 -1
    outer loop
      vertex -34.094 -18.7921 2
      vertex -21.1217 -10.3017 2
      vertex -33.824 -19.0767 2
    endloop
  endfacet
  facet normal 0 0 -1
    outer loop
      vertex -29.4075 -35.0465 2
      vertex -22.5929 -34.1935 2
      vertex -22.8151 -34.5168 2
    endloop
  endfacet
  facet normal 0 0 -1
    outer loop
      vertex -28.1665 -36.0515 2
      vertex -22.8151 -34.5168 2
      vertex -22.984 -34.8709 2
    endloop
  endfacet
  facet normal -0 0 -1
    outer loop
      vertex -21.1217 -10.3017 2
      vertex -34.094 -18.7921 2
      vertex -21.4683 -9.55831 2
    endloop
  endfacet
  facet normal 0 0 -1
    outer loop
      vertex -28.1665 -36.0515 2
      vertex -22.984 -34.8709 2
      vertex -23.0954 -35.2471 2
    endloop
  endfacet
  facet normal -0 0 -1
    outer loop
      vertex -21.4683 -9.55831 2
      vertex -34.094 -18.7921 2
      vertex -21.7888 -8.80325 2
    endloop
  endfacet
  facet normal 0 0 -1
    outer loop
      vertex -26.8912 -37.0125 2
      vertex -23.1363 -36.0282 2
      vertex -25.5831 -37.9285 2
    endloop
  endfacet
  facet normal 0 0 -1
    outer loop
      vertex -34.4053 -18.5533 2
      vertex -21.7888 -8.80325 2
      vertex -34.094 -18.7921 2
    endloop
  endfacet
  facet normal 0 0 -1
    outer loop
      vertex 6.36717 -45.3048 2
      vertex 2.46922 -41.6911 2
      vertex 2.5 -41.3 2
    endloop
  endfacet
  facet normal 0 0 -1
    outer loop
      vertex 4.78218 -45.4994 2
      vertex 2.37764 -42.0725 2
      vertex 2.46922 -41.6911 2
    endloop
  endfacet
  facet normal 0 0 -1
    outer loop
      vertex 4.78218 -45.4994 2
      vertex 2.22752 -42.435 2
      vertex 2.37764 -42.0725 2
    endloop
  endfacet
  facet normal 0 0 -1
    outer loop
      vertex 4.78218 -45.4994 2
      vertex 2.02254 -42.7695 2
      vertex 2.22752 -42.435 2
    endloop
  endfacet
  facet normal 0 0 -1
    outer loop
      vertex 3.19136 -45.6386 2
      vertex 1.76777 -43.0678 2
      vertex 2.02254 -42.7695 2
    endloop
  endfacet
  facet normal 0 0 -1
    outer loop
      vertex 1.46946 -43.3225 2
      vertex 3.19136 -45.6386 2
      vertex 1.59665 -45.7221 2
    endloop
  endfacet
  facet normal 0 0 -1
    outer loop
      vertex 3.19136 -45.6386 2
      vertex 1.46946 -43.3225 2
      vertex 1.76777 -43.0678 2
    endloop
  endfacet
  facet normal 0 0 -1
    outer loop
      vertex 1.59665 -45.7221 2
      vertex 1.13498 -43.5275 2
      vertex 1.46946 -43.3225 2
    endloop
  endfacet
  facet normal 0 0 -1
    outer loop
      vertex 1.59665 -45.7221 2
      vertex 0.772542 -43.6776 2
      vertex 1.13498 -43.5275 2
    endloop
  endfacet
  facet normal 0 0 -1
    outer loop
      vertex 1.59665 -45.7221 2
      vertex 0.391086 -43.7692 2
      vertex 0.772542 -43.6776 2
    endloop
  endfacet
  facet normal 0 0 -1
    outer loop
      vertex 0 -45.75 2
      vertex 0.391086 -43.7692 2
      vertex 1.59665 -45.7221 2
    endloop
  endfacet
  facet normal 0 0 -1
    outer loop
      vertex 0 -45.75 2
      vertex 0 -43.8 2
      vertex 0.391086 -43.7692 2
    endloop
  endfacet
  facet normal 0 0 -1
    outer loop
      vertex 0 -45.75 2
      vertex -0.391086 -43.7692 2
      vertex 0 -43.8 2
    endloop
  endfacet
  facet normal 0 0 -1
    outer loop
      vertex -1.59665 -45.7221 2
      vertex -0.391086 -43.7692 2
      vertex 0 -45.75 2
    endloop
  endfacet
  facet normal -0 0 -1
    outer loop
      vertex -0.391086 -43.7692 2
      vertex -1.59665 -45.7221 2
      vertex -0.772542 -43.6776 2
    endloop
  endfacet
  facet normal -0 0 -1
    outer loop
      vertex -0.772542 -43.6776 2
      vertex -1.59665 -45.7221 2
      vertex -1.13498 -43.5275 2
    endloop
  endfacet
  facet normal -0 0 -1
    outer loop
      vertex -1.13498 -43.5275 2
      vertex -1.59665 -45.7221 2
      vertex -1.46946 -43.3225 2
    endloop
  endfacet
  facet normal 0 0 -1
    outer loop
      vertex -3.19136 -45.6386 2
      vertex -1.46946 -43.3225 2
      vertex -1.59665 -45.7221 2
    endloop
  endfacet
  facet normal -0 0 -1
    outer loop
      vertex -1.46946 -43.3225 2
      vertex -3.19136 -45.6386 2
      vertex -1.76777 -43.0678 2
    endloop
  endfacet
  facet normal -0 0 -1
    outer loop
      vertex -1.76777 -43.0678 2
      vertex -3.19136 -45.6386 2
      vertex -2.02254 -42.7695 2
    endloop
  endfacet
  facet normal 0 0 -1
    outer loop
      vertex -4.78218 -45.4994 2
      vertex -2.02254 -42.7695 2
      vertex -3.19136 -45.6386 2
    endloop
  endfacet
  facet normal -0 0 -1
    outer loop
      vertex -2.02254 -42.7695 2
      vertex -4.78218 -45.4994 2
      vertex -2.22752 -42.435 2
    endloop
  endfacet
  facet normal 0 0 -1
    outer loop
      vertex -6.36717 -45.3048 2
      vertex -2.37764 -42.0725 2
      vertex -4.78218 -45.4994 2
    endloop
  endfacet
  facet normal -0 0 -1
    outer loop
      vertex -2.22752 -42.435 2
      vertex -4.78218 -45.4994 2
      vertex -2.37764 -42.0725 2
    endloop
  endfacet
  facet normal -0 0 -1
    outer loop
      vertex 6.36717 45.3048 2
      vertex 2.37764 42.0725 2
      vertex 4.78218 45.4994 2
    endloop
  endfacet
  facet normal 0 0 -1
    outer loop
      vertex 2.22752 42.435 2
      vertex 4.78218 45.4994 2
      vertex 2.37764 42.0725 2
    endloop
  endfacet
  facet normal 0 0 -1
    outer loop
      vertex 2.02254 42.7695 2
      vertex 4.78218 45.4994 2
      vertex 2.22752 42.435 2
    endloop
  endfacet
  facet normal -0 0 -1
    outer loop
      vertex 4.78218 45.4994 2
      vertex 2.02254 42.7695 2
      vertex 3.19136 45.6386 2
    endloop
  endfacet
  facet normal 0 0 -1
    outer loop
      vertex 1.76777 43.0678 2
      vertex 3.19136 45.6386 2
      vertex 2.02254 42.7695 2
    endloop
  endfacet
  facet normal 0 0 -1
    outer loop
      vertex 1.46946 43.3225 2
      vertex 3.19136 45.6386 2
      vertex 1.76777 43.0678 2
    endloop
  endfacet
  facet normal -0 0 -1
    outer loop
      vertex 3.19136 45.6386 2
      vertex 1.46946 43.3225 2
      vertex 1.59665 45.7221 2
    endloop
  endfacet
  facet normal 0 0 -1
    outer loop
      vertex 1.13498 43.5275 2
      vertex 1.59665 45.7221 2
      vertex 1.46946 43.3225 2
    endloop
  endfacet
  facet normal 0 0 -1
    outer loop
      vertex 0.772542 43.6776 2
      vertex 1.59665 45.7221 2
      vertex 1.13498 43.5275 2
    endloop
  endfacet
  facet normal 0 0 -1
    outer loop
      vertex 0.391086 43.7692 2
      vertex 1.59665 45.7221 2
      vertex 0.772542 43.6776 2
    endloop
  endfacet
  facet normal 0 0 -1
    outer loop
      vertex 0 45.75 2
      vertex 0.391086 43.7692 2
      vertex 0 43.8 2
    endloop
  endfacet
  facet normal 0 0 -1
    outer loop
      vertex 0.391086 43.7692 2
      vertex 0 45.75 2
      vertex 1.59665 45.7221 2
    endloop
  endfacet
  facet normal 0 0 -1
    outer loop
      vertex -0.391086 43.7692 2
      vertex 0 45.75 2
      vertex 0 43.8 2
    endloop
  endfacet
  facet normal 0 0 -1
    outer loop
      vertex -1.59665 45.7221 2
      vertex -0.391086 43.7692 2
      vertex -0.772542 43.6776 2
    endloop
  endfacet
  facet normal 0 0 -1
    outer loop
      vertex -1.59665 45.7221 2
      vertex -0.772542 43.6776 2
      vertex -1.13498 43.5275 2
    endloop
  endfacet
  facet normal 0 0 -1
    outer loop
      vertex -1.59665 45.7221 2
      vertex -1.13498 43.5275 2
      vertex -1.46946 43.3225 2
    endloop
  endfacet
  facet normal 0 0 -1
    outer loop
      vertex -0.391086 43.7692 2
      vertex -1.59665 45.7221 2
      vertex 0 45.75 2
    endloop
  endfacet
  facet normal 0 0 -1
    outer loop
      vertex -3.19136 45.6386 2
      vertex -1.46946 43.3225 2
      vertex -1.76777 43.0678 2
    endloop
  endfacet
  facet normal 0 0 -1
    outer loop
      vertex -3.19136 45.6386 2
      vertex -1.76777 43.0678 2
      vertex -2.02254 42.7695 2
    endloop
  endfacet
  facet normal 0 0 -1
    outer loop
      vertex -4.78218 45.4994 2
      vertex -2.02254 42.7695 2
      vertex -2.22752 42.435 2
    endloop
  endfacet
  facet normal 0 0 -1
    outer loop
      vertex -4.78218 45.4994 2
      vertex -2.22752 42.435 2
      vertex -2.37764 42.0725 2
    endloop
  endfacet
  facet normal 0 0 -1
    outer loop
      vertex -6.36717 45.3048 2
      vertex -2.37764 42.0725 2
      vertex -2.46922 41.6911 2
    endloop
  endfacet
  facet normal 0 0 -1
    outer loop
      vertex -1.46946 43.3225 2
      vertex -3.19136 45.6386 2
      vertex -1.59665 45.7221 2
    endloop
  endfacet
  facet normal 0 0 -1
    outer loop
      vertex -6.36717 45.3048 2
      vertex -2.46922 41.6911 2
      vertex -2.5 41.3 2
    endloop
  endfacet
  facet normal -0 0 -1
    outer loop
      vertex 34.4053 18.5533 2
      vertex 21.7888 8.80325 2
      vertex 34.094 18.7921 2
    endloop
  endfacet
  facet normal 0 0 -1
    outer loop
      vertex 33.2703 20.5192 2
      vertex 23.0954 35.2471 2
      vertex 23.1466 35.636 2
    endloop
  endfacet
  facet normal 0 0 -1
    outer loop
      vertex 21.4683 9.55831 2
      vertex 34.094 18.7921 2
      vertex 21.7888 8.80325 2
    endloop
  endfacet
  facet normal 0 0 -1
    outer loop
      vertex 21.1217 10.3017 2
      vertex 34.094 18.7921 2
      vertex 21.4683 9.55831 2
    endloop
  endfacet
  facet normal 0 0 -1
    outer loop
      vertex 33.2703 20.5192 2
      vertex 22.984 34.8709 2
      vertex 23.0954 35.2471 2
    endloop
  endfacet
  facet normal -0 0 -1
    outer loop
      vertex 34.094 18.7921 2
      vertex 21.1217 10.3017 2
      vertex 33.824 19.0767 2
    endloop
  endfacet
  facet normal 0 0 -1
    outer loop
      vertex 20.7493 11.0326 2
      vertex 33.824 19.0767 2
      vertex 21.1217 10.3017 2
    endloop
  endfacet
  facet normal -0 0 -1
    outer loop
      vertex 33.824 19.0767 2
      vertex 20.7493 11.0326 2
      vertex 33.6018 19.4 2
    endloop
  endfacet
  facet normal 0 0 -1
    outer loop
      vertex 33.2703 20.5192 2
      vertex 22.8151 34.5168 2
      vertex 22.984 34.8709 2
    endloop
  endfacet
  facet normal 0 0 -1
    outer loop
      vertex 20.3516 11.75 2
      vertex 33.6018 19.4 2
      vertex 20.7493 11.0326 2
    endloop
  endfacet
  facet normal 0 0 -1
    outer loop
      vertex 19.9291 12.4531 2
      vertex 33.6018 19.4 2
      vertex 20.3516 11.75 2
    endloop
  endfacet
  facet normal -0 0 -1
    outer loop
      vertex 33.6018 19.4 2
      vertex 19.9291 12.4531 2
      vertex 33.4329 19.7541 2
    endloop
  endfacet
  facet normal 0 0 -1
    outer loop
      vertex 33.2703 20.5192 2
      vertex 22.5929 34.1935 2
      vertex 22.8151 34.5168 2
    endloop
  endfacet
  facet normal 0 0 -1
    outer loop
      vertex 19.4824 13.141 2
      vertex 33.4329 19.7541 2
      vertex 19.9291 12.4531 2
    endloop
  endfacet
  facet normal -0 0 -1
    outer loop
      vertex 33.4329 19.7541 2
      vertex 19.4824 13.141 2
      vertex 33.3215 20.1302 2
    endloop
  endfacet
  facet normal 0 0 -1
    outer loop
      vertex 33.2703 20.5192 2
      vertex 22.3228 33.909 2
      vertex 22.5929 34.1935 2
    endloop
  endfacet
  facet normal 0 0 -1
    outer loop
      vertex 19.0119 13.813 2
      vertex 33.3215 20.1302 2
      vertex 19.4824 13.141 2
    endloop
  endfacet
  facet normal 0 0 -1
    outer loop
      vertex 18.5183 14.468 2
      vertex 33.3215 20.1302 2
      vertex 19.0119 13.813 2
    endloop
  endfacet
  facet normal -0 0 -1
    outer loop
      vertex 33.3215 20.1302 2
      vertex 18.5183 14.468 2
      vertex 33.2703 20.5192 2
    endloop
  endfacet
  facet normal 0 0 -1
    outer loop
      vertex 33.2703 20.5192 2
      vertex 22.0116 33.6702 2
      vertex 22.3228 33.909 2
    endloop
  endfacet
  facet normal 0 0 -1
    outer loop
      vertex 18.002 15.1055 2
      vertex 33.2703 20.5192 2
      vertex 18.5183 14.468 2
    endloop
  endfacet
  facet normal 0 0 -1
    outer loop
      vertex 17.4639 15.7246 2
      vertex 33.2703 20.5192 2
      vertex 18.002 15.1055 2
    endloop
  endfacet
  facet normal 0 0 -1
    outer loop
      vertex 33.2703 20.5192 2
      vertex 21.6668 33.483 2
      vertex 22.0116 33.6702 2
    endloop
  endfacet
  facet normal 0 0 -1
    outer loop
      vertex 16.9045 16.3245 2
      vertex 33.2703 20.5192 2
      vertex 17.4639 15.7246 2
    endloop
  endfacet
  facet normal 0 0 -1
    outer loop
      vertex 33.2703 20.5192 2
      vertex 21.297 33.352 2
      vertex 21.6668 33.483 2
    endloop
  endfacet
  facet normal -0 0 -1
    outer loop
      vertex 33.2703 20.5192 2
      vertex 16.9045 16.3245 2
      vertex 21.297 33.352 2
    endloop
  endfacet
  facet normal 0 0 -1
    outer loop
      vertex 16.3245 16.9045 2
      vertex 21.297 33.352 2
      vertex 16.9045 16.3245 2
    endloop
  endfacet
  facet normal 0 0 -1
    outer loop
      vertex 21.297 33.352 2
      vertex 16.3245 16.9045 2
      vertex 20.9113 33.2805 2
    endloop
  endfacet
  facet normal 0 0 -1
    outer loop
      vertex 15.7246 17.4639 2
      vertex 20.9113 33.2805 2
      vertex 16.3245 16.9045 2
    endloop
  endfacet
  facet normal 0 0 -1
    outer loop
      vertex 15.1055 18.002 2
      vertex 20.9113 33.2805 2
      vertex 15.7246 17.4639 2
    endloop
  endfacet
  facet normal 0 0 -1
    outer loop
      vertex 20.9113 33.2805 2
      vertex 15.1055 18.002 2
      vertex 20.5192 33.2703 2
    endloop
  endfacet
  facet normal 0 0 -1
    outer loop
      vertex 14.468 18.5183 2
      vertex 20.5192 33.2703 2
      vertex 15.1055 18.002 2
    endloop
  endfacet
  facet normal -0 0 -1
    outer loop
      vertex 20.5192 33.2703 2
      vertex 14.468 18.5183 2
      vertex 20.1302 33.3215 2
    endloop
  endfacet
  facet normal 0 0 -1
    outer loop
      vertex 13.813 19.0119 2
      vertex 20.1302 33.3215 2
      vertex 14.468 18.5183 2
    endloop
  endfacet
  facet normal 0 0 -1
    outer loop
      vertex 13.141 19.4824 2
      vertex 20.1302 33.3215 2
      vertex 13.813 19.0119 2
    endloop
  endfacet
  facet normal -0 0 -1
    outer loop
      vertex 20.1302 33.3215 2
      vertex 13.141 19.4824 2
      vertex 19.7541 33.4329 2
    endloop
  endfacet
  facet normal 0 0 -1
    outer loop
      vertex 22.3498 7.2619 2
      vertex 34.75 18.3661 2
      vertex 22.5896 6.47748 2
    endloop
  endfacet
  facet normal 0 0 -1
    outer loop
      vertex 22.0828 8.03747 2
      vertex 34.75 18.3661 2
      vertex 22.3498 7.2619 2
    endloop
  endfacet
  facet normal -0 0 -1
    outer loop
      vertex 34.75 18.3661 2
      vertex 22.0828 8.03747 2
      vertex 34.4053 18.5533 2
    endloop
  endfacet
  facet normal 0 0 -1
    outer loop
      vertex 21.7888 8.80325 2
      vertex 34.4053 18.5533 2
      vertex 22.0828 8.03747 2
    endloop
  endfacet
  facet normal 0 0 -1
    outer loop
      vertex 33.2703 20.5192 2
      vertex 23.1466 35.636 2
      vertex 24.2438 38.7982 2
    endloop
  endfacet
  facet normal 0 0 -1
    outer loop
      vertex 23.1363 36.0282 2
      vertex 24.2438 38.7982 2
      vertex 23.1466 35.636 2
    endloop
  endfacet
  facet normal 0 0 -1
    outer loop
      vertex 23.0648 36.4139 2
      vertex 24.2438 38.7982 2
      vertex 23.1363 36.0282 2
    endloop
  endfacet
  facet normal 0 0 -1
    outer loop
      vertex 22.9339 36.7837 2
      vertex 24.2438 38.7982 2
      vertex 23.0648 36.4139 2
    endloop
  endfacet
  facet normal 0 0 -1
    outer loop
      vertex 22.7467 37.1284 2
      vertex 24.2438 38.7982 2
      vertex 22.9339 36.7837 2
    endloop
  endfacet
  facet normal 0 0 -1
    outer loop
      vertex 22.5079 37.4397 2
      vertex 24.2438 38.7982 2
      vertex 22.7467 37.1284 2
    endloop
  endfacet
  facet normal 0 0 -1
    outer loop
      vertex 22.2233 37.7097 2
      vertex 24.2438 38.7982 2
      vertex 22.5079 37.4397 2
    endloop
  endfacet
  facet normal -0 0 -1
    outer loop
      vertex 24.2438 38.7982 2
      vertex 22.2233 37.7097 2
      vertex 22.875 39.6207 2
    endloop
  endfacet
  facet normal 0 0 -1
    outer loop
      vertex 21.9 37.9319 2
      vertex 22.875 39.6207 2
      vertex 22.2233 37.7097 2
    endloop
  endfacet
  facet normal 0 0 -1
    outer loop
      vertex 21.5459 38.1008 2
      vertex 22.875 39.6207 2
      vertex 21.9 37.9319 2
    endloop
  endfacet
  facet normal 0 0 -1
    outer loop
      vertex 21.5459 38.1008 2
      vertex 21.4783 40.3949 2
      vertex 22.875 39.6207 2
    endloop
  endfacet
  facet normal 0 0 -1
    outer loop
      vertex 21.1698 38.2122 2
      vertex 21.4783 40.3949 2
      vertex 21.5459 38.1008 2
    endloop
  endfacet
  facet normal 0 0 -1
    outer loop
      vertex 20.7808 38.2634 2
      vertex 21.4783 40.3949 2
      vertex 21.1698 38.2122 2
    endloop
  endfacet
  facet normal 0 0 -1
    outer loop
      vertex 20.3887 38.2532 2
      vertex 21.4783 40.3949 2
      vertex 20.7808 38.2634 2
    endloop
  endfacet
  facet normal 0 0 -1
    outer loop
      vertex 20.3887 38.2532 2
      vertex 20.0555 41.1198 2
      vertex 21.4783 40.3949 2
    endloop
  endfacet
  facet normal 0 0 -1
    outer loop
      vertex 20.003 38.1817 2
      vertex 20.0555 41.1198 2
      vertex 20.3887 38.2532 2
    endloop
  endfacet
  facet normal 0 0 -1
    outer loop
      vertex 19.6332 38.0507 2
      vertex 20.0555 41.1198 2
      vertex 20.003 38.1817 2
    endloop
  endfacet
  facet normal 0 0 -1
    outer loop
      vertex 18.6082 41.7947 2
      vertex 19.6332 38.0507 2
      vertex 19.2884 37.8635 2
    endloop
  endfacet
  facet normal 0 0 -1
    outer loop
      vertex 18.6082 41.7947 2
      vertex 19.2884 37.8635 2
      vertex 18.9772 37.6247 2
    endloop
  endfacet
  facet normal 0 0 -1
    outer loop
      vertex 17.1383 42.4187 2
      vertex 18.9772 37.6247 2
      vertex 18.7071 37.3401 2
    endloop
  endfacet
  facet normal 0 0 -1
    outer loop
      vertex 19.6332 38.0507 2
      vertex 18.6082 41.7947 2
      vertex 20.0555 41.1198 2
    endloop
  endfacet
  facet normal 0 0 -1
    outer loop
      vertex 17.1383 42.4187 2
      vertex 18.7071 37.3401 2
      vertex 18.4849 37.0168 2
    endloop
  endfacet
  facet normal 0 0 -1
    outer loop
      vertex 15.6474 42.9909 2
      vertex 18.4849 37.0168 2
      vertex 18.316 36.6628 2
    endloop
  endfacet
  facet normal 0 0 -1
    outer loop
      vertex 14.1375 43.5108 2
      vertex 18.316 36.6628 2
      vertex 18.2046 36.2866 2
    endloop
  endfacet
  facet normal 0 0 -1
    outer loop
      vertex 12.6104 43.9777 2
      vertex 18.2046 36.2866 2
      vertex 18.1534 35.8977 2
    endloop
  endfacet
  facet normal 0 0 -1
    outer loop
      vertex 12.4531 19.9291 2
      vertex 19.7541 33.4329 2
      vertex 13.141 19.4824 2
    endloop
  endfacet
  facet normal 0 0 -1
    outer loop
      vertex 18.9772 37.6247 2
      vertex 17.1383 42.4187 2
      vertex 18.6082 41.7947 2
    endloop
  endfacet
  facet normal -0 0 -1
    outer loop
      vertex 19.7541 33.4329 2
      vertex 12.4531 19.9291 2
      vertex 19.4 33.6018 2
    endloop
  endfacet
  facet normal 0 0 -1
    outer loop
      vertex 11.75 20.3516 2
      vertex 19.4 33.6018 2
      vertex 12.4531 19.9291 2
    endloop
  endfacet
  facet normal 0 0 -1
    outer loop
      vertex 11.0326 20.7493 2
      vertex 19.4 33.6018 2
      vertex 11.75 20.3516 2
    endloop
  endfacet
  facet normal -0 0 -1
    outer loop
      vertex 19.4 33.6018 2
      vertex 11.0326 20.7493 2
      vertex 19.0767 33.824 2
    endloop
  endfacet
  facet normal 0 0 -1
    outer loop
      vertex 10.3017 21.1217 2
      vertex 19.0767 33.824 2
      vertex 11.0326 20.7493 2
    endloop
  endfacet
  facet normal -0 0 -1
    outer loop
      vertex 19.0767 33.824 2
      vertex 10.3017 21.1217 2
      vertex 18.7921 34.094 2
    endloop
  endfacet
  facet normal 0 0 -1
    outer loop
      vertex 9.55831 21.4683 2
      vertex 18.7921 34.094 2
      vertex 10.3017 21.1217 2
    endloop
  endfacet
  facet normal 0 0 -1
    outer loop
      vertex 8.80325 21.7888 2
      vertex 18.7921 34.094 2
      vertex 9.55831 21.4683 2
    endloop
  endfacet
  facet normal -0 0 -1
    outer loop
      vertex 18.7921 34.094 2
      vertex 8.80325 21.7888 2
      vertex 18.5533 34.4053 2
    endloop
  endfacet
  facet normal 0 0 -1
    outer loop
      vertex 8.03747 22.0828 2
      vertex 18.5533 34.4053 2
      vertex 8.80325 21.7888 2
    endloop
  endfacet
  facet normal -0 0 -1
    outer loop
      vertex 18.5533 34.4053 2
      vertex 8.03747 22.0828 2
      vertex 18.3661 34.75 2
    endloop
  endfacet
  facet normal 0 0 -1
    outer loop
      vertex 7.2619 22.3498 2
      vertex 18.3661 34.75 2
      vertex 8.03747 22.0828 2
    endloop
  endfacet
  facet normal 0 0 -1
    outer loop
      vertex 6.47748 22.5896 2
      vertex 18.3661 34.75 2
      vertex 7.2619 22.3498 2
    endloop
  endfacet
  facet normal -0 0 -1
    outer loop
      vertex 18.3661 34.75 2
      vertex 6.47748 22.5896 2
      vertex 18.2352 35.1198 2
    endloop
  endfacet
  facet normal 0 0 -1
    outer loop
      vertex 18.4849 37.0168 2
      vertex 15.6474 42.9909 2
      vertex 17.1383 42.4187 2
    endloop
  endfacet
  facet normal 0 0 -1
    outer loop
      vertex 1.76777 39.5322 2
      vertex 18.2352 35.1198 2
      vertex 6.47748 22.5896 2
    endloop
  endfacet
  facet normal 0 0 -1
    outer loop
      vertex 18.316 36.6628 2
      vertex 14.1375 43.5108 2
      vertex 15.6474 42.9909 2
    endloop
  endfacet
  facet normal 0 0 -1
    outer loop
      vertex 18.2352 35.1198 2
      vertex 1.76777 39.5322 2
      vertex 18.1637 35.5055 2
    endloop
  endfacet
  facet normal 0 -0 -1
    outer loop
      vertex 2.22752 40.165 2
      vertex 18.1534 35.8977 2
      vertex 2.02254 39.8305 2
    endloop
  endfacet
  facet normal 0 0 -1
    outer loop
      vertex 18.2046 36.2866 2
      vertex 12.6104 43.9777 2
      vertex 14.1375 43.5108 2
    endloop
  endfacet
  facet normal -0 0 -1
    outer loop
      vertex 12.6104 43.9777 2
      vertex 2.22752 40.165 2
      vertex 11.0679 44.391 2
    endloop
  endfacet
  facet normal 0 0 -1
    outer loop
      vertex 18.1534 35.8977 2
      vertex 2.22752 40.165 2
      vertex 12.6104 43.9777 2
    endloop
  endfacet
  facet normal 0 -0 -1
    outer loop
      vertex 2.02254 39.8305 2
      vertex 18.1637 35.5055 2
      vertex 1.76777 39.5322 2
    endloop
  endfacet
  facet normal -0 0 -1
    outer loop
      vertex 11.0679 44.391 2
      vertex 2.37764 40.5275 2
      vertex 9.51196 44.7503 2
    endloop
  endfacet
  facet normal 0 0 -1
    outer loop
      vertex 1.76777 39.5322 2
      vertex 6.47748 22.5896 2
      vertex 5.68516 22.8019 2
    endloop
  endfacet
  facet normal 0 0 -1
    outer loop
      vertex 1.46946 39.2775 2
      vertex 5.68516 22.8019 2
      vertex 4.88592 22.9865 2
    endloop
  endfacet
  facet normal 0 -0 -1
    outer loop
      vertex 2.46922 40.9089 2
      vertex 9.51196 44.7503 2
      vertex 2.37764 40.5275 2
    endloop
  endfacet
  facet normal 0 0 -1
    outer loop
      vertex 1.46946 39.2775 2
      vertex 4.88592 22.9865 2
      vertex 4.08073 23.143 2
    endloop
  endfacet
  facet normal 0 0 -1
    outer loop
      vertex 1.13498 39.0725 2
      vertex 4.08073 23.143 2
      vertex 3.27057 23.2713 2
    endloop
  endfacet
  facet normal 0 -0 -1
    outer loop
      vertex 2.5 41.3 2
      vertex 7.9444 45.055 2
      vertex 2.46922 40.9089 2
    endloop
  endfacet
  facet normal 0 0 -1
    outer loop
      vertex 2.46922 41.6911 2
      vertex 6.36717 45.3048 2
      vertex 2.5 41.3 2
    endloop
  endfacet
  facet normal 0 0 -1
    outer loop
      vertex 2.37764 42.0725 2
      vertex 6.36717 45.3048 2
      vertex 2.46922 41.6911 2
    endloop
  endfacet
  facet normal 0 0 -1
    outer loop
      vertex 0.772542 38.9224 2
      vertex 3.27057 23.2713 2
      vertex 2.45642 23.3713 2
    endloop
  endfacet
  facet normal -0 0 -1
    outer loop
      vertex 7.9444 45.055 2
      vertex 2.5 41.3 2
      vertex 6.36717 45.3048 2
    endloop
  endfacet
  facet normal -0 0 -1
    outer loop
      vertex 9.51196 44.7503 2
      vertex 2.46922 40.9089 2
      vertex 7.9444 45.055 2
    endloop
  endfacet
  facet normal 0 -0 -1
    outer loop
      vertex 2.37764 40.5275 2
      vertex 11.0679 44.391 2
      vertex 2.22752 40.165 2
    endloop
  endfacet
  facet normal 0 0 -1
    outer loop
      vertex 18.1637 35.5055 2
      vertex 2.02254 39.8305 2
      vertex 18.1534 35.8977 2
    endloop
  endfacet
  facet normal 0 0 -1
    outer loop
      vertex 0.772542 38.9224 2
      vertex 2.45642 23.3713 2
      vertex 1.63928 23.4428 2
    endloop
  endfacet
  facet normal 0 0 -1
    outer loop
      vertex 5.68516 22.8019 2
      vertex 1.46946 39.2775 2
      vertex 1.76777 39.5322 2
    endloop
  endfacet
  facet normal 0 0 -1
    outer loop
      vertex 4.08073 23.143 2
      vertex 1.13498 39.0725 2
      vertex 1.46946 39.2775 2
    endloop
  endfacet
  facet normal 0 0 -1
    outer loop
      vertex 0.391086 38.8308 2
      vertex 1.63928 23.4428 2
      vertex 0.820138 23.4857 2
    endloop
  endfacet
  facet normal 0 0 -1
    outer loop
      vertex 3.27057 23.2713 2
      vertex 0.772542 38.9224 2
      vertex 1.13498 39.0725 2
    endloop
  endfacet
  facet normal 0 0 -1
    outer loop
      vertex 1.63928 23.4428 2
      vertex 0.391086 38.8308 2
      vertex 0.772542 38.9224 2
    endloop
  endfacet
  facet normal 0 0 -1
    outer loop
      vertex 0 38.8 2
      vertex 0.820138 23.4857 2
      vertex 0 23.5 2
    endloop
  endfacet
  facet normal 0 0 -1
    outer loop
      vertex 0.820138 23.4857 2
      vertex 0 38.8 2
      vertex 0.391086 38.8308 2
    endloop
  endfacet
  facet normal 0 0 -1
    outer loop
      vertex -0.820138 23.4857 2
      vertex 0 38.8 2
      vertex 0 23.5 2
    endloop
  endfacet
  facet normal -0 0 -1
    outer loop
      vertex 0 38.8 2
      vertex -0.820138 23.4857 2
      vertex -0.391086 38.8308 2
    endloop
  endfacet
  facet normal 0 0 -1
    outer loop
      vertex -1.63928 23.4428 2
      vertex -0.391086 38.8308 2
      vertex -0.820138 23.4857 2
    endloop
  endfacet
  facet normal -0 0 -1
    outer loop
      vertex -0.391086 38.8308 2
      vertex -1.63928 23.4428 2
      vertex -0.772542 38.9224 2
    endloop
  endfacet
  facet normal 0 0 -1
    outer loop
      vertex -2.45642 23.3713 2
      vertex -0.772542 38.9224 2
      vertex -1.63928 23.4428 2
    endloop
  endfacet
  facet normal 0 0 -1
    outer loop
      vertex -3.27057 23.2713 2
      vertex -0.772542 38.9224 2
      vertex -2.45642 23.3713 2
    endloop
  endfacet
  facet normal -0 0 -1
    outer loop
      vertex -0.772542 38.9224 2
      vertex -3.27057 23.2713 2
      vertex -1.13498 39.0725 2
    endloop
  endfacet
  facet normal 0 0 -1
    outer loop
      vertex -4.08073 23.143 2
      vertex -1.13498 39.0725 2
      vertex -3.27057 23.2713 2
    endloop
  endfacet
  facet normal -0 0 -1
    outer loop
      vertex -1.13498 39.0725 2
      vertex -4.08073 23.143 2
      vertex -1.46946 39.2775 2
    endloop
  endfacet
  facet normal 0 0 -1
    outer loop
      vertex -4.88592 22.9865 2
      vertex -1.46946 39.2775 2
      vertex -4.08073 23.143 2
    endloop
  endfacet
  facet normal 0 0 -1
    outer loop
      vertex -5.68516 22.8019 2
      vertex -1.46946 39.2775 2
      vertex -4.88592 22.9865 2
    endloop
  endfacet
  facet normal -0 0 -1
    outer loop
      vertex -1.46946 39.2775 2
      vertex -5.68516 22.8019 2
      vertex -1.76777 39.5322 2
    endloop
  endfacet
  facet normal 0 0 -1
    outer loop
      vertex -6.47748 22.5896 2
      vertex -1.76777 39.5322 2
      vertex -5.68516 22.8019 2
    endloop
  endfacet
  facet normal 0 0 -1
    outer loop
      vertex -18.1637 35.5055 2
      vertex -2.02254 39.8305 2
      vertex -1.76777 39.5322 2
    endloop
  endfacet
  facet normal -0 0 -1
    outer loop
      vertex -2.02254 39.8305 2
      vertex -18.1534 35.8977 2
      vertex -2.22752 40.165 2
    endloop
  endfacet
  facet normal 0 -0 -1
    outer loop
      vertex -11.0679 44.391 2
      vertex -2.22752 40.165 2
      vertex -18.1534 35.8977 2
    endloop
  endfacet
  facet normal 0 0 -1
    outer loop
      vertex -2.02254 42.7695 2
      vertex -4.78218 45.4994 2
      vertex -3.19136 45.6386 2
    endloop
  endfacet
  facet normal 0 0 -1
    outer loop
      vertex -2.22752 40.165 2
      vertex -11.0679 44.391 2
      vertex -2.37764 40.5275 2
    endloop
  endfacet
  facet normal 0 -0 -1
    outer loop
      vertex -9.51196 44.7503 2
      vertex -2.37764 40.5275 2
      vertex -11.0679 44.391 2
    endloop
  endfacet
  facet normal 0 0 -1
    outer loop
      vertex -2.37764 42.0725 2
      vertex -6.36717 45.3048 2
      vertex -4.78218 45.4994 2
    endloop
  endfacet
  facet normal 0 0 -1
    outer loop
      vertex -18.1637 35.5055 2
      vertex -1.76777 39.5322 2
      vertex -6.47748 22.5896 2
    endloop
  endfacet
  facet normal 0 0 -1
    outer loop
      vertex -18.1637 35.5055 2
      vertex -6.47748 22.5896 2
      vertex -7.2619 22.3498 2
    endloop
  endfacet
  facet normal 0 0 -1
    outer loop
      vertex -2.5 41.3 2
      vertex -7.9444 45.055 2
      vertex -6.36717 45.3048 2
    endloop
  endfacet
  facet normal 0 0 -1
    outer loop
      vertex -18.1637 35.5055 2
      vertex -7.2619 22.3498 2
      vertex -8.03747 22.0828 2
    endloop
  endfacet
  facet normal 0 0 -1
    outer loop
      vertex -18.1637 35.5055 2
      vertex -8.03747 22.0828 2
      vertex -8.80325 21.7888 2
    endloop
  endfacet
  facet normal 0 0 -1
    outer loop
      vertex -2.46922 40.9089 2
      vertex -7.9444 45.055 2
      vertex -2.5 41.3 2
    endloop
  endfacet
  facet normal 0 0 -1
    outer loop
      vertex -18.1637 35.5055 2
      vertex -8.80325 21.7888 2
      vertex -9.55831 21.4683 2
    endloop
  endfacet
  facet normal 0 0 -1
    outer loop
      vertex -18.1637 35.5055 2
      vertex -9.55831 21.4683 2
      vertex -10.3017 21.1217 2
    endloop
  endfacet
  facet normal 0 0 -1
    outer loop
      vertex -18.1637 35.5055 2
      vertex -10.3017 21.1217 2
      vertex -11.0326 20.7493 2
    endloop
  endfacet
  facet normal 0 0 -1
    outer loop
      vertex -2.37764 40.5275 2
      vertex -9.51196 44.7503 2
      vertex -2.46922 40.9089 2
    endloop
  endfacet
  facet normal 0 0 -1
    outer loop
      vertex -18.1637 35.5055 2
      vertex -11.0326 20.7493 2
      vertex -11.75 20.3516 2
    endloop
  endfacet
  facet normal 0 0 -1
    outer loop
      vertex -18.1637 35.5055 2
      vertex -11.75 20.3516 2
      vertex -12.4531 19.9291 2
    endloop
  endfacet
  facet normal 0 -0 -1
    outer loop
      vertex -7.9444 45.055 2
      vertex -2.46922 40.9089 2
      vertex -9.51196 44.7503 2
    endloop
  endfacet
  facet normal 0 0 -1
    outer loop
      vertex -18.1637 35.5055 2
      vertex -12.4531 19.9291 2
      vertex -13.141 19.4824 2
    endloop
  endfacet
  facet normal 0 0 -1
    outer loop
      vertex -18.1637 35.5055 2
      vertex -13.141 19.4824 2
      vertex -13.813 19.0119 2
    endloop
  endfacet
  facet normal 0 0 -1
    outer loop
      vertex -11.0679 44.391 2
      vertex -18.1534 35.8977 2
      vertex -12.6104 43.9777 2
    endloop
  endfacet
  facet normal 0 0 -1
    outer loop
      vertex -18.1637 35.5055 2
      vertex -13.813 19.0119 2
      vertex -14.468 18.5183 2
    endloop
  endfacet
  facet normal 0 0 -1
    outer loop
      vertex -18.1637 35.5055 2
      vertex -14.468 18.5183 2
      vertex -15.1055 18.002 2
    endloop
  endfacet
  facet normal 0 0 -1
    outer loop
      vertex -18.2046 36.2866 2
      vertex -12.6104 43.9777 2
      vertex -18.1534 35.8977 2
    endloop
  endfacet
  facet normal 0 0 -1
    outer loop
      vertex -18.1637 35.5055 2
      vertex -15.1055 18.002 2
      vertex -15.7246 17.4639 2
    endloop
  endfacet
  facet normal 0 0 -1
    outer loop
      vertex -18.1637 35.5055 2
      vertex -15.7246 17.4639 2
      vertex -16.3245 16.9045 2
    endloop
  endfacet
  facet normal 0 0 -1
    outer loop
      vertex -18.1637 35.5055 2
      vertex -16.3245 16.9045 2
      vertex -16.9045 16.3245 2
    endloop
  endfacet
  facet normal 0 0 -1
    outer loop
      vertex -12.6104 43.9777 2
      vertex -18.2046 36.2866 2
      vertex -14.1375 43.5108 2
    endloop
  endfacet
  facet normal 0 0 -1
    outer loop
      vertex -18.1637 35.5055 2
      vertex -16.9045 16.3245 2
      vertex -17.4639 15.7246 2
    endloop
  endfacet
  facet normal 0 0 -1
    outer loop
      vertex -33.2805 20.9113 2
      vertex -18.002 15.1055 2
      vertex -33.2703 20.5192 2
    endloop
  endfacet
  facet normal 0 0 -1
    outer loop
      vertex -18.316 36.6628 2
      vertex -14.1375 43.5108 2
      vertex -18.2046 36.2866 2
    endloop
  endfacet
  facet normal 0 0 -1
    outer loop
      vertex -14.1375 43.5108 2
      vertex -18.316 36.6628 2
      vertex -15.6474 42.9909 2
    endloop
  endfacet
  facet normal 0 0 -1
    outer loop
      vertex -18.4849 37.0168 2
      vertex -15.6474 42.9909 2
      vertex -18.316 36.6628 2
    endloop
  endfacet
  facet normal 0 0 -1
    outer loop
      vertex -15.6474 42.9909 2
      vertex -18.4849 37.0168 2
      vertex -17.1383 42.4187 2
    endloop
  endfacet
  facet normal 0 0 -1
    outer loop
      vertex -18.7071 37.3401 2
      vertex -17.1383 42.4187 2
      vertex -18.4849 37.0168 2
    endloop
  endfacet
  facet normal 0 0 -1
    outer loop
      vertex -18.9772 37.6247 2
      vertex -17.1383 42.4187 2
      vertex -18.7071 37.3401 2
    endloop
  endfacet
  facet normal 0 0 -1
    outer loop
      vertex -17.1383 42.4187 2
      vertex -18.9772 37.6247 2
      vertex -18.6082 41.7947 2
    endloop
  endfacet
  facet normal 0 0 -1
    outer loop
      vertex -19.2884 37.8635 2
      vertex -18.6082 41.7947 2
      vertex -18.9772 37.6247 2
    endloop
  endfacet
  facet normal 0 0 -1
    outer loop
      vertex -19.6332 38.0507 2
      vertex -18.6082 41.7947 2
      vertex -19.2884 37.8635 2
    endloop
  endfacet
  facet normal 0 0 -1
    outer loop
      vertex -20.0555 41.1198 2
      vertex -19.6332 38.0507 2
      vertex -20.003 38.1817 2
    endloop
  endfacet
  facet normal 0 0 -1
    outer loop
      vertex -19.6332 38.0507 2
      vertex -20.0555 41.1198 2
      vertex -18.6082 41.7947 2
    endloop
  endfacet
  facet normal 0 0 -1
    outer loop
      vertex -20.3887 38.2532 2
      vertex -20.0555 41.1198 2
      vertex -20.003 38.1817 2
    endloop
  endfacet
  facet normal 0 0 -1
    outer loop
      vertex -21.4783 40.3949 2
      vertex -20.3887 38.2532 2
      vertex -20.7808 38.2634 2
    endloop
  endfacet
  facet normal 0 0 -1
    outer loop
      vertex -21.4783 40.3949 2
      vertex -20.7808 38.2634 2
      vertex -21.1698 38.2122 2
    endloop
  endfacet
  facet normal 0 0 -1
    outer loop
      vertex -20.3887 38.2532 2
      vertex -21.4783 40.3949 2
      vertex -20.0555 41.1198 2
    endloop
  endfacet
  facet normal 0 0 -1
    outer loop
      vertex -21.5459 38.1008 2
      vertex -21.4783 40.3949 2
      vertex -21.1698 38.2122 2
    endloop
  endfacet
  facet normal 0 0 -1
    outer loop
      vertex -22.875 39.6207 2
      vertex -21.5459 38.1008 2
      vertex -21.9 37.9319 2
    endloop
  endfacet
  facet normal 0 0 -1
    outer loop
      vertex -22.875 39.6207 2
      vertex -21.9 37.9319 2
      vertex -22.2233 37.7097 2
    endloop
  endfacet
  facet normal 0 0 -1
    outer loop
      vertex -24.2438 38.7982 2
      vertex -22.2233 37.7097 2
      vertex -22.5079 37.4397 2
    endloop
  endfacet
  facet normal 0 0 -1
    outer loop
      vertex -24.2438 38.7982 2
      vertex -22.5079 37.4397 2
      vertex -22.7467 37.1284 2
    endloop
  endfacet
  facet normal 0 0 -1
    outer loop
      vertex -21.5459 38.1008 2
      vertex -22.875 39.6207 2
      vertex -21.4783 40.3949 2
    endloop
  endfacet
  facet normal 0 0 -1
    outer loop
      vertex -24.2438 38.7982 2
      vertex -22.7467 37.1284 2
      vertex -22.9339 36.7837 2
    endloop
  endfacet
  facet normal 0 0 -1
    outer loop
      vertex -25.5831 37.9285 2
      vertex -22.9339 36.7837 2
      vertex -23.0648 36.4139 2
    endloop
  endfacet
  facet normal 0 0 -1
    outer loop
      vertex -25.5831 37.9285 2
      vertex -23.0648 36.4139 2
      vertex -23.1363 36.0282 2
    endloop
  endfacet
  facet normal 0 0 -1
    outer loop
      vertex -33.2703 20.5192 2
      vertex -23.2713 3.27057 2
      vertex -23.3713 2.45642 2
    endloop
  endfacet
  facet normal 0 0 -1
    outer loop
      vertex -33.2703 20.5192 2
      vertex -23.3713 2.45642 2
      vertex -23.4428 1.63928 2
    endloop
  endfacet
  facet normal 0 0 -1
    outer loop
      vertex -23.5 0 2
      vertex -33.2703 20.5192 2
      vertex -23.4857 0.820138 2
    endloop
  endfacet
  facet normal -0 0 -1
    outer loop
      vertex -22.5896 -6.47748 2
      vertex -35.1198 -18.2352 2
      vertex -22.8019 -5.68516 2
    endloop
  endfacet
  facet normal 0 0 -1
    outer loop
      vertex -35.1198 -18.2352 2
      vertex -22.5896 -6.47748 2
      vertex -34.75 -18.3661 2
    endloop
  endfacet
  facet normal 0 0 -1
    outer loop
      vertex -22.2233 37.7097 2
      vertex -24.2438 38.7982 2
      vertex -22.875 39.6207 2
    endloop
  endfacet
  facet normal 0 0 -1
    outer loop
      vertex -26.8912 37.0125 2
      vertex -23.1363 36.0282 2
      vertex -23.1466 35.636 2
    endloop
  endfacet
  facet normal 0 0 -1
    outer loop
      vertex -23.4857 0.820138 2
      vertex -33.2703 20.5192 2
      vertex -23.4428 1.63928 2
    endloop
  endfacet
  facet normal -0 0 -1
    outer loop
      vertex -23.1466 -35.636 2
      vertex -26.8912 -37.0125 2
      vertex -23.0954 -35.2471 2
    endloop
  endfacet
  facet normal 0 0 -1
    outer loop
      vertex -22.5929 34.1935 2
      vertex -29.4075 35.0465 2
      vertex -22.8151 34.5168 2
    endloop
  endfacet
  facet normal 0 0 -1
    outer loop
      vertex -28.1665 -36.0515 2
      vertex -23.0954 -35.2471 2
      vertex -26.8912 -37.0125 2
    endloop
  endfacet
  facet normal 0 0 -1
    outer loop
      vertex -22.9339 36.7837 2
      vertex -25.5831 37.9285 2
      vertex -24.2438 38.7982 2
    endloop
  endfacet
  facet normal 0 0 -1
    outer loop
      vertex -22.8151 -34.5168 2
      vertex -28.1665 -36.0515 2
      vertex -29.4075 -35.0465 2
    endloop
  endfacet
  facet normal 0 0 -1
    outer loop
      vertex -23.1363 36.0282 2
      vertex -26.8912 37.0125 2
      vertex -25.5831 37.9285 2
    endloop
  endfacet
  facet normal -0 0 -1
    outer loop
      vertex -22.5929 -34.1935 2
      vertex -29.4075 -35.0465 2
      vertex -30.6127 -33.9989 2
    endloop
  endfacet
  facet normal 0 0 -1
    outer loop
      vertex -23.0954 35.2471 2
      vertex -26.8912 37.0125 2
      vertex -23.1466 35.636 2
    endloop
  endfacet
  facet normal -0 0 -1
    outer loop
      vertex -22.3228 -33.909 2
      vertex -30.6127 -33.9989 2
      vertex -31.7806 -32.9098 2
    endloop
  endfacet
  facet normal 0 -0 -1
    outer loop
      vertex -26.8912 37.0125 2
      vertex -23.0954 35.2471 2
      vertex -28.1665 36.0515 2
    endloop
  endfacet
  facet normal 0 0 -1
    outer loop
      vertex -22.0116 -33.6702 2
      vertex -31.7806 -32.9098 2
      vertex -33.6702 -22.0116 2
    endloop
  endfacet
  facet normal 0 0 -1
    outer loop
      vertex -22.984 34.8709 2
      vertex -28.1665 36.0515 2
      vertex -23.0954 35.2471 2
    endloop
  endfacet
  facet normal 0 0 -1
    outer loop
      vertex -33.6702 -22.0116 2
      vertex -31.7806 -32.9098 2
      vertex -32.9098 -31.7806 2
    endloop
  endfacet
  facet normal 0 0 -1
    outer loop
      vertex -22.8151 34.5168 2
      vertex -28.1665 36.0515 2
      vertex -22.984 34.8709 2
    endloop
  endfacet
  facet normal 0 -0 -1
    outer loop
      vertex -28.1665 36.0515 2
      vertex -22.8151 34.5168 2
      vertex -29.4075 35.0465 2
    endloop
  endfacet
  facet normal -0 0 -1
    outer loop
      vertex -20.3516 -11.75 2
      vertex -33.6018 -19.4 2
      vertex -20.7493 -11.0326 2
    endloop
  endfacet
  facet normal -0 0 -1
    outer loop
      vertex -18.002 -15.1055 2
      vertex -33.2703 -20.5192 2
      vertex -18.5183 -14.468 2
    endloop
  endfacet
  facet normal 0 0 -1
    outer loop
      vertex -21.6668 -33.483 2
      vertex -33.483 -21.6668 2
      vertex -33.352 -21.297 2
    endloop
  endfacet
  facet normal 0 0 -1
    outer loop
      vertex -22.0116 -33.6702 2
      vertex -33.6702 -22.0116 2
      vertex -33.483 -21.6668 2
    endloop
  endfacet
  facet normal 0 0 -1
    outer loop
      vertex -32.9098 -31.7806 2
      vertex -33.909 -22.3228 2
      vertex -33.6702 -22.0116 2
    endloop
  endfacet
  facet normal 0 0 -1
    outer loop
      vertex -33.9989 -30.6127 2
      vertex -33.909 -22.3228 2
      vertex -32.9098 -31.7806 2
    endloop
  endfacet
  facet normal 0 0 -1
    outer loop
      vertex -33.9989 -30.6127 2
      vertex -34.1935 -22.5929 2
      vertex -33.909 -22.3228 2
    endloop
  endfacet
  facet normal 0 0 -1
    outer loop
      vertex -35.0465 -29.4075 2
      vertex -34.1935 -22.5929 2
      vertex -33.9989 -30.6127 2
    endloop
  endfacet
  facet normal 0 0 -1
    outer loop
      vertex -34.1935 -22.5929 2
      vertex -35.0465 -29.4075 2
      vertex -34.5168 -22.8151 2
    endloop
  endfacet
  facet normal 0 0 -1
    outer loop
      vertex -36.0515 -28.1665 2
      vertex -34.5168 -22.8151 2
      vertex -35.0465 -29.4075 2
    endloop
  endfacet
  facet normal 0 0 -1
    outer loop
      vertex -34.5168 -22.8151 2
      vertex -36.0515 -28.1665 2
      vertex -34.8709 -22.984 2
    endloop
  endfacet
  facet normal 0 0 -1
    outer loop
      vertex -34.8709 -22.984 2
      vertex -36.0515 -28.1665 2
      vertex -35.2471 -23.0954 2
    endloop
  endfacet
  facet normal 0 0 -1
    outer loop
      vertex -37.0125 -26.8912 2
      vertex -35.2471 -23.0954 2
      vertex -36.0515 -28.1665 2
    endloop
  endfacet
  facet normal 0 0 -1
    outer loop
      vertex -35.2471 -23.0954 2
      vertex -37.0125 -26.8912 2
      vertex -35.636 -23.1466 2
    endloop
  endfacet
  facet normal -0 0 -1
    outer loop
      vertex -35.636 -23.1466 2
      vertex -37.0125 -26.8912 2
      vertex -36.0282 -23.1363 2
    endloop
  endfacet
  facet normal 0 0 -1
    outer loop
      vertex -37.9285 -25.5831 2
      vertex -36.0282 -23.1363 2
      vertex -37.0125 -26.8912 2
    endloop
  endfacet
  facet normal -0 0 -1
    outer loop
      vertex -36.0282 -23.1363 2
      vertex -37.9285 -25.5831 2
      vertex -36.4139 -23.0648 2
    endloop
  endfacet
  facet normal -0 0 -1
    outer loop
      vertex -36.4139 -23.0648 2
      vertex -37.9285 -25.5831 2
      vertex -36.7837 -22.9339 2
    endloop
  endfacet
  facet normal 0 0 -1
    outer loop
      vertex -38.7982 -24.2438 2
      vertex -36.7837 -22.9339 2
      vertex -37.9285 -25.5831 2
    endloop
  endfacet
  facet normal -0 0 -1
    outer loop
      vertex -36.7837 -22.9339 2
      vertex -38.7982 -24.2438 2
      vertex -37.1284 -22.7467 2
    endloop
  endfacet
  facet normal -0 0 -1
    outer loop
      vertex -37.1284 -22.7467 2
      vertex -38.7982 -24.2438 2
      vertex -37.4397 -22.5079 2
    endloop
  endfacet
  facet normal -0 0 -1
    outer loop
      vertex -37.4397 -22.5079 2
      vertex -38.7982 -24.2438 2
      vertex -37.7097 -22.2233 2
    endloop
  endfacet
  facet normal 0 0 -1
    outer loop
      vertex -39.6207 -22.875 2
      vertex -37.7097 -22.2233 2
      vertex -38.7982 -24.2438 2
    endloop
  endfacet
  facet normal -0 0 -1
    outer loop
      vertex -37.7097 -22.2233 2
      vertex -39.6207 -22.875 2
      vertex -37.9319 -21.9 2
    endloop
  endfacet
  facet normal -0 0 -1
    outer loop
      vertex -37.9319 -21.9 2
      vertex -39.6207 -22.875 2
      vertex -38.1008 -21.5459 2
    endloop
  endfacet
  facet normal -0 0 -1
    outer loop
      vertex -38.2122 -21.1698 2
      vertex -40.3949 -21.4783 2
      vertex -38.2634 -20.7808 2
    endloop
  endfacet
  facet normal 0 0 -1
    outer loop
      vertex -40.3949 -21.4783 2
      vertex -38.1008 -21.5459 2
      vertex -39.6207 -22.875 2
    endloop
  endfacet
  facet normal 0 0 -1
    outer loop
      vertex 32.9098 -31.7806 2
      vertex 23.143 -4.08073 2
      vertex 23.2713 -3.27057 2
    endloop
  endfacet
  facet normal 0 0 -1
    outer loop
      vertex 29.4075 -35.0465 2
      vertex 22.5929 -34.1935 2
      vertex 30.6127 -33.9989 2
    endloop
  endfacet
  facet normal 0 0 -1
    outer loop
      vertex 32.9098 -31.7806 2
      vertex 22.9865 -4.88592 2
      vertex 23.143 -4.08073 2
    endloop
  endfacet
  facet normal 0 0 -1
    outer loop
      vertex 22.3228 -33.909 2
      vertex 30.6127 -33.9989 2
      vertex 22.5929 -34.1935 2
    endloop
  endfacet
  facet normal 0 0 -1
    outer loop
      vertex 30.6127 -33.9989 2
      vertex 22.3228 -33.909 2
      vertex 31.7806 -32.9098 2
    endloop
  endfacet
  facet normal 0 0 -1
    outer loop
      vertex 32.9098 -31.7806 2
      vertex 22.8019 -5.68516 2
      vertex 22.9865 -4.88592 2
    endloop
  endfacet
  facet normal 0 0 -1
    outer loop
      vertex 22.0116 -33.6702 2
      vertex 31.7806 -32.9098 2
      vertex 22.3228 -33.909 2
    endloop
  endfacet
  facet normal 0 0 -1
    outer loop
      vertex 32.9098 -31.7806 2
      vertex 22.5896 -6.47748 2
      vertex 22.8019 -5.68516 2
    endloop
  endfacet
  facet normal 0 0 -1
    outer loop
      vertex 32.9098 -31.7806 2
      vertex 22.3498 -7.2619 2
      vertex 22.5896 -6.47748 2
    endloop
  endfacet
  facet normal -0 0 -1
    outer loop
      vertex 31.7806 -32.9098 2
      vertex 22.0116 -33.6702 2
      vertex 32.9098 -31.7806 2
    endloop
  endfacet
  facet normal 0 0 -1
    outer loop
      vertex 32.9098 -31.7806 2
      vertex 22.0828 -8.03747 2
      vertex 22.3498 -7.2619 2
    endloop
  endfacet
  facet normal 0 0 -1
    outer loop
      vertex 21.6668 -33.483 2
      vertex 32.9098 -31.7806 2
      vertex 22.0116 -33.6702 2
    endloop
  endfacet
  facet normal 0 0 -1
    outer loop
      vertex 32.9098 -31.7806 2
      vertex 21.7888 -8.80325 2
      vertex 22.0828 -8.03747 2
    endloop
  endfacet
  facet normal 0 0 -1
    outer loop
      vertex 17.4639 -15.7246 2
      vertex 32.9098 -31.7806 2
      vertex 21.6668 -33.483 2
    endloop
  endfacet
  facet normal 0 0 -1
    outer loop
      vertex 32.9098 -31.7806 2
      vertex 21.4683 -9.55831 2
      vertex 21.7888 -8.80325 2
    endloop
  endfacet
  facet normal 0 0 -1
    outer loop
      vertex 17.4639 -15.7246 2
      vertex 21.6668 -33.483 2
      vertex 21.297 -33.352 2
    endloop
  endfacet
  facet normal 0 0 -1
    outer loop
      vertex 32.9098 -31.7806 2
      vertex 21.1217 -10.3017 2
      vertex 21.4683 -9.55831 2
    endloop
  endfacet
  facet normal 0 0 -1
    outer loop
      vertex 16.3245 -16.9045 2
      vertex 21.297 -33.352 2
      vertex 20.9113 -33.2805 2
    endloop
  endfacet
  facet normal 0 0 -1
    outer loop
      vertex 32.9098 -31.7806 2
      vertex 20.7493 -11.0326 2
      vertex 21.1217 -10.3017 2
    endloop
  endfacet
  facet normal 0 0 -1
    outer loop
      vertex 15.1055 -18.002 2
      vertex 20.9113 -33.2805 2
      vertex 20.5192 -33.2703 2
    endloop
  endfacet
  facet normal 0 0 -1
    outer loop
      vertex 32.9098 -31.7806 2
      vertex 20.3516 -11.75 2
      vertex 20.7493 -11.0326 2
    endloop
  endfacet
  facet normal 0 0 -1
    outer loop
      vertex 14.468 -18.5183 2
      vertex 20.5192 -33.2703 2
      vertex 20.1302 -33.3215 2
    endloop
  endfacet
  facet normal 0 0 -1
    outer loop
      vertex 32.9098 -31.7806 2
      vertex 19.9291 -12.4531 2
      vertex 20.3516 -11.75 2
    endloop
  endfacet
  facet normal 0 0 -1
    outer loop
      vertex 13.141 -19.4824 2
      vertex 20.1302 -33.3215 2
      vertex 19.7541 -33.4329 2
    endloop
  endfacet
  facet normal 0 0 -1
    outer loop
      vertex 32.9098 -31.7806 2
      vertex 19.4824 -13.141 2
      vertex 19.9291 -12.4531 2
    endloop
  endfacet
  facet normal 0 0 -1
    outer loop
      vertex 12.4531 -19.9291 2
      vertex 19.7541 -33.4329 2
      vertex 19.4 -33.6018 2
    endloop
  endfacet
  facet normal 0 0 -1
    outer loop
      vertex 11.0326 -20.7493 2
      vertex 19.4 -33.6018 2
      vertex 19.0767 -33.824 2
    endloop
  endfacet
  facet normal 0 0 -1
    outer loop
      vertex 32.9098 -31.7806 2
      vertex 19.0119 -13.813 2
      vertex 19.4824 -13.141 2
    endloop
  endfacet
  facet normal 0 0 -1
    outer loop
      vertex 10.3017 -21.1217 2
      vertex 19.0767 -33.824 2
      vertex 18.7921 -34.094 2
    endloop
  endfacet
  facet normal 0 0 -1
    outer loop
      vertex 8.80325 -21.7888 2
      vertex 18.7921 -34.094 2
      vertex 18.5533 -34.4053 2
    endloop
  endfacet
  facet normal 0 0 -1
    outer loop
      vertex 32.9098 -31.7806 2
      vertex 18.5183 -14.468 2
      vertex 19.0119 -13.813 2
    endloop
  endfacet
  facet normal 0 0 -1
    outer loop
      vertex 8.03747 -22.0828 2
      vertex 18.5533 -34.4053 2
      vertex 18.3661 -34.75 2
    endloop
  endfacet
  facet normal 0 0 -1
    outer loop
      vertex 6.47748 -22.5896 2
      vertex 18.3661 -34.75 2
      vertex 18.2352 -35.1198 2
    endloop
  endfacet
  facet normal 0 0 -1
    outer loop
      vertex 1.76777 -39.5322 2
      vertex 18.2352 -35.1198 2
      vertex 18.1637 -35.5055 2
    endloop
  endfacet
  facet normal 0 0 -1
    outer loop
      vertex 2.02254 -39.8305 2
      vertex 18.1637 -35.5055 2
      vertex 18.1534 -35.8977 2
    endloop
  endfacet
  facet normal 0 0 -1
    outer loop
      vertex 32.9098 -31.7806 2
      vertex 18.002 -15.1055 2
      vertex 18.5183 -14.468 2
    endloop
  endfacet
  facet normal 0 0 -1
    outer loop
      vertex 35.8977 -18.1534 2
      vertex 43.9777 -12.6104 2
      vertex 36.2866 -18.2046 2
    endloop
  endfacet
  facet normal 0 0 -1
    outer loop
      vertex 38.8 0 2
      vertex 38.2532 20.3887 2
      vertex 38.2634 20.7808 2
    endloop
  endfacet
  facet normal -0 0 -1
    outer loop
      vertex 43.9777 -12.6104 2
      vertex 35.8977 -18.1534 2
      vertex 40.165 -2.22752 2
    endloop
  endfacet
  facet normal 0 0 -1
    outer loop
      vertex 38.8 0 2
      vertex 38.1817 20.003 2
      vertex 38.2532 20.3887 2
    endloop
  endfacet
  facet normal -0 0 -1
    outer loop
      vertex 40.165 -2.22752 2
      vertex 35.8977 -18.1534 2
      vertex 39.8305 -2.02254 2
    endloop
  endfacet
  facet normal 0 0 -1
    outer loop
      vertex 38.8 0 2
      vertex 38.0507 19.6332 2
      vertex 38.1817 20.003 2
    endloop
  endfacet
  facet normal 0 0 -1
    outer loop
      vertex 35.5055 -18.1637 2
      vertex 39.8305 -2.02254 2
      vertex 35.8977 -18.1534 2
    endloop
  endfacet
  facet normal 0 0 -1
    outer loop
      vertex 38.8 0 2
      vertex 37.8635 19.2884 2
      vertex 38.0507 19.6332 2
    endloop
  endfacet
  facet normal -0 0 -1
    outer loop
      vertex 39.8305 -2.02254 2
      vertex 35.5055 -18.1637 2
      vertex 39.5322 -1.76777 2
    endloop
  endfacet
  facet normal 0 0 -1
    outer loop
      vertex 38.8 0 2
      vertex 37.6247 18.9772 2
      vertex 37.8635 19.2884 2
    endloop
  endfacet
  facet normal 0 0 -1
    outer loop
      vertex 35.1198 -18.2352 2
      vertex 39.5322 -1.76777 2
      vertex 35.5055 -18.1637 2
    endloop
  endfacet
  facet normal 0 0 -1
    outer loop
      vertex 38.8 0 2
      vertex 37.3401 18.7071 2
      vertex 37.6247 18.9772 2
    endloop
  endfacet
  facet normal -0 0 -1
    outer loop
      vertex 39.5322 -1.76777 2
      vertex 35.1198 -18.2352 2
      vertex 39.2775 -1.46946 2
    endloop
  endfacet
  facet normal 0 0 -1
    outer loop
      vertex 38.8 0 2
      vertex 37.0168 18.4849 2
      vertex 37.3401 18.7071 2
    endloop
  endfacet
  facet normal 0 0 -1
    outer loop
      vertex 23.4428 -1.63928 2
      vertex 39.2775 -1.46946 2
      vertex 35.1198 -18.2352 2
    endloop
  endfacet
  facet normal 0 0 -1
    outer loop
      vertex 38.8 0 2
      vertex 36.6628 18.316 2
      vertex 37.0168 18.4849 2
    endloop
  endfacet
  facet normal -0 0 -1
    outer loop
      vertex 39.2775 -1.46946 2
      vertex 23.4428 -1.63928 2
      vertex 39.0725 -1.13498 2
    endloop
  endfacet
  facet normal 0 0 -1
    outer loop
      vertex 23.4857 0.820138 2
      vertex 38.8 0 2
      vertex 23.5 0 2
    endloop
  endfacet
  facet normal -0 0 -1
    outer loop
      vertex 39.0725 -1.13498 2
      vertex 23.4428 -1.63928 2
      vertex 38.9224 -0.772542 2
    endloop
  endfacet
  facet normal 0 0 -1
    outer loop
      vertex 38.8 0 2
      vertex 36.2866 18.2046 2
      vertex 36.6628 18.316 2
    endloop
  endfacet
  facet normal -0 0 -1
    outer loop
      vertex 38.9224 -0.772542 2
      vertex 23.4428 -1.63928 2
      vertex 38.8308 -0.391086 2
    endloop
  endfacet
  facet normal 0 0 -1
    outer loop
      vertex 38.8 0 2
      vertex 35.8977 18.1534 2
      vertex 36.2866 18.2046 2
    endloop
  endfacet
  facet normal 0 -0 -1
    outer loop
      vertex 23.4857 -0.820138 2
      vertex 38.8308 -0.391086 2
      vertex 23.4428 -1.63928 2
    endloop
  endfacet
  facet normal 0 0 -1
    outer loop
      vertex 38.8 0 2
      vertex 35.5055 18.1637 2
      vertex 35.8977 18.1534 2
    endloop
  endfacet
  facet normal 0 0 -1
    outer loop
      vertex 23.4428 -1.63928 2
      vertex 35.1198 -18.2352 2
      vertex 34.75 -18.3661 2
    endloop
  endfacet
  facet normal 0 0 -1
    outer loop
      vertex 38.8 0 2
      vertex 35.1198 18.2352 2
      vertex 35.5055 18.1637 2
    endloop
  endfacet
  facet normal 0 0 -1
    outer loop
      vertex 23.4428 -1.63928 2
      vertex 34.75 -18.3661 2
      vertex 34.4053 -18.5533 2
    endloop
  endfacet
  facet normal 0 0 -1
    outer loop
      vertex 23.4428 1.63928 2
      vertex 38.8 0 2
      vertex 23.4857 0.820138 2
    endloop
  endfacet
  facet normal 0 0 -1
    outer loop
      vertex 23.4428 -1.63928 2
      vertex 34.4053 -18.5533 2
      vertex 34.094 -18.7921 2
    endloop
  endfacet
  facet normal 0 0 -1
    outer loop
      vertex 23.3713 2.45642 2
      vertex 38.8 0 2
      vertex 23.4428 1.63928 2
    endloop
  endfacet
  facet normal 0 0 -1
    outer loop
      vertex 23.4428 -1.63928 2
      vertex 34.094 -18.7921 2
      vertex 33.824 -19.0767 2
    endloop
  endfacet
  facet normal 0 0 -1
    outer loop
      vertex 23.2713 3.27057 2
      vertex 38.8 0 2
      vertex 23.3713 2.45642 2
    endloop
  endfacet
  facet normal 0 0 -1
    outer loop
      vertex 23.4428 -1.63928 2
      vertex 33.824 -19.0767 2
      vertex 33.6018 -19.4 2
    endloop
  endfacet
  facet normal 0 0 -1
    outer loop
      vertex 23.143 4.08073 2
      vertex 38.8 0 2
      vertex 23.2713 3.27057 2
    endloop
  endfacet
  facet normal 0 0 -1
    outer loop
      vertex 23.4428 -1.63928 2
      vertex 33.6018 -19.4 2
      vertex 33.4329 -19.7541 2
    endloop
  endfacet
  facet normal 0 0 -1
    outer loop
      vertex 22.9865 4.88592 2
      vertex 38.8 0 2
      vertex 23.143 4.08073 2
    endloop
  endfacet
  facet normal 0 0 -1
    outer loop
      vertex 23.4428 -1.63928 2
      vertex 33.4329 -19.7541 2
      vertex 33.3215 -20.1302 2
    endloop
  endfacet
  facet normal 0 0 -1
    outer loop
      vertex 22.8019 5.68516 2
      vertex 38.8 0 2
      vertex 22.9865 4.88592 2
    endloop
  endfacet
  facet normal 0 0 -1
    outer loop
      vertex 23.4428 -1.63928 2
      vertex 33.3215 -20.1302 2
      vertex 33.2703 -20.5192 2
    endloop
  endfacet
  facet normal 0 0 -1
    outer loop
      vertex 38.8 0 2
      vertex 22.8019 5.68516 2
      vertex 35.1198 18.2352 2
    endloop
  endfacet
  facet normal 0 0 -1
    outer loop
      vertex 38.1008 21.5459 2
      vertex 40.3949 21.4783 2
      vertex 38.2122 21.1698 2
    endloop
  endfacet
  facet normal 0 0 -1
    outer loop
      vertex 40.3949 21.4783 2
      vertex 38.1008 21.5459 2
      vertex 39.6207 22.875 2
    endloop
  endfacet
  facet normal 0 0 -1
    outer loop
      vertex 37.9319 21.9 2
      vertex 39.6207 22.875 2
      vertex 38.1008 21.5459 2
    endloop
  endfacet
  facet normal 0 0 -1
    outer loop
      vertex 37.7097 22.2233 2
      vertex 39.6207 22.875 2
      vertex 37.9319 21.9 2
    endloop
  endfacet
  facet normal -0 0 -1
    outer loop
      vertex 39.6207 22.875 2
      vertex 37.7097 22.2233 2
      vertex 38.7982 24.2438 2
    endloop
  endfacet
  facet normal 0 0 -1
    outer loop
      vertex 37.4397 22.5079 2
      vertex 38.7982 24.2438 2
      vertex 37.7097 22.2233 2
    endloop
  endfacet
  facet normal 0 0 -1
    outer loop
      vertex 37.1284 22.7467 2
      vertex 38.7982 24.2438 2
      vertex 37.4397 22.5079 2
    endloop
  endfacet
  facet normal 0 0 -1
    outer loop
      vertex 36.7837 22.9339 2
      vertex 38.7982 24.2438 2
      vertex 37.1284 22.7467 2
    endloop
  endfacet
  facet normal -0 0 -1
    outer loop
      vertex 38.7982 24.2438 2
      vertex 36.7837 22.9339 2
      vertex 37.9285 25.5831 2
    endloop
  endfacet
  facet normal 0 0 -1
    outer loop
      vertex 36.4139 23.0648 2
      vertex 37.9285 25.5831 2
      vertex 36.7837 22.9339 2
    endloop
  endfacet
  facet normal 0 0 -1
    outer loop
      vertex 36.0282 23.1363 2
      vertex 37.9285 25.5831 2
      vertex 36.4139 23.0648 2
    endloop
  endfacet
  facet normal -0 0 -1
    outer loop
      vertex 37.9285 25.5831 2
      vertex 36.0282 23.1363 2
      vertex 37.0125 26.8912 2
    endloop
  endfacet
  facet normal 0 0 -1
    outer loop
      vertex 35.636 23.1466 2
      vertex 37.0125 26.8912 2
      vertex 36.0282 23.1363 2
    endloop
  endfacet
  facet normal 0 0 -1
    outer loop
      vertex 35.2471 23.0954 2
      vertex 37.0125 26.8912 2
      vertex 35.636 23.1466 2
    endloop
  endfacet
  facet normal -0 0 -1
    outer loop
      vertex 37.0125 26.8912 2
      vertex 35.2471 23.0954 2
      vertex 36.0515 28.1665 2
    endloop
  endfacet
  facet normal 0 0 -1
    outer loop
      vertex 34.8709 22.984 2
      vertex 36.0515 28.1665 2
      vertex 35.2471 23.0954 2
    endloop
  endfacet
  facet normal 0 0 -1
    outer loop
      vertex 34.5168 22.8151 2
      vertex 36.0515 28.1665 2
      vertex 34.8709 22.984 2
    endloop
  endfacet
  facet normal -0 0 -1
    outer loop
      vertex 36.0515 28.1665 2
      vertex 34.5168 22.8151 2
      vertex 35.0465 29.4075 2
    endloop
  endfacet
  facet normal 0 0 -1
    outer loop
      vertex 34.1935 22.5929 2
      vertex 35.0465 29.4075 2
      vertex 34.5168 22.8151 2
    endloop
  endfacet
  facet normal 0 0 -1
    outer loop
      vertex 34.1935 22.5929 2
      vertex 33.9989 30.6127 2
      vertex 35.0465 29.4075 2
    endloop
  endfacet
  facet normal 0 0 -1
    outer loop
      vertex 33.909 22.3228 2
      vertex 33.9989 30.6127 2
      vertex 34.1935 22.5929 2
    endloop
  endfacet
  facet normal 0 0 -1
    outer loop
      vertex 32.9098 31.7806 2
      vertex 33.909 22.3228 2
      vertex 33.6702 22.0116 2
    endloop
  endfacet
  facet normal 0 0 -1
    outer loop
      vertex 31.7806 32.9098 2
      vertex 33.6702 22.0116 2
      vertex 33.483 21.6668 2
    endloop
  endfacet
  facet normal 0 0 -1
    outer loop
      vertex 30.6127 33.9989 2
      vertex 33.483 21.6668 2
      vertex 33.352 21.297 2
    endloop
  endfacet
  facet normal 0 0 -1
    outer loop
      vertex 26.8912 37.0125 2
      vertex 33.352 21.297 2
      vertex 33.2805 20.9113 2
    endloop
  endfacet
  facet normal 0 0 -1
    outer loop
      vertex 33.909 22.3228 2
      vertex 32.9098 31.7806 2
      vertex 33.9989 30.6127 2
    endloop
  endfacet
  facet normal 0 0 -1
    outer loop
      vertex 24.2438 38.7982 2
      vertex 33.2805 20.9113 2
      vertex 33.2703 20.5192 2
    endloop
  endfacet
  facet normal -0 0 -1
    outer loop
      vertex 38.8308 -0.391086 2
      vertex 23.4857 -0.820138 2
      vertex 38.8 0 2
    endloop
  endfacet
  facet normal 0 0 -1
    outer loop
      vertex 28.1665 -36.0515 2
      vertex 22.8151 -34.5168 2
      vertex 29.4075 -35.0465 2
    endloop
  endfacet
  facet normal -0 0 -1
    outer loop
      vertex 35.1198 18.2352 2
      vertex 22.5896 6.47748 2
      vertex 34.75 18.3661 2
    endloop
  endfacet
  facet normal 0 0 -1
    outer loop
      vertex 22.8151 -34.5168 2
      vertex 28.1665 -36.0515 2
      vertex 22.984 -34.8709 2
    endloop
  endfacet
  facet normal 0 0 -1
    outer loop
      vertex 33.6702 22.0116 2
      vertex 31.7806 32.9098 2
      vertex 32.9098 31.7806 2
    endloop
  endfacet
  facet normal 0 0 -1
    outer loop
      vertex 22.984 -34.8709 2
      vertex 28.1665 -36.0515 2
      vertex 23.0954 -35.2471 2
    endloop
  endfacet
  facet normal 0 0 -1
    outer loop
      vertex 33.483 21.6668 2
      vertex 30.6127 33.9989 2
      vertex 31.7806 32.9098 2
    endloop
  endfacet
  facet normal 0 0 -1
    outer loop
      vertex 26.8912 -37.0125 2
      vertex 23.0954 -35.2471 2
      vertex 28.1665 -36.0515 2
    endloop
  endfacet
  facet normal 0 0 -1
    outer loop
      vertex 33.352 21.297 2
      vertex 29.4075 35.0465 2
      vertex 30.6127 33.9989 2
    endloop
  endfacet
  facet normal 0 0 -1
    outer loop
      vertex 23.0954 -35.2471 2
      vertex 26.8912 -37.0125 2
      vertex 23.1466 -35.636 2
    endloop
  endfacet
  facet normal 0 0 -1
    outer loop
      vertex 33.352 21.297 2
      vertex 28.1665 36.0515 2
      vertex 29.4075 35.0465 2
    endloop
  endfacet
  facet normal 0 0 -1
    outer loop
      vertex 23.1363 -36.0282 2
      vertex 26.8912 -37.0125 2
      vertex 25.5831 -37.9285 2
    endloop
  endfacet
  facet normal 0 0 -1
    outer loop
      vertex 33.352 21.297 2
      vertex 26.8912 37.0125 2
      vertex 28.1665 36.0515 2
    endloop
  endfacet
  facet normal 0 0 -1
    outer loop
      vertex 22.9339 -36.7837 2
      vertex 25.5831 -37.9285 2
      vertex 24.2438 -38.7982 2
    endloop
  endfacet
  facet normal 0 0 -1
    outer loop
      vertex 33.2805 20.9113 2
      vertex 25.5831 37.9285 2
      vertex 26.8912 37.0125 2
    endloop
  endfacet
  facet normal 0 0 -1
    outer loop
      vertex 33.2805 20.9113 2
      vertex 24.2438 38.7982 2
      vertex 25.5831 37.9285 2
    endloop
  endfacet
  facet normal 0 0 -1
    outer loop
      vertex 22.5896 6.47748 2
      vertex 35.1198 18.2352 2
      vertex 22.8019 5.68516 2
    endloop
  endfacet
  facet normal -0 0 -1
    outer loop
      vertex 38.8 0 2
      vertex 23.4857 -0.820138 2
      vertex 23.5 0 2
    endloop
  endfacet
  facet normal 0 0 -1
    outer loop
      vertex 32.9098 -31.7806 2
      vertex 23.3713 -2.45642 2
      vertex 23.4428 -1.63928 2
    endloop
  endfacet
  facet normal 0 0 -1
    outer loop
      vertex 32.9098 -31.7806 2
      vertex 23.2713 -3.27057 2
      vertex 23.3713 -2.45642 2
    endloop
  endfacet
  facet normal 0 0 -1
    outer loop
      vertex 22.5929 -34.1935 2
      vertex 29.4075 -35.0465 2
      vertex 22.8151 -34.5168 2
    endloop
  endfacet
  facet normal 0 0 -1
    outer loop
      vertex 26.8912 -37.0125 2
      vertex 23.1363 -36.0282 2
      vertex 23.1466 -35.636 2
    endloop
  endfacet
  facet normal 0 0 -1
    outer loop
      vertex 25.5831 -37.9285 2
      vertex 23.0648 -36.4139 2
      vertex 23.1363 -36.0282 2
    endloop
  endfacet
  facet normal 0 0 -1
    outer loop
      vertex 25.5831 -37.9285 2
      vertex 22.9339 -36.7837 2
      vertex 23.0648 -36.4139 2
    endloop
  endfacet
  facet normal 0 0 -1
    outer loop
      vertex 22.2233 -37.7097 2
      vertex 24.2438 -38.7982 2
      vertex 22.875 -39.6207 2
    endloop
  endfacet
  facet normal 0 0 -1
    outer loop
      vertex 24.2438 -38.7982 2
      vertex 22.7467 -37.1284 2
      vertex 22.9339 -36.7837 2
    endloop
  endfacet
  facet normal 0 0 -1
    outer loop
      vertex 24.2438 -38.7982 2
      vertex 22.5079 -37.4397 2
      vertex 22.7467 -37.1284 2
    endloop
  endfacet
  facet normal 0 0 -1
    outer loop
      vertex 24.2438 -38.7982 2
      vertex 22.2233 -37.7097 2
      vertex 22.5079 -37.4397 2
    endloop
  endfacet
  facet normal 0 0 -1
    outer loop
      vertex 22.875 -39.6207 2
      vertex 21.9 -37.9319 2
      vertex 22.2233 -37.7097 2
    endloop
  endfacet
  facet normal 0 0 -1
    outer loop
      vertex 22.875 -39.6207 2
      vertex 21.5459 -38.1008 2
      vertex 21.9 -37.9319 2
    endloop
  endfacet
  facet normal 0 0 -1
    outer loop
      vertex 21.4783 -40.3949 2
      vertex 21.5459 -38.1008 2
      vertex 22.875 -39.6207 2
    endloop
  endfacet
  facet normal 0 0 -1
    outer loop
      vertex 21.4783 -40.3949 2
      vertex 21.1698 -38.2122 2
      vertex 21.5459 -38.1008 2
    endloop
  endfacet
  facet normal 0 0 -1
    outer loop
      vertex 21.4783 -40.3949 2
      vertex 20.7808 -38.2634 2
      vertex 21.1698 -38.2122 2
    endloop
  endfacet
  facet normal 0 0 -1
    outer loop
      vertex 21.4783 -40.3949 2
      vertex 20.3887 -38.2532 2
      vertex 20.7808 -38.2634 2
    endloop
  endfacet
  facet normal 0 0 -1
    outer loop
      vertex 20.0555 -41.1198 2
      vertex 20.3887 -38.2532 2
      vertex 21.4783 -40.3949 2
    endloop
  endfacet
  facet normal 0 0 -1
    outer loop
      vertex 20.0555 -41.1198 2
      vertex 20.003 -38.1817 2
      vertex 20.3887 -38.2532 2
    endloop
  endfacet
  facet normal 0 0 -1
    outer loop
      vertex 20.0555 -41.1198 2
      vertex 19.6332 -38.0507 2
      vertex 20.003 -38.1817 2
    endloop
  endfacet
  facet normal 0 0 -1
    outer loop
      vertex 18.6082 -41.7947 2
      vertex 19.6332 -38.0507 2
      vertex 20.0555 -41.1198 2
    endloop
  endfacet
  facet normal -0 0 -1
    outer loop
      vertex 19.6332 -38.0507 2
      vertex 18.6082 -41.7947 2
      vertex 19.2884 -37.8635 2
    endloop
  endfacet
  facet normal -0 0 -1
    outer loop
      vertex 19.2884 -37.8635 2
      vertex 18.6082 -41.7947 2
      vertex 18.9772 -37.6247 2
    endloop
  endfacet
  facet normal 0 0 -1
    outer loop
      vertex 17.1383 -42.4187 2
      vertex 18.9772 -37.6247 2
      vertex 18.6082 -41.7947 2
    endloop
  endfacet
  facet normal -0 0 -1
    outer loop
      vertex 18.9772 -37.6247 2
      vertex 17.1383 -42.4187 2
      vertex 18.7071 -37.3401 2
    endloop
  endfacet
  facet normal -0 0 -1
    outer loop
      vertex 18.7071 -37.3401 2
      vertex 17.1383 -42.4187 2
      vertex 18.4849 -37.0168 2
    endloop
  endfacet
  facet normal 0 0 -1
    outer loop
      vertex 15.6474 -42.9909 2
      vertex 18.4849 -37.0168 2
      vertex 17.1383 -42.4187 2
    endloop
  endfacet
  facet normal -0 0 -1
    outer loop
      vertex 18.4849 -37.0168 2
      vertex 15.6474 -42.9909 2
      vertex 18.316 -36.6628 2
    endloop
  endfacet
  facet normal 0 0 -1
    outer loop
      vertex 32.9098 -31.7806 2
      vertex 17.4639 -15.7246 2
      vertex 18.002 -15.1055 2
    endloop
  endfacet
  facet normal 0 0 -1
    outer loop
      vertex 14.1375 -43.5108 2
      vertex 18.316 -36.6628 2
      vertex 15.6474 -42.9909 2
    endloop
  endfacet
  facet normal -0 0 -1
    outer loop
      vertex 18.316 -36.6628 2
      vertex 14.1375 -43.5108 2
      vertex 18.2046 -36.2866 2
    endloop
  endfacet
  facet normal 0 0 -1
    outer loop
      vertex 21.297 -33.352 2
      vertex 16.9045 -16.3245 2
      vertex 17.4639 -15.7246 2
    endloop
  endfacet
  facet normal 0 0 -1
    outer loop
      vertex 21.297 -33.352 2
      vertex 16.3245 -16.9045 2
      vertex 16.9045 -16.3245 2
    endloop
  endfacet
  facet normal 0 0 -1
    outer loop
      vertex 20.9113 -33.2805 2
      vertex 15.7246 -17.4639 2
      vertex 16.3245 -16.9045 2
    endloop
  endfacet
  facet normal 0 0 -1
    outer loop
      vertex 12.6104 -43.9777 2
      vertex 18.2046 -36.2866 2
      vertex 14.1375 -43.5108 2
    endloop
  endfacet
  facet normal 0 0 -1
    outer loop
      vertex 20.9113 -33.2805 2
      vertex 15.1055 -18.002 2
      vertex 15.7246 -17.4639 2
    endloop
  endfacet
  facet normal 0 0 -1
    outer loop
      vertex 20.5192 -33.2703 2
      vertex 14.468 -18.5183 2
      vertex 15.1055 -18.002 2
    endloop
  endfacet
  facet normal -0 0 -1
    outer loop
      vertex 18.2046 -36.2866 2
      vertex 12.6104 -43.9777 2
      vertex 18.1534 -35.8977 2
    endloop
  endfacet
  facet normal 0 0 -1
    outer loop
      vertex 20.1302 -33.3215 2
      vertex 13.813 -19.0119 2
      vertex 14.468 -18.5183 2
    endloop
  endfacet
  facet normal 0 0 -1
    outer loop
      vertex 20.1302 -33.3215 2
      vertex 13.141 -19.4824 2
      vertex 13.813 -19.0119 2
    endloop
  endfacet
  facet normal 0 0 -1
    outer loop
      vertex 2.22752 -40.165 2
      vertex 18.1534 -35.8977 2
      vertex 12.6104 -43.9777 2
    endloop
  endfacet
  facet normal 0 0 -1
    outer loop
      vertex 19.7541 -33.4329 2
      vertex 12.4531 -19.9291 2
      vertex 13.141 -19.4824 2
    endloop
  endfacet
  facet normal 0 0 -1
    outer loop
      vertex 19.4 -33.6018 2
      vertex 11.75 -20.3516 2
      vertex 12.4531 -19.9291 2
    endloop
  endfacet
  facet normal 0 0 -1
    outer loop
      vertex 2.22752 -40.165 2
      vertex 12.6104 -43.9777 2
      vertex 11.0679 -44.391 2
    endloop
  endfacet
  facet normal 0 0 -1
    outer loop
      vertex 19.4 -33.6018 2
      vertex 11.0326 -20.7493 2
      vertex 11.75 -20.3516 2
    endloop
  endfacet
  facet normal 0 0 -1
    outer loop
      vertex 19.0767 -33.824 2
      vertex 10.3017 -21.1217 2
      vertex 11.0326 -20.7493 2
    endloop
  endfacet
  facet normal 0 0 -1
    outer loop
      vertex 18.7921 -34.094 2
      vertex 9.55831 -21.4683 2
      vertex 10.3017 -21.1217 2
    endloop
  endfacet
  facet normal 0 0 -1
    outer loop
      vertex 2.37764 -40.5275 2
      vertex 11.0679 -44.391 2
      vertex 9.51196 -44.7503 2
    endloop
  endfacet
  facet normal 0 0 -1
    outer loop
      vertex 18.7921 -34.094 2
      vertex 8.80325 -21.7888 2
      vertex 9.55831 -21.4683 2
    endloop
  endfacet
  facet normal 0 0 -1
    outer loop
      vertex 18.5533 -34.4053 2
      vertex 8.03747 -22.0828 2
      vertex 8.80325 -21.7888 2
    endloop
  endfacet
  facet normal 0 0 -1
    outer loop
      vertex 2.46922 -40.9089 2
      vertex 9.51196 -44.7503 2
      vertex 7.9444 -45.055 2
    endloop
  endfacet
  facet normal 0 0 -1
    outer loop
      vertex 18.1534 -35.8977 2
      vertex 2.22752 -40.165 2
      vertex 2.02254 -39.8305 2
    endloop
  endfacet
  facet normal 0 0 -1
    outer loop
      vertex 18.1637 -35.5055 2
      vertex 2.02254 -39.8305 2
      vertex 1.76777 -39.5322 2
    endloop
  endfacet
  facet normal 0 0 -1
    outer loop
      vertex 2.5 -41.3 2
      vertex 7.9444 -45.055 2
      vertex 6.36717 -45.3048 2
    endloop
  endfacet
  facet normal 0 0 -1
    outer loop
      vertex 18.3661 -34.75 2
      vertex 7.2619 -22.3498 2
      vertex 8.03747 -22.0828 2
    endloop
  endfacet
  facet normal 0 0 -1
    outer loop
      vertex 18.3661 -34.75 2
      vertex 6.47748 -22.5896 2
      vertex 7.2619 -22.3498 2
    endloop
  endfacet
  facet normal 0 0 -1
    outer loop
      vertex 2.46922 -41.6911 2
      vertex 6.36717 -45.3048 2
      vertex 4.78218 -45.4994 2
    endloop
  endfacet
  facet normal 0 0 -1
    outer loop
      vertex 11.0679 -44.391 2
      vertex 2.37764 -40.5275 2
      vertex 2.22752 -40.165 2
    endloop
  endfacet
  facet normal -0 0 -1
    outer loop
      vertex 18.2352 -35.1198 2
      vertex 1.76777 -39.5322 2
      vertex 6.47748 -22.5896 2
    endloop
  endfacet
  facet normal 0 0 -1
    outer loop
      vertex 2.02254 -42.7695 2
      vertex 4.78218 -45.4994 2
      vertex 3.19136 -45.6386 2
    endloop
  endfacet
  facet normal 0 0 -1
    outer loop
      vertex 7.9444 -45.055 2
      vertex 2.5 -41.3 2
      vertex 2.46922 -40.9089 2
    endloop
  endfacet
  facet normal 0 0 -1
    outer loop
      vertex 9.51196 -44.7503 2
      vertex 2.46922 -40.9089 2
      vertex 2.37764 -40.5275 2
    endloop
  endfacet
  facet normal 0 0 -1
    outer loop
      vertex 6.47748 -22.5896 2
      vertex 1.76777 -39.5322 2
      vertex 5.68516 -22.8019 2
    endloop
  endfacet
  facet normal 0 0 -1
    outer loop
      vertex 1.46946 -39.2775 2
      vertex 5.68516 -22.8019 2
      vertex 1.76777 -39.5322 2
    endloop
  endfacet
  facet normal 0 0 -1
    outer loop
      vertex 5.68516 -22.8019 2
      vertex 1.46946 -39.2775 2
      vertex 4.88592 -22.9865 2
    endloop
  endfacet
  facet normal 0 0 -1
    outer loop
      vertex 4.88592 -22.9865 2
      vertex 1.46946 -39.2775 2
      vertex 4.08073 -23.143 2
    endloop
  endfacet
  facet normal 0 0 -1
    outer loop
      vertex 1.13498 -39.0725 2
      vertex 4.08073 -23.143 2
      vertex 1.46946 -39.2775 2
    endloop
  endfacet
  facet normal 0 0 -1
    outer loop
      vertex 4.08073 -23.143 2
      vertex 1.13498 -39.0725 2
      vertex 3.27057 -23.2713 2
    endloop
  endfacet
  facet normal 0 0 -1
    outer loop
      vertex 0.772542 -38.9224 2
      vertex 3.27057 -23.2713 2
      vertex 1.13498 -39.0725 2
    endloop
  endfacet
  facet normal 0 0 -1
    outer loop
      vertex 3.27057 -23.2713 2
      vertex 0.772542 -38.9224 2
      vertex 2.45642 -23.3713 2
    endloop
  endfacet
  facet normal 0 0 -1
    outer loop
      vertex 2.45642 -23.3713 2
      vertex 0.772542 -38.9224 2
      vertex 1.63928 -23.4428 2
    endloop
  endfacet
  facet normal 0 0 -1
    outer loop
      vertex 0.391086 -38.8308 2
      vertex 1.63928 -23.4428 2
      vertex 0.772542 -38.9224 2
    endloop
  endfacet
  facet normal 0 0 -1
    outer loop
      vertex 1.63928 -23.4428 2
      vertex 0.391086 -38.8308 2
      vertex 0.820138 -23.4857 2
    endloop
  endfacet
  facet normal 0 0 -1
    outer loop
      vertex 0 -38.8 2
      vertex 0.820138 -23.4857 2
      vertex 0.391086 -38.8308 2
    endloop
  endfacet
  facet normal 0 0 -1
    outer loop
      vertex 0 -38.8 2
      vertex 0 -23.5 2
      vertex 0.820138 -23.4857 2
    endloop
  endfacet
  facet normal 0 0 -1
    outer loop
      vertex -0.820138 -23.4857 2
      vertex 0 -38.8 2
      vertex -0.391086 -38.8308 2
    endloop
  endfacet
  facet normal 0 0 -1
    outer loop
      vertex -1.63928 -23.4428 2
      vertex -0.391086 -38.8308 2
      vertex -0.772542 -38.9224 2
    endloop
  endfacet
  facet normal 0 0 -1
    outer loop
      vertex 0 -38.8 2
      vertex -0.820138 -23.4857 2
      vertex 0 -23.5 2
    endloop
  endfacet
  facet normal 0 0 -1
    outer loop
      vertex -3.27057 -23.2713 2
      vertex -0.772542 -38.9224 2
      vertex -1.13498 -39.0725 2
    endloop
  endfacet
  facet normal 0 0 -1
    outer loop
      vertex -4.08073 -23.143 2
      vertex -1.13498 -39.0725 2
      vertex -1.46946 -39.2775 2
    endloop
  endfacet
  facet normal 0 0 -1
    outer loop
      vertex -0.391086 -38.8308 2
      vertex -1.63928 -23.4428 2
      vertex -0.820138 -23.4857 2
    endloop
  endfacet
  facet normal 0 0 -1
    outer loop
      vertex -5.68516 -22.8019 2
      vertex -1.46946 -39.2775 2
      vertex -1.76777 -39.5322 2
    endloop
  endfacet
  facet normal 0 0 -1
    outer loop
      vertex -18.1637 -35.5055 2
      vertex -2.02254 -39.8305 2
      vertex -18.1534 -35.8977 2
    endloop
  endfacet
  facet normal 0 0 -1
    outer loop
      vertex -18.1534 -35.8977 2
      vertex -2.02254 -39.8305 2
      vertex -2.22752 -40.165 2
    endloop
  endfacet
  facet normal 0 0 -1
    outer loop
      vertex -11.0679 -44.391 2
      vertex -2.22752 -40.165 2
      vertex -2.37764 -40.5275 2
    endloop
  endfacet
  facet normal 0 0 -1
    outer loop
      vertex -0.772542 -38.9224 2
      vertex -2.45642 -23.3713 2
      vertex -1.63928 -23.4428 2
    endloop
  endfacet
  facet normal 0 0 -1
    outer loop
      vertex -9.51196 -44.7503 2
      vertex -2.37764 -40.5275 2
      vertex -2.46922 -40.9089 2
    endloop
  endfacet
  facet normal 0 0 -1
    outer loop
      vertex -7.9444 -45.055 2
      vertex -2.46922 -40.9089 2
      vertex -2.5 -41.3 2
    endloop
  endfacet
  facet normal -0 0 -1
    outer loop
      vertex -2.37764 -42.0725 2
      vertex -6.36717 -45.3048 2
      vertex -2.46922 -41.6911 2
    endloop
  endfacet
  facet normal -0 0 -1
    outer loop
      vertex -2.46922 -41.6911 2
      vertex -6.36717 -45.3048 2
      vertex -2.5 -41.3 2
    endloop
  endfacet
  facet normal 0 0 -1
    outer loop
      vertex -0.772542 -38.9224 2
      vertex -3.27057 -23.2713 2
      vertex -2.45642 -23.3713 2
    endloop
  endfacet
  facet normal 0 0 -1
    outer loop
      vertex -7.9444 -45.055 2
      vertex -2.5 -41.3 2
      vertex -6.36717 -45.3048 2
    endloop
  endfacet
  facet normal 0 0 -1
    outer loop
      vertex -1.13498 -39.0725 2
      vertex -4.08073 -23.143 2
      vertex -3.27057 -23.2713 2
    endloop
  endfacet
  facet normal 0 0 -1
    outer loop
      vertex -2.46922 -40.9089 2
      vertex -7.9444 -45.055 2
      vertex -9.51196 -44.7503 2
    endloop
  endfacet
  facet normal 0 0 -1
    outer loop
      vertex -1.46946 -39.2775 2
      vertex -4.88592 -22.9865 2
      vertex -4.08073 -23.143 2
    endloop
  endfacet
  facet normal 0 0 -1
    outer loop
      vertex -2.37764 -40.5275 2
      vertex -9.51196 -44.7503 2
      vertex -11.0679 -44.391 2
    endloop
  endfacet
  facet normal 0 0 -1
    outer loop
      vertex -2.02254 -39.8305 2
      vertex -18.1637 -35.5055 2
      vertex -1.76777 -39.5322 2
    endloop
  endfacet
  facet normal 0 0 -1
    outer loop
      vertex -1.46946 -39.2775 2
      vertex -5.68516 -22.8019 2
      vertex -4.88592 -22.9865 2
    endloop
  endfacet
  facet normal 0 0 -1
    outer loop
      vertex -1.76777 -39.5322 2
      vertex -6.47748 -22.5896 2
      vertex -5.68516 -22.8019 2
    endloop
  endfacet
  facet normal 0 0 -1
    outer loop
      vertex -18.2352 -35.1198 2
      vertex -1.76777 -39.5322 2
      vertex -18.1637 -35.5055 2
    endloop
  endfacet
  facet normal 0 0 -1
    outer loop
      vertex -1.76777 -39.5322 2
      vertex -18.2352 -35.1198 2
      vertex -6.47748 -22.5896 2
    endloop
  endfacet
  facet normal 0 0 -1
    outer loop
      vertex -18.3661 -34.75 2
      vertex -6.47748 -22.5896 2
      vertex -18.2352 -35.1198 2
    endloop
  endfacet
  facet normal -0 0 -1
    outer loop
      vertex -6.47748 -22.5896 2
      vertex -18.3661 -34.75 2
      vertex -7.2619 -22.3498 2
    endloop
  endfacet
  facet normal -0 0 -1
    outer loop
      vertex -7.2619 -22.3498 2
      vertex -18.3661 -34.75 2
      vertex -8.03747 -22.0828 2
    endloop
  endfacet
  facet normal -0 0 -1
    outer loop
      vertex -2.22752 -40.165 2
      vertex -11.0679 -44.391 2
      vertex -18.1534 -35.8977 2
    endloop
  endfacet
  facet normal 0 0 -1
    outer loop
      vertex -18.5533 -34.4053 2
      vertex -8.03747 -22.0828 2
      vertex -18.3661 -34.75 2
    endloop
  endfacet
  facet normal -0 0 -1
    outer loop
      vertex -8.03747 -22.0828 2
      vertex -18.5533 -34.4053 2
      vertex -8.80325 -21.7888 2
    endloop
  endfacet
  facet normal 0 0 -1
    outer loop
      vertex -18.1534 -35.8977 2
      vertex -11.0679 -44.391 2
      vertex -12.6104 -43.9777 2
    endloop
  endfacet
  facet normal 0 0 -1
    outer loop
      vertex -18.7921 -34.094 2
      vertex -8.80325 -21.7888 2
      vertex -18.5533 -34.4053 2
    endloop
  endfacet
  facet normal -0 0 -1
    outer loop
      vertex -8.80325 -21.7888 2
      vertex -18.7921 -34.094 2
      vertex -9.55831 -21.4683 2
    endloop
  endfacet
  facet normal 0 0 -1
    outer loop
      vertex -18.2046 -36.2866 2
      vertex -12.6104 -43.9777 2
      vertex -14.1375 -43.5108 2
    endloop
  endfacet
  facet normal -0 0 -1
    outer loop
      vertex -9.55831 -21.4683 2
      vertex -18.7921 -34.094 2
      vertex -10.3017 -21.1217 2
    endloop
  endfacet
  facet normal 0 0 -1
    outer loop
      vertex -19.0767 -33.824 2
      vertex -10.3017 -21.1217 2
      vertex -18.7921 -34.094 2
    endloop
  endfacet
  facet normal 0 0 -1
    outer loop
      vertex -18.316 -36.6628 2
      vertex -14.1375 -43.5108 2
      vertex -15.6474 -42.9909 2
    endloop
  endfacet
  facet normal -0 0 -1
    outer loop
      vertex -10.3017 -21.1217 2
      vertex -19.0767 -33.824 2
      vertex -11.0326 -20.7493 2
    endloop
  endfacet
  facet normal 0 0 -1
    outer loop
      vertex -19.4 -33.6018 2
      vertex -11.0326 -20.7493 2
      vertex -19.0767 -33.824 2
    endloop
  endfacet
  facet normal -0 0 -1
    outer loop
      vertex -11.0326 -20.7493 2
      vertex -19.4 -33.6018 2
      vertex -11.75 -20.3516 2
    endloop
  endfacet
  facet normal 0 0 -1
    outer loop
      vertex -18.4849 -37.0168 2
      vertex -15.6474 -42.9909 2
      vertex -17.1383 -42.4187 2
    endloop
  endfacet
  facet normal -0 0 -1
    outer loop
      vertex -11.75 -20.3516 2
      vertex -19.4 -33.6018 2
      vertex -12.4531 -19.9291 2
    endloop
  endfacet
  facet normal 0 0 -1
    outer loop
      vertex -19.7541 -33.4329 2
      vertex -12.4531 -19.9291 2
      vertex -19.4 -33.6018 2
    endloop
  endfacet
  facet normal -0 0 -1
    outer loop
      vertex -12.4531 -19.9291 2
      vertex -19.7541 -33.4329 2
      vertex -13.141 -19.4824 2
    endloop
  endfacet
  facet normal 0 0 -1
    outer loop
      vertex -12.6104 -43.9777 2
      vertex -18.2046 -36.2866 2
      vertex -18.1534 -35.8977 2
    endloop
  endfacet
  facet normal 0 0 -1
    outer loop
      vertex -14.1375 -43.5108 2
      vertex -18.316 -36.6628 2
      vertex -18.2046 -36.2866 2
    endloop
  endfacet
  facet normal 0 0 -1
    outer loop
      vertex -15.6474 -42.9909 2
      vertex -18.4849 -37.0168 2
      vertex -18.316 -36.6628 2
    endloop
  endfacet
  facet normal 0 0 -1
    outer loop
      vertex -18.9772 -37.6247 2
      vertex -17.1383 -42.4187 2
      vertex -18.6082 -41.7947 2
    endloop
  endfacet
  facet normal 0 0 -1
    outer loop
      vertex -17.1383 -42.4187 2
      vertex -18.7071 -37.3401 2
      vertex -18.4849 -37.0168 2
    endloop
  endfacet
  facet normal 0 0 -1
    outer loop
      vertex -17.1383 -42.4187 2
      vertex -18.9772 -37.6247 2
      vertex -18.7071 -37.3401 2
    endloop
  endfacet
  facet normal 0 0 -1
    outer loop
      vertex -18.6082 -41.7947 2
      vertex -19.2884 -37.8635 2
      vertex -18.9772 -37.6247 2
    endloop
  endfacet
  facet normal 0 0 -1
    outer loop
      vertex -18.6082 -41.7947 2
      vertex -19.6332 -38.0507 2
      vertex -19.2884 -37.8635 2
    endloop
  endfacet
  facet normal 0 0 -1
    outer loop
      vertex -20.0555 -41.1198 2
      vertex -19.6332 -38.0507 2
      vertex -18.6082 -41.7947 2
    endloop
  endfacet
  facet normal 0 0 -1
    outer loop
      vertex -19.6332 -38.0507 2
      vertex -20.0555 -41.1198 2
      vertex -20.003 -38.1817 2
    endloop
  endfacet
  facet normal 0 0 -1
    outer loop
      vertex -20.0555 -41.1198 2
      vertex -20.3887 -38.2532 2
      vertex -20.003 -38.1817 2
    endloop
  endfacet
  facet normal 0 0 -1
    outer loop
      vertex -21.4783 -40.3949 2
      vertex -20.3887 -38.2532 2
      vertex -20.0555 -41.1198 2
    endloop
  endfacet
  facet normal 0 0 -1
    outer loop
      vertex -20.3887 -38.2532 2
      vertex -21.4783 -40.3949 2
      vertex -20.7808 -38.2634 2
    endloop
  endfacet
  facet normal -0 0 -1
    outer loop
      vertex -20.7808 -38.2634 2
      vertex -21.4783 -40.3949 2
      vertex -21.1698 -38.2122 2
    endloop
  endfacet
  facet normal 0 0 -1
    outer loop
      vertex -21.4783 -40.3949 2
      vertex -21.5459 -38.1008 2
      vertex -21.1698 -38.2122 2
    endloop
  endfacet
  facet normal 0 0 -1
    outer loop
      vertex -22.875 -39.6207 2
      vertex -21.5459 -38.1008 2
      vertex -21.4783 -40.3949 2
    endloop
  endfacet
  facet normal -0 0 -1
    outer loop
      vertex -21.5459 -38.1008 2
      vertex -22.875 -39.6207 2
      vertex -21.9 -37.9319 2
    endloop
  endfacet
  facet normal -0 0 -1
    outer loop
      vertex -21.9 -37.9319 2
      vertex -22.875 -39.6207 2
      vertex -22.2233 -37.7097 2
    endloop
  endfacet
  facet normal 0 0 -1
    outer loop
      vertex -24.2438 -38.7982 2
      vertex -22.2233 -37.7097 2
      vertex -22.875 -39.6207 2
    endloop
  endfacet
  facet normal -0 0 -1
    outer loop
      vertex -22.2233 -37.7097 2
      vertex -24.2438 -38.7982 2
      vertex -22.5079 -37.4397 2
    endloop
  endfacet
  facet normal -0 0 -1
    outer loop
      vertex -22.5079 -37.4397 2
      vertex -24.2438 -38.7982 2
      vertex -22.7467 -37.1284 2
    endloop
  endfacet
  facet normal -0 0 -1
    outer loop
      vertex -22.7467 -37.1284 2
      vertex -24.2438 -38.7982 2
      vertex -22.9339 -36.7837 2
    endloop
  endfacet
  facet normal 0 0 -1
    outer loop
      vertex -25.5831 -37.9285 2
      vertex -22.9339 -36.7837 2
      vertex -24.2438 -38.7982 2
    endloop
  endfacet
  facet normal -0 0 -1
    outer loop
      vertex -23.1363 -36.0282 2
      vertex -26.8912 -37.0125 2
      vertex -23.1466 -35.636 2
    endloop
  endfacet
  facet normal -0 0 -1
    outer loop
      vertex -21.7888 -8.80325 2
      vertex -34.4053 -18.5533 2
      vertex -22.0828 -8.03747 2
    endloop
  endfacet
  facet normal 0 0 -1
    outer loop
      vertex -34.75 -18.3661 2
      vertex -22.0828 -8.03747 2
      vertex -34.4053 -18.5533 2
    endloop
  endfacet
  facet normal -0 0 -1
    outer loop
      vertex -22.0828 -8.03747 2
      vertex -34.75 -18.3661 2
      vertex -22.3498 -7.2619 2
    endloop
  endfacet
  facet normal -0 0 -1
    outer loop
      vertex -22.3498 -7.2619 2
      vertex -34.75 -18.3661 2
      vertex -22.5896 -6.47748 2
    endloop
  endfacet
  facet normal -0 0 -1
    outer loop
      vertex -23.0648 -36.4139 2
      vertex -25.5831 -37.9285 2
      vertex -23.1363 -36.0282 2
    endloop
  endfacet
  facet normal -0 0 -1
    outer loop
      vertex -22.9339 -36.7837 2
      vertex -25.5831 -37.9285 2
      vertex -23.0648 -36.4139 2
    endloop
  endfacet
  facet normal 0 0 -1
    outer loop
      vertex 43.7692 -0.391086 2
      vertex 45.75 0 2
      vertex 45.7221 -1.59665 2
    endloop
  endfacet
  facet normal 0 0 -1
    outer loop
      vertex 43.3225 -1.46946 2
      vertex 45.7221 -1.59665 2
      vertex 45.6386 -3.19136 2
    endloop
  endfacet
  facet normal -0 0 -1
    outer loop
      vertex 45.75 0 2
      vertex 43.7692 -0.391086 2
      vertex 43.8 0 2
    endloop
  endfacet
  facet normal 0 0 -1
    outer loop
      vertex 42.7695 -2.02254 2
      vertex 45.6386 -3.19136 2
      vertex 45.4994 -4.78218 2
    endloop
  endfacet
  facet normal 0 0 -1
    outer loop
      vertex 43.7692 0.391086 2
      vertex 45.75 0 2
      vertex 43.8 0 2
    endloop
  endfacet
  facet normal 0 0 -1
    outer loop
      vertex 42.0725 -2.37764 2
      vertex 45.4994 -4.78218 2
      vertex 45.3048 -6.36717 2
    endloop
  endfacet
  facet normal 0 0 -1
    outer loop
      vertex 43.6776 0.772542 2
      vertex 45.7221 1.59665 2
      vertex 43.7692 0.391086 2
    endloop
  endfacet
  facet normal 0 0 -1
    outer loop
      vertex 41.3 -2.5 2
      vertex 45.3048 -6.36717 2
      vertex 45.055 -7.9444 2
    endloop
  endfacet
  facet normal 0 0 -1
    outer loop
      vertex 43.5275 1.13498 2
      vertex 45.7221 1.59665 2
      vertex 43.6776 0.772542 2
    endloop
  endfacet
  facet normal 0 0 -1
    outer loop
      vertex 40.9089 -2.46922 2
      vertex 45.055 -7.9444 2
      vertex 44.7503 -9.51196 2
    endloop
  endfacet
  facet normal 0 0 -1
    outer loop
      vertex 43.3225 1.46946 2
      vertex 45.7221 1.59665 2
      vertex 43.5275 1.13498 2
    endloop
  endfacet
  facet normal 0 0 -1
    outer loop
      vertex 40.5275 -2.37764 2
      vertex 44.7503 -9.51196 2
      vertex 44.391 -11.0679 2
    endloop
  endfacet
  facet normal -0 0 -1
    outer loop
      vertex 45.7221 1.59665 2
      vertex 43.3225 1.46946 2
      vertex 45.6386 3.19136 2
    endloop
  endfacet
  facet normal 0 0 -1
    outer loop
      vertex 40.165 -2.22752 2
      vertex 44.391 -11.0679 2
      vertex 43.9777 -12.6104 2
    endloop
  endfacet
  facet normal 0 0 -1
    outer loop
      vertex 43.0678 1.76777 2
      vertex 45.6386 3.19136 2
      vertex 43.3225 1.46946 2
    endloop
  endfacet
  facet normal 0 0 -1
    outer loop
      vertex 42.7695 2.02254 2
      vertex 45.6386 3.19136 2
      vertex 43.0678 1.76777 2
    endloop
  endfacet
  facet normal 0 0 -1
    outer loop
      vertex 45.75 0 2
      vertex 43.7692 0.391086 2
      vertex 45.7221 1.59665 2
    endloop
  endfacet
  facet normal 0 0 -1
    outer loop
      vertex 45.7221 -1.59665 2
      vertex 43.6776 -0.772542 2
      vertex 43.7692 -0.391086 2
    endloop
  endfacet
  facet normal 0 0 -1
    outer loop
      vertex 45.7221 -1.59665 2
      vertex 43.5275 -1.13498 2
      vertex 43.6776 -0.772542 2
    endloop
  endfacet
  facet normal 0 0 -1
    outer loop
      vertex 37.3401 -18.7071 2
      vertex 42.4187 -17.1383 2
      vertex 37.6247 -18.9772 2
    endloop
  endfacet
  facet normal 0 0 -1
    outer loop
      vertex 45.7221 -1.59665 2
      vertex 43.3225 -1.46946 2
      vertex 43.5275 -1.13498 2
    endloop
  endfacet
  facet normal 0 0 -1
    outer loop
      vertex 45.6386 -3.19136 2
      vertex 43.0678 -1.76777 2
      vertex 43.3225 -1.46946 2
    endloop
  endfacet
  facet normal 0 0 -1
    outer loop
      vertex 41.1198 -20.0555 2
      vertex 38.0507 -19.6332 2
      vertex 41.7947 -18.6082 2
    endloop
  endfacet
  facet normal 0 0 -1
    outer loop
      vertex 45.6386 -3.19136 2
      vertex 42.7695 -2.02254 2
      vertex 43.0678 -1.76777 2
    endloop
  endfacet
  facet normal 0 0 -1
    outer loop
      vertex 45.4994 -4.78218 2
      vertex 42.435 -2.22752 2
      vertex 42.7695 -2.02254 2
    endloop
  endfacet
  facet normal 0 0 -1
    outer loop
      vertex 38.0507 -19.6332 2
      vertex 41.1198 -20.0555 2
      vertex 38.1817 -20.003 2
    endloop
  endfacet
  facet normal 0 0 -1
    outer loop
      vertex 45.4994 -4.78218 2
      vertex 42.0725 -2.37764 2
      vertex 42.435 -2.22752 2
    endloop
  endfacet
  facet normal 0 0 -1
    outer loop
      vertex 38.1817 -20.003 2
      vertex 41.1198 -20.0555 2
      vertex 38.2532 -20.3887 2
    endloop
  endfacet
  facet normal 0 0 -1
    outer loop
      vertex 45.3048 -6.36717 2
      vertex 41.6911 -2.46922 2
      vertex 42.0725 -2.37764 2
    endloop
  endfacet
  facet normal 0 0 -1
    outer loop
      vertex 45.3048 -6.36717 2
      vertex 41.3 -2.5 2
      vertex 41.6911 -2.46922 2
    endloop
  endfacet
  facet normal 0 0 -1
    outer loop
      vertex 40.3949 -21.4783 2
      vertex 38.2532 -20.3887 2
      vertex 41.1198 -20.0555 2
    endloop
  endfacet
  facet normal 0 0 -1
    outer loop
      vertex 45.055 -7.9444 2
      vertex 40.9089 -2.46922 2
      vertex 41.3 -2.5 2
    endloop
  endfacet
  facet normal 0 0 -1
    outer loop
      vertex 44.7503 -9.51196 2
      vertex 40.5275 -2.37764 2
      vertex 40.9089 -2.46922 2
    endloop
  endfacet
  facet normal 0 0 -1
    outer loop
      vertex 38.2532 -20.3887 2
      vertex 40.3949 -21.4783 2
      vertex 38.2634 -20.7808 2
    endloop
  endfacet
  facet normal 0 0 -1
    outer loop
      vertex 37.8635 -19.2884 2
      vertex 41.7947 -18.6082 2
      vertex 38.0507 -19.6332 2
    endloop
  endfacet
  facet normal 0 0 -1
    outer loop
      vertex 44.391 -11.0679 2
      vertex 40.165 -2.22752 2
      vertex 40.5275 -2.37764 2
    endloop
  endfacet
  facet normal 0 0 -1
    outer loop
      vertex 38.1008 -21.5459 2
      vertex 40.3949 -21.4783 2
      vertex 39.6207 -22.875 2
    endloop
  endfacet
  facet normal -0 0 -1
    outer loop
      vertex 42.9909 -15.6474 2
      vertex 36.6628 -18.316 2
      vertex 43.5108 -14.1375 2
    endloop
  endfacet
  facet normal 0 0 -1
    outer loop
      vertex 37.6247 -18.9772 2
      vertex 41.7947 -18.6082 2
      vertex 37.8635 -19.2884 2
    endloop
  endfacet
  facet normal -0 0 -1
    outer loop
      vertex 41.7947 -18.6082 2
      vertex 37.6247 -18.9772 2
      vertex 42.4187 -17.1383 2
    endloop
  endfacet
  facet normal 0 0 -1
    outer loop
      vertex 37.0168 -18.4849 2
      vertex 42.4187 -17.1383 2
      vertex 37.3401 -18.7071 2
    endloop
  endfacet
  facet normal -0 0 -1
    outer loop
      vertex 42.4187 -17.1383 2
      vertex 37.0168 -18.4849 2
      vertex 42.9909 -15.6474 2
    endloop
  endfacet
  facet normal 0 0 -1
    outer loop
      vertex 36.6628 -18.316 2
      vertex 42.9909 -15.6474 2
      vertex 37.0168 -18.4849 2
    endloop
  endfacet
  facet normal 0 0 -1
    outer loop
      vertex 37.7097 -22.2233 2
      vertex 39.6207 -22.875 2
      vertex 38.7982 -24.2438 2
    endloop
  endfacet
  facet normal -0 0 -1
    outer loop
      vertex 45.6386 3.19136 2
      vertex 42.7695 2.02254 2
      vertex 45.4994 4.78218 2
    endloop
  endfacet
  facet normal 0 0 -1
    outer loop
      vertex 42.435 2.22752 2
      vertex 45.4994 4.78218 2
      vertex 42.7695 2.02254 2
    endloop
  endfacet
  facet normal 0 0 -1
    outer loop
      vertex 42.0725 2.37764 2
      vertex 45.4994 4.78218 2
      vertex 42.435 2.22752 2
    endloop
  endfacet
  facet normal -0 0 -1
    outer loop
      vertex 45.4994 4.78218 2
      vertex 42.0725 2.37764 2
      vertex 45.3048 6.36717 2
    endloop
  endfacet
  facet normal 0 0 -1
    outer loop
      vertex 41.6911 2.46922 2
      vertex 45.3048 6.36717 2
      vertex 42.0725 2.37764 2
    endloop
  endfacet
  facet normal 0 0 -1
    outer loop
      vertex 41.3 2.5 2
      vertex 45.3048 6.36717 2
      vertex 41.6911 2.46922 2
    endloop
  endfacet
  facet normal -0 0 -1
    outer loop
      vertex 45.3048 6.36717 2
      vertex 41.3 2.5 2
      vertex 45.055 7.9444 2
    endloop
  endfacet
  facet normal 0 0 -1
    outer loop
      vertex 40.9089 2.46922 2
      vertex 45.055 7.9444 2
      vertex 41.3 2.5 2
    endloop
  endfacet
  facet normal -0 0 -1
    outer loop
      vertex 45.055 7.9444 2
      vertex 40.9089 2.46922 2
      vertex 44.7503 9.51196 2
    endloop
  endfacet
  facet normal 0 0 -1
    outer loop
      vertex 40.5275 2.37764 2
      vertex 44.7503 9.51196 2
      vertex 40.9089 2.46922 2
    endloop
  endfacet
  facet normal -0 0 -1
    outer loop
      vertex 44.7503 9.51196 2
      vertex 40.5275 2.37764 2
      vertex 44.391 11.0679 2
    endloop
  endfacet
  facet normal 0 0 -1
    outer loop
      vertex 40.165 2.22752 2
      vertex 44.391 11.0679 2
      vertex 40.5275 2.37764 2
    endloop
  endfacet
  facet normal -0 0 -1
    outer loop
      vertex 44.391 11.0679 2
      vertex 40.165 2.22752 2
      vertex 43.9777 12.6104 2
    endloop
  endfacet
  facet normal 0 0 -1
    outer loop
      vertex 39.8305 2.02254 2
      vertex 43.9777 12.6104 2
      vertex 40.165 2.22752 2
    endloop
  endfacet
  facet normal -0 0 -1
    outer loop
      vertex 43.9777 12.6104 2
      vertex 39.8305 2.02254 2
      vertex 43.5108 14.1375 2
    endloop
  endfacet
  facet normal 0 0 -1
    outer loop
      vertex 38.2634 20.7808 2
      vertex 43.5108 14.1375 2
      vertex 39.8305 2.02254 2
    endloop
  endfacet
  facet normal 0 0 -1
    outer loop
      vertex 38.2634 20.7808 2
      vertex 39.8305 2.02254 2
      vertex 39.5322 1.76777 2
    endloop
  endfacet
  facet normal 0 0 -1
    outer loop
      vertex 43.5108 14.1375 2
      vertex 38.2634 20.7808 2
      vertex 42.9909 15.6474 2
    endloop
  endfacet
  facet normal 0 0 -1
    outer loop
      vertex 42.9909 15.6474 2
      vertex 38.2634 20.7808 2
      vertex 42.4187 17.1383 2
    endloop
  endfacet
  facet normal 0 0 -1
    outer loop
      vertex 38.2634 20.7808 2
      vertex 39.5322 1.76777 2
      vertex 39.2775 1.46946 2
    endloop
  endfacet
  facet normal 0 0 -1
    outer loop
      vertex 42.4187 17.1383 2
      vertex 38.2634 20.7808 2
      vertex 41.7947 18.6082 2
    endloop
  endfacet
  facet normal 0 0 -1
    outer loop
      vertex 41.7947 18.6082 2
      vertex 38.2634 20.7808 2
      vertex 41.1198 20.0555 2
    endloop
  endfacet
  facet normal 0 0 -1
    outer loop
      vertex 41.1198 20.0555 2
      vertex 38.2634 20.7808 2
      vertex 40.3949 21.4783 2
    endloop
  endfacet
  facet normal 0 0 -1
    outer loop
      vertex 38.2634 20.7808 2
      vertex 39.2775 1.46946 2
      vertex 39.0725 1.13498 2
    endloop
  endfacet
  facet normal 0 0 -1
    outer loop
      vertex 38.2634 20.7808 2
      vertex 39.0725 1.13498 2
      vertex 38.9224 0.772542 2
    endloop
  endfacet
  facet normal 0 0 -1
    outer loop
      vertex 38.2634 20.7808 2
      vertex 38.9224 0.772542 2
      vertex 38.8308 0.391086 2
    endloop
  endfacet
  facet normal 0 0 -1
    outer loop
      vertex 38.2634 20.7808 2
      vertex 38.8308 0.391086 2
      vertex 38.8 0 2
    endloop
  endfacet
  facet normal 0 0 -1
    outer loop
      vertex 38.2122 21.1698 2
      vertex 40.3949 21.4783 2
      vertex 38.2634 20.7808 2
    endloop
  endfacet
  facet normal 0 0 -1
    outer loop
      vertex 36.2866 -18.2046 2
      vertex 43.5108 -14.1375 2
      vertex 36.6628 -18.316 2
    endloop
  endfacet
  facet normal -0 0 -1
    outer loop
      vertex 43.5108 -14.1375 2
      vertex 36.2866 -18.2046 2
      vertex 43.9777 -12.6104 2
    endloop
  endfacet
  facet normal 0 0 -1
    outer loop
      vertex 40.3949 -21.4783 2
      vertex 38.2122 -21.1698 2
      vertex 38.2634 -20.7808 2
    endloop
  endfacet
  facet normal -0 0 -1
    outer loop
      vertex 40.3949 -21.4783 2
      vertex 38.1008 -21.5459 2
      vertex 38.2122 -21.1698 2
    endloop
  endfacet
  facet normal 0 0 -1
    outer loop
      vertex 39.6207 -22.875 2
      vertex 37.9319 -21.9 2
      vertex 38.1008 -21.5459 2
    endloop
  endfacet
  facet normal 0 0 -1
    outer loop
      vertex 36.7837 -22.9339 2
      vertex 38.7982 -24.2438 2
      vertex 37.9285 -25.5831 2
    endloop
  endfacet
  facet normal 0 0 -1
    outer loop
      vertex 39.6207 -22.875 2
      vertex 37.7097 -22.2233 2
      vertex 37.9319 -21.9 2
    endloop
  endfacet
  facet normal 0 0 -1
    outer loop
      vertex 38.7982 -24.2438 2
      vertex 37.4397 -22.5079 2
      vertex 37.7097 -22.2233 2
    endloop
  endfacet
  facet normal 0 0 -1
    outer loop
      vertex 38.7982 -24.2438 2
      vertex 37.1284 -22.7467 2
      vertex 37.4397 -22.5079 2
    endloop
  endfacet
  facet normal 0 0 -1
    outer loop
      vertex 36.0282 -23.1363 2
      vertex 37.9285 -25.5831 2
      vertex 37.0125 -26.8912 2
    endloop
  endfacet
  facet normal 0 0 -1
    outer loop
      vertex 38.7982 -24.2438 2
      vertex 36.7837 -22.9339 2
      vertex 37.1284 -22.7467 2
    endloop
  endfacet
  facet normal 0 0 -1
    outer loop
      vertex 37.9285 -25.5831 2
      vertex 36.4139 -23.0648 2
      vertex 36.7837 -22.9339 2
    endloop
  endfacet
  facet normal 0 0 -1
    outer loop
      vertex 35.2471 -23.0954 2
      vertex 37.0125 -26.8912 2
      vertex 36.0515 -28.1665 2
    endloop
  endfacet
  facet normal 0 0 -1
    outer loop
      vertex 37.9285 -25.5831 2
      vertex 36.0282 -23.1363 2
      vertex 36.4139 -23.0648 2
    endloop
  endfacet
  facet normal 0 0 -1
    outer loop
      vertex 37.0125 -26.8912 2
      vertex 35.636 -23.1466 2
      vertex 36.0282 -23.1363 2
    endloop
  endfacet
  facet normal 0 0 -1
    outer loop
      vertex 37.0125 -26.8912 2
      vertex 35.2471 -23.0954 2
      vertex 35.636 -23.1466 2
    endloop
  endfacet
  facet normal 0 0 -1
    outer loop
      vertex 34.5168 -22.8151 2
      vertex 36.0515 -28.1665 2
      vertex 35.0465 -29.4075 2
    endloop
  endfacet
  facet normal 0 0 -1
    outer loop
      vertex 36.0515 -28.1665 2
      vertex 34.8709 -22.984 2
      vertex 35.2471 -23.0954 2
    endloop
  endfacet
  facet normal 0 0 -1
    outer loop
      vertex 36.0515 -28.1665 2
      vertex 34.5168 -22.8151 2
      vertex 34.8709 -22.984 2
    endloop
  endfacet
  facet normal 0 0 -1
    outer loop
      vertex 35.0465 -29.4075 2
      vertex 34.1935 -22.5929 2
      vertex 34.5168 -22.8151 2
    endloop
  endfacet
  facet normal 0 0 -1
    outer loop
      vertex 33.9989 -30.6127 2
      vertex 34.1935 -22.5929 2
      vertex 35.0465 -29.4075 2
    endloop
  endfacet
  facet normal 0 0 -1
    outer loop
      vertex 33.9989 -30.6127 2
      vertex 33.909 -22.3228 2
      vertex 34.1935 -22.5929 2
    endloop
  endfacet
  facet normal 0 0 -1
    outer loop
      vertex 32.9098 -31.7806 2
      vertex 33.909 -22.3228 2
      vertex 33.9989 -30.6127 2
    endloop
  endfacet
  facet normal -0 0 -1
    outer loop
      vertex 33.909 -22.3228 2
      vertex 32.9098 -31.7806 2
      vertex 33.6702 -22.0116 2
    endloop
  endfacet
  facet normal -0 0 -1
    outer loop
      vertex 33.6702 -22.0116 2
      vertex 32.9098 -31.7806 2
      vertex 33.483 -21.6668 2
    endloop
  endfacet
  facet normal -0 0 -1
    outer loop
      vertex 33.483 -21.6668 2
      vertex 32.9098 -31.7806 2
      vertex 33.352 -21.297 2
    endloop
  endfacet
  facet normal 0 0 -1
    outer loop
      vertex 33.2805 -20.9113 2
      vertex 23.4428 -1.63928 2
      vertex 33.2703 -20.5192 2
    endloop
  endfacet
  facet normal 0 0 -1
    outer loop
      vertex 23.4428 -1.63928 2
      vertex 33.2805 -20.9113 2
      vertex 32.9098 -31.7806 2
    endloop
  endfacet
  facet normal -0 0 -1
    outer loop
      vertex 33.352 -21.297 2
      vertex 32.9098 -31.7806 2
      vertex 33.2805 -20.9113 2
    endloop
  endfacet
  facet normal -0.629367 0.777109 0
    outer loop
      vertex -14.468 18.5183 0
      vertex -15.1055 18.002 2
      vertex -14.468 18.5183 2
    endloop
  endfacet
  facet normal -0.629367 0.777109 0
    outer loop
      vertex -15.1055 18.002 2
      vertex -14.468 18.5183 0
      vertex -15.1055 18.002 0
    endloop
  endfacet
  facet normal -0.390727 0.920507 0
    outer loop
      vertex -8.80325 21.7888 0
      vertex -9.55831 21.4683 2
      vertex -8.80325 21.7888 2
    endloop
  endfacet
  facet normal -0.390727 0.920507 0
    outer loop
      vertex -9.55831 21.4683 2
      vertex -8.80325 21.7888 0
      vertex -9.55831 21.4683 0
    endloop
  endfacet
  facet normal -0.484846 0.8746 0
    outer loop
      vertex -11.0326 20.7493 0
      vertex -11.75 20.3516 2
      vertex -11.0326 20.7493 2
    endloop
  endfacet
  facet normal -0.484846 0.8746 0
    outer loop
      vertex -11.75 20.3516 2
      vertex -11.0326 20.7493 0
      vertex -11.75 20.3516 0
    endloop
  endfacet
  facet normal -0.656007 0.754755 0
    outer loop
      vertex -15.1055 18.002 0
      vertex -15.7246 17.4639 2
      vertex -15.1055 18.002 2
    endloop
  endfacet
  facet normal -0.656007 0.754755 0
    outer loop
      vertex -15.7246 17.4639 2
      vertex -15.1055 18.002 0
      vertex -15.7246 17.4639 0
    endloop
  endfacet
  facet normal -0.292348 0.956312 0
    outer loop
      vertex -6.47748 22.5896 0
      vertex -7.2619 22.3498 2
      vertex -6.47748 22.5896 2
    endloop
  endfacet
  facet normal -0.292348 0.956312 0
    outer loop
      vertex -7.2619 22.3498 2
      vertex -6.47748 22.5896 0
      vertex -7.2619 22.3498 0
    endloop
  endfacet
  facet normal -0.225045 0.974348 0
    outer loop
      vertex -4.88592 22.9865 0
      vertex -5.68516 22.8019 2
      vertex -4.88592 22.9865 2
    endloop
  endfacet
  facet normal -0.225045 0.974348 0
    outer loop
      vertex -5.68516 22.8019 2
      vertex -4.88592 22.9865 0
      vertex -5.68516 22.8019 0
    endloop
  endfacet
  facet normal -0.325513 0.945537 0
    outer loop
      vertex -7.2619 22.3498 0
      vertex -8.03747 22.0828 2
      vertex -7.2619 22.3498 2
    endloop
  endfacet
  facet normal -0.325513 0.945537 0
    outer loop
      vertex -8.03747 22.0828 2
      vertex -7.2619 22.3498 0
      vertex -8.03747 22.0828 0
    endloop
  endfacet
  facet normal -0.156415 0.987691 0
    outer loop
      vertex -3.27057 23.2713 0
      vertex -4.08073 23.143 2
      vertex -3.27057 23.2713 2
    endloop
  endfacet
  facet normal -0.156415 0.987691 0
    outer loop
      vertex -4.08073 23.143 2
      vertex -3.27057 23.2713 0
      vertex -4.08073 23.143 0
    endloop
  endfacet
  facet normal -0.0174334 0.999848 0
    outer loop
      vertex 0 23.5 0
      vertex -0.820138 23.4857 2
      vertex 0 23.5 2
    endloop
  endfacet
  facet normal -0.0174334 0.999848 0
    outer loop
      vertex -0.820138 23.4857 2
      vertex 0 23.5 0
      vertex -0.820138 23.4857 0
    endloop
  endfacet
  facet normal 0.0174334 -0.999848 0
    outer loop
      vertex 0 -23.5 0
      vertex 0.820138 -23.4857 2
      vertex 0 -23.5 2
    endloop
  endfacet
  facet normal 0.0174334 -0.999848 0
    outer loop
      vertex 0.820138 -23.4857 2
      vertex 0 -23.5 0
      vertex 0.820138 -23.4857 0
    endloop
  endfacet
  facet normal 0.121911 -0.992541 0
    outer loop
      vertex 2.45642 -23.3713 0
      vertex 3.27057 -23.2713 2
      vertex 2.45642 -23.3713 2
    endloop
  endfacet
  facet normal 0.121911 -0.992541 0
    outer loop
      vertex 3.27057 -23.2713 2
      vertex 2.45642 -23.3713 0
      vertex 3.27057 -23.2713 0
    endloop
  endfacet
  facet normal 0.225045 -0.974348 0
    outer loop
      vertex 4.88592 -22.9865 0
      vertex 5.68516 -22.8019 2
      vertex 4.88592 -22.9865 2
    endloop
  endfacet
  facet normal 0.225045 -0.974348 0
    outer loop
      vertex 5.68516 -22.8019 2
      vertex 4.88592 -22.9865 0
      vertex 5.68516 -22.8019 0
    endloop
  endfacet
  facet normal 0.515069 -0.857149 0
    outer loop
      vertex 11.75 -20.3516 0
      vertex 12.4531 -19.9291 2
      vertex 11.75 -20.3516 2
    endloop
  endfacet
  facet normal 0.515069 -0.857149 0
    outer loop
      vertex 12.4531 -19.9291 2
      vertex 11.75 -20.3516 0
      vertex 12.4531 -19.9291 0
    endloop
  endfacet
  facet normal 0.42257 -0.90633 0
    outer loop
      vertex 9.55831 -21.4683 0
      vertex 10.3017 -21.1217 2
      vertex 9.55831 -21.4683 2
    endloop
  endfacet
  facet normal 0.42257 -0.90633 0
    outer loop
      vertex 10.3017 -21.1217 2
      vertex 9.55831 -21.4683 0
      vertex 10.3017 -21.1217 0
    endloop
  endfacet
  facet normal 0.731363 -0.681988 0
    outer loop
      vertex 16.9045 -16.3245 2
      vertex 17.4639 -15.7246 0
      vertex 17.4639 -15.7246 2
    endloop
  endfacet
  facet normal 0.731363 -0.681988 0
    outer loop
      vertex 17.4639 -15.7246 0
      vertex 16.9045 -16.3245 2
      vertex 16.9045 -16.3245 0
    endloop
  endfacet
  facet normal 0.777109 -0.629367 0
    outer loop
      vertex 18.002 -15.1055 2
      vertex 18.5183 -14.468 0
      vertex 18.5183 -14.468 2
    endloop
  endfacet
  facet normal 0.777109 -0.629367 0
    outer loop
      vertex 18.5183 -14.468 0
      vertex 18.002 -15.1055 2
      vertex 18.002 -15.1055 0
    endloop
  endfacet
  facet normal 0.965926 -0.258817 0
    outer loop
      vertex 22.5896 -6.47748 2
      vertex 22.8019 -5.68516 0
      vertex 22.8019 -5.68516 2
    endloop
  endfacet
  facet normal 0.965926 -0.258817 0
    outer loop
      vertex 22.8019 -5.68516 0
      vertex 22.5896 -6.47748 2
      vertex 22.5896 -6.47748 0
    endloop
  endfacet
  facet normal 0.998631 -0.0523002 0
    outer loop
      vertex 23.4428 -1.63928 2
      vertex 23.4857 -0.820138 0
      vertex 23.4857 -0.820138 2
    endloop
  endfacet
  facet normal 0.998631 -0.0523002 0
    outer loop
      vertex 23.4857 -0.820138 0
      vertex 23.4428 -1.63928 2
      vertex 23.4428 -1.63928 0
    endloop
  endfacet
  facet normal -0.707107 -0.707107 0
    outer loop
      vertex -16.3245 -16.9045 0
      vertex -16.9045 -16.3245 2
      vertex -16.9045 -16.3245 0
    endloop
  endfacet
  facet normal -0.707107 -0.707107 0
    outer loop
      vertex -16.9045 -16.3245 2
      vertex -16.3245 -16.9045 0
      vertex -16.3245 -16.9045 2
    endloop
  endfacet
  facet normal -0.629367 -0.777109 0
    outer loop
      vertex -15.1055 -18.002 0
      vertex -14.468 -18.5183 2
      vertex -15.1055 -18.002 2
    endloop
  endfacet
  facet normal -0.629367 -0.777109 -0
    outer loop
      vertex -14.468 -18.5183 2
      vertex -15.1055 -18.002 0
      vertex -14.468 -18.5183 0
    endloop
  endfacet
  facet normal -0.544615 -0.838686 0
    outer loop
      vertex -13.141 -19.4824 0
      vertex -12.4531 -19.9291 2
      vertex -13.141 -19.4824 2
    endloop
  endfacet
  facet normal -0.544615 -0.838686 -0
    outer loop
      vertex -12.4531 -19.9291 2
      vertex -13.141 -19.4824 0
      vertex -12.4531 -19.9291 0
    endloop
  endfacet
  facet normal -0.390727 -0.920507 0
    outer loop
      vertex -9.55831 -21.4683 0
      vertex -8.80325 -21.7888 2
      vertex -9.55831 -21.4683 2
    endloop
  endfacet
  facet normal -0.390727 -0.920507 -0
    outer loop
      vertex -8.80325 -21.7888 2
      vertex -9.55831 -21.4683 0
      vertex -8.80325 -21.7888 0
    endloop
  endfacet
  facet normal -0.920507 -0.390727 0
    outer loop
      vertex -21.4683 -9.55831 0
      vertex -21.7888 -8.80325 2
      vertex -21.7888 -8.80325 0
    endloop
  endfacet
  facet normal -0.920507 -0.390727 0
    outer loop
      vertex -21.7888 -8.80325 2
      vertex -21.4683 -9.55831 0
      vertex -21.4683 -9.55831 2
    endloop
  endfacet
  facet normal -0.8746 -0.484846 0
    outer loop
      vertex -20.3516 -11.75 0
      vertex -20.7493 -11.0326 2
      vertex -20.7493 -11.0326 0
    endloop
  endfacet
  facet normal -0.8746 -0.484846 0
    outer loop
      vertex -20.7493 -11.0326 2
      vertex -20.3516 -11.75 0
      vertex -20.3516 -11.75 2
    endloop
  endfacet
  facet normal -0.819175 -0.573544 0
    outer loop
      vertex -19.0119 -13.813 0
      vertex -19.4824 -13.141 2
      vertex -19.4824 -13.141 0
    endloop
  endfacet
  facet normal -0.819175 -0.573544 0
    outer loop
      vertex -19.4824 -13.141 2
      vertex -19.0119 -13.813 0
      vertex -19.0119 -13.813 2
    endloop
  endfacet
  facet normal -0.754755 -0.656007 0
    outer loop
      vertex -17.4639 -15.7246 0
      vertex -18.002 -15.1055 2
      vertex -18.002 -15.1055 0
    endloop
  endfacet
  facet normal -0.754755 -0.656007 0
    outer loop
      vertex -18.002 -15.1055 2
      vertex -17.4639 -15.7246 0
      vertex -17.4639 -15.7246 2
    endloop
  endfacet
  facet normal -0.974348 -0.225045 0
    outer loop
      vertex -22.8019 -5.68516 0
      vertex -22.9865 -4.88592 2
      vertex -22.9865 -4.88592 0
    endloop
  endfacet
  facet normal -0.974348 -0.225045 0
    outer loop
      vertex -22.9865 -4.88592 2
      vertex -22.8019 -5.68516 0
      vertex -22.8019 -5.68516 2
    endloop
  endfacet
  facet normal -0.999848 -0.0174334 0
    outer loop
      vertex -23.4857 -0.820138 0
      vertex -23.5 0 2
      vertex -23.5 0 0
    endloop
  endfacet
  facet normal -0.999848 -0.0174334 0
    outer loop
      vertex -23.5 0 2
      vertex -23.4857 -0.820138 0
      vertex -23.4857 -0.820138 2
    endloop
  endfacet
  facet normal 0.996194 0.0871673 0
    outer loop
      vertex 23.4428 1.63928 2
      vertex 23.3713 2.45642 0
      vertex 23.3713 2.45642 2
    endloop
  endfacet
  facet normal 0.996194 0.0871673 0
    outer loop
      vertex 23.3713 2.45642 0
      vertex 23.4428 1.63928 2
      vertex 23.4428 1.63928 0
    endloop
  endfacet
  facet normal 0.998631 0.0523002 0
    outer loop
      vertex 23.4857 0.820138 2
      vertex 23.4428 1.63928 0
      vertex 23.4428 1.63928 2
    endloop
  endfacet
  facet normal 0.998631 0.0523002 0
    outer loop
      vertex 23.4428 1.63928 0
      vertex 23.4857 0.820138 2
      vertex 23.4857 0.820138 0
    endloop
  endfacet
  facet normal 0.98163 0.190794 0
    outer loop
      vertex 23.143 4.08073 2
      vertex 22.9865 4.88592 0
      vertex 22.9865 4.88592 2
    endloop
  endfacet
  facet normal 0.98163 0.190794 0
    outer loop
      vertex 22.9865 4.88592 0
      vertex 23.143 4.08073 2
      vertex 23.143 4.08073 0
    endloop
  endfacet
  facet normal 0.945537 0.325513 0
    outer loop
      vertex 22.3498 7.2619 2
      vertex 22.0828 8.03747 0
      vertex 22.0828 8.03747 2
    endloop
  endfacet
  facet normal 0.945537 0.325513 0
    outer loop
      vertex 22.0828 8.03747 0
      vertex 22.3498 7.2619 2
      vertex 22.3498 7.2619 0
    endloop
  endfacet
  facet normal 0.933562 0.358415 0
    outer loop
      vertex 22.0828 8.03747 2
      vertex 21.7888 8.80325 0
      vertex 21.7888 8.80325 2
    endloop
  endfacet
  facet normal 0.933562 0.358415 0
    outer loop
      vertex 21.7888 8.80325 0
      vertex 22.0828 8.03747 2
      vertex 22.0828 8.03747 0
    endloop
  endfacet
  facet normal 0.819175 0.573544 0
    outer loop
      vertex 19.4824 13.141 2
      vertex 19.0119 13.813 0
      vertex 19.0119 13.813 2
    endloop
  endfacet
  facet normal 0.819175 0.573544 0
    outer loop
      vertex 19.0119 13.813 0
      vertex 19.4824 13.141 2
      vertex 19.4824 13.141 0
    endloop
  endfacet
  facet normal 0.798623 0.601832 0
    outer loop
      vertex 19.0119 13.813 2
      vertex 18.5183 14.468 0
      vertex 18.5183 14.468 2
    endloop
  endfacet
  facet normal 0.798623 0.601832 0
    outer loop
      vertex 18.5183 14.468 0
      vertex 19.0119 13.813 2
      vertex 19.0119 13.813 0
    endloop
  endfacet
  facet normal 0.754755 0.656007 0
    outer loop
      vertex 18.002 15.1055 2
      vertex 17.4639 15.7246 0
      vertex 17.4639 15.7246 2
    endloop
  endfacet
  facet normal 0.754755 0.656007 0
    outer loop
      vertex 17.4639 15.7246 0
      vertex 18.002 15.1055 2
      vertex 18.002 15.1055 0
    endloop
  endfacet
  facet normal 0.731363 0.681988 0
    outer loop
      vertex 17.4639 15.7246 2
      vertex 16.9045 16.3245 0
      vertex 16.9045 16.3245 2
    endloop
  endfacet
  facet normal 0.731363 0.681988 0
    outer loop
      vertex 16.9045 16.3245 0
      vertex 17.4639 15.7246 2
      vertex 17.4639 15.7246 0
    endloop
  endfacet
  facet normal 0.857149 0.515069 0
    outer loop
      vertex 20.3516 11.75 2
      vertex 19.9291 12.4531 0
      vertex 19.9291 12.4531 2
    endloop
  endfacet
  facet normal 0.857149 0.515069 0
    outer loop
      vertex 19.9291 12.4531 0
      vertex 20.3516 11.75 2
      vertex 20.3516 11.75 0
    endloop
  endfacet
  facet normal 0.8746 0.484846 0
    outer loop
      vertex 20.7493 11.0326 2
      vertex 20.3516 11.75 0
      vertex 20.3516 11.75 2
    endloop
  endfacet
  facet normal 0.8746 0.484846 0
    outer loop
      vertex 20.3516 11.75 0
      vertex 20.7493 11.0326 2
      vertex 20.7493 11.0326 0
    endloop
  endfacet
  facet normal 0.258817 0.965926 -0
    outer loop
      vertex 6.47748 22.5896 0
      vertex 5.68516 22.8019 2
      vertex 6.47748 22.5896 2
    endloop
  endfacet
  facet normal 0.258817 0.965926 0
    outer loop
      vertex 5.68516 22.8019 2
      vertex 6.47748 22.5896 0
      vertex 5.68516 22.8019 0
    endloop
  endfacet
  facet normal 0.190794 0.98163 -0
    outer loop
      vertex 4.88592 22.9865 0
      vertex 4.08073 23.143 2
      vertex 4.88592 22.9865 2
    endloop
  endfacet
  facet normal 0.190794 0.98163 0
    outer loop
      vertex 4.08073 23.143 2
      vertex 4.88592 22.9865 0
      vertex 4.08073 23.143 0
    endloop
  endfacet
  facet normal 0.156415 0.987691 -0
    outer loop
      vertex 4.08073 23.143 0
      vertex 3.27057 23.2713 2
      vertex 4.08073 23.143 2
    endloop
  endfacet
  facet normal 0.156415 0.987691 0
    outer loop
      vertex 3.27057 23.2713 2
      vertex 4.08073 23.143 0
      vertex 3.27057 23.2713 0
    endloop
  endfacet
  facet normal 0.0871673 0.996194 -0
    outer loop
      vertex 2.45642 23.3713 0
      vertex 1.63928 23.4428 2
      vertex 2.45642 23.3713 2
    endloop
  endfacet
  facet normal 0.0871673 0.996194 0
    outer loop
      vertex 1.63928 23.4428 2
      vertex 2.45642 23.3713 0
      vertex 1.63928 23.4428 0
    endloop
  endfacet
  facet normal 0.0523002 0.998631 -0
    outer loop
      vertex 1.63928 23.4428 0
      vertex 0.820138 23.4857 2
      vertex 1.63928 23.4428 2
    endloop
  endfacet
  facet normal 0.0523002 0.998631 0
    outer loop
      vertex 0.820138 23.4857 2
      vertex 1.63928 23.4428 0
      vertex 0.820138 23.4857 0
    endloop
  endfacet
  facet normal 0.544615 0.838686 -0
    outer loop
      vertex 13.141 19.4824 0
      vertex 12.4531 19.9291 2
      vertex 13.141 19.4824 2
    endloop
  endfacet
  facet normal 0.544615 0.838686 0
    outer loop
      vertex 12.4531 19.9291 2
      vertex 13.141 19.4824 0
      vertex 12.4531 19.9291 0
    endloop
  endfacet
  facet normal 0.515069 0.857149 -0
    outer loop
      vertex 12.4531 19.9291 0
      vertex 11.75 20.3516 2
      vertex 12.4531 19.9291 2
    endloop
  endfacet
  facet normal 0.515069 0.857149 0
    outer loop
      vertex 11.75 20.3516 2
      vertex 12.4531 19.9291 0
      vertex 11.75 20.3516 0
    endloop
  endfacet
  facet normal 0.453979 0.891013 -0
    outer loop
      vertex 11.0326 20.7493 0
      vertex 10.3017 21.1217 2
      vertex 11.0326 20.7493 2
    endloop
  endfacet
  facet normal 0.453979 0.891013 0
    outer loop
      vertex 10.3017 21.1217 2
      vertex 11.0326 20.7493 0
      vertex 10.3017 21.1217 0
    endloop
  endfacet
  facet normal 0.42257 0.90633 -0
    outer loop
      vertex 10.3017 21.1217 0
      vertex 9.55831 21.4683 2
      vertex 10.3017 21.1217 2
    endloop
  endfacet
  facet normal 0.42257 0.90633 0
    outer loop
      vertex 9.55831 21.4683 2
      vertex 10.3017 21.1217 0
      vertex 9.55831 21.4683 0
    endloop
  endfacet
  facet normal 0.629367 0.777109 -0
    outer loop
      vertex 15.1055 18.002 0
      vertex 14.468 18.5183 2
      vertex 15.1055 18.002 2
    endloop
  endfacet
  facet normal 0.629367 0.777109 0
    outer loop
      vertex 14.468 18.5183 2
      vertex 15.1055 18.002 0
      vertex 14.468 18.5183 0
    endloop
  endfacet
  facet normal -0.754755 0.656007 0
    outer loop
      vertex -18.002 15.1055 0
      vertex -17.4639 15.7246 2
      vertex -17.4639 15.7246 0
    endloop
  endfacet
  facet normal -0.754755 0.656007 0
    outer loop
      vertex -17.4639 15.7246 2
      vertex -18.002 15.1055 0
      vertex -18.002 15.1055 2
    endloop
  endfacet
  facet normal -0.731363 0.681988 0
    outer loop
      vertex -17.4639 15.7246 0
      vertex -16.9045 16.3245 2
      vertex -16.9045 16.3245 0
    endloop
  endfacet
  facet normal -0.731363 0.681988 0
    outer loop
      vertex -16.9045 16.3245 2
      vertex -17.4639 15.7246 0
      vertex -17.4639 15.7246 2
    endloop
  endfacet
  facet normal -0.798623 0.601832 0
    outer loop
      vertex -19.0119 13.813 0
      vertex -18.5183 14.468 2
      vertex -18.5183 14.468 0
    endloop
  endfacet
  facet normal -0.798623 0.601832 0
    outer loop
      vertex -18.5183 14.468 2
      vertex -19.0119 13.813 0
      vertex -19.0119 13.813 2
    endloop
  endfacet
  facet normal -0.8746 0.484846 0
    outer loop
      vertex -20.7493 11.0326 0
      vertex -20.3516 11.75 2
      vertex -20.3516 11.75 0
    endloop
  endfacet
  facet normal -0.8746 0.484846 0
    outer loop
      vertex -20.3516 11.75 2
      vertex -20.7493 11.0326 0
      vertex -20.7493 11.0326 2
    endloop
  endfacet
  facet normal -0.891013 0.453979 0
    outer loop
      vertex -21.1217 10.3017 0
      vertex -20.7493 11.0326 2
      vertex -20.7493 11.0326 0
    endloop
  endfacet
  facet normal -0.891013 0.453979 0
    outer loop
      vertex -20.7493 11.0326 2
      vertex -21.1217 10.3017 0
      vertex -21.1217 10.3017 2
    endloop
  endfacet
  facet normal -0.945537 0.325513 0
    outer loop
      vertex -22.3498 7.2619 0
      vertex -22.0828 8.03747 2
      vertex -22.0828 8.03747 0
    endloop
  endfacet
  facet normal -0.945537 0.325513 0
    outer loop
      vertex -22.0828 8.03747 2
      vertex -22.3498 7.2619 0
      vertex -22.3498 7.2619 2
    endloop
  endfacet
  facet normal -0.933562 0.358415 0
    outer loop
      vertex -22.0828 8.03747 0
      vertex -21.7888 8.80325 2
      vertex -21.7888 8.80325 0
    endloop
  endfacet
  facet normal -0.933562 0.358415 0
    outer loop
      vertex -21.7888 8.80325 2
      vertex -22.0828 8.03747 0
      vertex -22.0828 8.03747 2
    endloop
  endfacet
  facet normal -0.965926 0.258817 0
    outer loop
      vertex -22.8019 5.68516 0
      vertex -22.5896 6.47748 2
      vertex -22.5896 6.47748 0
    endloop
  endfacet
  facet normal -0.965926 0.258817 0
    outer loop
      vertex -22.5896 6.47748 2
      vertex -22.8019 5.68516 0
      vertex -22.8019 5.68516 2
    endloop
  endfacet
  facet normal -0.98163 0.190794 0
    outer loop
      vertex -23.143 4.08073 0
      vertex -22.9865 4.88592 2
      vertex -22.9865 4.88592 0
    endloop
  endfacet
  facet normal -0.98163 0.190794 0
    outer loop
      vertex -22.9865 4.88592 2
      vertex -23.143 4.08073 0
      vertex -23.143 4.08073 2
    endloop
  endfacet
  facet normal -0.987691 0.156415 0
    outer loop
      vertex -23.2713 3.27057 0
      vertex -23.143 4.08073 2
      vertex -23.143 4.08073 0
    endloop
  endfacet
  facet normal -0.987691 0.156415 0
    outer loop
      vertex -23.143 4.08073 2
      vertex -23.2713 3.27057 0
      vertex -23.2713 3.27057 2
    endloop
  endfacet
  facet normal -0.996194 0.0871673 0
    outer loop
      vertex -23.4428 1.63928 0
      vertex -23.3713 2.45642 2
      vertex -23.3713 2.45642 0
    endloop
  endfacet
  facet normal -0.996194 0.0871673 0
    outer loop
      vertex -23.3713 2.45642 2
      vertex -23.4428 1.63928 0
      vertex -23.4428 1.63928 2
    endloop
  endfacet
  facet normal -0.998631 0.0523002 0
    outer loop
      vertex -23.4857 0.820138 0
      vertex -23.4428 1.63928 2
      vertex -23.4428 1.63928 0
    endloop
  endfacet
  facet normal -0.998631 0.0523002 0
    outer loop
      vertex -23.4428 1.63928 2
      vertex -23.4857 0.820138 0
      vertex -23.4857 0.820138 2
    endloop
  endfacet
  facet normal -0.453979 0.891013 0
    outer loop
      vertex -10.3017 21.1217 0
      vertex -11.0326 20.7493 2
      vertex -10.3017 21.1217 2
    endloop
  endfacet
  facet normal -0.453979 0.891013 0
    outer loop
      vertex -11.0326 20.7493 2
      vertex -10.3017 21.1217 0
      vertex -11.0326 20.7493 0
    endloop
  endfacet
  facet normal -0.42257 0.90633 0
    outer loop
      vertex -9.55831 21.4683 0
      vertex -10.3017 21.1217 2
      vertex -9.55831 21.4683 2
    endloop
  endfacet
  facet normal -0.42257 0.90633 0
    outer loop
      vertex -10.3017 21.1217 2
      vertex -9.55831 21.4683 0
      vertex -10.3017 21.1217 0
    endloop
  endfacet
  facet normal -0.515069 0.857149 0
    outer loop
      vertex -11.75 20.3516 0
      vertex -12.4531 19.9291 2
      vertex -11.75 20.3516 2
    endloop
  endfacet
  facet normal -0.515069 0.857149 0
    outer loop
      vertex -12.4531 19.9291 2
      vertex -11.75 20.3516 0
      vertex -12.4531 19.9291 0
    endloop
  endfacet
  facet normal -0.573544 0.819175 0
    outer loop
      vertex -13.141 19.4824 0
      vertex -13.813 19.0119 2
      vertex -13.141 19.4824 2
    endloop
  endfacet
  facet normal -0.573544 0.819175 0
    outer loop
      vertex -13.813 19.0119 2
      vertex -13.141 19.4824 0
      vertex -13.813 19.0119 0
    endloop
  endfacet
  facet normal -0.601832 0.798623 0
    outer loop
      vertex -13.813 19.0119 0
      vertex -14.468 18.5183 2
      vertex -13.813 19.0119 2
    endloop
  endfacet
  facet normal -0.601832 0.798623 0
    outer loop
      vertex -14.468 18.5183 2
      vertex -13.813 19.0119 0
      vertex -14.468 18.5183 0
    endloop
  endfacet
  facet normal -0.258817 0.965926 0
    outer loop
      vertex -5.68516 22.8019 0
      vertex -6.47748 22.5896 2
      vertex -5.68516 22.8019 2
    endloop
  endfacet
  facet normal -0.258817 0.965926 0
    outer loop
      vertex -6.47748 22.5896 2
      vertex -5.68516 22.8019 0
      vertex -6.47748 22.5896 0
    endloop
  endfacet
  facet normal -0.121911 0.992541 0
    outer loop
      vertex -2.45642 23.3713 0
      vertex -3.27057 23.2713 2
      vertex -2.45642 23.3713 2
    endloop
  endfacet
  facet normal -0.121911 0.992541 0
    outer loop
      vertex -3.27057 23.2713 2
      vertex -2.45642 23.3713 0
      vertex -3.27057 23.2713 0
    endloop
  endfacet
  facet normal -0.0871673 0.996194 0
    outer loop
      vertex -1.63928 23.4428 0
      vertex -2.45642 23.3713 2
      vertex -1.63928 23.4428 2
    endloop
  endfacet
  facet normal -0.0871673 0.996194 0
    outer loop
      vertex -2.45642 23.3713 2
      vertex -1.63928 23.4428 0
      vertex -2.45642 23.3713 0
    endloop
  endfacet
  facet normal 0.999848 -0.0174334 0
    outer loop
      vertex 23.4857 -0.820138 2
      vertex 23.5 0 0
      vertex 23.5 0 2
    endloop
  endfacet
  facet normal 0.999848 -0.0174334 0
    outer loop
      vertex 23.5 0 0
      vertex 23.4857 -0.820138 2
      vertex 23.4857 -0.820138 0
    endloop
  endfacet
  facet normal 0.0523002 -0.998631 0
    outer loop
      vertex 0.820138 -23.4857 0
      vertex 1.63928 -23.4428 2
      vertex 0.820138 -23.4857 2
    endloop
  endfacet
  facet normal 0.0523002 -0.998631 0
    outer loop
      vertex 1.63928 -23.4428 2
      vertex 0.820138 -23.4857 0
      vertex 1.63928 -23.4428 0
    endloop
  endfacet
  facet normal 0.156415 -0.987691 0
    outer loop
      vertex 3.27057 -23.2713 0
      vertex 4.08073 -23.143 2
      vertex 3.27057 -23.2713 2
    endloop
  endfacet
  facet normal 0.156415 -0.987691 0
    outer loop
      vertex 4.08073 -23.143 2
      vertex 3.27057 -23.2713 0
      vertex 4.08073 -23.143 0
    endloop
  endfacet
  facet normal 0.325513 -0.945537 0
    outer loop
      vertex 7.2619 -22.3498 0
      vertex 8.03747 -22.0828 2
      vertex 7.2619 -22.3498 2
    endloop
  endfacet
  facet normal 0.325513 -0.945537 0
    outer loop
      vertex 8.03747 -22.0828 2
      vertex 7.2619 -22.3498 0
      vertex 8.03747 -22.0828 0
    endloop
  endfacet
  facet normal 0.390727 -0.920507 0
    outer loop
      vertex 8.80325 -21.7888 0
      vertex 9.55831 -21.4683 2
      vertex 8.80325 -21.7888 2
    endloop
  endfacet
  facet normal 0.390727 -0.920507 0
    outer loop
      vertex 9.55831 -21.4683 2
      vertex 8.80325 -21.7888 0
      vertex 9.55831 -21.4683 0
    endloop
  endfacet
  facet normal 0.292348 -0.956312 0
    outer loop
      vertex 6.47748 -22.5896 0
      vertex 7.2619 -22.3498 2
      vertex 6.47748 -22.5896 2
    endloop
  endfacet
  facet normal 0.292348 -0.956312 0
    outer loop
      vertex 7.2619 -22.3498 2
      vertex 6.47748 -22.5896 0
      vertex 7.2619 -22.3498 0
    endloop
  endfacet
  facet normal 0.258817 -0.965926 0
    outer loop
      vertex 5.68516 -22.8019 0
      vertex 6.47748 -22.5896 2
      vertex 5.68516 -22.8019 2
    endloop
  endfacet
  facet normal 0.258817 -0.965926 0
    outer loop
      vertex 6.47748 -22.5896 2
      vertex 5.68516 -22.8019 0
      vertex 6.47748 -22.5896 0
    endloop
  endfacet
  facet normal 0.573544 -0.819175 0
    outer loop
      vertex 13.141 -19.4824 0
      vertex 13.813 -19.0119 2
      vertex 13.141 -19.4824 2
    endloop
  endfacet
  facet normal 0.573544 -0.819175 0
    outer loop
      vertex 13.813 -19.0119 2
      vertex 13.141 -19.4824 0
      vertex 13.813 -19.0119 0
    endloop
  endfacet
  facet normal 0.629367 -0.777109 0
    outer loop
      vertex 14.468 -18.5183 0
      vertex 15.1055 -18.002 2
      vertex 14.468 -18.5183 2
    endloop
  endfacet
  facet normal 0.629367 -0.777109 0
    outer loop
      vertex 15.1055 -18.002 2
      vertex 14.468 -18.5183 0
      vertex 15.1055 -18.002 0
    endloop
  endfacet
  facet normal 0.656007 -0.754755 0
    outer loop
      vertex 15.1055 -18.002 0
      vertex 15.7246 -17.4639 2
      vertex 15.1055 -18.002 2
    endloop
  endfacet
  facet normal 0.656007 -0.754755 0
    outer loop
      vertex 15.7246 -17.4639 2
      vertex 15.1055 -18.002 0
      vertex 15.7246 -17.4639 0
    endloop
  endfacet
  facet normal 0.707107 -0.707107 0
    outer loop
      vertex 16.3245 -16.9045 2
      vertex 16.9045 -16.3245 0
      vertex 16.9045 -16.3245 2
    endloop
  endfacet
  facet normal 0.707107 -0.707107 0
    outer loop
      vertex 16.9045 -16.3245 0
      vertex 16.3245 -16.9045 2
      vertex 16.3245 -16.9045 0
    endloop
  endfacet
  facet normal 0.544615 -0.838686 0
    outer loop
      vertex 12.4531 -19.9291 0
      vertex 13.141 -19.4824 2
      vertex 12.4531 -19.9291 2
    endloop
  endfacet
  facet normal 0.544615 -0.838686 0
    outer loop
      vertex 13.141 -19.4824 2
      vertex 12.4531 -19.9291 0
      vertex 13.141 -19.4824 0
    endloop
  endfacet
  facet normal 0.453979 -0.891013 0
    outer loop
      vertex 10.3017 -21.1217 0
      vertex 11.0326 -20.7493 2
      vertex 10.3017 -21.1217 2
    endloop
  endfacet
  facet normal 0.453979 -0.891013 0
    outer loop
      vertex 11.0326 -20.7493 2
      vertex 10.3017 -21.1217 0
      vertex 11.0326 -20.7493 0
    endloop
  endfacet
  facet normal 0.754755 -0.656007 0
    outer loop
      vertex 17.4639 -15.7246 2
      vertex 18.002 -15.1055 0
      vertex 18.002 -15.1055 2
    endloop
  endfacet
  facet normal 0.754755 -0.656007 0
    outer loop
      vertex 18.002 -15.1055 0
      vertex 17.4639 -15.7246 2
      vertex 17.4639 -15.7246 0
    endloop
  endfacet
  facet normal 0.798623 -0.601832 0
    outer loop
      vertex 18.5183 -14.468 2
      vertex 19.0119 -13.813 0
      vertex 19.0119 -13.813 2
    endloop
  endfacet
  facet normal 0.798623 -0.601832 0
    outer loop
      vertex 19.0119 -13.813 0
      vertex 18.5183 -14.468 2
      vertex 18.5183 -14.468 0
    endloop
  endfacet
  facet normal 0.891013 -0.453979 0
    outer loop
      vertex 20.7493 -11.0326 2
      vertex 21.1217 -10.3017 0
      vertex 21.1217 -10.3017 2
    endloop
  endfacet
  facet normal 0.891013 -0.453979 0
    outer loop
      vertex 21.1217 -10.3017 0
      vertex 20.7493 -11.0326 2
      vertex 20.7493 -11.0326 0
    endloop
  endfacet
  facet normal 0.920507 -0.390727 0
    outer loop
      vertex 21.4683 -9.55831 2
      vertex 21.7888 -8.80325 0
      vertex 21.7888 -8.80325 2
    endloop
  endfacet
  facet normal 0.920507 -0.390727 0
    outer loop
      vertex 21.7888 -8.80325 0
      vertex 21.4683 -9.55831 2
      vertex 21.4683 -9.55831 0
    endloop
  endfacet
  facet normal 0.8746 -0.484846 0
    outer loop
      vertex 20.3516 -11.75 2
      vertex 20.7493 -11.0326 0
      vertex 20.7493 -11.0326 2
    endloop
  endfacet
  facet normal 0.8746 -0.484846 0
    outer loop
      vertex 20.7493 -11.0326 0
      vertex 20.3516 -11.75 2
      vertex 20.3516 -11.75 0
    endloop
  endfacet
  facet normal 0.838686 -0.544615 0
    outer loop
      vertex 19.4824 -13.141 2
      vertex 19.9291 -12.4531 0
      vertex 19.9291 -12.4531 2
    endloop
  endfacet
  facet normal 0.838686 -0.544615 0
    outer loop
      vertex 19.9291 -12.4531 0
      vertex 19.4824 -13.141 2
      vertex 19.4824 -13.141 0
    endloop
  endfacet
  facet normal 0.933562 -0.358415 0
    outer loop
      vertex 21.7888 -8.80325 2
      vertex 22.0828 -8.03747 0
      vertex 22.0828 -8.03747 2
    endloop
  endfacet
  facet normal 0.933562 -0.358415 0
    outer loop
      vertex 22.0828 -8.03747 0
      vertex 21.7888 -8.80325 2
      vertex 21.7888 -8.80325 0
    endloop
  endfacet
  facet normal 0.956312 -0.292348 0
    outer loop
      vertex 22.3498 -7.2619 2
      vertex 22.5896 -6.47748 0
      vertex 22.5896 -6.47748 2
    endloop
  endfacet
  facet normal 0.956312 -0.292348 0
    outer loop
      vertex 22.5896 -6.47748 0
      vertex 22.3498 -7.2619 2
      vertex 22.3498 -7.2619 0
    endloop
  endfacet
  facet normal 0.974348 -0.225045 0
    outer loop
      vertex 22.8019 -5.68516 2
      vertex 22.9865 -4.88592 0
      vertex 22.9865 -4.88592 2
    endloop
  endfacet
  facet normal 0.974348 -0.225045 0
    outer loop
      vertex 22.9865 -4.88592 0
      vertex 22.8019 -5.68516 2
      vertex 22.8019 -5.68516 0
    endloop
  endfacet
  facet normal 0.987691 -0.156415 0
    outer loop
      vertex 23.143 -4.08073 2
      vertex 23.2713 -3.27057 0
      vertex 23.2713 -3.27057 2
    endloop
  endfacet
  facet normal 0.987691 -0.156415 0
    outer loop
      vertex 23.2713 -3.27057 0
      vertex 23.143 -4.08073 2
      vertex 23.143 -4.08073 0
    endloop
  endfacet
  facet normal -0.681988 -0.731363 0
    outer loop
      vertex -16.3245 -16.9045 0
      vertex -15.7246 -17.4639 2
      vertex -16.3245 -16.9045 2
    endloop
  endfacet
  facet normal -0.681988 -0.731363 -0
    outer loop
      vertex -15.7246 -17.4639 2
      vertex -16.3245 -16.9045 0
      vertex -15.7246 -17.4639 0
    endloop
  endfacet
  facet normal -0.601832 -0.798623 0
    outer loop
      vertex -14.468 -18.5183 0
      vertex -13.813 -19.0119 2
      vertex -14.468 -18.5183 2
    endloop
  endfacet
  facet normal -0.601832 -0.798623 -0
    outer loop
      vertex -13.813 -19.0119 2
      vertex -14.468 -18.5183 0
      vertex -13.813 -19.0119 0
    endloop
  endfacet
  facet normal -0.484846 -0.8746 0
    outer loop
      vertex -11.75 -20.3516 0
      vertex -11.0326 -20.7493 2
      vertex -11.75 -20.3516 2
    endloop
  endfacet
  facet normal -0.484846 -0.8746 -0
    outer loop
      vertex -11.0326 -20.7493 2
      vertex -11.75 -20.3516 0
      vertex -11.0326 -20.7493 0
    endloop
  endfacet
  facet normal -0.42257 -0.90633 0
    outer loop
      vertex -10.3017 -21.1217 0
      vertex -9.55831 -21.4683 2
      vertex -10.3017 -21.1217 2
    endloop
  endfacet
  facet normal -0.42257 -0.90633 -0
    outer loop
      vertex -9.55831 -21.4683 2
      vertex -10.3017 -21.1217 0
      vertex -9.55831 -21.4683 0
    endloop
  endfacet
  facet normal -0.515069 -0.857149 0
    outer loop
      vertex -12.4531 -19.9291 0
      vertex -11.75 -20.3516 2
      vertex -12.4531 -19.9291 2
    endloop
  endfacet
  facet normal -0.515069 -0.857149 -0
    outer loop
      vertex -11.75 -20.3516 2
      vertex -12.4531 -19.9291 0
      vertex -11.75 -20.3516 0
    endloop
  endfacet
  facet normal -0.358415 -0.933562 0
    outer loop
      vertex -8.80325 -21.7888 0
      vertex -8.03747 -22.0828 2
      vertex -8.80325 -21.7888 2
    endloop
  endfacet
  facet normal -0.358415 -0.933562 -0
    outer loop
      vertex -8.03747 -22.0828 2
      vertex -8.80325 -21.7888 0
      vertex -8.03747 -22.0828 0
    endloop
  endfacet
  facet normal -0.225045 -0.974348 0
    outer loop
      vertex -5.68516 -22.8019 0
      vertex -4.88592 -22.9865 2
      vertex -5.68516 -22.8019 2
    endloop
  endfacet
  facet normal -0.225045 -0.974348 -0
    outer loop
      vertex -4.88592 -22.9865 2
      vertex -5.68516 -22.8019 0
      vertex -4.88592 -22.9865 0
    endloop
  endfacet
  facet normal -0.292348 -0.956312 0
    outer loop
      vertex -7.2619 -22.3498 0
      vertex -6.47748 -22.5896 2
      vertex -7.2619 -22.3498 2
    endloop
  endfacet
  facet normal -0.292348 -0.956312 -0
    outer loop
      vertex -6.47748 -22.5896 2
      vertex -7.2619 -22.3498 0
      vertex -6.47748 -22.5896 0
    endloop
  endfacet
  facet normal -0.190794 -0.98163 0
    outer loop
      vertex -4.88592 -22.9865 0
      vertex -4.08073 -23.143 2
      vertex -4.88592 -22.9865 2
    endloop
  endfacet
  facet normal -0.190794 -0.98163 -0
    outer loop
      vertex -4.08073 -23.143 2
      vertex -4.88592 -22.9865 0
      vertex -4.08073 -23.143 0
    endloop
  endfacet
  facet normal -0.121911 -0.992541 0
    outer loop
      vertex -3.27057 -23.2713 0
      vertex -2.45642 -23.3713 2
      vertex -3.27057 -23.2713 2
    endloop
  endfacet
  facet normal -0.121911 -0.992541 -0
    outer loop
      vertex -2.45642 -23.3713 2
      vertex -3.27057 -23.2713 0
      vertex -2.45642 -23.3713 0
    endloop
  endfacet
  facet normal -0.0871673 -0.996194 0
    outer loop
      vertex -2.45642 -23.3713 0
      vertex -1.63928 -23.4428 2
      vertex -2.45642 -23.3713 2
    endloop
  endfacet
  facet normal -0.0871673 -0.996194 -0
    outer loop
      vertex -1.63928 -23.4428 2
      vertex -2.45642 -23.3713 0
      vertex -1.63928 -23.4428 0
    endloop
  endfacet
  facet normal -0.0174334 -0.999848 0
    outer loop
      vertex -0.820138 -23.4857 0
      vertex 0 -23.5 2
      vertex -0.820138 -23.4857 2
    endloop
  endfacet
  facet normal -0.0174334 -0.999848 -0
    outer loop
      vertex 0 -23.5 2
      vertex -0.820138 -23.4857 0
      vertex 0 -23.5 0
    endloop
  endfacet
  facet normal -0.90633 -0.42257 0
    outer loop
      vertex -21.1217 -10.3017 0
      vertex -21.4683 -9.55831 2
      vertex -21.4683 -9.55831 0
    endloop
  endfacet
  facet normal -0.90633 -0.42257 0
    outer loop
      vertex -21.4683 -9.55831 2
      vertex -21.1217 -10.3017 0
      vertex -21.1217 -10.3017 2
    endloop
  endfacet
  facet normal -0.857149 -0.515069 0
    outer loop
      vertex -19.9291 -12.4531 0
      vertex -20.3516 -11.75 2
      vertex -20.3516 -11.75 0
    endloop
  endfacet
  facet normal -0.857149 -0.515069 0
    outer loop
      vertex -20.3516 -11.75 2
      vertex -19.9291 -12.4531 0
      vertex -19.9291 -12.4531 2
    endloop
  endfacet
  facet normal -0.777109 -0.629367 0
    outer loop
      vertex -18.002 -15.1055 0
      vertex -18.5183 -14.468 2
      vertex -18.5183 -14.468 0
    endloop
  endfacet
  facet normal -0.777109 -0.629367 0
    outer loop
      vertex -18.5183 -14.468 2
      vertex -18.002 -15.1055 0
      vertex -18.002 -15.1055 2
    endloop
  endfacet
  facet normal -0.731363 -0.681988 0
    outer loop
      vertex -16.9045 -16.3245 0
      vertex -17.4639 -15.7246 2
      vertex -17.4639 -15.7246 0
    endloop
  endfacet
  facet normal -0.731363 -0.681988 0
    outer loop
      vertex -17.4639 -15.7246 2
      vertex -16.9045 -16.3245 0
      vertex -16.9045 -16.3245 2
    endloop
  endfacet
  facet normal -0.965926 -0.258817 0
    outer loop
      vertex -22.5896 -6.47748 0
      vertex -22.8019 -5.68516 2
      vertex -22.8019 -5.68516 0
    endloop
  endfacet
  facet normal -0.965926 -0.258817 0
    outer loop
      vertex -22.8019 -5.68516 2
      vertex -22.5896 -6.47748 0
      vertex -22.5896 -6.47748 2
    endloop
  endfacet
  facet normal -0.98163 -0.190794 0
    outer loop
      vertex -22.9865 -4.88592 0
      vertex -23.143 -4.08073 2
      vertex -23.143 -4.08073 0
    endloop
  endfacet
  facet normal -0.98163 -0.190794 0
    outer loop
      vertex -23.143 -4.08073 2
      vertex -22.9865 -4.88592 0
      vertex -22.9865 -4.88592 2
    endloop
  endfacet
  facet normal -0.987691 -0.156415 0
    outer loop
      vertex -23.143 -4.08073 0
      vertex -23.2713 -3.27057 2
      vertex -23.2713 -3.27057 0
    endloop
  endfacet
  facet normal -0.987691 -0.156415 0
    outer loop
      vertex -23.2713 -3.27057 2
      vertex -23.143 -4.08073 0
      vertex -23.143 -4.08073 2
    endloop
  endfacet
  facet normal -0.998631 -0.0523002 0
    outer loop
      vertex -23.4428 -1.63928 0
      vertex -23.4857 -0.820138 2
      vertex -23.4857 -0.820138 0
    endloop
  endfacet
  facet normal -0.998631 -0.0523002 0
    outer loop
      vertex -23.4857 -0.820138 2
      vertex -23.4428 -1.63928 0
      vertex -23.4428 -1.63928 2
    endloop
  endfacet
  facet normal 0.996194 -0.0871673 0
    outer loop
      vertex 23.3713 -2.45642 2
      vertex 23.4428 -1.63928 0
      vertex 23.4428 -1.63928 2
    endloop
  endfacet
  facet normal 0.996194 -0.0871673 0
    outer loop
      vertex 23.4428 -1.63928 0
      vertex 23.3713 -2.45642 2
      vertex 23.3713 -2.45642 0
    endloop
  endfacet
  facet normal 0.0871673 -0.996194 0
    outer loop
      vertex 1.63928 -23.4428 0
      vertex 2.45642 -23.3713 2
      vertex 1.63928 -23.4428 2
    endloop
  endfacet
  facet normal 0.0871673 -0.996194 0
    outer loop
      vertex 2.45642 -23.3713 2
      vertex 1.63928 -23.4428 0
      vertex 2.45642 -23.3713 0
    endloop
  endfacet
  facet normal 0.190794 -0.98163 0
    outer loop
      vertex 4.08073 -23.143 0
      vertex 4.88592 -22.9865 2
      vertex 4.08073 -23.143 2
    endloop
  endfacet
  facet normal 0.190794 -0.98163 0
    outer loop
      vertex 4.88592 -22.9865 2
      vertex 4.08073 -23.143 0
      vertex 4.88592 -22.9865 0
    endloop
  endfacet
  facet normal 0.358415 -0.933562 0
    outer loop
      vertex 8.03747 -22.0828 0
      vertex 8.80325 -21.7888 2
      vertex 8.03747 -22.0828 2
    endloop
  endfacet
  facet normal 0.358415 -0.933562 0
    outer loop
      vertex 8.80325 -21.7888 2
      vertex 8.03747 -22.0828 0
      vertex 8.80325 -21.7888 0
    endloop
  endfacet
  facet normal 0.601832 -0.798623 0
    outer loop
      vertex 13.813 -19.0119 0
      vertex 14.468 -18.5183 2
      vertex 13.813 -19.0119 2
    endloop
  endfacet
  facet normal 0.601832 -0.798623 0
    outer loop
      vertex 14.468 -18.5183 2
      vertex 13.813 -19.0119 0
      vertex 14.468 -18.5183 0
    endloop
  endfacet
  facet normal 0.681988 -0.731363 0
    outer loop
      vertex 15.7246 -17.4639 0
      vertex 16.3245 -16.9045 2
      vertex 15.7246 -17.4639 2
    endloop
  endfacet
  facet normal 0.681988 -0.731363 0
    outer loop
      vertex 16.3245 -16.9045 2
      vertex 15.7246 -17.4639 0
      vertex 16.3245 -16.9045 0
    endloop
  endfacet
  facet normal 0.819175 -0.573544 0
    outer loop
      vertex 19.0119 -13.813 2
      vertex 19.4824 -13.141 0
      vertex 19.4824 -13.141 2
    endloop
  endfacet
  facet normal 0.819175 -0.573544 0
    outer loop
      vertex 19.4824 -13.141 0
      vertex 19.0119 -13.813 2
      vertex 19.0119 -13.813 0
    endloop
  endfacet
  facet normal 0.90633 -0.42257 0
    outer loop
      vertex 21.1217 -10.3017 2
      vertex 21.4683 -9.55831 0
      vertex 21.4683 -9.55831 2
    endloop
  endfacet
  facet normal 0.90633 -0.42257 0
    outer loop
      vertex 21.4683 -9.55831 0
      vertex 21.1217 -10.3017 2
      vertex 21.1217 -10.3017 0
    endloop
  endfacet
  facet normal 0.857149 -0.515069 0
    outer loop
      vertex 19.9291 -12.4531 2
      vertex 20.3516 -11.75 0
      vertex 20.3516 -11.75 2
    endloop
  endfacet
  facet normal 0.857149 -0.515069 0
    outer loop
      vertex 20.3516 -11.75 0
      vertex 19.9291 -12.4531 2
      vertex 19.9291 -12.4531 0
    endloop
  endfacet
  facet normal 0.945537 -0.325513 0
    outer loop
      vertex 22.0828 -8.03747 2
      vertex 22.3498 -7.2619 0
      vertex 22.3498 -7.2619 2
    endloop
  endfacet
  facet normal 0.945537 -0.325513 0
    outer loop
      vertex 22.3498 -7.2619 0
      vertex 22.0828 -8.03747 2
      vertex 22.0828 -8.03747 0
    endloop
  endfacet
  facet normal 0.98163 -0.190794 0
    outer loop
      vertex 22.9865 -4.88592 2
      vertex 23.143 -4.08073 0
      vertex 23.143 -4.08073 2
    endloop
  endfacet
  facet normal 0.98163 -0.190794 0
    outer loop
      vertex 23.143 -4.08073 0
      vertex 22.9865 -4.88592 2
      vertex 22.9865 -4.88592 0
    endloop
  endfacet
  facet normal -0.656007 -0.754755 0
    outer loop
      vertex -15.7246 -17.4639 0
      vertex -15.1055 -18.002 2
      vertex -15.7246 -17.4639 2
    endloop
  endfacet
  facet normal -0.656007 -0.754755 -0
    outer loop
      vertex -15.1055 -18.002 2
      vertex -15.7246 -17.4639 0
      vertex -15.1055 -18.002 0
    endloop
  endfacet
  facet normal -0.453979 -0.891013 0
    outer loop
      vertex -11.0326 -20.7493 0
      vertex -10.3017 -21.1217 2
      vertex -11.0326 -20.7493 2
    endloop
  endfacet
  facet normal -0.453979 -0.891013 -0
    outer loop
      vertex -10.3017 -21.1217 2
      vertex -11.0326 -20.7493 0
      vertex -10.3017 -21.1217 0
    endloop
  endfacet
  facet normal -0.325513 -0.945537 0
    outer loop
      vertex -8.03747 -22.0828 0
      vertex -7.2619 -22.3498 2
      vertex -8.03747 -22.0828 2
    endloop
  endfacet
  facet normal -0.325513 -0.945537 -0
    outer loop
      vertex -7.2619 -22.3498 2
      vertex -8.03747 -22.0828 0
      vertex -7.2619 -22.3498 0
    endloop
  endfacet
  facet normal -0.258817 -0.965926 0
    outer loop
      vertex -6.47748 -22.5896 0
      vertex -5.68516 -22.8019 2
      vertex -6.47748 -22.5896 2
    endloop
  endfacet
  facet normal -0.258817 -0.965926 -0
    outer loop
      vertex -5.68516 -22.8019 2
      vertex -6.47748 -22.5896 0
      vertex -5.68516 -22.8019 0
    endloop
  endfacet
  facet normal -0.156415 -0.987691 0
    outer loop
      vertex -4.08073 -23.143 0
      vertex -3.27057 -23.2713 2
      vertex -4.08073 -23.143 2
    endloop
  endfacet
  facet normal -0.156415 -0.987691 -0
    outer loop
      vertex -3.27057 -23.2713 2
      vertex -4.08073 -23.143 0
      vertex -3.27057 -23.2713 0
    endloop
  endfacet
  facet normal -0.0523002 -0.998631 0
    outer loop
      vertex -1.63928 -23.4428 0
      vertex -0.820138 -23.4857 2
      vertex -1.63928 -23.4428 2
    endloop
  endfacet
  facet normal -0.0523002 -0.998631 -0
    outer loop
      vertex -0.820138 -23.4857 2
      vertex -1.63928 -23.4428 0
      vertex -0.820138 -23.4857 0
    endloop
  endfacet
  facet normal -0.891013 -0.453979 0
    outer loop
      vertex -20.7493 -11.0326 0
      vertex -21.1217 -10.3017 2
      vertex -21.1217 -10.3017 0
    endloop
  endfacet
  facet normal -0.891013 -0.453979 0
    outer loop
      vertex -21.1217 -10.3017 2
      vertex -20.7493 -11.0326 0
      vertex -20.7493 -11.0326 2
    endloop
  endfacet
  facet normal -0.838686 -0.544615 0
    outer loop
      vertex -19.4824 -13.141 0
      vertex -19.9291 -12.4531 2
      vertex -19.9291 -12.4531 0
    endloop
  endfacet
  facet normal -0.838686 -0.544615 0
    outer loop
      vertex -19.9291 -12.4531 2
      vertex -19.4824 -13.141 0
      vertex -19.4824 -13.141 2
    endloop
  endfacet
  facet normal -0.798623 -0.601832 0
    outer loop
      vertex -18.5183 -14.468 0
      vertex -19.0119 -13.813 2
      vertex -19.0119 -13.813 0
    endloop
  endfacet
  facet normal -0.798623 -0.601832 0
    outer loop
      vertex -19.0119 -13.813 2
      vertex -18.5183 -14.468 0
      vertex -18.5183 -14.468 2
    endloop
  endfacet
  facet normal -0.956312 -0.292348 0
    outer loop
      vertex -22.3498 -7.2619 0
      vertex -22.5896 -6.47748 2
      vertex -22.5896 -6.47748 0
    endloop
  endfacet
  facet normal -0.956312 -0.292348 0
    outer loop
      vertex -22.5896 -6.47748 2
      vertex -22.3498 -7.2619 0
      vertex -22.3498 -7.2619 2
    endloop
  endfacet
  facet normal -0.996194 -0.0871673 0
    outer loop
      vertex -23.3713 -2.45642 0
      vertex -23.4428 -1.63928 2
      vertex -23.4428 -1.63928 0
    endloop
  endfacet
  facet normal -0.996194 -0.0871673 0
    outer loop
      vertex -23.4428 -1.63928 2
      vertex -23.3713 -2.45642 0
      vertex -23.3713 -2.45642 2
    endloop
  endfacet
  facet normal 0.992541 -0.121911 0
    outer loop
      vertex 23.2713 -3.27057 2
      vertex 23.3713 -2.45642 0
      vertex 23.3713 -2.45642 2
    endloop
  endfacet
  facet normal 0.992541 -0.121911 0
    outer loop
      vertex 23.3713 -2.45642 0
      vertex 23.2713 -3.27057 2
      vertex 23.2713 -3.27057 0
    endloop
  endfacet
  facet normal 0.999847 0.0174714 0
    outer loop
      vertex 45.75 0 36.5
      vertex 45.7221 1.59665 2
      vertex 45.7221 1.59665 36.5
    endloop
  endfacet
  facet normal 0.999847 0.0174714 0
    outer loop
      vertex 45.7221 1.59665 2
      vertex 45.75 0 36.5
      vertex 45.75 0 2
    endloop
  endfacet
  facet normal -0.999847 0.0174714 0
    outer loop
      vertex -45.75 0 2
      vertex -45.7221 1.59665 36.5
      vertex -45.7221 1.59665 2
    endloop
  endfacet
  facet normal -0.999847 0.0174714 0
    outer loop
      vertex -45.7221 1.59665 36.5
      vertex -45.75 0 2
      vertex -45.75 0 36.5
    endloop
  endfacet
  facet normal 0.0174714 0.999847 -0
    outer loop
      vertex 1.59665 45.7221 2
      vertex 0 45.75 36.5
      vertex 1.59665 45.7221 36.5
    endloop
  endfacet
  facet normal 0.0174714 0.999847 0
    outer loop
      vertex 0 45.75 36.5
      vertex 1.59665 45.7221 2
      vertex 0 45.75 2
    endloop
  endfacet
  facet normal 0.707107 0.707107 0
    outer loop
      vertex 32.9098 31.7806 36.5
      vertex 31.7806 32.9098 2
      vertex 31.7806 32.9098 36.5
    endloop
  endfacet
  facet normal 0.707107 0.707107 0
    outer loop
      vertex 31.7806 32.9098 2
      vertex 32.9098 31.7806 36.5
      vertex 32.9098 31.7806 2
    endloop
  endfacet
  facet normal -0.682004 0.731349 0
    outer loop
      vertex -30.6127 33.9989 2
      vertex -31.7806 32.9098 36.5
      vertex -30.6127 33.9989 36.5
    endloop
  endfacet
  facet normal -0.682004 0.731349 0
    outer loop
      vertex -31.7806 32.9098 36.5
      vertex -30.6127 33.9989 2
      vertex -31.7806 32.9098 2
    endloop
  endfacet
  facet normal -0.933602 -0.358312 0
    outer loop
      vertex -42.4187 -17.1383 2
      vertex -42.9909 -15.6474 36.5
      vertex -42.9909 -15.6474 2
    endloop
  endfacet
  facet normal -0.933602 -0.358312 0
    outer loop
      vertex -42.9909 -15.6474 36.5
      vertex -42.4187 -17.1383 2
      vertex -42.4187 -17.1383 36.5
    endloop
  endfacet
  facet normal 0.92049 0.390765 0
    outer loop
      vertex 42.4187 17.1383 36.5
      vertex 41.7947 18.6082 2
      vertex 41.7947 18.6082 36.5
    endloop
  endfacet
  facet normal 0.92049 0.390765 0
    outer loop
      vertex 41.7947 18.6082 2
      vertex 42.4187 17.1383 36.5
      vertex 42.4187 17.1383 2
    endloop
  endfacet
  facet normal 0.225 -0.974359 0
    outer loop
      vertex 9.51196 -44.7503 2
      vertex 11.0679 -44.391 36.5
      vertex 9.51196 -44.7503 36.5
    endloop
  endfacet
  facet normal 0.225 -0.974359 0
    outer loop
      vertex 11.0679 -44.391 36.5
      vertex 9.51196 -44.7503 2
      vertex 11.0679 -44.391 2
    endloop
  endfacet
  facet normal 0.707107 -0.707107 0
    outer loop
      vertex 31.7806 -32.9098 36.5
      vertex 32.9098 -31.7806 2
      vertex 32.9098 -31.7806 36.5
    endloop
  endfacet
  facet normal 0.707107 -0.707107 0
    outer loop
      vertex 32.9098 -31.7806 2
      vertex 31.7806 -32.9098 36.5
      vertex 31.7806 -32.9098 2
    endloop
  endfacet
  facet normal 0.798638 -0.601812 0
    outer loop
      vertex 36.0515 -28.1665 36.5
      vertex 37.0125 -26.8912 2
      vertex 37.0125 -26.8912 36.5
    endloop
  endfacet
  facet normal 0.798638 -0.601812 0
    outer loop
      vertex 37.0125 -26.8912 2
      vertex 36.0515 -28.1665 36.5
      vertex 36.0515 -28.1665 2
    endloop
  endfacet
  facet normal -0.358312 -0.933602 0
    outer loop
      vertex -17.1383 -42.4187 2
      vertex -15.6474 -42.9909 36.5
      vertex -17.1383 -42.4187 36.5
    endloop
  endfacet
  facet normal -0.358312 -0.933602 -0
    outer loop
      vertex -15.6474 -42.9909 36.5
      vertex -17.1383 -42.4187 2
      vertex -15.6474 -42.9909 2
    endloop
  endfacet
  facet normal 0.992547 0.121862 0
    outer loop
      vertex 45.4994 4.78218 36.5
      vertex 45.3048 6.36717 2
      vertex 45.3048 6.36717 36.5
    endloop
  endfacet
  facet normal 0.992547 0.121862 0
    outer loop
      vertex 45.3048 6.36717 2
      vertex 45.4994 4.78218 36.5
      vertex 45.4994 4.78218 2
    endloop
  endfacet
  facet normal 0.933602 0.358312 0
    outer loop
      vertex 42.9909 15.6474 36.5
      vertex 42.4187 17.1383 2
      vertex 42.4187 17.1383 36.5
    endloop
  endfacet
  facet normal 0.933602 0.358312 0
    outer loop
      vertex 42.4187 17.1383 2
      vertex 42.9909 15.6474 36.5
      vertex 42.9909 15.6474 2
    endloop
  endfacet
  facet normal 0.258812 0.965928 -0
    outer loop
      vertex 12.6104 43.9777 2
      vertex 11.0679 44.391 36.5
      vertex 12.6104 43.9777 36.5
    endloop
  endfacet
  facet normal 0.258812 0.965928 0
    outer loop
      vertex 11.0679 44.391 36.5
      vertex 12.6104 43.9777 2
      vertex 11.0679 44.391 2
    endloop
  endfacet
  facet normal 0.121862 0.992547 -0
    outer loop
      vertex 6.36717 45.3048 2
      vertex 4.78218 45.4994 36.5
      vertex 6.36717 45.3048 36.5
    endloop
  endfacet
  facet normal 0.121862 0.992547 0
    outer loop
      vertex 4.78218 45.4994 36.5
      vertex 6.36717 45.3048 2
      vertex 4.78218 45.4994 2
    endloop
  endfacet
  facet normal -0.965928 0.258812 0
    outer loop
      vertex -44.391 11.0679 2
      vertex -43.9777 12.6104 36.5
      vertex -43.9777 12.6104 2
    endloop
  endfacet
  facet normal -0.965928 0.258812 0
    outer loop
      vertex -43.9777 12.6104 36.5
      vertex -44.391 11.0679 2
      vertex -44.391 11.0679 36.5
    endloop
  endfacet
  facet normal -0.874621 0.484808 0
    outer loop
      vertex -40.3949 21.4783 2
      vertex -39.6207 22.875 36.5
      vertex -39.6207 22.875 2
    endloop
  endfacet
  facet normal -0.874621 0.484808 0
    outer loop
      vertex -39.6207 22.875 36.5
      vertex -40.3949 21.4783 2
      vertex -40.3949 21.4783 36.5
    endloop
  endfacet
  facet normal -0.992547 0.121862 0
    outer loop
      vertex -45.4994 4.78218 2
      vertex -45.3048 6.36717 36.5
      vertex -45.3048 6.36717 2
    endloop
  endfacet
  facet normal -0.992547 0.121862 0
    outer loop
      vertex -45.3048 6.36717 36.5
      vertex -45.4994 4.78218 2
      vertex -45.4994 4.78218 36.5
    endloop
  endfacet
  facet normal -0.484808 0.874621 0
    outer loop
      vertex -21.4783 40.3949 2
      vertex -22.875 39.6207 36.5
      vertex -21.4783 40.3949 36.5
    endloop
  endfacet
  facet normal -0.484808 0.874621 0
    outer loop
      vertex -22.875 39.6207 36.5
      vertex -21.4783 40.3949 2
      vertex -22.875 39.6207 2
    endloop
  endfacet
  facet normal -0.052289 0.998632 0
    outer loop
      vertex -1.59665 45.7221 2
      vertex -3.19136 45.6386 36.5
      vertex -1.59665 45.7221 36.5
    endloop
  endfacet
  facet normal -0.052289 0.998632 0
    outer loop
      vertex -3.19136 45.6386 36.5
      vertex -1.59665 45.7221 2
      vertex -3.19136 45.6386 2
    endloop
  endfacet
  facet normal 0.965928 -0.258812 0
    outer loop
      vertex 43.9777 -12.6104 36.5
      vertex 44.391 -11.0679 2
      vertex 44.391 -11.0679 36.5
    endloop
  endfacet
  facet normal 0.965928 -0.258812 0
    outer loop
      vertex 44.391 -11.0679 2
      vertex 43.9777 -12.6104 36.5
      vertex 43.9777 -12.6104 2
    endloop
  endfacet
  facet normal 0.121862 -0.992547 0
    outer loop
      vertex 4.78218 -45.4994 2
      vertex 6.36717 -45.3048 36.5
      vertex 4.78218 -45.4994 36.5
    endloop
  endfacet
  facet normal 0.121862 -0.992547 0
    outer loop
      vertex 6.36717 -45.3048 36.5
      vertex 4.78218 -45.4994 2
      vertex 6.36717 -45.3048 2
    endloop
  endfacet
  facet normal 0.484808 -0.874621 0
    outer loop
      vertex 21.4783 -40.3949 2
      vertex 22.875 -39.6207 36.5
      vertex 21.4783 -40.3949 36.5
    endloop
  endfacet
  facet normal 0.484808 -0.874621 0
    outer loop
      vertex 22.875 -39.6207 36.5
      vertex 21.4783 -40.3949 2
      vertex 22.875 -39.6207 2
    endloop
  endfacet
  facet normal -0.629342 -0.777128 0
    outer loop
      vertex -29.4075 -35.0465 2
      vertex -28.1665 -36.0515 36.5
      vertex -29.4075 -35.0465 36.5
    endloop
  endfacet
  facet normal -0.629342 -0.777128 -0
    outer loop
      vertex -28.1665 -36.0515 36.5
      vertex -29.4075 -35.0465 2
      vertex -28.1665 -36.0515 2
    endloop
  endfacet
  facet normal -0.390765 -0.92049 0
    outer loop
      vertex -18.6082 -41.7947 2
      vertex -17.1383 -42.4187 36.5
      vertex -18.6082 -41.7947 36.5
    endloop
  endfacet
  facet normal -0.390765 -0.92049 -0
    outer loop
      vertex -17.1383 -42.4187 36.5
      vertex -18.6082 -41.7947 2
      vertex -17.1383 -42.4187 2
    endloop
  endfacet
  facet normal -0.190807 -0.981628 0
    outer loop
      vertex -9.51196 -44.7503 2
      vertex -7.9444 -45.055 36.5
      vertex -9.51196 -44.7503 36.5
    endloop
  endfacet
  facet normal -0.190807 -0.981628 -0
    outer loop
      vertex -7.9444 -45.055 36.5
      vertex -9.51196 -44.7503 2
      vertex -7.9444 -45.055 2
    endloop
  endfacet
  facet normal -0.996194 -0.087169 0
    outer loop
      vertex -45.4994 -4.78218 2
      vertex -45.6386 -3.19136 36.5
      vertex -45.6386 -3.19136 2
    endloop
  endfacet
  facet normal -0.996194 -0.087169 0
    outer loop
      vertex -45.6386 -3.19136 36.5
      vertex -45.4994 -4.78218 2
      vertex -45.4994 -4.78218 36.5
    endloop
  endfacet
  facet normal 0.996194 0.087169 0
    outer loop
      vertex 45.6386 3.19136 36.5
      vertex 45.4994 4.78218 2
      vertex 45.4994 4.78218 36.5
    endloop
  endfacet
  facet normal 0.996194 0.087169 0
    outer loop
      vertex 45.4994 4.78218 2
      vertex 45.6386 3.19136 36.5
      vertex 45.6386 3.19136 2
    endloop
  endfacet
  facet normal 0.998632 0.052289 0
    outer loop
      vertex 45.7221 1.59665 36.5
      vertex 45.6386 3.19136 2
      vertex 45.6386 3.19136 36.5
    endloop
  endfacet
  facet normal 0.998632 0.052289 0
    outer loop
      vertex 45.6386 3.19136 2
      vertex 45.7221 1.59665 36.5
      vertex 45.7221 1.59665 2
    endloop
  endfacet
  facet normal 0.981628 0.190807 0
    outer loop
      vertex 45.055 7.9444 36.5
      vertex 44.7503 9.51196 2
      vertex 44.7503 9.51196 36.5
    endloop
  endfacet
  facet normal 0.981628 0.190807 0
    outer loop
      vertex 44.7503 9.51196 2
      vertex 45.055 7.9444 36.5
      vertex 45.055 7.9444 2
    endloop
  endfacet
  facet normal 0.974359 0.225 0
    outer loop
      vertex 44.7503 9.51196 36.5
      vertex 44.391 11.0679 2
      vertex 44.391 11.0679 36.5
    endloop
  endfacet
  facet normal 0.974359 0.225 0
    outer loop
      vertex 44.391 11.0679 2
      vertex 44.7503 9.51196 36.5
      vertex 44.7503 9.51196 2
    endloop
  endfacet
  facet normal 0.945519 0.325568 0
    outer loop
      vertex 43.5108 14.1375 36.5
      vertex 42.9909 15.6474 2
      vertex 42.9909 15.6474 36.5
    endloop
  endfacet
  facet normal 0.945519 0.325568 0
    outer loop
      vertex 42.9909 15.6474 2
      vertex 43.5108 14.1375 36.5
      vertex 43.5108 14.1375 2
    endloop
  endfacet
  facet normal 0.798638 0.601812 0
    outer loop
      vertex 37.0125 26.8912 36.5
      vertex 36.0515 28.1665 2
      vertex 36.0515 28.1665 36.5
    endloop
  endfacet
  facet normal 0.798638 0.601812 0
    outer loop
      vertex 36.0515 28.1665 2
      vertex 37.0125 26.8912 36.5
      vertex 37.0125 26.8912 2
    endloop
  endfacet
  facet normal 0.731349 0.682004 0
    outer loop
      vertex 33.9989 30.6127 36.5
      vertex 32.9098 31.7806 2
      vertex 32.9098 31.7806 36.5
    endloop
  endfacet
  facet normal 0.731349 0.682004 0
    outer loop
      vertex 32.9098 31.7806 2
      vertex 33.9989 30.6127 36.5
      vertex 33.9989 30.6127 2
    endloop
  endfacet
  facet normal 0.819135 0.573601 0
    outer loop
      vertex 37.9285 25.5831 36.5
      vertex 37.0125 26.8912 2
      vertex 37.0125 26.8912 36.5
    endloop
  endfacet
  facet normal 0.819135 0.573601 0
    outer loop
      vertex 37.0125 26.8912 2
      vertex 37.9285 25.5831 36.5
      vertex 37.9285 25.5831 2
    endloop
  endfacet
  facet normal 0.874621 0.484808 0
    outer loop
      vertex 40.3949 21.4783 36.5
      vertex 39.6207 22.875 2
      vertex 39.6207 22.875 36.5
    endloop
  endfacet
  facet normal 0.874621 0.484808 0
    outer loop
      vertex 39.6207 22.875 2
      vertex 40.3949 21.4783 36.5
      vertex 40.3949 21.4783 2
    endloop
  endfacet
  facet normal 0.838685 0.544616 0
    outer loop
      vertex 38.7982 24.2438 36.5
      vertex 37.9285 25.5831 2
      vertex 37.9285 25.5831 36.5
    endloop
  endfacet
  facet normal 0.838685 0.544616 0
    outer loop
      vertex 37.9285 25.5831 2
      vertex 38.7982 24.2438 36.5
      vertex 38.7982 24.2438 2
    endloop
  endfacet
  facet normal 0.358312 0.933602 -0
    outer loop
      vertex 17.1383 42.4187 2
      vertex 15.6474 42.9909 36.5
      vertex 17.1383 42.4187 36.5
    endloop
  endfacet
  facet normal 0.358312 0.933602 0
    outer loop
      vertex 15.6474 42.9909 36.5
      vertex 17.1383 42.4187 2
      vertex 15.6474 42.9909 2
    endloop
  endfacet
  facet normal 0.225 0.974359 -0
    outer loop
      vertex 11.0679 44.391 2
      vertex 9.51196 44.7503 36.5
      vertex 11.0679 44.391 36.5
    endloop
  endfacet
  facet normal 0.225 0.974359 0
    outer loop
      vertex 9.51196 44.7503 36.5
      vertex 11.0679 44.391 2
      vertex 9.51196 44.7503 2
    endloop
  endfacet
  facet normal 0.190807 0.981628 -0
    outer loop
      vertex 9.51196 44.7503 2
      vertex 7.9444 45.055 36.5
      vertex 9.51196 44.7503 36.5
    endloop
  endfacet
  facet normal 0.190807 0.981628 0
    outer loop
      vertex 7.9444 45.055 36.5
      vertex 9.51196 44.7503 2
      vertex 7.9444 45.055 2
    endloop
  endfacet
  facet normal 0.390765 0.92049 -0
    outer loop
      vertex 18.6082 41.7947 2
      vertex 17.1383 42.4187 36.5
      vertex 18.6082 41.7947 36.5
    endloop
  endfacet
  facet normal 0.390765 0.92049 0
    outer loop
      vertex 17.1383 42.4187 36.5
      vertex 18.6082 41.7947 2
      vertex 17.1383 42.4187 2
    endloop
  endfacet
  facet normal 0.515057 0.857156 -0
    outer loop
      vertex 24.2438 38.7982 2
      vertex 22.875 39.6207 36.5
      vertex 24.2438 38.7982 36.5
    endloop
  endfacet
  facet normal 0.515057 0.857156 0
    outer loop
      vertex 22.875 39.6207 36.5
      vertex 24.2438 38.7982 2
      vertex 22.875 39.6207 2
    endloop
  endfacet
  facet normal 0.422625 0.906305 -0
    outer loop
      vertex 20.0555 41.1198 2
      vertex 18.6082 41.7947 36.5
      vertex 20.0555 41.1198 36.5
    endloop
  endfacet
  facet normal 0.422625 0.906305 0
    outer loop
      vertex 18.6082 41.7947 36.5
      vertex 20.0555 41.1198 2
      vertex 18.6082 41.7947 2
    endloop
  endfacet
  facet normal 0.484808 0.874621 -0
    outer loop
      vertex 22.875 39.6207 2
      vertex 21.4783 40.3949 36.5
      vertex 22.875 39.6207 36.5
    endloop
  endfacet
  facet normal 0.484808 0.874621 0
    outer loop
      vertex 21.4783 40.3949 36.5
      vertex 22.875 39.6207 2
      vertex 21.4783 40.3949 2
    endloop
  endfacet
  facet normal 0.573601 0.819135 -0
    outer loop
      vertex 26.8912 37.0125 2
      vertex 25.5831 37.9285 36.5
      vertex 26.8912 37.0125 36.5
    endloop
  endfacet
  facet normal 0.573601 0.819135 0
    outer loop
      vertex 25.5831 37.9285 36.5
      vertex 26.8912 37.0125 2
      vertex 25.5831 37.9285 2
    endloop
  endfacet
  facet normal 0.601812 0.798638 -0
    outer loop
      vertex 28.1665 36.0515 2
      vertex 26.8912 37.0125 36.5
      vertex 28.1665 36.0515 36.5
    endloop
  endfacet
  facet normal 0.601812 0.798638 0
    outer loop
      vertex 26.8912 37.0125 36.5
      vertex 28.1665 36.0515 2
      vertex 26.8912 37.0125 2
    endloop
  endfacet
  facet normal 0.682004 0.731349 -0
    outer loop
      vertex 31.7806 32.9098 2
      vertex 30.6127 33.9989 36.5
      vertex 31.7806 32.9098 36.5
    endloop
  endfacet
  facet normal 0.682004 0.731349 0
    outer loop
      vertex 30.6127 33.9989 36.5
      vertex 31.7806 32.9098 2
      vertex 30.6127 33.9989 2
    endloop
  endfacet
  facet normal -0.731349 0.682004 0
    outer loop
      vertex -33.9989 30.6127 2
      vertex -32.9098 31.7806 36.5
      vertex -32.9098 31.7806 2
    endloop
  endfacet
  facet normal -0.731349 0.682004 0
    outer loop
      vertex -32.9098 31.7806 36.5
      vertex -33.9989 30.6127 2
      vertex -33.9989 30.6127 36.5
    endloop
  endfacet
  facet normal -0.92049 0.390765 0
    outer loop
      vertex -42.4187 17.1383 2
      vertex -41.7947 18.6082 36.5
      vertex -41.7947 18.6082 2
    endloop
  endfacet
  facet normal -0.92049 0.390765 0
    outer loop
      vertex -41.7947 18.6082 36.5
      vertex -42.4187 17.1383 2
      vertex -42.4187 17.1383 36.5
    endloop
  endfacet
  facet normal -0.974359 0.225 0
    outer loop
      vertex -44.7503 9.51196 2
      vertex -44.391 11.0679 36.5
      vertex -44.391 11.0679 2
    endloop
  endfacet
  facet normal -0.974359 0.225 0
    outer loop
      vertex -44.391 11.0679 36.5
      vertex -44.7503 9.51196 2
      vertex -44.7503 9.51196 36.5
    endloop
  endfacet
  facet normal -0.981628 0.190807 0
    outer loop
      vertex -45.055 7.9444 2
      vertex -44.7503 9.51196 36.5
      vertex -44.7503 9.51196 2
    endloop
  endfacet
  facet normal -0.981628 0.190807 0
    outer loop
      vertex -44.7503 9.51196 36.5
      vertex -45.055 7.9444 2
      vertex -45.055 7.9444 36.5
    endloop
  endfacet
  facet normal 0 0 1
    outer loop
      vertex 19.5 0 36.5
      vertex 45.75 0 36.5
      vertex 45.7221 1.59665 36.5
    endloop
  endfacet
  facet normal 0 0 1
    outer loop
      vertex 19.4881 0.68054 36.5
      vertex 45.7221 1.59665 36.5
      vertex 45.6386 3.19136 36.5
    endloop
  endfacet
  facet normal 0 0 1
    outer loop
      vertex 45.75 0 36.5
      vertex 19.5 0 36.5
      vertex 45.7221 -1.59665 36.5
    endloop
  endfacet
  facet normal 0 0 1
    outer loop
      vertex 19.4525 1.36025 36.5
      vertex 45.6386 3.19136 36.5
      vertex 45.4994 4.78218 36.5
    endloop
  endfacet
  facet normal -0 0 1
    outer loop
      vertex 19.4881 -0.68054 36.5
      vertex 45.7221 -1.59665 36.5
      vertex 19.5 0 36.5
    endloop
  endfacet
  facet normal 0 0 1
    outer loop
      vertex 19.3932 2.0383 36.5
      vertex 45.4994 4.78218 36.5
      vertex 45.3048 6.36717 36.5
    endloop
  endfacet
  facet normal 0 0 1
    outer loop
      vertex 45.7221 -1.59665 36.5
      vertex 19.4881 -0.68054 36.5
      vertex 45.6386 -3.19136 36.5
    endloop
  endfacet
  facet normal 0 0 1
    outer loop
      vertex 19.3102 2.71387 36.5
      vertex 45.3048 6.36717 36.5
      vertex 45.055 7.9444 36.5
    endloop
  endfacet
  facet normal -0 0 1
    outer loop
      vertex 19.4525 -1.36025 36.5
      vertex 45.6386 -3.19136 36.5
      vertex 19.4881 -0.68054 36.5
    endloop
  endfacet
  facet normal 0 0 1
    outer loop
      vertex 19.2038 3.38614 36.5
      vertex 45.055 7.9444 36.5
      vertex 44.7503 9.51196 36.5
    endloop
  endfacet
  facet normal 0 0 1
    outer loop
      vertex 45.6386 -3.19136 36.5
      vertex 19.4525 -1.36025 36.5
      vertex 45.4994 -4.78218 36.5
    endloop
  endfacet
  facet normal 0 0 1
    outer loop
      vertex 19.0739 4.05428 36.5
      vertex 44.7503 9.51196 36.5
      vertex 44.391 11.0679 36.5
    endloop
  endfacet
  facet normal -0 0 1
    outer loop
      vertex 19.3932 -2.0383 36.5
      vertex 45.4994 -4.78218 36.5
      vertex 19.4525 -1.36025 36.5
    endloop
  endfacet
  facet normal 0 0 1
    outer loop
      vertex 18.9208 4.71748 36.5
      vertex 44.391 11.0679 36.5
      vertex 43.9777 12.6104 36.5
    endloop
  endfacet
  facet normal 0 0 1
    outer loop
      vertex 45.4994 -4.78218 36.5
      vertex 19.3932 -2.0383 36.5
      vertex 45.3048 -6.36717 36.5
    endloop
  endfacet
  facet normal 0 0 1
    outer loop
      vertex 18.7446 5.37493 36.5
      vertex 43.9777 12.6104 36.5
      vertex 43.5108 14.1375 36.5
    endloop
  endfacet
  facet normal -0 0 1
    outer loop
      vertex 19.3102 -2.71387 36.5
      vertex 45.3048 -6.36717 36.5
      vertex 19.3932 -2.0383 36.5
    endloop
  endfacet
  facet normal 0 0 1
    outer loop
      vertex 18.5456 6.02583 36.5
      vertex 43.5108 14.1375 36.5
      vertex 42.9909 15.6474 36.5
    endloop
  endfacet
  facet normal 0 0 1
    outer loop
      vertex 45.3048 -6.36717 36.5
      vertex 19.3102 -2.71387 36.5
      vertex 45.055 -7.9444 36.5
    endloop
  endfacet
  facet normal 0 0 1
    outer loop
      vertex 18.324 6.66939 36.5
      vertex 42.9909 15.6474 36.5
      vertex 42.4187 17.1383 36.5
    endloop
  endfacet
  facet normal -0 0 1
    outer loop
      vertex 19.2038 -3.38614 36.5
      vertex 45.055 -7.9444 36.5
      vertex 19.3102 -2.71387 36.5
    endloop
  endfacet
  facet normal 0 0 1
    outer loop
      vertex 18.0801 7.30483 36.5
      vertex 42.4187 17.1383 36.5
      vertex 41.7947 18.6082 36.5
    endloop
  endfacet
  facet normal 0 0 1
    outer loop
      vertex 45.055 -7.9444 36.5
      vertex 19.2038 -3.38614 36.5
      vertex 44.7503 -9.51196 36.5
    endloop
  endfacet
  facet normal 0 0 1
    outer loop
      vertex 17.8141 7.93136 36.5
      vertex 41.7947 18.6082 36.5
      vertex 41.1198 20.0555 36.5
    endloop
  endfacet
  facet normal -0 0 1
    outer loop
      vertex 19.0739 -4.05428 36.5
      vertex 44.7503 -9.51196 36.5
      vertex 19.2038 -3.38614 36.5
    endloop
  endfacet
  facet normal 0 0 1
    outer loop
      vertex 17.5265 8.54824 36.5
      vertex 41.1198 20.0555 36.5
      vertex 40.3949 21.4783 36.5
    endloop
  endfacet
  facet normal 0 0 1
    outer loop
      vertex 44.7503 -9.51196 36.5
      vertex 19.0739 -4.05428 36.5
      vertex 44.391 -11.0679 36.5
    endloop
  endfacet
  facet normal 0 0 1
    outer loop
      vertex 17.2175 9.15469 36.5
      vertex 40.3949 21.4783 36.5
      vertex 39.6207 22.875 36.5
    endloop
  endfacet
  facet normal -0 0 1
    outer loop
      vertex 18.9208 -4.71748 36.5
      vertex 44.391 -11.0679 36.5
      vertex 19.0739 -4.05428 36.5
    endloop
  endfacet
  facet normal 0 0 1
    outer loop
      vertex 16.8875 9.75 36.5
      vertex 39.6207 22.875 36.5
      vertex 38.7982 24.2438 36.5
    endloop
  endfacet
  facet normal 0 0 1
    outer loop
      vertex 44.391 -11.0679 36.5
      vertex 18.9208 -4.71748 36.5
      vertex 43.9777 -12.6104 36.5
    endloop
  endfacet
  facet normal 0 0 1
    outer loop
      vertex 16.5369 10.3334 36.5
      vertex 38.7982 24.2438 36.5
      vertex 37.9285 25.5831 36.5
    endloop
  endfacet
  facet normal -0 0 1
    outer loop
      vertex 18.7446 -5.37493 36.5
      vertex 43.9777 -12.6104 36.5
      vertex 18.9208 -4.71748 36.5
    endloop
  endfacet
  facet normal 0 0 1
    outer loop
      vertex 16.1662 10.9043 36.5
      vertex 37.9285 25.5831 36.5
      vertex 37.0125 26.8912 36.5
    endloop
  endfacet
  facet normal 0 0 1
    outer loop
      vertex 43.9777 -12.6104 36.5
      vertex 18.7446 -5.37493 36.5
      vertex 43.5108 -14.1375 36.5
    endloop
  endfacet
  facet normal 0 0 1
    outer loop
      vertex 15.7758 11.4618 36.5
      vertex 37.0125 26.8912 36.5
      vertex 36.0515 28.1665 36.5
    endloop
  endfacet
  facet normal -0 0 1
    outer loop
      vertex 18.5456 -6.02583 36.5
      vertex 43.5108 -14.1375 36.5
      vertex 18.7446 -5.37493 36.5
    endloop
  endfacet
  facet normal 0 0 1
    outer loop
      vertex 15.3662 12.0054 36.5
      vertex 36.0515 28.1665 36.5
      vertex 35.0465 29.4075 36.5
    endloop
  endfacet
  facet normal 0 0 1
    outer loop
      vertex 43.5108 -14.1375 36.5
      vertex 18.5456 -6.02583 36.5
      vertex 42.9909 -15.6474 36.5
    endloop
  endfacet
  facet normal 0 0 1
    outer loop
      vertex 14.9379 12.5344 36.5
      vertex 35.0465 29.4075 36.5
      vertex 33.9989 30.6127 36.5
    endloop
  endfacet
  facet normal -0 0 1
    outer loop
      vertex 18.324 -6.66939 36.5
      vertex 42.9909 -15.6474 36.5
      vertex 18.5456 -6.02583 36.5
    endloop
  endfacet
  facet normal 0 0 1
    outer loop
      vertex 14.4913 13.048 36.5
      vertex 33.9989 30.6127 36.5
      vertex 32.9098 31.7806 36.5
    endloop
  endfacet
  facet normal 0 0 1
    outer loop
      vertex 42.9909 -15.6474 36.5
      vertex 18.324 -6.66939 36.5
      vertex 42.4187 -17.1383 36.5
    endloop
  endfacet
  facet normal 0 0 1
    outer loop
      vertex 14.0271 13.5458 36.5
      vertex 32.9098 31.7806 36.5
      vertex 31.7806 32.9098 36.5
    endloop
  endfacet
  facet normal -0 0 1
    outer loop
      vertex 18.0801 -7.30483 36.5
      vertex 42.4187 -17.1383 36.5
      vertex 18.324 -6.66939 36.5
    endloop
  endfacet
  facet normal 0 0 1
    outer loop
      vertex 13.5458 14.0271 36.5
      vertex 31.7806 32.9098 36.5
      vertex 30.6127 33.9989 36.5
    endloop
  endfacet
  facet normal 0 0 1
    outer loop
      vertex 42.4187 -17.1383 36.5
      vertex 18.0801 -7.30483 36.5
      vertex 41.7947 -18.6082 36.5
    endloop
  endfacet
  facet normal 0 0 1
    outer loop
      vertex 13.048 14.4913 36.5
      vertex 30.6127 33.9989 36.5
      vertex 29.4075 35.0465 36.5
    endloop
  endfacet
  facet normal -0 0 1
    outer loop
      vertex 17.8141 -7.93136 36.5
      vertex 41.7947 -18.6082 36.5
      vertex 18.0801 -7.30483 36.5
    endloop
  endfacet
  facet normal 0 0 1
    outer loop
      vertex 12.5344 14.9379 36.5
      vertex 29.4075 35.0465 36.5
      vertex 28.1665 36.0515 36.5
    endloop
  endfacet
  facet normal 0 0 1
    outer loop
      vertex 41.7947 -18.6082 36.5
      vertex 17.8141 -7.93136 36.5
      vertex 41.1198 -20.0555 36.5
    endloop
  endfacet
  facet normal 0 0 1
    outer loop
      vertex 12.0054 15.3662 36.5
      vertex 28.1665 36.0515 36.5
      vertex 26.8912 37.0125 36.5
    endloop
  endfacet
  facet normal -0 0 1
    outer loop
      vertex 17.5265 -8.54824 36.5
      vertex 41.1198 -20.0555 36.5
      vertex 17.8141 -7.93136 36.5
    endloop
  endfacet
  facet normal 0 0 1
    outer loop
      vertex 11.4618 15.7758 36.5
      vertex 26.8912 37.0125 36.5
      vertex 25.5831 37.9285 36.5
    endloop
  endfacet
  facet normal 0 0 1
    outer loop
      vertex 41.1198 -20.0555 36.5
      vertex 17.5265 -8.54824 36.5
      vertex 40.3949 -21.4783 36.5
    endloop
  endfacet
  facet normal 0 0 1
    outer loop
      vertex 10.9043 16.1662 36.5
      vertex 25.5831 37.9285 36.5
      vertex 24.2438 38.7982 36.5
    endloop
  endfacet
  facet normal -0 0 1
    outer loop
      vertex 17.2175 -9.15469 36.5
      vertex 40.3949 -21.4783 36.5
      vertex 17.5265 -8.54824 36.5
    endloop
  endfacet
  facet normal 0 0 1
    outer loop
      vertex 10.3334 16.5369 36.5
      vertex 24.2438 38.7982 36.5
      vertex 22.875 39.6207 36.5
    endloop
  endfacet
  facet normal 0 0 1
    outer loop
      vertex 40.3949 -21.4783 36.5
      vertex 17.2175 -9.15469 36.5
      vertex 39.6207 -22.875 36.5
    endloop
  endfacet
  facet normal 0 0 1
    outer loop
      vertex 9.75 16.8875 36.5
      vertex 22.875 39.6207 36.5
      vertex 21.4783 40.3949 36.5
    endloop
  endfacet
  facet normal -0 0 1
    outer loop
      vertex 16.8875 -9.75 36.5
      vertex 39.6207 -22.875 36.5
      vertex 17.2175 -9.15469 36.5
    endloop
  endfacet
  facet normal 0 0 1
    outer loop
      vertex 9.15469 17.2175 36.5
      vertex 21.4783 40.3949 36.5
      vertex 20.0555 41.1198 36.5
    endloop
  endfacet
  facet normal 0 0 1
    outer loop
      vertex 39.6207 -22.875 36.5
      vertex 16.8875 -9.75 36.5
      vertex 38.7982 -24.2438 36.5
    endloop
  endfacet
  facet normal -0 0 1
    outer loop
      vertex 16.5369 -10.3334 36.5
      vertex 38.7982 -24.2438 36.5
      vertex 16.8875 -9.75 36.5
    endloop
  endfacet
  facet normal 0 0 1
    outer loop
      vertex 45.7221 1.59665 36.5
      vertex 19.4881 0.68054 36.5
      vertex 19.5 0 36.5
    endloop
  endfacet
  facet normal 0 0 1
    outer loop
      vertex 45.6386 3.19136 36.5
      vertex 19.4525 1.36025 36.5
      vertex 19.4881 0.68054 36.5
    endloop
  endfacet
  facet normal 0 0 1
    outer loop
      vertex 45.4994 4.78218 36.5
      vertex 19.3932 2.0383 36.5
      vertex 19.4525 1.36025 36.5
    endloop
  endfacet
  facet normal 0 0 1
    outer loop
      vertex 45.3048 6.36717 36.5
      vertex 19.3102 2.71387 36.5
      vertex 19.3932 2.0383 36.5
    endloop
  endfacet
  facet normal 0 0 1
    outer loop
      vertex 45.055 7.9444 36.5
      vertex 19.2038 3.38614 36.5
      vertex 19.3102 2.71387 36.5
    endloop
  endfacet
  facet normal 0 0 1
    outer loop
      vertex 44.7503 9.51196 36.5
      vertex 19.0739 4.05428 36.5
      vertex 19.2038 3.38614 36.5
    endloop
  endfacet
  facet normal 0 0 1
    outer loop
      vertex 44.391 11.0679 36.5
      vertex 18.9208 4.71748 36.5
      vertex 19.0739 4.05428 36.5
    endloop
  endfacet
  facet normal 0 0 1
    outer loop
      vertex 43.9777 12.6104 36.5
      vertex 18.7446 5.37493 36.5
      vertex 18.9208 4.71748 36.5
    endloop
  endfacet
  facet normal 0 0 1
    outer loop
      vertex 8.54824 17.5265 36.5
      vertex 20.0555 41.1198 36.5
      vertex 18.6082 41.7947 36.5
    endloop
  endfacet
  facet normal 0 0 1
    outer loop
      vertex 43.5108 14.1375 36.5
      vertex 18.5456 6.02583 36.5
      vertex 18.7446 5.37493 36.5
    endloop
  endfacet
  facet normal 0 0 1
    outer loop
      vertex 42.9909 15.6474 36.5
      vertex 18.324 6.66939 36.5
      vertex 18.5456 6.02583 36.5
    endloop
  endfacet
  facet normal 0 0 1
    outer loop
      vertex 42.4187 17.1383 36.5
      vertex 18.0801 7.30483 36.5
      vertex 18.324 6.66939 36.5
    endloop
  endfacet
  facet normal 0 0 1
    outer loop
      vertex 41.7947 18.6082 36.5
      vertex 17.8141 7.93136 36.5
      vertex 18.0801 7.30483 36.5
    endloop
  endfacet
  facet normal 0 0 1
    outer loop
      vertex 41.1198 20.0555 36.5
      vertex 17.5265 8.54824 36.5
      vertex 17.8141 7.93136 36.5
    endloop
  endfacet
  facet normal 0 0 1
    outer loop
      vertex 40.3949 21.4783 36.5
      vertex 17.2175 9.15469 36.5
      vertex 17.5265 8.54824 36.5
    endloop
  endfacet
  facet normal 0 0 1
    outer loop
      vertex 7.93136 17.8141 36.5
      vertex 18.6082 41.7947 36.5
      vertex 17.1383 42.4187 36.5
    endloop
  endfacet
  facet normal 0 0 1
    outer loop
      vertex 39.6207 22.875 36.5
      vertex 16.8875 9.75 36.5
      vertex 17.2175 9.15469 36.5
    endloop
  endfacet
  facet normal 0 0 1
    outer loop
      vertex 38.7982 24.2438 36.5
      vertex 16.5369 10.3334 36.5
      vertex 16.8875 9.75 36.5
    endloop
  endfacet
  facet normal 0 0 1
    outer loop
      vertex 37.9285 25.5831 36.5
      vertex 16.1662 10.9043 36.5
      vertex 16.5369 10.3334 36.5
    endloop
  endfacet
  facet normal 0 0 1
    outer loop
      vertex 37.0125 26.8912 36.5
      vertex 15.7758 11.4618 36.5
      vertex 16.1662 10.9043 36.5
    endloop
  endfacet
  facet normal 0 0 1
    outer loop
      vertex 7.30483 18.0801 36.5
      vertex 17.1383 42.4187 36.5
      vertex 15.6474 42.9909 36.5
    endloop
  endfacet
  facet normal 0 0 1
    outer loop
      vertex 36.0515 28.1665 36.5
      vertex 15.3662 12.0054 36.5
      vertex 15.7758 11.4618 36.5
    endloop
  endfacet
  facet normal 0 0 1
    outer loop
      vertex 35.0465 29.4075 36.5
      vertex 14.9379 12.5344 36.5
      vertex 15.3662 12.0054 36.5
    endloop
  endfacet
  facet normal 0 0 1
    outer loop
      vertex 33.9989 30.6127 36.5
      vertex 14.4913 13.048 36.5
      vertex 14.9379 12.5344 36.5
    endloop
  endfacet
  facet normal 0 0 1
    outer loop
      vertex 6.66939 18.324 36.5
      vertex 15.6474 42.9909 36.5
      vertex 14.1375 43.5108 36.5
    endloop
  endfacet
  facet normal 0 0 1
    outer loop
      vertex 32.9098 31.7806 36.5
      vertex 14.0271 13.5458 36.5
      vertex 14.4913 13.048 36.5
    endloop
  endfacet
  facet normal 0 0 1
    outer loop
      vertex 31.7806 32.9098 36.5
      vertex 13.5458 14.0271 36.5
      vertex 14.0271 13.5458 36.5
    endloop
  endfacet
  facet normal 0 0 1
    outer loop
      vertex 30.6127 33.9989 36.5
      vertex 13.048 14.4913 36.5
      vertex 13.5458 14.0271 36.5
    endloop
  endfacet
  facet normal 0 0 1
    outer loop
      vertex 6.02583 18.5456 36.5
      vertex 14.1375 43.5108 36.5
      vertex 12.6104 43.9777 36.5
    endloop
  endfacet
  facet normal 0 0 1
    outer loop
      vertex 29.4075 35.0465 36.5
      vertex 12.5344 14.9379 36.5
      vertex 13.048 14.4913 36.5
    endloop
  endfacet
  facet normal 0 0 1
    outer loop
      vertex 28.1665 36.0515 36.5
      vertex 12.0054 15.3662 36.5
      vertex 12.5344 14.9379 36.5
    endloop
  endfacet
  facet normal 0 0 1
    outer loop
      vertex 26.8912 37.0125 36.5
      vertex 11.4618 15.7758 36.5
      vertex 12.0054 15.3662 36.5
    endloop
  endfacet
  facet normal 0 0 1
    outer loop
      vertex 5.37493 18.7446 36.5
      vertex 12.6104 43.9777 36.5
      vertex 11.0679 44.391 36.5
    endloop
  endfacet
  facet normal 0 0 1
    outer loop
      vertex 25.5831 37.9285 36.5
      vertex 10.9043 16.1662 36.5
      vertex 11.4618 15.7758 36.5
    endloop
  endfacet
  facet normal 0 0 1
    outer loop
      vertex 24.2438 38.7982 36.5
      vertex 10.3334 16.5369 36.5
      vertex 10.9043 16.1662 36.5
    endloop
  endfacet
  facet normal 0 0 1
    outer loop
      vertex 22.875 39.6207 36.5
      vertex 9.75 16.8875 36.5
      vertex 10.3334 16.5369 36.5
    endloop
  endfacet
  facet normal 0 0 1
    outer loop
      vertex 4.71748 18.9208 36.5
      vertex 11.0679 44.391 36.5
      vertex 9.51196 44.7503 36.5
    endloop
  endfacet
  facet normal 0 0 1
    outer loop
      vertex 21.4783 40.3949 36.5
      vertex 9.15469 17.2175 36.5
      vertex 9.75 16.8875 36.5
    endloop
  endfacet
  facet normal 0 0 1
    outer loop
      vertex 20.0555 41.1198 36.5
      vertex 8.54824 17.5265 36.5
      vertex 9.15469 17.2175 36.5
    endloop
  endfacet
  facet normal 0 0 1
    outer loop
      vertex 4.05428 19.0739 36.5
      vertex 9.51196 44.7503 36.5
      vertex 7.9444 45.055 36.5
    endloop
  endfacet
  facet normal 0 0 1
    outer loop
      vertex 18.6082 41.7947 36.5
      vertex 7.93136 17.8141 36.5
      vertex 8.54824 17.5265 36.5
    endloop
  endfacet
  facet normal 0 0 1
    outer loop
      vertex 17.1383 42.4187 36.5
      vertex 7.30483 18.0801 36.5
      vertex 7.93136 17.8141 36.5
    endloop
  endfacet
  facet normal 0 0 1
    outer loop
      vertex 15.6474 42.9909 36.5
      vertex 6.66939 18.324 36.5
      vertex 7.30483 18.0801 36.5
    endloop
  endfacet
  facet normal 0 0 1
    outer loop
      vertex 3.38614 19.2038 36.5
      vertex 7.9444 45.055 36.5
      vertex 6.36717 45.3048 36.5
    endloop
  endfacet
  facet normal 0 0 1
    outer loop
      vertex 14.1375 43.5108 36.5
      vertex 6.02583 18.5456 36.5
      vertex 6.66939 18.324 36.5
    endloop
  endfacet
  facet normal 0 0 1
    outer loop
      vertex 12.6104 43.9777 36.5
      vertex 5.37493 18.7446 36.5
      vertex 6.02583 18.5456 36.5
    endloop
  endfacet
  facet normal 0 0 1
    outer loop
      vertex 2.71387 19.3102 36.5
      vertex 6.36717 45.3048 36.5
      vertex 4.78218 45.4994 36.5
    endloop
  endfacet
  facet normal 0 0 1
    outer loop
      vertex 11.0679 44.391 36.5
      vertex 4.71748 18.9208 36.5
      vertex 5.37493 18.7446 36.5
    endloop
  endfacet
  facet normal 0 0 1
    outer loop
      vertex 9.51196 44.7503 36.5
      vertex 4.05428 19.0739 36.5
      vertex 4.71748 18.9208 36.5
    endloop
  endfacet
  facet normal 0 0 1
    outer loop
      vertex 7.9444 45.055 36.5
      vertex 3.38614 19.2038 36.5
      vertex 4.05428 19.0739 36.5
    endloop
  endfacet
  facet normal 0 0 1
    outer loop
      vertex 2.0383 19.3932 36.5
      vertex 4.78218 45.4994 36.5
      vertex 3.19136 45.6386 36.5
    endloop
  endfacet
  facet normal 0 0 1
    outer loop
      vertex 6.36717 45.3048 36.5
      vertex 2.71387 19.3102 36.5
      vertex 3.38614 19.2038 36.5
    endloop
  endfacet
  facet normal 0 0 1
    outer loop
      vertex 4.78218 45.4994 36.5
      vertex 2.0383 19.3932 36.5
      vertex 2.71387 19.3102 36.5
    endloop
  endfacet
  facet normal 0 0 1
    outer loop
      vertex 1.36025 19.4525 36.5
      vertex 3.19136 45.6386 36.5
      vertex 1.59665 45.7221 36.5
    endloop
  endfacet
  facet normal 0 0 1
    outer loop
      vertex 3.19136 45.6386 36.5
      vertex 1.36025 19.4525 36.5
      vertex 2.0383 19.3932 36.5
    endloop
  endfacet
  facet normal 0 0 1
    outer loop
      vertex 1.59665 45.7221 36.5
      vertex 0.68054 19.4881 36.5
      vertex 1.36025 19.4525 36.5
    endloop
  endfacet
  facet normal 0 0 1
    outer loop
      vertex 0 45.75 36.5
      vertex 0.68054 19.4881 36.5
      vertex 1.59665 45.7221 36.5
    endloop
  endfacet
  facet normal 0 0 1
    outer loop
      vertex 0 45.75 36.5
      vertex 0 19.5 36.5
      vertex 0.68054 19.4881 36.5
    endloop
  endfacet
  facet normal 0 0 1
    outer loop
      vertex 0 45.75 36.5
      vertex -0.68054 19.4881 36.5
      vertex 0 19.5 36.5
    endloop
  endfacet
  facet normal -0 0 1
    outer loop
      vertex -1.59665 45.7221 36.5
      vertex -0.68054 19.4881 36.5
      vertex 0 45.75 36.5
    endloop
  endfacet
  facet normal 0 0 1
    outer loop
      vertex -0.68054 19.4881 36.5
      vertex -1.59665 45.7221 36.5
      vertex -1.36025 19.4525 36.5
    endloop
  endfacet
  facet normal -0 0 1
    outer loop
      vertex -3.19136 45.6386 36.5
      vertex -1.36025 19.4525 36.5
      vertex -1.59665 45.7221 36.5
    endloop
  endfacet
  facet normal 0 0 1
    outer loop
      vertex -1.36025 19.4525 36.5
      vertex -3.19136 45.6386 36.5
      vertex -2.0383 19.3932 36.5
    endloop
  endfacet
  facet normal -0 0 1
    outer loop
      vertex -4.78218 45.4994 36.5
      vertex -2.0383 19.3932 36.5
      vertex -3.19136 45.6386 36.5
    endloop
  endfacet
  facet normal 0 0 1
    outer loop
      vertex -2.0383 19.3932 36.5
      vertex -4.78218 45.4994 36.5
      vertex -2.71387 19.3102 36.5
    endloop
  endfacet
  facet normal -0 0 1
    outer loop
      vertex -6.36717 45.3048 36.5
      vertex -2.71387 19.3102 36.5
      vertex -4.78218 45.4994 36.5
    endloop
  endfacet
  facet normal 0 0 1
    outer loop
      vertex -2.71387 19.3102 36.5
      vertex -6.36717 45.3048 36.5
      vertex -3.38614 19.2038 36.5
    endloop
  endfacet
  facet normal -0 0 1
    outer loop
      vertex -7.9444 45.055 36.5
      vertex -3.38614 19.2038 36.5
      vertex -6.36717 45.3048 36.5
    endloop
  endfacet
  facet normal 0 0 1
    outer loop
      vertex -3.38614 19.2038 36.5
      vertex -7.9444 45.055 36.5
      vertex -4.05428 19.0739 36.5
    endloop
  endfacet
  facet normal -0 0 1
    outer loop
      vertex -9.51196 44.7503 36.5
      vertex -4.05428 19.0739 36.5
      vertex -7.9444 45.055 36.5
    endloop
  endfacet
  facet normal 0 0 1
    outer loop
      vertex -4.05428 19.0739 36.5
      vertex -9.51196 44.7503 36.5
      vertex -4.71748 18.9208 36.5
    endloop
  endfacet
  facet normal -0 0 1
    outer loop
      vertex -11.0679 44.391 36.5
      vertex -4.71748 18.9208 36.5
      vertex -9.51196 44.7503 36.5
    endloop
  endfacet
  facet normal 0 0 1
    outer loop
      vertex -4.71748 18.9208 36.5
      vertex -11.0679 44.391 36.5
      vertex -5.37493 18.7446 36.5
    endloop
  endfacet
  facet normal -0 0 1
    outer loop
      vertex -12.6104 43.9777 36.5
      vertex -5.37493 18.7446 36.5
      vertex -11.0679 44.391 36.5
    endloop
  endfacet
  facet normal 0 0 1
    outer loop
      vertex -5.37493 18.7446 36.5
      vertex -12.6104 43.9777 36.5
      vertex -6.02583 18.5456 36.5
    endloop
  endfacet
  facet normal -0 0 1
    outer loop
      vertex -14.1375 43.5108 36.5
      vertex -6.02583 18.5456 36.5
      vertex -12.6104 43.9777 36.5
    endloop
  endfacet
  facet normal 0 0 1
    outer loop
      vertex -6.02583 18.5456 36.5
      vertex -14.1375 43.5108 36.5
      vertex -6.66939 18.324 36.5
    endloop
  endfacet
  facet normal -0 0 1
    outer loop
      vertex -15.6474 42.9909 36.5
      vertex -6.66939 18.324 36.5
      vertex -14.1375 43.5108 36.5
    endloop
  endfacet
  facet normal 0 0 1
    outer loop
      vertex -6.66939 18.324 36.5
      vertex -15.6474 42.9909 36.5
      vertex -7.30483 18.0801 36.5
    endloop
  endfacet
  facet normal -0 0 1
    outer loop
      vertex -17.1383 42.4187 36.5
      vertex -7.30483 18.0801 36.5
      vertex -15.6474 42.9909 36.5
    endloop
  endfacet
  facet normal 0 0 1
    outer loop
      vertex -7.30483 18.0801 36.5
      vertex -17.1383 42.4187 36.5
      vertex -7.93136 17.8141 36.5
    endloop
  endfacet
  facet normal -0 0 1
    outer loop
      vertex -18.6082 41.7947 36.5
      vertex -7.93136 17.8141 36.5
      vertex -17.1383 42.4187 36.5
    endloop
  endfacet
  facet normal 0 0 1
    outer loop
      vertex -7.93136 17.8141 36.5
      vertex -18.6082 41.7947 36.5
      vertex -8.54824 17.5265 36.5
    endloop
  endfacet
  facet normal -0 0 1
    outer loop
      vertex -20.0555 41.1198 36.5
      vertex -8.54824 17.5265 36.5
      vertex -18.6082 41.7947 36.5
    endloop
  endfacet
  facet normal 0 0 1
    outer loop
      vertex -8.54824 17.5265 36.5
      vertex -20.0555 41.1198 36.5
      vertex -9.15469 17.2175 36.5
    endloop
  endfacet
  facet normal -0 0 1
    outer loop
      vertex -21.4783 40.3949 36.5
      vertex -9.15469 17.2175 36.5
      vertex -20.0555 41.1198 36.5
    endloop
  endfacet
  facet normal 0 0 1
    outer loop
      vertex -9.15469 17.2175 36.5
      vertex -21.4783 40.3949 36.5
      vertex -9.75 16.8875 36.5
    endloop
  endfacet
  facet normal -0 0 1
    outer loop
      vertex -22.875 39.6207 36.5
      vertex -9.75 16.8875 36.5
      vertex -21.4783 40.3949 36.5
    endloop
  endfacet
  facet normal 0 0 1
    outer loop
      vertex -9.75 16.8875 36.5
      vertex -22.875 39.6207 36.5
      vertex -10.3334 16.5369 36.5
    endloop
  endfacet
  facet normal -0 0 1
    outer loop
      vertex -24.2438 38.7982 36.5
      vertex -10.3334 16.5369 36.5
      vertex -22.875 39.6207 36.5
    endloop
  endfacet
  facet normal 0 0 1
    outer loop
      vertex -10.3334 16.5369 36.5
      vertex -24.2438 38.7982 36.5
      vertex -10.9043 16.1662 36.5
    endloop
  endfacet
  facet normal -0 0 1
    outer loop
      vertex -25.5831 37.9285 36.5
      vertex -10.9043 16.1662 36.5
      vertex -24.2438 38.7982 36.5
    endloop
  endfacet
  facet normal 0 0 1
    outer loop
      vertex -10.9043 16.1662 36.5
      vertex -25.5831 37.9285 36.5
      vertex -11.4618 15.7758 36.5
    endloop
  endfacet
  facet normal -0 0 1
    outer loop
      vertex -26.8912 37.0125 36.5
      vertex -11.4618 15.7758 36.5
      vertex -25.5831 37.9285 36.5
    endloop
  endfacet
  facet normal 0 0 1
    outer loop
      vertex -11.4618 15.7758 36.5
      vertex -26.8912 37.0125 36.5
      vertex -12.0054 15.3662 36.5
    endloop
  endfacet
  facet normal -0 0 1
    outer loop
      vertex -28.1665 36.0515 36.5
      vertex -12.0054 15.3662 36.5
      vertex -26.8912 37.0125 36.5
    endloop
  endfacet
  facet normal 0 0 1
    outer loop
      vertex -12.0054 15.3662 36.5
      vertex -28.1665 36.0515 36.5
      vertex -12.5344 14.9379 36.5
    endloop
  endfacet
  facet normal -0 0 1
    outer loop
      vertex -29.4075 35.0465 36.5
      vertex -12.5344 14.9379 36.5
      vertex -28.1665 36.0515 36.5
    endloop
  endfacet
  facet normal 0 0 1
    outer loop
      vertex -12.5344 14.9379 36.5
      vertex -29.4075 35.0465 36.5
      vertex -13.048 14.4913 36.5
    endloop
  endfacet
  facet normal -0 0 1
    outer loop
      vertex -30.6127 33.9989 36.5
      vertex -13.048 14.4913 36.5
      vertex -29.4075 35.0465 36.5
    endloop
  endfacet
  facet normal 0 0 1
    outer loop
      vertex -13.048 14.4913 36.5
      vertex -30.6127 33.9989 36.5
      vertex -13.5458 14.0271 36.5
    endloop
  endfacet
  facet normal -0 0 1
    outer loop
      vertex -31.7806 32.9098 36.5
      vertex -13.5458 14.0271 36.5
      vertex -30.6127 33.9989 36.5
    endloop
  endfacet
  facet normal 0 0 1
    outer loop
      vertex -13.5458 14.0271 36.5
      vertex -31.7806 32.9098 36.5
      vertex -14.0271 13.5458 36.5
    endloop
  endfacet
  facet normal -0 0 1
    outer loop
      vertex -32.9098 31.7806 36.5
      vertex -14.0271 13.5458 36.5
      vertex -31.7806 32.9098 36.5
    endloop
  endfacet
  facet normal 0 0 1
    outer loop
      vertex -14.0271 13.5458 36.5
      vertex -32.9098 31.7806 36.5
      vertex -14.4913 13.048 36.5
    endloop
  endfacet
  facet normal -0 0 1
    outer loop
      vertex -33.9989 30.6127 36.5
      vertex -14.4913 13.048 36.5
      vertex -32.9098 31.7806 36.5
    endloop
  endfacet
  facet normal 0 0 1
    outer loop
      vertex -14.4913 13.048 36.5
      vertex -33.9989 30.6127 36.5
      vertex -14.9379 12.5344 36.5
    endloop
  endfacet
  facet normal -0 0 1
    outer loop
      vertex -35.0465 29.4075 36.5
      vertex -14.9379 12.5344 36.5
      vertex -33.9989 30.6127 36.5
    endloop
  endfacet
  facet normal 0 0 1
    outer loop
      vertex -14.9379 12.5344 36.5
      vertex -35.0465 29.4075 36.5
      vertex -15.3662 12.0054 36.5
    endloop
  endfacet
  facet normal -0 0 1
    outer loop
      vertex -36.0515 28.1665 36.5
      vertex -15.3662 12.0054 36.5
      vertex -35.0465 29.4075 36.5
    endloop
  endfacet
  facet normal 0 0 1
    outer loop
      vertex -15.3662 12.0054 36.5
      vertex -36.0515 28.1665 36.5
      vertex -15.7758 11.4618 36.5
    endloop
  endfacet
  facet normal -0 0 1
    outer loop
      vertex -37.0125 26.8912 36.5
      vertex -15.7758 11.4618 36.5
      vertex -36.0515 28.1665 36.5
    endloop
  endfacet
  facet normal 0 0 1
    outer loop
      vertex -15.7758 11.4618 36.5
      vertex -37.0125 26.8912 36.5
      vertex -16.1662 10.9043 36.5
    endloop
  endfacet
  facet normal -0 0 1
    outer loop
      vertex -37.9285 25.5831 36.5
      vertex -16.1662 10.9043 36.5
      vertex -37.0125 26.8912 36.5
    endloop
  endfacet
  facet normal -0 0 1
    outer loop
      vertex -38.7982 24.2438 36.5
      vertex -16.5369 10.3334 36.5
      vertex -37.9285 25.5831 36.5
    endloop
  endfacet
  facet normal 0 0 1
    outer loop
      vertex -16.1662 10.9043 36.5
      vertex -37.9285 25.5831 36.5
      vertex -16.5369 10.3334 36.5
    endloop
  endfacet
  facet normal 0 0 1
    outer loop
      vertex 38.7982 -24.2438 36.5
      vertex 16.5369 -10.3334 36.5
      vertex 37.9285 -25.5831 36.5
    endloop
  endfacet
  facet normal -0 0 1
    outer loop
      vertex 16.1662 -10.9043 36.5
      vertex 37.9285 -25.5831 36.5
      vertex 16.5369 -10.3334 36.5
    endloop
  endfacet
  facet normal 0 0 1
    outer loop
      vertex 37.9285 -25.5831 36.5
      vertex 16.1662 -10.9043 36.5
      vertex 37.0125 -26.8912 36.5
    endloop
  endfacet
  facet normal -0 0 1
    outer loop
      vertex 15.7758 -11.4618 36.5
      vertex 37.0125 -26.8912 36.5
      vertex 16.1662 -10.9043 36.5
    endloop
  endfacet
  facet normal 0 0 1
    outer loop
      vertex 37.0125 -26.8912 36.5
      vertex 15.7758 -11.4618 36.5
      vertex 36.0515 -28.1665 36.5
    endloop
  endfacet
  facet normal -0 0 1
    outer loop
      vertex 15.3662 -12.0054 36.5
      vertex 36.0515 -28.1665 36.5
      vertex 15.7758 -11.4618 36.5
    endloop
  endfacet
  facet normal 0 0 1
    outer loop
      vertex 36.0515 -28.1665 36.5
      vertex 15.3662 -12.0054 36.5
      vertex 35.0465 -29.4075 36.5
    endloop
  endfacet
  facet normal -0 0 1
    outer loop
      vertex 14.9379 -12.5344 36.5
      vertex 35.0465 -29.4075 36.5
      vertex 15.3662 -12.0054 36.5
    endloop
  endfacet
  facet normal 0 0 1
    outer loop
      vertex 35.0465 -29.4075 36.5
      vertex 14.9379 -12.5344 36.5
      vertex 33.9989 -30.6127 36.5
    endloop
  endfacet
  facet normal -0 0 1
    outer loop
      vertex 14.4913 -13.048 36.5
      vertex 33.9989 -30.6127 36.5
      vertex 14.9379 -12.5344 36.5
    endloop
  endfacet
  facet normal 0 0 1
    outer loop
      vertex 33.9989 -30.6127 36.5
      vertex 14.4913 -13.048 36.5
      vertex 32.9098 -31.7806 36.5
    endloop
  endfacet
  facet normal -0 0 1
    outer loop
      vertex 14.0271 -13.5458 36.5
      vertex 32.9098 -31.7806 36.5
      vertex 14.4913 -13.048 36.5
    endloop
  endfacet
  facet normal 0 0 1
    outer loop
      vertex 32.9098 -31.7806 36.5
      vertex 14.0271 -13.5458 36.5
      vertex 31.7806 -32.9098 36.5
    endloop
  endfacet
  facet normal -0 0 1
    outer loop
      vertex 13.5458 -14.0271 36.5
      vertex 31.7806 -32.9098 36.5
      vertex 14.0271 -13.5458 36.5
    endloop
  endfacet
  facet normal 0 0 1
    outer loop
      vertex 31.7806 -32.9098 36.5
      vertex 13.5458 -14.0271 36.5
      vertex 30.6127 -33.9989 36.5
    endloop
  endfacet
  facet normal -0 0 1
    outer loop
      vertex 13.048 -14.4913 36.5
      vertex 30.6127 -33.9989 36.5
      vertex 13.5458 -14.0271 36.5
    endloop
  endfacet
  facet normal 0 0 1
    outer loop
      vertex 30.6127 -33.9989 36.5
      vertex 13.048 -14.4913 36.5
      vertex 29.4075 -35.0465 36.5
    endloop
  endfacet
  facet normal -0 0 1
    outer loop
      vertex 12.5344 -14.9379 36.5
      vertex 29.4075 -35.0465 36.5
      vertex 13.048 -14.4913 36.5
    endloop
  endfacet
  facet normal 0 0 1
    outer loop
      vertex 29.4075 -35.0465 36.5
      vertex 12.5344 -14.9379 36.5
      vertex 28.1665 -36.0515 36.5
    endloop
  endfacet
  facet normal -0 0 1
    outer loop
      vertex 12.0054 -15.3662 36.5
      vertex 28.1665 -36.0515 36.5
      vertex 12.5344 -14.9379 36.5
    endloop
  endfacet
  facet normal 0 0 1
    outer loop
      vertex 28.1665 -36.0515 36.5
      vertex 12.0054 -15.3662 36.5
      vertex 26.8912 -37.0125 36.5
    endloop
  endfacet
  facet normal -0 0 1
    outer loop
      vertex 11.4618 -15.7758 36.5
      vertex 26.8912 -37.0125 36.5
      vertex 12.0054 -15.3662 36.5
    endloop
  endfacet
  facet normal 0 0 1
    outer loop
      vertex 26.8912 -37.0125 36.5
      vertex 11.4618 -15.7758 36.5
      vertex 25.5831 -37.9285 36.5
    endloop
  endfacet
  facet normal -0 0 1
    outer loop
      vertex 10.9043 -16.1662 36.5
      vertex 25.5831 -37.9285 36.5
      vertex 11.4618 -15.7758 36.5
    endloop
  endfacet
  facet normal 0 0 1
    outer loop
      vertex 25.5831 -37.9285 36.5
      vertex 10.9043 -16.1662 36.5
      vertex 24.2438 -38.7982 36.5
    endloop
  endfacet
  facet normal -0 0 1
    outer loop
      vertex 10.3334 -16.5369 36.5
      vertex 24.2438 -38.7982 36.5
      vertex 10.9043 -16.1662 36.5
    endloop
  endfacet
  facet normal 0 0 1
    outer loop
      vertex 24.2438 -38.7982 36.5
      vertex 10.3334 -16.5369 36.5
      vertex 22.875 -39.6207 36.5
    endloop
  endfacet
  facet normal -0 0 1
    outer loop
      vertex 9.75 -16.8875 36.5
      vertex 22.875 -39.6207 36.5
      vertex 10.3334 -16.5369 36.5
    endloop
  endfacet
  facet normal 0 0 1
    outer loop
      vertex 22.875 -39.6207 36.5
      vertex 9.75 -16.8875 36.5
      vertex 21.4783 -40.3949 36.5
    endloop
  endfacet
  facet normal -0 0 1
    outer loop
      vertex 9.15469 -17.2175 36.5
      vertex 21.4783 -40.3949 36.5
      vertex 9.75 -16.8875 36.5
    endloop
  endfacet
  facet normal 0 0 1
    outer loop
      vertex 21.4783 -40.3949 36.5
      vertex 9.15469 -17.2175 36.5
      vertex 20.0555 -41.1198 36.5
    endloop
  endfacet
  facet normal -0 0 1
    outer loop
      vertex 8.54824 -17.5265 36.5
      vertex 20.0555 -41.1198 36.5
      vertex 9.15469 -17.2175 36.5
    endloop
  endfacet
  facet normal 0 0 1
    outer loop
      vertex 20.0555 -41.1198 36.5
      vertex 8.54824 -17.5265 36.5
      vertex 18.6082 -41.7947 36.5
    endloop
  endfacet
  facet normal -0 0 1
    outer loop
      vertex 7.93136 -17.8141 36.5
      vertex 18.6082 -41.7947 36.5
      vertex 8.54824 -17.5265 36.5
    endloop
  endfacet
  facet normal 0 0 1
    outer loop
      vertex 18.6082 -41.7947 36.5
      vertex 7.93136 -17.8141 36.5
      vertex 17.1383 -42.4187 36.5
    endloop
  endfacet
  facet normal -0 0 1
    outer loop
      vertex 7.30483 -18.0801 36.5
      vertex 17.1383 -42.4187 36.5
      vertex 7.93136 -17.8141 36.5
    endloop
  endfacet
  facet normal 0 0 1
    outer loop
      vertex 17.1383 -42.4187 36.5
      vertex 7.30483 -18.0801 36.5
      vertex 15.6474 -42.9909 36.5
    endloop
  endfacet
  facet normal -0 0 1
    outer loop
      vertex 6.66939 -18.324 36.5
      vertex 15.6474 -42.9909 36.5
      vertex 7.30483 -18.0801 36.5
    endloop
  endfacet
  facet normal 0 0 1
    outer loop
      vertex 15.6474 -42.9909 36.5
      vertex 6.66939 -18.324 36.5
      vertex 14.1375 -43.5108 36.5
    endloop
  endfacet
  facet normal -0 0 1
    outer loop
      vertex 6.02583 -18.5456 36.5
      vertex 14.1375 -43.5108 36.5
      vertex 6.66939 -18.324 36.5
    endloop
  endfacet
  facet normal 0 0 1
    outer loop
      vertex 14.1375 -43.5108 36.5
      vertex 6.02583 -18.5456 36.5
      vertex 12.6104 -43.9777 36.5
    endloop
  endfacet
  facet normal -0 0 1
    outer loop
      vertex 5.37493 -18.7446 36.5
      vertex 12.6104 -43.9777 36.5
      vertex 6.02583 -18.5456 36.5
    endloop
  endfacet
  facet normal 0 0 1
    outer loop
      vertex 12.6104 -43.9777 36.5
      vertex 5.37493 -18.7446 36.5
      vertex 11.0679 -44.391 36.5
    endloop
  endfacet
  facet normal -0 0 1
    outer loop
      vertex 4.71748 -18.9208 36.5
      vertex 11.0679 -44.391 36.5
      vertex 5.37493 -18.7446 36.5
    endloop
  endfacet
  facet normal 0 0 1
    outer loop
      vertex 11.0679 -44.391 36.5
      vertex 4.71748 -18.9208 36.5
      vertex 9.51196 -44.7503 36.5
    endloop
  endfacet
  facet normal -0 0 1
    outer loop
      vertex 4.05428 -19.0739 36.5
      vertex 9.51196 -44.7503 36.5
      vertex 4.71748 -18.9208 36.5
    endloop
  endfacet
  facet normal 0 0 1
    outer loop
      vertex 9.51196 -44.7503 36.5
      vertex 4.05428 -19.0739 36.5
      vertex 7.9444 -45.055 36.5
    endloop
  endfacet
  facet normal -0 0 1
    outer loop
      vertex 3.38614 -19.2038 36.5
      vertex 7.9444 -45.055 36.5
      vertex 4.05428 -19.0739 36.5
    endloop
  endfacet
  facet normal 0 0 1
    outer loop
      vertex 7.9444 -45.055 36.5
      vertex 3.38614 -19.2038 36.5
      vertex 6.36717 -45.3048 36.5
    endloop
  endfacet
  facet normal -0 0 1
    outer loop
      vertex 2.71387 -19.3102 36.5
      vertex 6.36717 -45.3048 36.5
      vertex 3.38614 -19.2038 36.5
    endloop
  endfacet
  facet normal 0 0 1
    outer loop
      vertex 6.36717 -45.3048 36.5
      vertex 2.71387 -19.3102 36.5
      vertex 4.78218 -45.4994 36.5
    endloop
  endfacet
  facet normal -0 0 1
    outer loop
      vertex 2.0383 -19.3932 36.5
      vertex 4.78218 -45.4994 36.5
      vertex 2.71387 -19.3102 36.5
    endloop
  endfacet
  facet normal 0 0 1
    outer loop
      vertex 4.78218 -45.4994 36.5
      vertex 2.0383 -19.3932 36.5
      vertex 3.19136 -45.6386 36.5
    endloop
  endfacet
  facet normal -0 0 1
    outer loop
      vertex 1.36025 -19.4525 36.5
      vertex 3.19136 -45.6386 36.5
      vertex 2.0383 -19.3932 36.5
    endloop
  endfacet
  facet normal 0 0 1
    outer loop
      vertex 3.19136 -45.6386 36.5
      vertex 1.36025 -19.4525 36.5
      vertex 1.59665 -45.7221 36.5
    endloop
  endfacet
  facet normal -0 0 1
    outer loop
      vertex 0.68054 -19.4881 36.5
      vertex 1.59665 -45.7221 36.5
      vertex 1.36025 -19.4525 36.5
    endloop
  endfacet
  facet normal -0 0 1
    outer loop
      vertex 0 -19.5 36.5
      vertex 1.59665 -45.7221 36.5
      vertex 0.68054 -19.4881 36.5
    endloop
  endfacet
  facet normal 0 0 1
    outer loop
      vertex 0 -19.5 36.5
      vertex 0 -45.75 36.5
      vertex 1.59665 -45.7221 36.5
    endloop
  endfacet
  facet normal 0 0 1
    outer loop
      vertex -0.68054 -19.4881 36.5
      vertex 0 -45.75 36.5
      vertex 0 -19.5 36.5
    endloop
  endfacet
  facet normal 0 0 1
    outer loop
      vertex -1.59665 -45.7221 36.5
      vertex -0.68054 -19.4881 36.5
      vertex -1.36025 -19.4525 36.5
    endloop
  endfacet
  facet normal 0 0 1
    outer loop
      vertex -0.68054 -19.4881 36.5
      vertex -1.59665 -45.7221 36.5
      vertex 0 -45.75 36.5
    endloop
  endfacet
  facet normal 0 0 1
    outer loop
      vertex -3.19136 -45.6386 36.5
      vertex -1.36025 -19.4525 36.5
      vertex -2.0383 -19.3932 36.5
    endloop
  endfacet
  facet normal 0 0 1
    outer loop
      vertex -4.78218 -45.4994 36.5
      vertex -2.0383 -19.3932 36.5
      vertex -2.71387 -19.3102 36.5
    endloop
  endfacet
  facet normal 0 0 1
    outer loop
      vertex -1.36025 -19.4525 36.5
      vertex -3.19136 -45.6386 36.5
      vertex -1.59665 -45.7221 36.5
    endloop
  endfacet
  facet normal 0 0 1
    outer loop
      vertex -6.36717 -45.3048 36.5
      vertex -2.71387 -19.3102 36.5
      vertex -3.38614 -19.2038 36.5
    endloop
  endfacet
  facet normal 0 0 1
    outer loop
      vertex -7.9444 -45.055 36.5
      vertex -3.38614 -19.2038 36.5
      vertex -4.05428 -19.0739 36.5
    endloop
  endfacet
  facet normal 0 0 1
    outer loop
      vertex -9.51196 -44.7503 36.5
      vertex -4.05428 -19.0739 36.5
      vertex -4.71748 -18.9208 36.5
    endloop
  endfacet
  facet normal 0 0 1
    outer loop
      vertex -2.0383 -19.3932 36.5
      vertex -4.78218 -45.4994 36.5
      vertex -3.19136 -45.6386 36.5
    endloop
  endfacet
  facet normal 0 0 1
    outer loop
      vertex -11.0679 -44.391 36.5
      vertex -4.71748 -18.9208 36.5
      vertex -5.37493 -18.7446 36.5
    endloop
  endfacet
  facet normal 0 0 1
    outer loop
      vertex -12.6104 -43.9777 36.5
      vertex -5.37493 -18.7446 36.5
      vertex -6.02583 -18.5456 36.5
    endloop
  endfacet
  facet normal 0 0 1
    outer loop
      vertex -2.71387 -19.3102 36.5
      vertex -6.36717 -45.3048 36.5
      vertex -4.78218 -45.4994 36.5
    endloop
  endfacet
  facet normal 0 0 1
    outer loop
      vertex -14.1375 -43.5108 36.5
      vertex -6.02583 -18.5456 36.5
      vertex -6.66939 -18.324 36.5
    endloop
  endfacet
  facet normal 0 0 1
    outer loop
      vertex -15.6474 -42.9909 36.5
      vertex -6.66939 -18.324 36.5
      vertex -7.30483 -18.0801 36.5
    endloop
  endfacet
  facet normal 0 0 1
    outer loop
      vertex -17.1383 -42.4187 36.5
      vertex -7.30483 -18.0801 36.5
      vertex -7.93136 -17.8141 36.5
    endloop
  endfacet
  facet normal 0 0 1
    outer loop
      vertex -3.38614 -19.2038 36.5
      vertex -7.9444 -45.055 36.5
      vertex -6.36717 -45.3048 36.5
    endloop
  endfacet
  facet normal 0 0 1
    outer loop
      vertex -18.6082 -41.7947 36.5
      vertex -7.93136 -17.8141 36.5
      vertex -8.54824 -17.5265 36.5
    endloop
  endfacet
  facet normal 0 0 1
    outer loop
      vertex -20.0555 -41.1198 36.5
      vertex -8.54824 -17.5265 36.5
      vertex -9.15469 -17.2175 36.5
    endloop
  endfacet
  facet normal 0 0 1
    outer loop
      vertex -4.05428 -19.0739 36.5
      vertex -9.51196 -44.7503 36.5
      vertex -7.9444 -45.055 36.5
    endloop
  endfacet
  facet normal 0 0 1
    outer loop
      vertex -21.4783 -40.3949 36.5
      vertex -9.15469 -17.2175 36.5
      vertex -9.75 -16.8875 36.5
    endloop
  endfacet
  facet normal 0 0 1
    outer loop
      vertex -22.875 -39.6207 36.5
      vertex -9.75 -16.8875 36.5
      vertex -10.3334 -16.5369 36.5
    endloop
  endfacet
  facet normal 0 0 1
    outer loop
      vertex -24.2438 -38.7982 36.5
      vertex -10.3334 -16.5369 36.5
      vertex -10.9043 -16.1662 36.5
    endloop
  endfacet
  facet normal 0 0 1
    outer loop
      vertex -4.71748 -18.9208 36.5
      vertex -11.0679 -44.391 36.5
      vertex -9.51196 -44.7503 36.5
    endloop
  endfacet
  facet normal 0 0 1
    outer loop
      vertex -25.5831 -37.9285 36.5
      vertex -10.9043 -16.1662 36.5
      vertex -11.4618 -15.7758 36.5
    endloop
  endfacet
  facet normal 0 0 1
    outer loop
      vertex -26.8912 -37.0125 36.5
      vertex -11.4618 -15.7758 36.5
      vertex -12.0054 -15.3662 36.5
    endloop
  endfacet
  facet normal 0 0 1
    outer loop
      vertex -28.1665 -36.0515 36.5
      vertex -12.0054 -15.3662 36.5
      vertex -12.5344 -14.9379 36.5
    endloop
  endfacet
  facet normal 0 0 1
    outer loop
      vertex -5.37493 -18.7446 36.5
      vertex -12.6104 -43.9777 36.5
      vertex -11.0679 -44.391 36.5
    endloop
  endfacet
  facet normal 0 0 1
    outer loop
      vertex -29.4075 -35.0465 36.5
      vertex -12.5344 -14.9379 36.5
      vertex -13.048 -14.4913 36.5
    endloop
  endfacet
  facet normal 0 0 1
    outer loop
      vertex -30.6127 -33.9989 36.5
      vertex -13.048 -14.4913 36.5
      vertex -13.5458 -14.0271 36.5
    endloop
  endfacet
  facet normal 0 0 1
    outer loop
      vertex -31.7806 -32.9098 36.5
      vertex -13.5458 -14.0271 36.5
      vertex -14.0271 -13.5458 36.5
    endloop
  endfacet
  facet normal 0 0 1
    outer loop
      vertex -6.02583 -18.5456 36.5
      vertex -14.1375 -43.5108 36.5
      vertex -12.6104 -43.9777 36.5
    endloop
  endfacet
  facet normal 0 0 1
    outer loop
      vertex -32.9098 -31.7806 36.5
      vertex -14.0271 -13.5458 36.5
      vertex -14.4913 -13.048 36.5
    endloop
  endfacet
  facet normal 0 0 1
    outer loop
      vertex -33.9989 -30.6127 36.5
      vertex -14.4913 -13.048 36.5
      vertex -14.9379 -12.5344 36.5
    endloop
  endfacet
  facet normal 0 0 1
    outer loop
      vertex -35.0465 -29.4075 36.5
      vertex -14.9379 -12.5344 36.5
      vertex -15.3662 -12.0054 36.5
    endloop
  endfacet
  facet normal 0 0 1
    outer loop
      vertex -6.66939 -18.324 36.5
      vertex -15.6474 -42.9909 36.5
      vertex -14.1375 -43.5108 36.5
    endloop
  endfacet
  facet normal 0 0 1
    outer loop
      vertex -36.0515 -28.1665 36.5
      vertex -15.3662 -12.0054 36.5
      vertex -15.7758 -11.4618 36.5
    endloop
  endfacet
  facet normal 0 0 1
    outer loop
      vertex -37.0125 -26.8912 36.5
      vertex -15.7758 -11.4618 36.5
      vertex -16.1662 -10.9043 36.5
    endloop
  endfacet
  facet normal 0 0 1
    outer loop
      vertex -37.9285 -25.5831 36.5
      vertex -16.1662 -10.9043 36.5
      vertex -16.5369 -10.3334 36.5
    endloop
  endfacet
  facet normal 0 0 1
    outer loop
      vertex -38.7982 -24.2438 36.5
      vertex -16.5369 -10.3334 36.5
      vertex -16.8875 -9.75 36.5
    endloop
  endfacet
  facet normal 0 0 1
    outer loop
      vertex -7.30483 -18.0801 36.5
      vertex -17.1383 -42.4187 36.5
      vertex -15.6474 -42.9909 36.5
    endloop
  endfacet
  facet normal 0 0 1
    outer loop
      vertex -39.6207 -22.875 36.5
      vertex -16.8875 -9.75 36.5
      vertex -17.2175 -9.15469 36.5
    endloop
  endfacet
  facet normal 0 0 1
    outer loop
      vertex -40.3949 -21.4783 36.5
      vertex -17.2175 -9.15469 36.5
      vertex -17.5265 -8.54824 36.5
    endloop
  endfacet
  facet normal 0 0 1
    outer loop
      vertex -41.1198 -20.0555 36.5
      vertex -17.5265 -8.54824 36.5
      vertex -17.8141 -7.93136 36.5
    endloop
  endfacet
  facet normal 0 0 1
    outer loop
      vertex -41.7947 -18.6082 36.5
      vertex -17.8141 -7.93136 36.5
      vertex -18.0801 -7.30483 36.5
    endloop
  endfacet
  facet normal 0 0 1
    outer loop
      vertex -42.4187 -17.1383 36.5
      vertex -18.0801 -7.30483 36.5
      vertex -18.324 -6.66939 36.5
    endloop
  endfacet
  facet normal 0 0 1
    outer loop
      vertex -42.9909 -15.6474 36.5
      vertex -18.324 -6.66939 36.5
      vertex -18.5456 -6.02583 36.5
    endloop
  endfacet
  facet normal 0 0 1
    outer loop
      vertex -7.93136 -17.8141 36.5
      vertex -18.6082 -41.7947 36.5
      vertex -17.1383 -42.4187 36.5
    endloop
  endfacet
  facet normal 0 0 1
    outer loop
      vertex -43.5108 -14.1375 36.5
      vertex -18.5456 -6.02583 36.5
      vertex -18.7446 -5.37493 36.5
    endloop
  endfacet
  facet normal 0 0 1
    outer loop
      vertex -43.9777 -12.6104 36.5
      vertex -18.7446 -5.37493 36.5
      vertex -18.9208 -4.71748 36.5
    endloop
  endfacet
  facet normal 0 0 1
    outer loop
      vertex -44.391 -11.0679 36.5
      vertex -18.9208 -4.71748 36.5
      vertex -19.0739 -4.05428 36.5
    endloop
  endfacet
  facet normal 0 0 1
    outer loop
      vertex -44.7503 -9.51196 36.5
      vertex -19.0739 -4.05428 36.5
      vertex -19.2038 -3.38614 36.5
    endloop
  endfacet
  facet normal 0 0 1
    outer loop
      vertex -45.055 -7.9444 36.5
      vertex -19.2038 -3.38614 36.5
      vertex -19.3102 -2.71387 36.5
    endloop
  endfacet
  facet normal 0 0 1
    outer loop
      vertex -45.3048 -6.36717 36.5
      vertex -19.3102 -2.71387 36.5
      vertex -19.3932 -2.0383 36.5
    endloop
  endfacet
  facet normal 0 0 1
    outer loop
      vertex -45.4994 -4.78218 36.5
      vertex -19.3932 -2.0383 36.5
      vertex -19.4525 -1.36025 36.5
    endloop
  endfacet
  facet normal 0 0 1
    outer loop
      vertex -45.6386 -3.19136 36.5
      vertex -19.4525 -1.36025 36.5
      vertex -19.4881 -0.68054 36.5
    endloop
  endfacet
  facet normal 0 0 1
    outer loop
      vertex -8.54824 -17.5265 36.5
      vertex -20.0555 -41.1198 36.5
      vertex -18.6082 -41.7947 36.5
    endloop
  endfacet
  facet normal 0 0 1
    outer loop
      vertex -45.7221 -1.59665 36.5
      vertex -19.4881 -0.68054 36.5
      vertex -19.5 0 36.5
    endloop
  endfacet
  facet normal 0 0 1
    outer loop
      vertex -16.5369 10.3334 36.5
      vertex -38.7982 24.2438 36.5
      vertex -16.8875 9.75 36.5
    endloop
  endfacet
  facet normal -0 0 1
    outer loop
      vertex -39.6207 22.875 36.5
      vertex -16.8875 9.75 36.5
      vertex -38.7982 24.2438 36.5
    endloop
  endfacet
  facet normal 0 0 1
    outer loop
      vertex -9.15469 -17.2175 36.5
      vertex -21.4783 -40.3949 36.5
      vertex -20.0555 -41.1198 36.5
    endloop
  endfacet
  facet normal 0 0 1
    outer loop
      vertex -16.8875 9.75 36.5
      vertex -39.6207 22.875 36.5
      vertex -17.2175 9.15469 36.5
    endloop
  endfacet
  facet normal 0 0 1
    outer loop
      vertex -9.75 -16.8875 36.5
      vertex -22.875 -39.6207 36.5
      vertex -21.4783 -40.3949 36.5
    endloop
  endfacet
  facet normal -0 0 1
    outer loop
      vertex -40.3949 21.4783 36.5
      vertex -17.2175 9.15469 36.5
      vertex -39.6207 22.875 36.5
    endloop
  endfacet
  facet normal 0 0 1
    outer loop
      vertex -10.3334 -16.5369 36.5
      vertex -24.2438 -38.7982 36.5
      vertex -22.875 -39.6207 36.5
    endloop
  endfacet
  facet normal 0 0 1
    outer loop
      vertex -17.2175 9.15469 36.5
      vertex -40.3949 21.4783 36.5
      vertex -17.5265 8.54824 36.5
    endloop
  endfacet
  facet normal 0 0 1
    outer loop
      vertex -10.9043 -16.1662 36.5
      vertex -25.5831 -37.9285 36.5
      vertex -24.2438 -38.7982 36.5
    endloop
  endfacet
  facet normal -0 0 1
    outer loop
      vertex -41.1198 20.0555 36.5
      vertex -17.5265 8.54824 36.5
      vertex -40.3949 21.4783 36.5
    endloop
  endfacet
  facet normal 0 0 1
    outer loop
      vertex -11.4618 -15.7758 36.5
      vertex -26.8912 -37.0125 36.5
      vertex -25.5831 -37.9285 36.5
    endloop
  endfacet
  facet normal 0 0 1
    outer loop
      vertex -17.5265 8.54824 36.5
      vertex -41.1198 20.0555 36.5
      vertex -17.8141 7.93136 36.5
    endloop
  endfacet
  facet normal 0 0 1
    outer loop
      vertex -12.0054 -15.3662 36.5
      vertex -28.1665 -36.0515 36.5
      vertex -26.8912 -37.0125 36.5
    endloop
  endfacet
  facet normal -0 0 1
    outer loop
      vertex -41.7947 18.6082 36.5
      vertex -17.8141 7.93136 36.5
      vertex -41.1198 20.0555 36.5
    endloop
  endfacet
  facet normal 0 0 1
    outer loop
      vertex -12.5344 -14.9379 36.5
      vertex -29.4075 -35.0465 36.5
      vertex -28.1665 -36.0515 36.5
    endloop
  endfacet
  facet normal 0 0 1
    outer loop
      vertex -17.8141 7.93136 36.5
      vertex -41.7947 18.6082 36.5
      vertex -18.0801 7.30483 36.5
    endloop
  endfacet
  facet normal 0 0 1
    outer loop
      vertex -13.048 -14.4913 36.5
      vertex -30.6127 -33.9989 36.5
      vertex -29.4075 -35.0465 36.5
    endloop
  endfacet
  facet normal -0 0 1
    outer loop
      vertex -42.4187 17.1383 36.5
      vertex -18.0801 7.30483 36.5
      vertex -41.7947 18.6082 36.5
    endloop
  endfacet
  facet normal 0 0 1
    outer loop
      vertex -13.5458 -14.0271 36.5
      vertex -31.7806 -32.9098 36.5
      vertex -30.6127 -33.9989 36.5
    endloop
  endfacet
  facet normal 0 0 1
    outer loop
      vertex -18.0801 7.30483 36.5
      vertex -42.4187 17.1383 36.5
      vertex -18.324 6.66939 36.5
    endloop
  endfacet
  facet normal 0 0 1
    outer loop
      vertex -14.0271 -13.5458 36.5
      vertex -32.9098 -31.7806 36.5
      vertex -31.7806 -32.9098 36.5
    endloop
  endfacet
  facet normal -0 0 1
    outer loop
      vertex -42.9909 15.6474 36.5
      vertex -18.324 6.66939 36.5
      vertex -42.4187 17.1383 36.5
    endloop
  endfacet
  facet normal 0 0 1
    outer loop
      vertex -14.4913 -13.048 36.5
      vertex -33.9989 -30.6127 36.5
      vertex -32.9098 -31.7806 36.5
    endloop
  endfacet
  facet normal 0 0 1
    outer loop
      vertex -18.324 6.66939 36.5
      vertex -42.9909 15.6474 36.5
      vertex -18.5456 6.02583 36.5
    endloop
  endfacet
  facet normal 0 0 1
    outer loop
      vertex -14.9379 -12.5344 36.5
      vertex -35.0465 -29.4075 36.5
      vertex -33.9989 -30.6127 36.5
    endloop
  endfacet
  facet normal -0 0 1
    outer loop
      vertex -43.5108 14.1375 36.5
      vertex -18.5456 6.02583 36.5
      vertex -42.9909 15.6474 36.5
    endloop
  endfacet
  facet normal 0 0 1
    outer loop
      vertex -15.3662 -12.0054 36.5
      vertex -36.0515 -28.1665 36.5
      vertex -35.0465 -29.4075 36.5
    endloop
  endfacet
  facet normal 0 0 1
    outer loop
      vertex -18.5456 6.02583 36.5
      vertex -43.5108 14.1375 36.5
      vertex -18.7446 5.37493 36.5
    endloop
  endfacet
  facet normal 0 0 1
    outer loop
      vertex -15.7758 -11.4618 36.5
      vertex -37.0125 -26.8912 36.5
      vertex -36.0515 -28.1665 36.5
    endloop
  endfacet
  facet normal -0 0 1
    outer loop
      vertex -43.9777 12.6104 36.5
      vertex -18.7446 5.37493 36.5
      vertex -43.5108 14.1375 36.5
    endloop
  endfacet
  facet normal 0 0 1
    outer loop
      vertex -16.1662 -10.9043 36.5
      vertex -37.9285 -25.5831 36.5
      vertex -37.0125 -26.8912 36.5
    endloop
  endfacet
  facet normal 0 0 1
    outer loop
      vertex -18.7446 5.37493 36.5
      vertex -43.9777 12.6104 36.5
      vertex -18.9208 4.71748 36.5
    endloop
  endfacet
  facet normal 0 0 1
    outer loop
      vertex -16.5369 -10.3334 36.5
      vertex -38.7982 -24.2438 36.5
      vertex -37.9285 -25.5831 36.5
    endloop
  endfacet
  facet normal -0 0 1
    outer loop
      vertex -44.391 11.0679 36.5
      vertex -18.9208 4.71748 36.5
      vertex -43.9777 12.6104 36.5
    endloop
  endfacet
  facet normal 0 0 1
    outer loop
      vertex -16.8875 -9.75 36.5
      vertex -39.6207 -22.875 36.5
      vertex -38.7982 -24.2438 36.5
    endloop
  endfacet
  facet normal 0 0 1
    outer loop
      vertex -18.9208 4.71748 36.5
      vertex -44.391 11.0679 36.5
      vertex -19.0739 4.05428 36.5
    endloop
  endfacet
  facet normal 0 0 1
    outer loop
      vertex -17.2175 -9.15469 36.5
      vertex -40.3949 -21.4783 36.5
      vertex -39.6207 -22.875 36.5
    endloop
  endfacet
  facet normal -0 0 1
    outer loop
      vertex -44.7503 9.51196 36.5
      vertex -19.0739 4.05428 36.5
      vertex -44.391 11.0679 36.5
    endloop
  endfacet
  facet normal 0 0 1
    outer loop
      vertex -17.5265 -8.54824 36.5
      vertex -41.1198 -20.0555 36.5
      vertex -40.3949 -21.4783 36.5
    endloop
  endfacet
  facet normal 0 0 1
    outer loop
      vertex -19.0739 4.05428 36.5
      vertex -44.7503 9.51196 36.5
      vertex -19.2038 3.38614 36.5
    endloop
  endfacet
  facet normal 0 0 1
    outer loop
      vertex -17.8141 -7.93136 36.5
      vertex -41.7947 -18.6082 36.5
      vertex -41.1198 -20.0555 36.5
    endloop
  endfacet
  facet normal -0 0 1
    outer loop
      vertex -45.055 7.9444 36.5
      vertex -19.2038 3.38614 36.5
      vertex -44.7503 9.51196 36.5
    endloop
  endfacet
  facet normal 0 0 1
    outer loop
      vertex -18.0801 -7.30483 36.5
      vertex -42.4187 -17.1383 36.5
      vertex -41.7947 -18.6082 36.5
    endloop
  endfacet
  facet normal 0 0 1
    outer loop
      vertex -19.2038 3.38614 36.5
      vertex -45.055 7.9444 36.5
      vertex -19.3102 2.71387 36.5
    endloop
  endfacet
  facet normal 0 0 1
    outer loop
      vertex -18.324 -6.66939 36.5
      vertex -42.9909 -15.6474 36.5
      vertex -42.4187 -17.1383 36.5
    endloop
  endfacet
  facet normal -0 0 1
    outer loop
      vertex -45.3048 6.36717 36.5
      vertex -19.3102 2.71387 36.5
      vertex -45.055 7.9444 36.5
    endloop
  endfacet
  facet normal 0 0 1
    outer loop
      vertex -18.5456 -6.02583 36.5
      vertex -43.5108 -14.1375 36.5
      vertex -42.9909 -15.6474 36.5
    endloop
  endfacet
  facet normal 0 0 1
    outer loop
      vertex -19.3102 2.71387 36.5
      vertex -45.3048 6.36717 36.5
      vertex -19.3932 2.0383 36.5
    endloop
  endfacet
  facet normal 0 0 1
    outer loop
      vertex -18.7446 -5.37493 36.5
      vertex -43.9777 -12.6104 36.5
      vertex -43.5108 -14.1375 36.5
    endloop
  endfacet
  facet normal -0 0 1
    outer loop
      vertex -45.4994 4.78218 36.5
      vertex -19.3932 2.0383 36.5
      vertex -45.3048 6.36717 36.5
    endloop
  endfacet
  facet normal 0 0 1
    outer loop
      vertex -18.9208 -4.71748 36.5
      vertex -44.391 -11.0679 36.5
      vertex -43.9777 -12.6104 36.5
    endloop
  endfacet
  facet normal 0 0 1
    outer loop
      vertex -19.3932 2.0383 36.5
      vertex -45.4994 4.78218 36.5
      vertex -19.4525 1.36025 36.5
    endloop
  endfacet
  facet normal 0 0 1
    outer loop
      vertex -19.0739 -4.05428 36.5
      vertex -44.7503 -9.51196 36.5
      vertex -44.391 -11.0679 36.5
    endloop
  endfacet
  facet normal -0 0 1
    outer loop
      vertex -45.6386 3.19136 36.5
      vertex -19.4525 1.36025 36.5
      vertex -45.4994 4.78218 36.5
    endloop
  endfacet
  facet normal 0 0 1
    outer loop
      vertex -19.2038 -3.38614 36.5
      vertex -45.055 -7.9444 36.5
      vertex -44.7503 -9.51196 36.5
    endloop
  endfacet
  facet normal 0 0 1
    outer loop
      vertex -19.4525 1.36025 36.5
      vertex -45.6386 3.19136 36.5
      vertex -19.4881 0.68054 36.5
    endloop
  endfacet
  facet normal 0 0 1
    outer loop
      vertex -19.3102 -2.71387 36.5
      vertex -45.3048 -6.36717 36.5
      vertex -45.055 -7.9444 36.5
    endloop
  endfacet
  facet normal -0 0 1
    outer loop
      vertex -45.7221 1.59665 36.5
      vertex -19.4881 0.68054 36.5
      vertex -45.6386 3.19136 36.5
    endloop
  endfacet
  facet normal 0 0 1
    outer loop
      vertex -19.3932 -2.0383 36.5
      vertex -45.4994 -4.78218 36.5
      vertex -45.3048 -6.36717 36.5
    endloop
  endfacet
  facet normal 0 0 1
    outer loop
      vertex -19.4881 0.68054 36.5
      vertex -45.7221 1.59665 36.5
      vertex -19.5 0 36.5
    endloop
  endfacet
  facet normal 0 0 1
    outer loop
      vertex -19.4525 -1.36025 36.5
      vertex -45.6386 -3.19136 36.5
      vertex -45.4994 -4.78218 36.5
    endloop
  endfacet
  facet normal 0 0 1
    outer loop
      vertex -45.75 0 36.5
      vertex -19.5 0 36.5
      vertex -45.7221 1.59665 36.5
    endloop
  endfacet
  facet normal 0 0 1
    outer loop
      vertex -19.4881 -0.68054 36.5
      vertex -45.7221 -1.59665 36.5
      vertex -45.6386 -3.19136 36.5
    endloop
  endfacet
  facet normal 0 0 1
    outer loop
      vertex -19.5 0 36.5
      vertex -45.75 0 36.5
      vertex -45.7221 -1.59665 36.5
    endloop
  endfacet
  facet normal -0.390765 0.92049 0
    outer loop
      vertex -17.1383 42.4187 2
      vertex -18.6082 41.7947 36.5
      vertex -17.1383 42.4187 36.5
    endloop
  endfacet
  facet normal -0.390765 0.92049 0
    outer loop
      vertex -18.6082 41.7947 36.5
      vertex -17.1383 42.4187 2
      vertex -18.6082 41.7947 2
    endloop
  endfacet
  facet normal -0.573601 0.819135 0
    outer loop
      vertex -25.5831 37.9285 2
      vertex -26.8912 37.0125 36.5
      vertex -25.5831 37.9285 36.5
    endloop
  endfacet
  facet normal -0.573601 0.819135 0
    outer loop
      vertex -26.8912 37.0125 36.5
      vertex -25.5831 37.9285 2
      vertex -26.8912 37.0125 2
    endloop
  endfacet
  facet normal -0.656036 0.75473 0
    outer loop
      vertex -29.4075 35.0465 2
      vertex -30.6127 33.9989 36.5
      vertex -29.4075 35.0465 36.5
    endloop
  endfacet
  facet normal -0.656036 0.75473 0
    outer loop
      vertex -30.6127 33.9989 36.5
      vertex -29.4075 35.0465 2
      vertex -30.6127 33.9989 2
    endloop
  endfacet
  facet normal -0.601812 0.798638 0
    outer loop
      vertex -26.8912 37.0125 2
      vertex -28.1665 36.0515 36.5
      vertex -26.8912 37.0125 36.5
    endloop
  endfacet
  facet normal -0.601812 0.798638 0
    outer loop
      vertex -28.1665 36.0515 36.5
      vertex -26.8912 37.0125 2
      vertex -28.1665 36.0515 2
    endloop
  endfacet
  facet normal -0.358312 0.933602 0
    outer loop
      vertex -15.6474 42.9909 2
      vertex -17.1383 42.4187 36.5
      vertex -15.6474 42.9909 36.5
    endloop
  endfacet
  facet normal -0.358312 0.933602 0
    outer loop
      vertex -17.1383 42.4187 36.5
      vertex -15.6474 42.9909 2
      vertex -17.1383 42.4187 2
    endloop
  endfacet
  facet normal -0.258812 0.965928 0
    outer loop
      vertex -11.0679 44.391 2
      vertex -12.6104 43.9777 36.5
      vertex -11.0679 44.391 36.5
    endloop
  endfacet
  facet normal -0.258812 0.965928 0
    outer loop
      vertex -12.6104 43.9777 36.5
      vertex -11.0679 44.391 2
      vertex -12.6104 43.9777 2
    endloop
  endfacet
  facet normal -0.325568 0.945519 0
    outer loop
      vertex -14.1375 43.5108 2
      vertex -15.6474 42.9909 36.5
      vertex -14.1375 43.5108 36.5
    endloop
  endfacet
  facet normal -0.325568 0.945519 0
    outer loop
      vertex -15.6474 42.9909 36.5
      vertex -14.1375 43.5108 2
      vertex -15.6474 42.9909 2
    endloop
  endfacet
  facet normal -0.190807 0.981628 0
    outer loop
      vertex -7.9444 45.055 2
      vertex -9.51196 44.7503 36.5
      vertex -7.9444 45.055 36.5
    endloop
  endfacet
  facet normal -0.190807 0.981628 0
    outer loop
      vertex -9.51196 44.7503 36.5
      vertex -7.9444 45.055 2
      vertex -9.51196 44.7503 2
    endloop
  endfacet
  facet normal -0.0174714 0.999847 0
    outer loop
      vertex 0 45.75 2
      vertex -1.59665 45.7221 36.5
      vertex 0 45.75 36.5
    endloop
  endfacet
  facet normal -0.0174714 0.999847 0
    outer loop
      vertex -1.59665 45.7221 36.5
      vertex 0 45.75 2
      vertex -1.59665 45.7221 2
    endloop
  endfacet
  facet normal 0.996194 -0.087169 0
    outer loop
      vertex 45.4994 -4.78218 36.5
      vertex 45.6386 -3.19136 2
      vertex 45.6386 -3.19136 36.5
    endloop
  endfacet
  facet normal 0.996194 -0.087169 0
    outer loop
      vertex 45.6386 -3.19136 2
      vertex 45.4994 -4.78218 36.5
      vertex 45.4994 -4.78218 2
    endloop
  endfacet
  facet normal 0.0174714 -0.999847 0
    outer loop
      vertex 0 -45.75 2
      vertex 1.59665 -45.7221 36.5
      vertex 0 -45.75 36.5
    endloop
  endfacet
  facet normal 0.0174714 -0.999847 0
    outer loop
      vertex 1.59665 -45.7221 36.5
      vertex 0 -45.75 2
      vertex 1.59665 -45.7221 2
    endloop
  endfacet
  facet normal 0.358312 -0.933602 0
    outer loop
      vertex 15.6474 -42.9909 2
      vertex 17.1383 -42.4187 36.5
      vertex 15.6474 -42.9909 36.5
    endloop
  endfacet
  facet normal 0.358312 -0.933602 0
    outer loop
      vertex 17.1383 -42.4187 36.5
      vertex 15.6474 -42.9909 2
      vertex 17.1383 -42.4187 2
    endloop
  endfacet
  facet normal 0.258812 -0.965928 0
    outer loop
      vertex 11.0679 -44.391 2
      vertex 12.6104 -43.9777 36.5
      vertex 11.0679 -44.391 36.5
    endloop
  endfacet
  facet normal 0.258812 -0.965928 0
    outer loop
      vertex 12.6104 -43.9777 36.5
      vertex 11.0679 -44.391 2
      vertex 12.6104 -43.9777 2
    endloop
  endfacet
  facet normal 0.573601 -0.819135 0
    outer loop
      vertex 25.5831 -37.9285 2
      vertex 26.8912 -37.0125 36.5
      vertex 25.5831 -37.9285 36.5
    endloop
  endfacet
  facet normal 0.573601 -0.819135 0
    outer loop
      vertex 26.8912 -37.0125 36.5
      vertex 25.5831 -37.9285 2
      vertex 26.8912 -37.0125 2
    endloop
  endfacet
  facet normal 0.390765 -0.92049 0
    outer loop
      vertex 17.1383 -42.4187 2
      vertex 18.6082 -41.7947 36.5
      vertex 17.1383 -42.4187 36.5
    endloop
  endfacet
  facet normal 0.390765 -0.92049 0
    outer loop
      vertex 18.6082 -41.7947 36.5
      vertex 17.1383 -42.4187 2
      vertex 18.6082 -41.7947 2
    endloop
  endfacet
  facet normal 0.731349 -0.682004 0
    outer loop
      vertex 32.9098 -31.7806 36.5
      vertex 33.9989 -30.6127 2
      vertex 33.9989 -30.6127 36.5
    endloop
  endfacet
  facet normal 0.731349 -0.682004 0
    outer loop
      vertex 33.9989 -30.6127 2
      vertex 32.9098 -31.7806 36.5
      vertex 32.9098 -31.7806 2
    endloop
  endfacet
  facet normal 0.92049 -0.390765 0
    outer loop
      vertex 41.7947 -18.6082 36.5
      vertex 42.4187 -17.1383 2
      vertex 42.4187 -17.1383 36.5
    endloop
  endfacet
  facet normal 0.92049 -0.390765 0
    outer loop
      vertex 42.4187 -17.1383 2
      vertex 41.7947 -18.6082 36.5
      vertex 41.7947 -18.6082 2
    endloop
  endfacet
  facet normal 0.874621 -0.484808 0
    outer loop
      vertex 39.6207 -22.875 36.5
      vertex 40.3949 -21.4783 2
      vertex 40.3949 -21.4783 36.5
    endloop
  endfacet
  facet normal 0.874621 -0.484808 0
    outer loop
      vertex 40.3949 -21.4783 2
      vertex 39.6207 -22.875 36.5
      vertex 39.6207 -22.875 2
    endloop
  endfacet
  facet normal 0.933602 -0.358312 0
    outer loop
      vertex 42.4187 -17.1383 36.5
      vertex 42.9909 -15.6474 2
      vertex 42.9909 -15.6474 36.5
    endloop
  endfacet
  facet normal 0.933602 -0.358312 0
    outer loop
      vertex 42.9909 -15.6474 2
      vertex 42.4187 -17.1383 36.5
      vertex 42.4187 -17.1383 2
    endloop
  endfacet
  facet normal -0.707107 -0.707107 0
    outer loop
      vertex -31.7806 -32.9098 2
      vertex -32.9098 -31.7806 36.5
      vertex -32.9098 -31.7806 2
    endloop
  endfacet
  facet normal -0.707107 -0.707107 0
    outer loop
      vertex -32.9098 -31.7806 36.5
      vertex -31.7806 -32.9098 2
      vertex -31.7806 -32.9098 36.5
    endloop
  endfacet
  facet normal -0.292382 -0.956301 0
    outer loop
      vertex -14.1375 -43.5108 2
      vertex -12.6104 -43.9777 36.5
      vertex -14.1375 -43.5108 36.5
    endloop
  endfacet
  facet normal -0.292382 -0.956301 -0
    outer loop
      vertex -12.6104 -43.9777 36.5
      vertex -14.1375 -43.5108 2
      vertex -12.6104 -43.9777 2
    endloop
  endfacet
  facet normal -0.258812 -0.965928 0
    outer loop
      vertex -12.6104 -43.9777 2
      vertex -11.0679 -44.391 36.5
      vertex -12.6104 -43.9777 36.5
    endloop
  endfacet
  facet normal -0.258812 -0.965928 -0
    outer loop
      vertex -11.0679 -44.391 36.5
      vertex -12.6104 -43.9777 2
      vertex -11.0679 -44.391 2
    endloop
  endfacet
  facet normal -0.731349 -0.682004 0
    outer loop
      vertex -32.9098 -31.7806 2
      vertex -33.9989 -30.6127 36.5
      vertex -33.9989 -30.6127 2
    endloop
  endfacet
  facet normal -0.731349 -0.682004 0
    outer loop
      vertex -33.9989 -30.6127 36.5
      vertex -32.9098 -31.7806 2
      vertex -32.9098 -31.7806 36.5
    endloop
  endfacet
  facet normal -0.92049 -0.390765 0
    outer loop
      vertex -41.7947 -18.6082 2
      vertex -42.4187 -17.1383 36.5
      vertex -42.4187 -17.1383 2
    endloop
  endfacet
  facet normal -0.92049 -0.390765 0
    outer loop
      vertex -42.4187 -17.1383 36.5
      vertex -41.7947 -18.6082 2
      vertex -41.7947 -18.6082 36.5
    endloop
  endfacet
  facet normal -0.89102 -0.453964 0
    outer loop
      vertex -40.3949 -21.4783 2
      vertex -41.1198 -20.0555 36.5
      vertex -41.1198 -20.0555 2
    endloop
  endfacet
  facet normal -0.89102 -0.453964 0
    outer loop
      vertex -41.1198 -20.0555 36.5
      vertex -40.3949 -21.4783 2
      vertex -40.3949 -21.4783 36.5
    endloop
  endfacet
  facet normal -0.874621 -0.484808 0
    outer loop
      vertex -39.6207 -22.875 2
      vertex -40.3949 -21.4783 36.5
      vertex -40.3949 -21.4783 2
    endloop
  endfacet
  facet normal -0.874621 -0.484808 0
    outer loop
      vertex -40.3949 -21.4783 36.5
      vertex -39.6207 -22.875 2
      vertex -39.6207 -22.875 36.5
    endloop
  endfacet
  facet normal -0.819135 -0.573601 0
    outer loop
      vertex -37.0125 -26.8912 2
      vertex -37.9285 -25.5831 36.5
      vertex -37.9285 -25.5831 2
    endloop
  endfacet
  facet normal -0.819135 -0.573601 0
    outer loop
      vertex -37.9285 -25.5831 36.5
      vertex -37.0125 -26.8912 2
      vertex -37.0125 -26.8912 36.5
    endloop
  endfacet
  facet normal -0.974359 -0.225 0
    outer loop
      vertex -44.391 -11.0679 2
      vertex -44.7503 -9.51196 36.5
      vertex -44.7503 -9.51196 2
    endloop
  endfacet
  facet normal -0.974359 -0.225 0
    outer loop
      vertex -44.7503 -9.51196 36.5
      vertex -44.391 -11.0679 2
      vertex -44.391 -11.0679 36.5
    endloop
  endfacet
  facet normal -0.999847 -0.0174714 0
    outer loop
      vertex -45.7221 -1.59665 2
      vertex -45.75 0 36.5
      vertex -45.75 0 2
    endloop
  endfacet
  facet normal -0.999847 -0.0174714 0
    outer loop
      vertex -45.75 0 36.5
      vertex -45.7221 -1.59665 2
      vertex -45.7221 -1.59665 36.5
    endloop
  endfacet
  facet normal 0.987689 0.156429 0
    outer loop
      vertex 45.3048 6.36717 36.5
      vertex 45.055 7.9444 2
      vertex 45.055 7.9444 36.5
    endloop
  endfacet
  facet normal 0.987689 0.156429 0
    outer loop
      vertex 45.055 7.9444 2
      vertex 45.3048 6.36717 36.5
      vertex 45.3048 6.36717 2
    endloop
  endfacet
  facet normal 0.965928 0.258812 0
    outer loop
      vertex 44.391 11.0679 36.5
      vertex 43.9777 12.6104 2
      vertex 43.9777 12.6104 36.5
    endloop
  endfacet
  facet normal 0.965928 0.258812 0
    outer loop
      vertex 43.9777 12.6104 2
      vertex 44.391 11.0679 36.5
      vertex 44.391 11.0679 2
    endloop
  endfacet
  facet normal 0.956301 0.292382 0
    outer loop
      vertex 43.9777 12.6104 36.5
      vertex 43.5108 14.1375 2
      vertex 43.5108 14.1375 36.5
    endloop
  endfacet
  facet normal 0.956301 0.292382 0
    outer loop
      vertex 43.5108 14.1375 2
      vertex 43.9777 12.6104 36.5
      vertex 43.9777 12.6104 2
    endloop
  endfacet
  facet normal 0.777128 0.629342 0
    outer loop
      vertex 36.0515 28.1665 36.5
      vertex 35.0465 29.4075 2
      vertex 35.0465 29.4075 36.5
    endloop
  endfacet
  facet normal 0.777128 0.629342 0
    outer loop
      vertex 35.0465 29.4075 2
      vertex 36.0515 28.1665 36.5
      vertex 36.0515 28.1665 2
    endloop
  endfacet
  facet normal 0.75473 0.656036 0
    outer loop
      vertex 35.0465 29.4075 36.5
      vertex 33.9989 30.6127 2
      vertex 33.9989 30.6127 36.5
    endloop
  endfacet
  facet normal 0.75473 0.656036 0
    outer loop
      vertex 33.9989 30.6127 2
      vertex 35.0465 29.4075 36.5
      vertex 35.0465 29.4075 2
    endloop
  endfacet
  facet normal 0.857156 0.515057 0
    outer loop
      vertex 39.6207 22.875 36.5
      vertex 38.7982 24.2438 2
      vertex 38.7982 24.2438 36.5
    endloop
  endfacet
  facet normal 0.857156 0.515057 0
    outer loop
      vertex 38.7982 24.2438 2
      vertex 39.6207 22.875 36.5
      vertex 39.6207 22.875 2
    endloop
  endfacet
  facet normal 0.89102 0.453964 0
    outer loop
      vertex 41.1198 20.0555 36.5
      vertex 40.3949 21.4783 2
      vertex 40.3949 21.4783 36.5
    endloop
  endfacet
  facet normal 0.89102 0.453964 0
    outer loop
      vertex 40.3949 21.4783 2
      vertex 41.1198 20.0555 36.5
      vertex 41.1198 20.0555 2
    endloop
  endfacet
  facet normal 0.906305 0.422625 0
    outer loop
      vertex 41.7947 18.6082 36.5
      vertex 41.1198 20.0555 2
      vertex 41.1198 20.0555 36.5
    endloop
  endfacet
  facet normal 0.906305 0.422625 0
    outer loop
      vertex 41.1198 20.0555 2
      vertex 41.7947 18.6082 36.5
      vertex 41.7947 18.6082 2
    endloop
  endfacet
  facet normal 0.156429 0.987689 -0
    outer loop
      vertex 7.9444 45.055 2
      vertex 6.36717 45.3048 36.5
      vertex 7.9444 45.055 36.5
    endloop
  endfacet
  facet normal 0.156429 0.987689 0
    outer loop
      vertex 6.36717 45.3048 36.5
      vertex 7.9444 45.055 2
      vertex 6.36717 45.3048 2
    endloop
  endfacet
  facet normal 0.087169 0.996194 -0
    outer loop
      vertex 4.78218 45.4994 2
      vertex 3.19136 45.6386 36.5
      vertex 4.78218 45.4994 36.5
    endloop
  endfacet
  facet normal 0.087169 0.996194 0
    outer loop
      vertex 3.19136 45.6386 36.5
      vertex 4.78218 45.4994 2
      vertex 3.19136 45.6386 2
    endloop
  endfacet
  facet normal 0.052289 0.998632 -0
    outer loop
      vertex 3.19136 45.6386 2
      vertex 1.59665 45.7221 36.5
      vertex 3.19136 45.6386 36.5
    endloop
  endfacet
  facet normal 0.052289 0.998632 0
    outer loop
      vertex 1.59665 45.7221 36.5
      vertex 3.19136 45.6386 2
      vertex 1.59665 45.7221 2
    endloop
  endfacet
  facet normal 0.453964 0.89102 -0
    outer loop
      vertex 21.4783 40.3949 2
      vertex 20.0555 41.1198 36.5
      vertex 21.4783 40.3949 36.5
    endloop
  endfacet
  facet normal 0.453964 0.89102 0
    outer loop
      vertex 20.0555 41.1198 36.5
      vertex 21.4783 40.3949 2
      vertex 20.0555 41.1198 2
    endloop
  endfacet
  facet normal 0.544616 0.838685 -0
    outer loop
      vertex 25.5831 37.9285 2
      vertex 24.2438 38.7982 36.5
      vertex 25.5831 37.9285 36.5
    endloop
  endfacet
  facet normal 0.544616 0.838685 0
    outer loop
      vertex 24.2438 38.7982 36.5
      vertex 25.5831 37.9285 2
      vertex 24.2438 38.7982 2
    endloop
  endfacet
  facet normal 0.629342 0.777128 -0
    outer loop
      vertex 29.4075 35.0465 2
      vertex 28.1665 36.0515 36.5
      vertex 29.4075 35.0465 36.5
    endloop
  endfacet
  facet normal 0.629342 0.777128 0
    outer loop
      vertex 28.1665 36.0515 36.5
      vertex 29.4075 35.0465 2
      vertex 28.1665 36.0515 2
    endloop
  endfacet
  facet normal 0.656036 0.75473 -0
    outer loop
      vertex 30.6127 33.9989 2
      vertex 29.4075 35.0465 36.5
      vertex 30.6127 33.9989 36.5
    endloop
  endfacet
  facet normal 0.656036 0.75473 0
    outer loop
      vertex 29.4075 35.0465 36.5
      vertex 30.6127 33.9989 2
      vertex 29.4075 35.0465 2
    endloop
  endfacet
  facet normal -0.819135 0.573601 0
    outer loop
      vertex -37.9285 25.5831 2
      vertex -37.0125 26.8912 36.5
      vertex -37.0125 26.8912 2
    endloop
  endfacet
  facet normal -0.819135 0.573601 0
    outer loop
      vertex -37.0125 26.8912 36.5
      vertex -37.9285 25.5831 2
      vertex -37.9285 25.5831 36.5
    endloop
  endfacet
  facet normal -0.89102 0.453964 0
    outer loop
      vertex -41.1198 20.0555 2
      vertex -40.3949 21.4783 36.5
      vertex -40.3949 21.4783 2
    endloop
  endfacet
  facet normal -0.89102 0.453964 0
    outer loop
      vertex -40.3949 21.4783 36.5
      vertex -41.1198 20.0555 2
      vertex -41.1198 20.0555 36.5
    endloop
  endfacet
  facet normal -0.906305 0.422625 0
    outer loop
      vertex -41.7947 18.6082 2
      vertex -41.1198 20.0555 36.5
      vertex -41.1198 20.0555 2
    endloop
  endfacet
  facet normal -0.906305 0.422625 0
    outer loop
      vertex -41.1198 20.0555 36.5
      vertex -41.7947 18.6082 2
      vertex -41.7947 18.6082 36.5
    endloop
  endfacet
  facet normal -0.857156 0.515057 0
    outer loop
      vertex -39.6207 22.875 2
      vertex -38.7982 24.2438 36.5
      vertex -38.7982 24.2438 2
    endloop
  endfacet
  facet normal -0.857156 0.515057 0
    outer loop
      vertex -38.7982 24.2438 36.5
      vertex -39.6207 22.875 2
      vertex -39.6207 22.875 36.5
    endloop
  endfacet
  facet normal -0.987689 0.156429 0
    outer loop
      vertex -45.3048 6.36717 2
      vertex -45.055 7.9444 36.5
      vertex -45.055 7.9444 2
    endloop
  endfacet
  facet normal -0.987689 0.156429 0
    outer loop
      vertex -45.055 7.9444 36.5
      vertex -45.3048 6.36717 2
      vertex -45.3048 6.36717 36.5
    endloop
  endfacet
  facet normal -0.996194 0.087169 0
    outer loop
      vertex -45.6386 3.19136 2
      vertex -45.4994 4.78218 36.5
      vertex -45.4994 4.78218 2
    endloop
  endfacet
  facet normal -0.996194 0.087169 0
    outer loop
      vertex -45.4994 4.78218 36.5
      vertex -45.6386 3.19136 2
      vertex -45.6386 3.19136 36.5
    endloop
  endfacet
  facet normal -0.998632 0.052289 0
    outer loop
      vertex -45.7221 1.59665 2
      vertex -45.6386 3.19136 36.5
      vertex -45.6386 3.19136 2
    endloop
  endfacet
  facet normal -0.998632 0.052289 0
    outer loop
      vertex -45.6386 3.19136 36.5
      vertex -45.7221 1.59665 2
      vertex -45.7221 1.59665 36.5
    endloop
  endfacet
  facet normal -0.629342 0.777128 0
    outer loop
      vertex -28.1665 36.0515 2
      vertex -29.4075 35.0465 36.5
      vertex -28.1665 36.0515 36.5
    endloop
  endfacet
  facet normal -0.629342 0.777128 0
    outer loop
      vertex -29.4075 35.0465 36.5
      vertex -28.1665 36.0515 2
      vertex -29.4075 35.0465 2
    endloop
  endfacet
  facet normal -0.544616 0.838685 0
    outer loop
      vertex -24.2438 38.7982 2
      vertex -25.5831 37.9285 36.5
      vertex -24.2438 38.7982 36.5
    endloop
  endfacet
  facet normal -0.544616 0.838685 0
    outer loop
      vertex -25.5831 37.9285 36.5
      vertex -24.2438 38.7982 2
      vertex -25.5831 37.9285 2
    endloop
  endfacet
  facet normal -0.515057 0.857156 0
    outer loop
      vertex -22.875 39.6207 2
      vertex -24.2438 38.7982 36.5
      vertex -22.875 39.6207 36.5
    endloop
  endfacet
  facet normal -0.515057 0.857156 0
    outer loop
      vertex -24.2438 38.7982 36.5
      vertex -22.875 39.6207 2
      vertex -24.2438 38.7982 2
    endloop
  endfacet
  facet normal -0.225 0.974359 0
    outer loop
      vertex -9.51196 44.7503 2
      vertex -11.0679 44.391 36.5
      vertex -9.51196 44.7503 36.5
    endloop
  endfacet
  facet normal -0.225 0.974359 0
    outer loop
      vertex -11.0679 44.391 36.5
      vertex -9.51196 44.7503 2
      vertex -11.0679 44.391 2
    endloop
  endfacet
  facet normal -0.292382 0.956301 0
    outer loop
      vertex -12.6104 43.9777 2
      vertex -14.1375 43.5108 36.5
      vertex -12.6104 43.9777 36.5
    endloop
  endfacet
  facet normal -0.292382 0.956301 0
    outer loop
      vertex -14.1375 43.5108 36.5
      vertex -12.6104 43.9777 2
      vertex -14.1375 43.5108 2
    endloop
  endfacet
  facet normal -0.121862 0.992547 0
    outer loop
      vertex -4.78218 45.4994 2
      vertex -6.36717 45.3048 36.5
      vertex -4.78218 45.4994 36.5
    endloop
  endfacet
  facet normal -0.121862 0.992547 0
    outer loop
      vertex -6.36717 45.3048 36.5
      vertex -4.78218 45.4994 2
      vertex -6.36717 45.3048 2
    endloop
  endfacet
  facet normal -0.156429 0.987689 0
    outer loop
      vertex -6.36717 45.3048 2
      vertex -7.9444 45.055 36.5
      vertex -6.36717 45.3048 36.5
    endloop
  endfacet
  facet normal -0.156429 0.987689 0
    outer loop
      vertex -7.9444 45.055 36.5
      vertex -6.36717 45.3048 2
      vertex -7.9444 45.055 2
    endloop
  endfacet
  facet normal -0.087169 0.996194 0
    outer loop
      vertex -3.19136 45.6386 2
      vertex -4.78218 45.4994 36.5
      vertex -3.19136 45.6386 36.5
    endloop
  endfacet
  facet normal -0.087169 0.996194 0
    outer loop
      vertex -4.78218 45.4994 36.5
      vertex -3.19136 45.6386 2
      vertex -4.78218 45.4994 2
    endloop
  endfacet
  facet normal 0.052289 -0.998632 0
    outer loop
      vertex 1.59665 -45.7221 2
      vertex 3.19136 -45.6386 36.5
      vertex 1.59665 -45.7221 36.5
    endloop
  endfacet
  facet normal 0.052289 -0.998632 0
    outer loop
      vertex 3.19136 -45.6386 36.5
      vertex 1.59665 -45.7221 2
      vertex 3.19136 -45.6386 2
    endloop
  endfacet
  facet normal 0.190807 -0.981628 0
    outer loop
      vertex 7.9444 -45.055 2
      vertex 9.51196 -44.7503 36.5
      vertex 7.9444 -45.055 36.5
    endloop
  endfacet
  facet normal 0.190807 -0.981628 0
    outer loop
      vertex 9.51196 -44.7503 36.5
      vertex 7.9444 -45.055 2
      vertex 9.51196 -44.7503 2
    endloop
  endfacet
  facet normal 0.292382 -0.956301 0
    outer loop
      vertex 12.6104 -43.9777 2
      vertex 14.1375 -43.5108 36.5
      vertex 12.6104 -43.9777 36.5
    endloop
  endfacet
  facet normal 0.292382 -0.956301 0
    outer loop
      vertex 14.1375 -43.5108 36.5
      vertex 12.6104 -43.9777 2
      vertex 14.1375 -43.5108 2
    endloop
  endfacet
  facet normal 0.656036 -0.75473 0
    outer loop
      vertex 29.4075 -35.0465 2
      vertex 30.6127 -33.9989 36.5
      vertex 29.4075 -35.0465 36.5
    endloop
  endfacet
  facet normal 0.656036 -0.75473 0
    outer loop
      vertex 30.6127 -33.9989 36.5
      vertex 29.4075 -35.0465 2
      vertex 30.6127 -33.9989 2
    endloop
  endfacet
  facet normal 0.601812 -0.798638 0
    outer loop
      vertex 26.8912 -37.0125 2
      vertex 28.1665 -36.0515 36.5
      vertex 26.8912 -37.0125 36.5
    endloop
  endfacet
  facet normal 0.601812 -0.798638 0
    outer loop
      vertex 28.1665 -36.0515 36.5
      vertex 26.8912 -37.0125 2
      vertex 28.1665 -36.0515 2
    endloop
  endfacet
  facet normal 0.629342 -0.777128 0
    outer loop
      vertex 28.1665 -36.0515 2
      vertex 29.4075 -35.0465 36.5
      vertex 28.1665 -36.0515 36.5
    endloop
  endfacet
  facet normal 0.629342 -0.777128 0
    outer loop
      vertex 29.4075 -35.0465 36.5
      vertex 28.1665 -36.0515 2
      vertex 29.4075 -35.0465 2
    endloop
  endfacet
  facet normal 0.422625 -0.906305 0
    outer loop
      vertex 18.6082 -41.7947 2
      vertex 20.0555 -41.1198 36.5
      vertex 18.6082 -41.7947 36.5
    endloop
  endfacet
  facet normal 0.422625 -0.906305 0
    outer loop
      vertex 20.0555 -41.1198 36.5
      vertex 18.6082 -41.7947 2
      vertex 20.0555 -41.1198 2
    endloop
  endfacet
  facet normal 0.453964 -0.89102 0
    outer loop
      vertex 20.0555 -41.1198 2
      vertex 21.4783 -40.3949 36.5
      vertex 20.0555 -41.1198 36.5
    endloop
  endfacet
  facet normal 0.453964 -0.89102 0
    outer loop
      vertex 21.4783 -40.3949 36.5
      vertex 20.0555 -41.1198 2
      vertex 21.4783 -40.3949 2
    endloop
  endfacet
  facet normal 0.544616 -0.838685 0
    outer loop
      vertex 24.2438 -38.7982 2
      vertex 25.5831 -37.9285 36.5
      vertex 24.2438 -38.7982 36.5
    endloop
  endfacet
  facet normal 0.544616 -0.838685 0
    outer loop
      vertex 25.5831 -37.9285 36.5
      vertex 24.2438 -38.7982 2
      vertex 25.5831 -37.9285 2
    endloop
  endfacet
  facet normal 0.515057 -0.857156 0
    outer loop
      vertex 22.875 -39.6207 2
      vertex 24.2438 -38.7982 36.5
      vertex 22.875 -39.6207 36.5
    endloop
  endfacet
  facet normal 0.515057 -0.857156 0
    outer loop
      vertex 24.2438 -38.7982 36.5
      vertex 22.875 -39.6207 2
      vertex 24.2438 -38.7982 2
    endloop
  endfacet
  facet normal 0.777128 -0.629342 0
    outer loop
      vertex 35.0465 -29.4075 36.5
      vertex 36.0515 -28.1665 2
      vertex 36.0515 -28.1665 36.5
    endloop
  endfacet
  facet normal 0.777128 -0.629342 0
    outer loop
      vertex 36.0515 -28.1665 2
      vertex 35.0465 -29.4075 36.5
      vertex 35.0465 -29.4075 2
    endloop
  endfacet
  facet normal 0.819135 -0.573601 0
    outer loop
      vertex 37.0125 -26.8912 36.5
      vertex 37.9285 -25.5831 2
      vertex 37.9285 -25.5831 36.5
    endloop
  endfacet
  facet normal 0.819135 -0.573601 0
    outer loop
      vertex 37.9285 -25.5831 2
      vertex 37.0125 -26.8912 36.5
      vertex 37.0125 -26.8912 2
    endloop
  endfacet
  facet normal 0.838685 -0.544616 0
    outer loop
      vertex 37.9285 -25.5831 36.5
      vertex 38.7982 -24.2438 2
      vertex 38.7982 -24.2438 36.5
    endloop
  endfacet
  facet normal 0.838685 -0.544616 0
    outer loop
      vertex 38.7982 -24.2438 2
      vertex 37.9285 -25.5831 36.5
      vertex 37.9285 -25.5831 2
    endloop
  endfacet
  facet normal 0.89102 -0.453964 0
    outer loop
      vertex 40.3949 -21.4783 36.5
      vertex 41.1198 -20.0555 2
      vertex 41.1198 -20.0555 36.5
    endloop
  endfacet
  facet normal 0.89102 -0.453964 0
    outer loop
      vertex 41.1198 -20.0555 2
      vertex 40.3949 -21.4783 36.5
      vertex 40.3949 -21.4783 2
    endloop
  endfacet
  facet normal 0.945519 -0.325568 0
    outer loop
      vertex 42.9909 -15.6474 36.5
      vertex 43.5108 -14.1375 2
      vertex 43.5108 -14.1375 36.5
    endloop
  endfacet
  facet normal 0.945519 -0.325568 0
    outer loop
      vertex 43.5108 -14.1375 2
      vertex 42.9909 -15.6474 36.5
      vertex 42.9909 -15.6474 2
    endloop
  endfacet
  facet normal 0.974359 -0.225 0
    outer loop
      vertex 44.391 -11.0679 36.5
      vertex 44.7503 -9.51196 2
      vertex 44.7503 -9.51196 36.5
    endloop
  endfacet
  facet normal 0.974359 -0.225 0
    outer loop
      vertex 44.7503 -9.51196 2
      vertex 44.391 -11.0679 36.5
      vertex 44.391 -11.0679 2
    endloop
  endfacet
  facet normal 0.987689 -0.156429 0
    outer loop
      vertex 45.055 -7.9444 36.5
      vertex 45.3048 -6.36717 2
      vertex 45.3048 -6.36717 36.5
    endloop
  endfacet
  facet normal 0.987689 -0.156429 0
    outer loop
      vertex 45.3048 -6.36717 2
      vertex 45.055 -7.9444 36.5
      vertex 45.055 -7.9444 2
    endloop
  endfacet
  facet normal -0.682004 -0.731349 0
    outer loop
      vertex -31.7806 -32.9098 2
      vertex -30.6127 -33.9989 36.5
      vertex -31.7806 -32.9098 36.5
    endloop
  endfacet
  facet normal -0.682004 -0.731349 -0
    outer loop
      vertex -30.6127 -33.9989 36.5
      vertex -31.7806 -32.9098 2
      vertex -30.6127 -33.9989 2
    endloop
  endfacet
  facet normal -0.573601 -0.819135 0
    outer loop
      vertex -26.8912 -37.0125 2
      vertex -25.5831 -37.9285 36.5
      vertex -26.8912 -37.0125 36.5
    endloop
  endfacet
  facet normal -0.573601 -0.819135 -0
    outer loop
      vertex -25.5831 -37.9285 36.5
      vertex -26.8912 -37.0125 2
      vertex -25.5831 -37.9285 2
    endloop
  endfacet
  facet normal -0.453964 -0.89102 0
    outer loop
      vertex -21.4783 -40.3949 2
      vertex -20.0555 -41.1198 36.5
      vertex -21.4783 -40.3949 36.5
    endloop
  endfacet
  facet normal -0.453964 -0.89102 -0
    outer loop
      vertex -20.0555 -41.1198 36.5
      vertex -21.4783 -40.3949 2
      vertex -20.0555 -41.1198 2
    endloop
  endfacet
  facet normal -0.484808 -0.874621 0
    outer loop
      vertex -22.875 -39.6207 2
      vertex -21.4783 -40.3949 36.5
      vertex -22.875 -39.6207 36.5
    endloop
  endfacet
  facet normal -0.484808 -0.874621 -0
    outer loop
      vertex -21.4783 -40.3949 36.5
      vertex -22.875 -39.6207 2
      vertex -21.4783 -40.3949 2
    endloop
  endfacet
  facet normal -0.544616 -0.838685 0
    outer loop
      vertex -25.5831 -37.9285 2
      vertex -24.2438 -38.7982 36.5
      vertex -25.5831 -37.9285 36.5
    endloop
  endfacet
  facet normal -0.544616 -0.838685 -0
    outer loop
      vertex -24.2438 -38.7982 36.5
      vertex -25.5831 -37.9285 2
      vertex -24.2438 -38.7982 2
    endloop
  endfacet
  facet normal -0.325568 -0.945519 0
    outer loop
      vertex -15.6474 -42.9909 2
      vertex -14.1375 -43.5108 36.5
      vertex -15.6474 -42.9909 36.5
    endloop
  endfacet
  facet normal -0.325568 -0.945519 -0
    outer loop
      vertex -14.1375 -43.5108 36.5
      vertex -15.6474 -42.9909 2
      vertex -14.1375 -43.5108 2
    endloop
  endfacet
  facet normal -0.225 -0.974359 0
    outer loop
      vertex -11.0679 -44.391 2
      vertex -9.51196 -44.7503 36.5
      vertex -11.0679 -44.391 36.5
    endloop
  endfacet
  facet normal -0.225 -0.974359 -0
    outer loop
      vertex -9.51196 -44.7503 36.5
      vertex -11.0679 -44.391 2
      vertex -9.51196 -44.7503 2
    endloop
  endfacet
  facet normal -0.156429 -0.987689 0
    outer loop
      vertex -7.9444 -45.055 2
      vertex -6.36717 -45.3048 36.5
      vertex -7.9444 -45.055 36.5
    endloop
  endfacet
  facet normal -0.156429 -0.987689 -0
    outer loop
      vertex -6.36717 -45.3048 36.5
      vertex -7.9444 -45.055 2
      vertex -6.36717 -45.3048 2
    endloop
  endfacet
  facet normal -0.087169 -0.996194 0
    outer loop
      vertex -4.78218 -45.4994 2
      vertex -3.19136 -45.6386 36.5
      vertex -4.78218 -45.4994 36.5
    endloop
  endfacet
  facet normal -0.087169 -0.996194 -0
    outer loop
      vertex -3.19136 -45.6386 36.5
      vertex -4.78218 -45.4994 2
      vertex -3.19136 -45.6386 2
    endloop
  endfacet
  facet normal -0.0174714 -0.999847 0
    outer loop
      vertex -1.59665 -45.7221 2
      vertex 0 -45.75 36.5
      vertex -1.59665 -45.7221 36.5
    endloop
  endfacet
  facet normal -0.0174714 -0.999847 -0
    outer loop
      vertex 0 -45.75 36.5
      vertex -1.59665 -45.7221 2
      vertex 0 -45.75 2
    endloop
  endfacet
  facet normal -0.777128 -0.629342 0
    outer loop
      vertex -35.0465 -29.4075 2
      vertex -36.0515 -28.1665 36.5
      vertex -36.0515 -28.1665 2
    endloop
  endfacet
  facet normal -0.777128 -0.629342 0
    outer loop
      vertex -36.0515 -28.1665 36.5
      vertex -35.0465 -29.4075 2
      vertex -35.0465 -29.4075 36.5
    endloop
  endfacet
  facet normal -0.906305 -0.422625 0
    outer loop
      vertex -41.1198 -20.0555 2
      vertex -41.7947 -18.6082 36.5
      vertex -41.7947 -18.6082 2
    endloop
  endfacet
  facet normal -0.906305 -0.422625 0
    outer loop
      vertex -41.7947 -18.6082 36.5
      vertex -41.1198 -20.0555 2
      vertex -41.1198 -20.0555 36.5
    endloop
  endfacet
  facet normal -0.838685 -0.544616 0
    outer loop
      vertex -37.9285 -25.5831 2
      vertex -38.7982 -24.2438 36.5
      vertex -38.7982 -24.2438 2
    endloop
  endfacet
  facet normal -0.838685 -0.544616 0
    outer loop
      vertex -38.7982 -24.2438 36.5
      vertex -37.9285 -25.5831 2
      vertex -37.9285 -25.5831 36.5
    endloop
  endfacet
  facet normal -0.857156 -0.515057 0
    outer loop
      vertex -38.7982 -24.2438 2
      vertex -39.6207 -22.875 36.5
      vertex -39.6207 -22.875 2
    endloop
  endfacet
  facet normal -0.857156 -0.515057 0
    outer loop
      vertex -39.6207 -22.875 36.5
      vertex -38.7982 -24.2438 2
      vertex -38.7982 -24.2438 36.5
    endloop
  endfacet
  facet normal -0.798638 -0.601812 0
    outer loop
      vertex -36.0515 -28.1665 2
      vertex -37.0125 -26.8912 36.5
      vertex -37.0125 -26.8912 2
    endloop
  endfacet
  facet normal -0.798638 -0.601812 0
    outer loop
      vertex -37.0125 -26.8912 36.5
      vertex -36.0515 -28.1665 2
      vertex -36.0515 -28.1665 36.5
    endloop
  endfacet
  facet normal -0.965928 -0.258812 0
    outer loop
      vertex -43.9777 -12.6104 2
      vertex -44.391 -11.0679 36.5
      vertex -44.391 -11.0679 2
    endloop
  endfacet
  facet normal -0.965928 -0.258812 0
    outer loop
      vertex -44.391 -11.0679 36.5
      vertex -43.9777 -12.6104 2
      vertex -43.9777 -12.6104 36.5
    endloop
  endfacet
  facet normal -0.992547 -0.121862 0
    outer loop
      vertex -45.3048 -6.36717 2
      vertex -45.4994 -4.78218 36.5
      vertex -45.4994 -4.78218 2
    endloop
  endfacet
  facet normal -0.992547 -0.121862 0
    outer loop
      vertex -45.4994 -4.78218 36.5
      vertex -45.3048 -6.36717 2
      vertex -45.3048 -6.36717 36.5
    endloop
  endfacet
  facet normal -0.981628 -0.190807 0
    outer loop
      vertex -44.7503 -9.51196 2
      vertex -45.055 -7.9444 36.5
      vertex -45.055 -7.9444 2
    endloop
  endfacet
  facet normal -0.981628 -0.190807 0
    outer loop
      vertex -45.055 -7.9444 36.5
      vertex -44.7503 -9.51196 2
      vertex -44.7503 -9.51196 36.5
    endloop
  endfacet
  facet normal -0.998632 -0.052289 0
    outer loop
      vertex -45.6386 -3.19136 2
      vertex -45.7221 -1.59665 36.5
      vertex -45.7221 -1.59665 2
    endloop
  endfacet
  facet normal -0.998632 -0.052289 0
    outer loop
      vertex -45.7221 -1.59665 36.5
      vertex -45.6386 -3.19136 2
      vertex -45.6386 -3.19136 36.5
    endloop
  endfacet
  facet normal 0.292382 0.956301 -0
    outer loop
      vertex 14.1375 43.5108 2
      vertex 12.6104 43.9777 36.5
      vertex 14.1375 43.5108 36.5
    endloop
  endfacet
  facet normal 0.292382 0.956301 0
    outer loop
      vertex 12.6104 43.9777 36.5
      vertex 14.1375 43.5108 2
      vertex 12.6104 43.9777 2
    endloop
  endfacet
  facet normal 0.325568 0.945519 -0
    outer loop
      vertex 15.6474 42.9909 2
      vertex 14.1375 43.5108 36.5
      vertex 15.6474 42.9909 36.5
    endloop
  endfacet
  facet normal 0.325568 0.945519 0
    outer loop
      vertex 14.1375 43.5108 36.5
      vertex 15.6474 42.9909 2
      vertex 14.1375 43.5108 2
    endloop
  endfacet
  facet normal -0.798638 0.601812 0
    outer loop
      vertex -37.0125 26.8912 2
      vertex -36.0515 28.1665 36.5
      vertex -36.0515 28.1665 2
    endloop
  endfacet
  facet normal -0.798638 0.601812 0
    outer loop
      vertex -36.0515 28.1665 36.5
      vertex -37.0125 26.8912 2
      vertex -37.0125 26.8912 36.5
    endloop
  endfacet
  facet normal -0.838685 0.544616 0
    outer loop
      vertex -38.7982 24.2438 2
      vertex -37.9285 25.5831 36.5
      vertex -37.9285 25.5831 2
    endloop
  endfacet
  facet normal -0.838685 0.544616 0
    outer loop
      vertex -37.9285 25.5831 36.5
      vertex -38.7982 24.2438 2
      vertex -38.7982 24.2438 36.5
    endloop
  endfacet
  facet normal -0.956301 0.292382 0
    outer loop
      vertex -43.9777 12.6104 2
      vertex -43.5108 14.1375 36.5
      vertex -43.5108 14.1375 2
    endloop
  endfacet
  facet normal -0.956301 0.292382 0
    outer loop
      vertex -43.5108 14.1375 36.5
      vertex -43.9777 12.6104 2
      vertex -43.9777 12.6104 36.5
    endloop
  endfacet
  facet normal -0.945519 0.325568 0
    outer loop
      vertex -43.5108 14.1375 2
      vertex -42.9909 15.6474 36.5
      vertex -42.9909 15.6474 2
    endloop
  endfacet
  facet normal -0.945519 0.325568 0
    outer loop
      vertex -42.9909 15.6474 36.5
      vertex -43.5108 14.1375 2
      vertex -43.5108 14.1375 36.5
    endloop
  endfacet
  facet normal -0.933602 0.358312 0
    outer loop
      vertex -42.9909 15.6474 2
      vertex -42.4187 17.1383 36.5
      vertex -42.4187 17.1383 2
    endloop
  endfacet
  facet normal -0.933602 0.358312 0
    outer loop
      vertex -42.4187 17.1383 36.5
      vertex -42.9909 15.6474 2
      vertex -42.9909 15.6474 36.5
    endloop
  endfacet
  facet normal -0.453964 0.89102 0
    outer loop
      vertex -20.0555 41.1198 2
      vertex -21.4783 40.3949 36.5
      vertex -20.0555 41.1198 36.5
    endloop
  endfacet
  facet normal -0.453964 0.89102 0
    outer loop
      vertex -21.4783 40.3949 36.5
      vertex -20.0555 41.1198 2
      vertex -21.4783 40.3949 2
    endloop
  endfacet
  facet normal -0.422625 0.906305 0
    outer loop
      vertex -18.6082 41.7947 2
      vertex -20.0555 41.1198 36.5
      vertex -18.6082 41.7947 36.5
    endloop
  endfacet
  facet normal -0.422625 0.906305 0
    outer loop
      vertex -20.0555 41.1198 36.5
      vertex -18.6082 41.7947 2
      vertex -20.0555 41.1198 2
    endloop
  endfacet
  facet normal 0.087169 -0.996194 0
    outer loop
      vertex 3.19136 -45.6386 2
      vertex 4.78218 -45.4994 36.5
      vertex 3.19136 -45.6386 36.5
    endloop
  endfacet
  facet normal 0.087169 -0.996194 0
    outer loop
      vertex 4.78218 -45.4994 36.5
      vertex 3.19136 -45.6386 2
      vertex 4.78218 -45.4994 2
    endloop
  endfacet
  facet normal 0.156429 -0.987689 0
    outer loop
      vertex 6.36717 -45.3048 2
      vertex 7.9444 -45.055 36.5
      vertex 6.36717 -45.3048 36.5
    endloop
  endfacet
  facet normal 0.156429 -0.987689 0
    outer loop
      vertex 7.9444 -45.055 36.5
      vertex 6.36717 -45.3048 2
      vertex 7.9444 -45.055 2
    endloop
  endfacet
  facet normal 0.325568 -0.945519 0
    outer loop
      vertex 14.1375 -43.5108 2
      vertex 15.6474 -42.9909 36.5
      vertex 14.1375 -43.5108 36.5
    endloop
  endfacet
  facet normal 0.325568 -0.945519 0
    outer loop
      vertex 15.6474 -42.9909 36.5
      vertex 14.1375 -43.5108 2
      vertex 15.6474 -42.9909 2
    endloop
  endfacet
  facet normal 0.682004 -0.731349 0
    outer loop
      vertex 30.6127 -33.9989 2
      vertex 31.7806 -32.9098 36.5
      vertex 30.6127 -33.9989 36.5
    endloop
  endfacet
  facet normal 0.682004 -0.731349 0
    outer loop
      vertex 31.7806 -32.9098 36.5
      vertex 30.6127 -33.9989 2
      vertex 31.7806 -32.9098 2
    endloop
  endfacet
  facet normal 0.75473 -0.656036 0
    outer loop
      vertex 33.9989 -30.6127 36.5
      vertex 35.0465 -29.4075 2
      vertex 35.0465 -29.4075 36.5
    endloop
  endfacet
  facet normal 0.75473 -0.656036 0
    outer loop
      vertex 35.0465 -29.4075 2
      vertex 33.9989 -30.6127 36.5
      vertex 33.9989 -30.6127 2
    endloop
  endfacet
  facet normal 0.906305 -0.422625 0
    outer loop
      vertex 41.1198 -20.0555 36.5
      vertex 41.7947 -18.6082 2
      vertex 41.7947 -18.6082 36.5
    endloop
  endfacet
  facet normal 0.906305 -0.422625 0
    outer loop
      vertex 41.7947 -18.6082 2
      vertex 41.1198 -20.0555 36.5
      vertex 41.1198 -20.0555 2
    endloop
  endfacet
  facet normal 0.857156 -0.515057 0
    outer loop
      vertex 38.7982 -24.2438 36.5
      vertex 39.6207 -22.875 2
      vertex 39.6207 -22.875 36.5
    endloop
  endfacet
  facet normal 0.857156 -0.515057 0
    outer loop
      vertex 39.6207 -22.875 2
      vertex 38.7982 -24.2438 36.5
      vertex 38.7982 -24.2438 2
    endloop
  endfacet
  facet normal 0.956301 -0.292382 0
    outer loop
      vertex 43.5108 -14.1375 36.5
      vertex 43.9777 -12.6104 2
      vertex 43.9777 -12.6104 36.5
    endloop
  endfacet
  facet normal 0.956301 -0.292382 0
    outer loop
      vertex 43.9777 -12.6104 2
      vertex 43.5108 -14.1375 36.5
      vertex 43.5108 -14.1375 2
    endloop
  endfacet
  facet normal 0.981628 -0.190807 0
    outer loop
      vertex 44.7503 -9.51196 36.5
      vertex 45.055 -7.9444 2
      vertex 45.055 -7.9444 36.5
    endloop
  endfacet
  facet normal 0.981628 -0.190807 0
    outer loop
      vertex 45.055 -7.9444 2
      vertex 44.7503 -9.51196 36.5
      vertex 44.7503 -9.51196 2
    endloop
  endfacet
  facet normal 0.998632 -0.052289 0
    outer loop
      vertex 45.6386 -3.19136 36.5
      vertex 45.7221 -1.59665 2
      vertex 45.7221 -1.59665 36.5
    endloop
  endfacet
  facet normal 0.998632 -0.052289 0
    outer loop
      vertex 45.7221 -1.59665 2
      vertex 45.6386 -3.19136 36.5
      vertex 45.6386 -3.19136 2
    endloop
  endfacet
  facet normal 0.992547 -0.121862 0
    outer loop
      vertex 45.3048 -6.36717 36.5
      vertex 45.4994 -4.78218 2
      vertex 45.4994 -4.78218 36.5
    endloop
  endfacet
  facet normal 0.992547 -0.121862 0
    outer loop
      vertex 45.4994 -4.78218 2
      vertex 45.3048 -6.36717 36.5
      vertex 45.3048 -6.36717 2
    endloop
  endfacet
  facet normal -0.656036 -0.75473 0
    outer loop
      vertex -30.6127 -33.9989 2
      vertex -29.4075 -35.0465 36.5
      vertex -30.6127 -33.9989 36.5
    endloop
  endfacet
  facet normal -0.656036 -0.75473 -0
    outer loop
      vertex -29.4075 -35.0465 36.5
      vertex -30.6127 -33.9989 2
      vertex -29.4075 -35.0465 2
    endloop
  endfacet
  facet normal -0.601812 -0.798638 0
    outer loop
      vertex -28.1665 -36.0515 2
      vertex -26.8912 -37.0125 36.5
      vertex -28.1665 -36.0515 36.5
    endloop
  endfacet
  facet normal -0.601812 -0.798638 -0
    outer loop
      vertex -26.8912 -37.0125 36.5
      vertex -28.1665 -36.0515 2
      vertex -26.8912 -37.0125 2
    endloop
  endfacet
  facet normal -0.422625 -0.906305 0
    outer loop
      vertex -20.0555 -41.1198 2
      vertex -18.6082 -41.7947 36.5
      vertex -20.0555 -41.1198 36.5
    endloop
  endfacet
  facet normal -0.422625 -0.906305 -0
    outer loop
      vertex -18.6082 -41.7947 36.5
      vertex -20.0555 -41.1198 2
      vertex -18.6082 -41.7947 2
    endloop
  endfacet
  facet normal -0.515057 -0.857156 0
    outer loop
      vertex -24.2438 -38.7982 2
      vertex -22.875 -39.6207 36.5
      vertex -24.2438 -38.7982 36.5
    endloop
  endfacet
  facet normal -0.515057 -0.857156 -0
    outer loop
      vertex -22.875 -39.6207 36.5
      vertex -24.2438 -38.7982 2
      vertex -22.875 -39.6207 2
    endloop
  endfacet
  facet normal -0.121862 -0.992547 0
    outer loop
      vertex -6.36717 -45.3048 2
      vertex -4.78218 -45.4994 36.5
      vertex -6.36717 -45.3048 36.5
    endloop
  endfacet
  facet normal -0.121862 -0.992547 -0
    outer loop
      vertex -4.78218 -45.4994 36.5
      vertex -6.36717 -45.3048 2
      vertex -4.78218 -45.4994 2
    endloop
  endfacet
  facet normal -0.052289 -0.998632 0
    outer loop
      vertex -3.19136 -45.6386 2
      vertex -1.59665 -45.7221 36.5
      vertex -3.19136 -45.6386 36.5
    endloop
  endfacet
  facet normal -0.052289 -0.998632 -0
    outer loop
      vertex -1.59665 -45.7221 36.5
      vertex -3.19136 -45.6386 2
      vertex -1.59665 -45.7221 2
    endloop
  endfacet
  facet normal -0.75473 -0.656036 0
    outer loop
      vertex -33.9989 -30.6127 2
      vertex -35.0465 -29.4075 36.5
      vertex -35.0465 -29.4075 2
    endloop
  endfacet
  facet normal -0.75473 -0.656036 0
    outer loop
      vertex -35.0465 -29.4075 36.5
      vertex -33.9989 -30.6127 2
      vertex -33.9989 -30.6127 36.5
    endloop
  endfacet
  facet normal -0.945519 -0.325568 0
    outer loop
      vertex -42.9909 -15.6474 2
      vertex -43.5108 -14.1375 36.5
      vertex -43.5108 -14.1375 2
    endloop
  endfacet
  facet normal -0.945519 -0.325568 0
    outer loop
      vertex -43.5108 -14.1375 36.5
      vertex -42.9909 -15.6474 2
      vertex -42.9909 -15.6474 36.5
    endloop
  endfacet
  facet normal -0.956301 -0.292382 0
    outer loop
      vertex -43.5108 -14.1375 2
      vertex -43.9777 -12.6104 36.5
      vertex -43.9777 -12.6104 2
    endloop
  endfacet
  facet normal -0.956301 -0.292382 0
    outer loop
      vertex -43.9777 -12.6104 36.5
      vertex -43.5108 -14.1375 2
      vertex -43.5108 -14.1375 36.5
    endloop
  endfacet
  facet normal -0.987689 -0.156429 0
    outer loop
      vertex -45.055 -7.9444 2
      vertex -45.3048 -6.36717 36.5
      vertex -45.3048 -6.36717 2
    endloop
  endfacet
  facet normal -0.987689 -0.156429 0
    outer loop
      vertex -45.3048 -6.36717 36.5
      vertex -45.055 -7.9444 2
      vertex -45.055 -7.9444 36.5
    endloop
  endfacet
  facet normal -0.707107 0.707107 0
    outer loop
      vertex -32.9098 31.7806 2
      vertex -31.7806 32.9098 36.5
      vertex -31.7806 32.9098 2
    endloop
  endfacet
  facet normal -0.707107 0.707107 0
    outer loop
      vertex -31.7806 32.9098 36.5
      vertex -32.9098 31.7806 2
      vertex -32.9098 31.7806 36.5
    endloop
  endfacet
  facet normal -0.777128 0.629342 0
    outer loop
      vertex -36.0515 28.1665 2
      vertex -35.0465 29.4075 36.5
      vertex -35.0465 29.4075 2
    endloop
  endfacet
  facet normal -0.777128 0.629342 0
    outer loop
      vertex -35.0465 29.4075 36.5
      vertex -36.0515 28.1665 2
      vertex -36.0515 28.1665 36.5
    endloop
  endfacet
  facet normal 0.999847 -0.0174714 0
    outer loop
      vertex 45.7221 -1.59665 36.5
      vertex 45.75 0 2
      vertex 45.75 0 36.5
    endloop
  endfacet
  facet normal 0.999847 -0.0174714 0
    outer loop
      vertex 45.75 0 2
      vertex 45.7221 -1.59665 36.5
      vertex 45.7221 -1.59665 2
    endloop
  endfacet
  facet normal -0.75473 0.656036 0
    outer loop
      vertex -35.0465 29.4075 2
      vertex -33.9989 30.6127 36.5
      vertex -33.9989 30.6127 2
    endloop
  endfacet
  facet normal -0.75473 0.656036 0
    outer loop
      vertex -33.9989 30.6127 36.5
      vertex -35.0465 29.4075 2
      vertex -35.0465 29.4075 36.5
    endloop
  endfacet
  facet normal 0.999847 0.0174834 0
    outer loop
      vertex 19.5 0 37.1
      vertex 19.4881 0.68054 36.5
      vertex 19.4881 0.68054 37.1
    endloop
  endfacet
  facet normal 0.999847 0.0174834 0
    outer loop
      vertex 19.4881 0.68054 36.5
      vertex 19.5 0 37.1
      vertex 19.5 0 36.5
    endloop
  endfacet
  facet normal -0.999847 0.0174834 0
    outer loop
      vertex -19.5 0 36.5
      vertex -19.4881 0.68054 37.1
      vertex -19.4881 0.68054 36.5
    endloop
  endfacet
  facet normal -0.999847 0.0174834 0
    outer loop
      vertex -19.4881 0.68054 37.1
      vertex -19.5 0 36.5
      vertex -19.5 0 37.1
    endloop
  endfacet
  facet normal 0.0174834 0.999847 -0
    outer loop
      vertex 0.68054 19.4881 36.5
      vertex 0 19.5 37.1
      vertex 0.68054 19.4881 37.1
    endloop
  endfacet
  facet normal 0.0174834 0.999847 0
    outer loop
      vertex 0 19.5 37.1
      vertex 0.68054 19.4881 36.5
      vertex 0 19.5 36.5
    endloop
  endfacet
  facet normal -0.0174834 -0.999847 0
    outer loop
      vertex -0.68054 -19.4881 36.5
      vertex 0 -19.5 37.1
      vertex -0.68054 -19.4881 37.1
    endloop
  endfacet
  facet normal -0.0174834 -0.999847 -0
    outer loop
      vertex 0 -19.5 37.1
      vertex -0.68054 -19.4881 36.5
      vertex 0 -19.5 36.5
    endloop
  endfacet
  facet normal 0.707107 0.707107 0
    outer loop
      vertex 14.0271 13.5458 37.1
      vertex 13.5458 14.0271 36.5
      vertex 13.5458 14.0271 37.1
    endloop
  endfacet
  facet normal 0.707107 0.707107 0
    outer loop
      vertex 13.5458 14.0271 36.5
      vertex 14.0271 13.5458 37.1
      vertex 14.0271 13.5458 36.5
    endloop
  endfacet
  facet normal -0.681994 0.731358 0
    outer loop
      vertex -13.048 14.4913 36.5
      vertex -13.5458 14.0271 37.1
      vertex -13.048 14.4913 37.1
    endloop
  endfacet
  facet normal -0.681994 0.731358 0
    outer loop
      vertex -13.5458 14.0271 37.1
      vertex -13.048 14.4913 36.5
      vertex -13.5458 14.0271 36.5
    endloop
  endfacet
  facet normal 0.920476 0.390798 0
    outer loop
      vertex 18.0801 7.30483 37.1
      vertex 17.8141 7.93136 36.5
      vertex 17.8141 7.93136 37.1
    endloop
  endfacet
  facet normal 0.920476 0.390798 0
    outer loop
      vertex 17.8141 7.93136 36.5
      vertex 18.0801 7.30483 37.1
      vertex 18.0801 7.30483 36.5
    endloop
  endfacet
  facet normal 0.422551 0.906339 -0
    outer loop
      vertex 8.54824 17.5265 36.5
      vertex 7.93136 17.8141 37.1
      vertex 8.54824 17.5265 37.1
    endloop
  endfacet
  facet normal 0.422551 0.906339 0
    outer loop
      vertex 7.93136 17.8141 37.1
      vertex 8.54824 17.5265 36.5
      vertex 7.93136 17.8141 36.5
    endloop
  endfacet
  facet normal -0.838702 0.544591 0
    outer loop
      vertex -16.5369 10.3334 36.5
      vertex -16.1662 10.9043 37.1
      vertex -16.1662 10.9043 36.5
    endloop
  endfacet
  facet normal -0.838702 0.544591 0
    outer loop
      vertex -16.1662 10.9043 37.1
      vertex -16.5369 10.3334 36.5
      vertex -16.5369 10.3334 37.1
    endloop
  endfacet
  facet normal -0.629253 0.7772 0
    outer loop
      vertex -12.0054 15.3662 36.5
      vertex -12.5344 14.9379 37.1
      vertex -12.0054 15.3662 37.1
    endloop
  endfacet
  facet normal -0.629253 0.7772 0
    outer loop
      vertex -12.5344 14.9379 37.1
      vertex -12.0054 15.3662 36.5
      vertex -12.5344 14.9379 36.5
    endloop
  endfacet
  facet normal -0.0871241 0.996197 0
    outer loop
      vertex -1.36025 19.4525 36.5
      vertex -2.0383 19.3932 37.1
      vertex -1.36025 19.4525 37.1
    endloop
  endfacet
  facet normal -0.0871241 0.996197 0
    outer loop
      vertex -2.0383 19.3932 37.1
      vertex -1.36025 19.4525 36.5
      vertex -2.0383 19.3932 36.5
    endloop
  endfacet
  facet normal 0.85713 -0.515101 0
    outer loop
      vertex 16.5369 -10.3334 37.1
      vertex 16.8875 -9.75 36.5
      vertex 16.8875 -9.75 37.1
    endloop
  endfacet
  facet normal 0.85713 -0.515101 0
    outer loop
      vertex 16.8875 -9.75 36.5
      vertex 16.5369 -10.3334 37.1
      vertex 16.5369 -10.3334 36.5
    endloop
  endfacet
  facet normal 0.190847 -0.98162 0
    outer loop
      vertex 3.38614 -19.2038 36.5
      vertex 4.05428 -19.0739 37.1
      vertex 3.38614 -19.2038 37.1
    endloop
  endfacet
  facet normal 0.190847 -0.98162 0
    outer loop
      vertex 4.05428 -19.0739 37.1
      vertex 3.38614 -19.2038 36.5
      vertex 4.05428 -19.0739 36.5
    endloop
  endfacet
  facet normal -0.358339 -0.933592 0
    outer loop
      vertex -7.30483 -18.0801 36.5
      vertex -6.66939 -18.324 37.1
      vertex -7.30483 -18.0801 37.1
    endloop
  endfacet
  facet normal -0.358339 -0.933592 -0
    outer loop
      vertex -6.66939 -18.324 37.1
      vertex -7.30483 -18.0801 36.5
      vertex -6.66939 -18.324 36.5
    endloop
  endfacet
  facet normal -0.754612 -0.656171 0
    outer loop
      vertex -14.4913 -13.048 36.5
      vertex -14.9379 -12.5344 37.1
      vertex -14.9379 -12.5344 36.5
    endloop
  endfacet
  facet normal -0.754612 -0.656171 0
    outer loop
      vertex -14.9379 -12.5344 37.1
      vertex -14.4913 -13.048 36.5
      vertex -14.4913 -13.048 37.1
    endloop
  endfacet
  facet normal 0.965912 0.258869 0
    outer loop
      vertex 18.9208 4.71748 37.1
      vertex 18.7446 5.37493 36.5
      vertex 18.7446 5.37493 37.1
    endloop
  endfacet
  facet normal 0.965912 0.258869 0
    outer loop
      vertex 18.7446 5.37493 36.5
      vertex 18.9208 4.71748 37.1
      vertex 18.9208 4.71748 36.5
    endloop
  endfacet
  facet normal 0.874611 0.484826 0
    outer loop
      vertex 17.2175 9.15469 37.1
      vertex 16.8875 9.75 36.5
      vertex 16.8875 9.75 37.1
    endloop
  endfacet
  facet normal 0.874611 0.484826 0
    outer loop
      vertex 16.8875 9.75 36.5
      vertex 17.2175 9.15469 37.1
      vertex 17.2175 9.15469 36.5
    endloop
  endfacet
  facet normal 0.7772 0.629253 0
    outer loop
      vertex 15.3662 12.0054 37.1
      vertex 14.9379 12.5344 36.5
      vertex 14.9379 12.5344 37.1
    endloop
  endfacet
  facet normal 0.7772 0.629253 0
    outer loop
      vertex 14.9379 12.5344 36.5
      vertex 15.3662 12.0054 37.1
      vertex 15.3662 12.0054 36.5
    endloop
  endfacet
  facet normal 0.629253 0.7772 -0
    outer loop
      vertex 12.5344 14.9379 36.5
      vertex 12.0054 15.3662 37.1
      vertex 12.5344 14.9379 37.1
    endloop
  endfacet
  facet normal 0.629253 0.7772 0
    outer loop
      vertex 12.0054 15.3662 37.1
      vertex 12.5344 14.9379 36.5
      vertex 12.0054 15.3662 36.5
    endloop
  endfacet
  facet normal 0.453989 0.891008 -0
    outer loop
      vertex 9.15469 17.2175 36.5
      vertex 8.54824 17.5265 37.1
      vertex 9.15469 17.2175 37.1
    endloop
  endfacet
  facet normal 0.453989 0.891008 0
    outer loop
      vertex 8.54824 17.5265 37.1
      vertex 9.15469 17.2175 36.5
      vertex 8.54824 17.5265 36.5
    endloop
  endfacet
  facet normal -0.515101 0.85713 0
    outer loop
      vertex -9.75 16.8875 36.5
      vertex -10.3334 16.5369 37.1
      vertex -9.75 16.8875 37.1
    endloop
  endfacet
  facet normal -0.515101 0.85713 0
    outer loop
      vertex -10.3334 16.5369 37.1
      vertex -9.75 16.8875 36.5
      vertex -10.3334 16.5369 36.5
    endloop
  endfacet
  facet normal -0.601785 0.798658 0
    outer loop
      vertex -11.4618 15.7758 36.5
      vertex -12.0054 15.3662 37.1
      vertex -11.4618 15.7758 37.1
    endloop
  endfacet
  facet normal -0.601785 0.798658 0
    outer loop
      vertex -12.0054 15.3662 37.1
      vertex -11.4618 15.7758 36.5
      vertex -12.0054 15.3662 36.5
    endloop
  endfacet
  facet normal -0.0523036 0.998631 0
    outer loop
      vertex -0.68054 19.4881 36.5
      vertex -1.36025 19.4525 37.1
      vertex -0.68054 19.4881 37.1
    endloop
  endfacet
  facet normal -0.0523036 0.998631 0
    outer loop
      vertex -1.36025 19.4525 37.1
      vertex -0.68054 19.4881 36.5
      vertex -1.36025 19.4525 36.5
    endloop
  endfacet
  facet normal -0.0871241 -0.996197 0
    outer loop
      vertex -2.0383 -19.3932 36.5
      vertex -1.36025 -19.4525 37.1
      vertex -2.0383 -19.3932 37.1
    endloop
  endfacet
  facet normal -0.0871241 -0.996197 -0
    outer loop
      vertex -1.36025 -19.4525 37.1
      vertex -2.0383 -19.3932 36.5
      vertex -1.36025 -19.4525 36.5
    endloop
  endfacet
  facet normal -0.920476 -0.390798 0
    outer loop
      vertex -17.8141 -7.93136 36.5
      vertex -18.0801 -7.30483 37.1
      vertex -18.0801 -7.30483 36.5
    endloop
  endfacet
  facet normal -0.920476 -0.390798 0
    outer loop
      vertex -18.0801 -7.30483 37.1
      vertex -17.8141 -7.93136 36.5
      vertex -17.8141 -7.93136 37.1
    endloop
  endfacet
  facet normal 0.992537 0.121942 0
    outer loop
      vertex 19.3932 2.0383 37.1
      vertex 19.3102 2.71387 36.5
      vertex 19.3102 2.71387 37.1
    endloop
  endfacet
  facet normal 0.992537 0.121942 0
    outer loop
      vertex 19.3102 2.71387 36.5
      vertex 19.3932 2.0383 37.1
      vertex 19.3932 2.0383 36.5
    endloop
  endfacet
  facet normal 0.998631 0.0523036 0
    outer loop
      vertex 19.4881 0.68054 37.1
      vertex 19.4525 1.36025 36.5
      vertex 19.4525 1.36025 37.1
    endloop
  endfacet
  facet normal 0.998631 0.0523036 0
    outer loop
      vertex 19.4525 1.36025 36.5
      vertex 19.4881 0.68054 37.1
      vertex 19.4881 0.68054 36.5
    endloop
  endfacet
  facet normal 0.987706 0.156324 0
    outer loop
      vertex 19.3102 2.71387 37.1
      vertex 19.2038 3.38614 36.5
      vertex 19.2038 3.38614 37.1
    endloop
  endfacet
  facet normal 0.987706 0.156324 0
    outer loop
      vertex 19.2038 3.38614 36.5
      vertex 19.3102 2.71387 37.1
      vertex 19.3102 2.71387 36.5
    endloop
  endfacet
  facet normal 0.933592 0.358339 0
    outer loop
      vertex 18.324 6.66939 37.1
      vertex 18.0801 7.30483 36.5
      vertex 18.0801 7.30483 37.1
    endloop
  endfacet
  facet normal 0.933592 0.358339 0
    outer loop
      vertex 18.0801 7.30483 36.5
      vertex 18.324 6.66939 37.1
      vertex 18.324 6.66939 36.5
    endloop
  endfacet
  facet normal 0.945517 0.325574 0
    outer loop
      vertex 18.5456 6.02583 37.1
      vertex 18.324 6.66939 36.5
      vertex 18.324 6.66939 37.1
    endloop
  endfacet
  facet normal 0.945517 0.325574 0
    outer loop
      vertex 18.324 6.66939 36.5
      vertex 18.5456 6.02583 37.1
      vertex 18.5456 6.02583 36.5
    endloop
  endfacet
  facet normal 0.731358 0.681994 0
    outer loop
      vertex 14.4913 13.048 37.1
      vertex 14.0271 13.5458 36.5
      vertex 14.0271 13.5458 37.1
    endloop
  endfacet
  facet normal 0.731358 0.681994 0
    outer loop
      vertex 14.0271 13.5458 36.5
      vertex 14.4913 13.048 37.1
      vertex 14.4913 13.048 36.5
    endloop
  endfacet
  facet normal 0.798658 0.601785 0
    outer loop
      vertex 15.7758 11.4618 37.1
      vertex 15.3662 12.0054 36.5
      vertex 15.3662 12.0054 37.1
    endloop
  endfacet
  facet normal 0.798658 0.601785 0
    outer loop
      vertex 15.3662 12.0054 36.5
      vertex 15.7758 11.4618 37.1
      vertex 15.7758 11.4618 36.5
    endloop
  endfacet
  facet normal 0.85713 0.515101 0
    outer loop
      vertex 16.8875 9.75 37.1
      vertex 16.5369 10.3334 36.5
      vertex 16.5369 10.3334 37.1
    endloop
  endfacet
  facet normal 0.85713 0.515101 0
    outer loop
      vertex 16.5369 10.3334 36.5
      vertex 16.8875 9.75 37.1
      vertex 16.8875 9.75 36.5
    endloop
  endfacet
  facet normal 0.906339 0.422551 0
    outer loop
      vertex 17.8141 7.93136 37.1
      vertex 17.5265 8.54824 36.5
      vertex 17.5265 8.54824 37.1
    endloop
  endfacet
  facet normal 0.906339 0.422551 0
    outer loop
      vertex 17.5265 8.54824 36.5
      vertex 17.8141 7.93136 37.1
      vertex 17.8141 7.93136 36.5
    endloop
  endfacet
  facet normal 0.0871241 0.996197 -0
    outer loop
      vertex 2.0383 19.3932 36.5
      vertex 1.36025 19.4525 37.1
      vertex 2.0383 19.3932 37.1
    endloop
  endfacet
  facet normal 0.0871241 0.996197 0
    outer loop
      vertex 1.36025 19.4525 37.1
      vertex 2.0383 19.3932 36.5
      vertex 1.36025 19.4525 36.5
    endloop
  endfacet
  facet normal 0.358339 0.933592 -0
    outer loop
      vertex 7.30483 18.0801 36.5
      vertex 6.66939 18.324 37.1
      vertex 7.30483 18.0801 37.1
    endloop
  endfacet
  facet normal 0.358339 0.933592 0
    outer loop
      vertex 6.66939 18.324 37.1
      vertex 7.30483 18.0801 36.5
      vertex 6.66939 18.324 36.5
    endloop
  endfacet
  facet normal 0.292372 0.956305 -0
    outer loop
      vertex 6.02583 18.5456 36.5
      vertex 5.37493 18.7446 37.1
      vertex 6.02583 18.5456 37.1
    endloop
  endfacet
  facet normal 0.292372 0.956305 0
    outer loop
      vertex 5.37493 18.7446 37.1
      vertex 6.02583 18.5456 36.5
      vertex 5.37493 18.7446 36.5
    endloop
  endfacet
  facet normal 0.258869 0.965912 -0
    outer loop
      vertex 5.37493 18.7446 36.5
      vertex 4.71748 18.9208 37.1
      vertex 5.37493 18.7446 37.1
    endloop
  endfacet
  facet normal 0.258869 0.965912 0
    outer loop
      vertex 4.71748 18.9208 37.1
      vertex 5.37493 18.7446 36.5
      vertex 4.71748 18.9208 36.5
    endloop
  endfacet
  facet normal 0.156324 0.987706 -0
    outer loop
      vertex 3.38614 19.2038 36.5
      vertex 2.71387 19.3102 37.1
      vertex 3.38614 19.2038 37.1
    endloop
  endfacet
  facet normal 0.156324 0.987706 0
    outer loop
      vertex 2.71387 19.3102 37.1
      vertex 3.38614 19.2038 36.5
      vertex 2.71387 19.3102 36.5
    endloop
  endfacet
  facet normal 0.0523036 0.998631 -0
    outer loop
      vertex 1.36025 19.4525 36.5
      vertex 0.68054 19.4881 37.1
      vertex 1.36025 19.4525 37.1
    endloop
  endfacet
  facet normal 0.0523036 0.998631 0
    outer loop
      vertex 0.68054 19.4881 37.1
      vertex 1.36025 19.4525 36.5
      vertex 0.68054 19.4881 36.5
    endloop
  endfacet
  facet normal 0.390798 0.920476 -0
    outer loop
      vertex 7.93136 17.8141 36.5
      vertex 7.30483 18.0801 37.1
      vertex 7.93136 17.8141 37.1
    endloop
  endfacet
  facet normal 0.390798 0.920476 0
    outer loop
      vertex 7.30483 18.0801 37.1
      vertex 7.93136 17.8141 36.5
      vertex 7.30483 18.0801 36.5
    endloop
  endfacet
  facet normal 0.515101 0.85713 -0
    outer loop
      vertex 10.3334 16.5369 36.5
      vertex 9.75 16.8875 37.1
      vertex 10.3334 16.5369 37.1
    endloop
  endfacet
  facet normal 0.515101 0.85713 0
    outer loop
      vertex 9.75 16.8875 37.1
      vertex 10.3334 16.5369 36.5
      vertex 9.75 16.8875 36.5
    endloop
  endfacet
  facet normal 0.601785 0.798658 -0
    outer loop
      vertex 12.0054 15.3662 36.5
      vertex 11.4618 15.7758 37.1
      vertex 12.0054 15.3662 37.1
    endloop
  endfacet
  facet normal 0.601785 0.798658 0
    outer loop
      vertex 11.4618 15.7758 37.1
      vertex 12.0054 15.3662 36.5
      vertex 11.4618 15.7758 36.5
    endloop
  endfacet
  facet normal -0.996197 0.0871241 0
    outer loop
      vertex -19.4525 1.36025 36.5
      vertex -19.3932 2.0383 37.1
      vertex -19.3932 2.0383 36.5
    endloop
  endfacet
  facet normal -0.996197 0.0871241 0
    outer loop
      vertex -19.3932 2.0383 37.1
      vertex -19.4525 1.36025 36.5
      vertex -19.4525 1.36025 37.1
    endloop
  endfacet
  facet normal -0.707107 0.707107 0
    outer loop
      vertex -14.0271 13.5458 36.5
      vertex -13.5458 14.0271 37.1
      vertex -13.5458 14.0271 36.5
    endloop
  endfacet
  facet normal -0.707107 0.707107 0
    outer loop
      vertex -13.5458 14.0271 37.1
      vertex -14.0271 13.5458 36.5
      vertex -14.0271 13.5458 37.1
    endloop
  endfacet
  facet normal -0.798658 0.601785 0
    outer loop
      vertex -15.7758 11.4618 36.5
      vertex -15.3662 12.0054 37.1
      vertex -15.3662 12.0054 36.5
    endloop
  endfacet
  facet normal -0.798658 0.601785 0
    outer loop
      vertex -15.3662 12.0054 37.1
      vertex -15.7758 11.4618 36.5
      vertex -15.7758 11.4618 37.1
    endloop
  endfacet
  facet normal -0.874611 0.484826 0
    outer loop
      vertex -17.2175 9.15469 36.5
      vertex -16.8875 9.75 37.1
      vertex -16.8875 9.75 36.5
    endloop
  endfacet
  facet normal -0.874611 0.484826 0
    outer loop
      vertex -16.8875 9.75 37.1
      vertex -17.2175 9.15469 36.5
      vertex -17.2175 9.15469 37.1
    endloop
  endfacet
  facet normal -0.891008 0.453989 0
    outer loop
      vertex -17.5265 8.54824 36.5
      vertex -17.2175 9.15469 37.1
      vertex -17.2175 9.15469 36.5
    endloop
  endfacet
  facet normal -0.891008 0.453989 0
    outer loop
      vertex -17.2175 9.15469 37.1
      vertex -17.5265 8.54824 36.5
      vertex -17.5265 8.54824 37.1
    endloop
  endfacet
  facet normal -0.933592 0.358339 0
    outer loop
      vertex -18.324 6.66939 36.5
      vertex -18.0801 7.30483 37.1
      vertex -18.0801 7.30483 36.5
    endloop
  endfacet
  facet normal -0.933592 0.358339 0
    outer loop
      vertex -18.0801 7.30483 37.1
      vertex -18.324 6.66939 36.5
      vertex -18.324 6.66939 37.1
    endloop
  endfacet
  facet normal -0.956305 0.292372 0
    outer loop
      vertex -18.7446 5.37493 36.5
      vertex -18.5456 6.02583 37.1
      vertex -18.5456 6.02583 36.5
    endloop
  endfacet
  facet normal -0.956305 0.292372 0
    outer loop
      vertex -18.5456 6.02583 37.1
      vertex -18.7446 5.37493 36.5
      vertex -18.7446 5.37493 37.1
    endloop
  endfacet
  facet normal -0.965912 0.258869 0
    outer loop
      vertex -18.9208 4.71748 36.5
      vertex -18.7446 5.37493 37.1
      vertex -18.7446 5.37493 36.5
    endloop
  endfacet
  facet normal -0.965912 0.258869 0
    outer loop
      vertex -18.7446 5.37493 37.1
      vertex -18.9208 4.71748 36.5
      vertex -18.9208 4.71748 37.1
    endloop
  endfacet
  facet normal -0.987706 0.156324 0
    outer loop
      vertex -19.3102 2.71387 36.5
      vertex -19.2038 3.38614 37.1
      vertex -19.2038 3.38614 36.5
    endloop
  endfacet
  facet normal -0.987706 0.156324 0
    outer loop
      vertex -19.2038 3.38614 37.1
      vertex -19.3102 2.71387 36.5
      vertex -19.3102 2.71387 37.1
    endloop
  endfacet
  facet normal -0.998631 0.0523036 0
    outer loop
      vertex -19.4881 0.68054 36.5
      vertex -19.4525 1.36025 37.1
      vertex -19.4525 1.36025 36.5
    endloop
  endfacet
  facet normal -0.998631 0.0523036 0
    outer loop
      vertex -19.4525 1.36025 37.1
      vertex -19.4881 0.68054 36.5
      vertex -19.4881 0.68054 37.1
    endloop
  endfacet
  facet normal 0 0 1
    outer loop
      vertex 14 0 37.1
      vertex 19.5 0 37.1
      vertex 19.4881 0.68054 37.1
    endloop
  endfacet
  facet normal 0 0 1
    outer loop
      vertex 13.9915 0.488592 37.1
      vertex 19.4881 0.68054 37.1
      vertex 19.4525 1.36025 37.1
    endloop
  endfacet
  facet normal 0 0 1
    outer loop
      vertex 19.5 0 37.1
      vertex 14 0 37.1
      vertex 19.4881 -0.68054 37.1
    endloop
  endfacet
  facet normal 0 0 1
    outer loop
      vertex 13.9659 0.97659 37.1
      vertex 19.4525 1.36025 37.1
      vertex 19.3932 2.0383 37.1
    endloop
  endfacet
  facet normal -0 0 1
    outer loop
      vertex 13.9915 -0.488592 37.1
      vertex 19.4881 -0.68054 37.1
      vertex 14 0 37.1
    endloop
  endfacet
  facet normal 0 0 1
    outer loop
      vertex 13.9233 1.4634 37.1
      vertex 19.3932 2.0383 37.1
      vertex 19.3102 2.71387 37.1
    endloop
  endfacet
  facet normal 0 0 1
    outer loop
      vertex 19.4881 -0.68054 37.1
      vertex 13.9915 -0.488592 37.1
      vertex 19.4525 -1.36025 37.1
    endloop
  endfacet
  facet normal 0 0 1
    outer loop
      vertex 13.8638 1.94842 37.1
      vertex 19.3102 2.71387 37.1
      vertex 19.2038 3.38614 37.1
    endloop
  endfacet
  facet normal -0 0 1
    outer loop
      vertex 13.9659 -0.97659 37.1
      vertex 19.4525 -1.36025 37.1
      vertex 13.9915 -0.488592 37.1
    endloop
  endfacet
  facet normal 0 0 1
    outer loop
      vertex 13.7873 2.43107 37.1
      vertex 19.2038 3.38614 37.1
      vertex 19.0739 4.05428 37.1
    endloop
  endfacet
  facet normal 0 0 1
    outer loop
      vertex 19.4525 -1.36025 37.1
      vertex 13.9659 -0.97659 37.1
      vertex 19.3932 -2.0383 37.1
    endloop
  endfacet
  facet normal 0 0 1
    outer loop
      vertex 13.6941 2.91076 37.1
      vertex 19.0739 4.05428 37.1
      vertex 18.9208 4.71748 37.1
    endloop
  endfacet
  facet normal -0 0 1
    outer loop
      vertex 13.9233 -1.4634 37.1
      vertex 19.3932 -2.0383 37.1
      vertex 13.9659 -0.97659 37.1
    endloop
  endfacet
  facet normal 0 0 1
    outer loop
      vertex 13.5841 3.38691 37.1
      vertex 18.9208 4.71748 37.1
      vertex 18.7446 5.37493 37.1
    endloop
  endfacet
  facet normal 0 0 1
    outer loop
      vertex 19.3932 -2.0383 37.1
      vertex 13.9233 -1.4634 37.1
      vertex 19.3102 -2.71387 37.1
    endloop
  endfacet
  facet normal 0 0 1
    outer loop
      vertex 13.4577 3.85892 37.1
      vertex 18.7446 5.37493 37.1
      vertex 18.5456 6.02583 37.1
    endloop
  endfacet
  facet normal -0 0 1
    outer loop
      vertex 13.8638 -1.94842 37.1
      vertex 19.3102 -2.71387 37.1
      vertex 13.9233 -1.4634 37.1
    endloop
  endfacet
  facet normal 0 0 1
    outer loop
      vertex 13.3148 4.32624 37.1
      vertex 18.5456 6.02583 37.1
      vertex 18.324 6.66939 37.1
    endloop
  endfacet
  facet normal 0 0 1
    outer loop
      vertex 19.3102 -2.71387 37.1
      vertex 13.8638 -1.94842 37.1
      vertex 19.2038 -3.38614 37.1
    endloop
  endfacet
  facet normal 0 0 1
    outer loop
      vertex 13.1557 4.78828 37.1
      vertex 18.324 6.66939 37.1
      vertex 18.0801 7.30483 37.1
    endloop
  endfacet
  facet normal -0 0 1
    outer loop
      vertex 13.7873 -2.43107 37.1
      vertex 19.2038 -3.38614 37.1
      vertex 13.8638 -1.94842 37.1
    endloop
  endfacet
  facet normal 0 0 1
    outer loop
      vertex 12.9806 5.24449 37.1
      vertex 18.0801 7.30483 37.1
      vertex 17.8141 7.93136 37.1
    endloop
  endfacet
  facet normal 0 0 1
    outer loop
      vertex 19.2038 -3.38614 37.1
      vertex 13.7873 -2.43107 37.1
      vertex 19.0739 -4.05428 37.1
    endloop
  endfacet
  facet normal 0 0 1
    outer loop
      vertex 12.7896 5.69431 37.1
      vertex 17.8141 7.93136 37.1
      vertex 17.5265 8.54824 37.1
    endloop
  endfacet
  facet normal -0 0 1
    outer loop
      vertex 13.6941 -2.91076 37.1
      vertex 19.0739 -4.05428 37.1
      vertex 13.7873 -2.43107 37.1
    endloop
  endfacet
  facet normal 0 0 1
    outer loop
      vertex 12.5831 6.1372 37.1
      vertex 17.5265 8.54824 37.1
      vertex 17.2175 9.15469 37.1
    endloop
  endfacet
  facet normal 0 0 1
    outer loop
      vertex 19.0739 -4.05428 37.1
      vertex 13.6941 -2.91076 37.1
      vertex 18.9208 -4.71748 37.1
    endloop
  endfacet
  facet normal 0 0 1
    outer loop
      vertex 12.3613 6.5726 37.1
      vertex 17.2175 9.15469 37.1
      vertex 16.8875 9.75 37.1
    endloop
  endfacet
  facet normal -0 0 1
    outer loop
      vertex 13.5841 -3.38691 37.1
      vertex 18.9208 -4.71748 37.1
      vertex 13.6941 -2.91076 37.1
    endloop
  endfacet
  facet normal 0 0 1
    outer loop
      vertex 12.1244 7 37.1
      vertex 16.8875 9.75 37.1
      vertex 16.5369 10.3334 37.1
    endloop
  endfacet
  facet normal 0 0 1
    outer loop
      vertex 18.9208 -4.71748 37.1
      vertex 13.5841 -3.38691 37.1
      vertex 18.7446 -5.37493 37.1
    endloop
  endfacet
  facet normal 0 0 1
    outer loop
      vertex 11.8727 7.41887 37.1
      vertex 16.5369 10.3334 37.1
      vertex 16.1662 10.9043 37.1
    endloop
  endfacet
  facet normal -0 0 1
    outer loop
      vertex 13.4577 -3.85892 37.1
      vertex 18.7446 -5.37493 37.1
      vertex 13.5841 -3.38691 37.1
    endloop
  endfacet
  facet normal 0 0 1
    outer loop
      vertex 11.6065 7.8287 37.1
      vertex 16.1662 10.9043 37.1
      vertex 15.7758 11.4618 37.1
    endloop
  endfacet
  facet normal 0 0 1
    outer loop
      vertex 18.7446 -5.37493 37.1
      vertex 13.4577 -3.85892 37.1
      vertex 18.5456 -6.02583 37.1
    endloop
  endfacet
  facet normal 0 0 1
    outer loop
      vertex 11.3262 8.22899 37.1
      vertex 15.7758 11.4618 37.1
      vertex 15.3662 12.0054 37.1
    endloop
  endfacet
  facet normal -0 0 1
    outer loop
      vertex 13.3148 -4.32624 37.1
      vertex 18.5456 -6.02583 37.1
      vertex 13.4577 -3.85892 37.1
    endloop
  endfacet
  facet normal 0 0 1
    outer loop
      vertex 11.0322 8.61926 37.1
      vertex 15.3662 12.0054 37.1
      vertex 14.9379 12.5344 37.1
    endloop
  endfacet
  facet normal 0 0 1
    outer loop
      vertex 18.5456 -6.02583 37.1
      vertex 13.3148 -4.32624 37.1
      vertex 18.324 -6.66939 37.1
    endloop
  endfacet
  facet normal 0 0 1
    outer loop
      vertex 10.7246 8.99903 37.1
      vertex 14.9379 12.5344 37.1
      vertex 14.4913 13.048 37.1
    endloop
  endfacet
  facet normal -0 0 1
    outer loop
      vertex 13.1557 -4.78828 37.1
      vertex 18.324 -6.66939 37.1
      vertex 13.3148 -4.32624 37.1
    endloop
  endfacet
  facet normal 0 0 1
    outer loop
      vertex 10.404 9.36783 37.1
      vertex 14.4913 13.048 37.1
      vertex 14.0271 13.5458 37.1
    endloop
  endfacet
  facet normal 0 0 1
    outer loop
      vertex 18.324 -6.66939 37.1
      vertex 13.1557 -4.78828 37.1
      vertex 18.0801 -7.30483 37.1
    endloop
  endfacet
  facet normal -0 0 1
    outer loop
      vertex 12.9806 -5.24449 37.1
      vertex 18.0801 -7.30483 37.1
      vertex 13.1557 -4.78828 37.1
    endloop
  endfacet
  facet normal 0 0 1
    outer loop
      vertex 19.4881 0.68054 37.1
      vertex 13.9915 0.488592 37.1
      vertex 14 0 37.1
    endloop
  endfacet
  facet normal 0 0 1
    outer loop
      vertex 19.4525 1.36025 37.1
      vertex 13.9659 0.97659 37.1
      vertex 13.9915 0.488592 37.1
    endloop
  endfacet
  facet normal 0 0 1
    outer loop
      vertex 19.3932 2.0383 37.1
      vertex 13.9233 1.4634 37.1
      vertex 13.9659 0.97659 37.1
    endloop
  endfacet
  facet normal 0 0 1
    outer loop
      vertex 19.3102 2.71387 37.1
      vertex 13.8638 1.94842 37.1
      vertex 13.9233 1.4634 37.1
    endloop
  endfacet
  facet normal 0 0 1
    outer loop
      vertex 19.2038 3.38614 37.1
      vertex 13.7873 2.43107 37.1
      vertex 13.8638 1.94842 37.1
    endloop
  endfacet
  facet normal 0 0 1
    outer loop
      vertex 19.0739 4.05428 37.1
      vertex 13.6941 2.91076 37.1
      vertex 13.7873 2.43107 37.1
    endloop
  endfacet
  facet normal 0 0 1
    outer loop
      vertex 18.9208 4.71748 37.1
      vertex 13.5841 3.38691 37.1
      vertex 13.6941 2.91076 37.1
    endloop
  endfacet
  facet normal 0 0 1
    outer loop
      vertex 10.0708 9.72522 37.1
      vertex 14.0271 13.5458 37.1
      vertex 13.5458 14.0271 37.1
    endloop
  endfacet
  facet normal 0 0 1
    outer loop
      vertex 18.7446 5.37493 37.1
      vertex 13.4577 3.85892 37.1
      vertex 13.5841 3.38691 37.1
    endloop
  endfacet
  facet normal 0 0 1
    outer loop
      vertex 18.5456 6.02583 37.1
      vertex 13.3148 4.32624 37.1
      vertex 13.4577 3.85892 37.1
    endloop
  endfacet
  facet normal 0 0 1
    outer loop
      vertex 18.324 6.66939 37.1
      vertex 13.1557 4.78828 37.1
      vertex 13.3148 4.32624 37.1
    endloop
  endfacet
  facet normal 0 0 1
    outer loop
      vertex 9.72522 10.0708 37.1
      vertex 13.5458 14.0271 37.1
      vertex 13.048 14.4913 37.1
    endloop
  endfacet
  facet normal 0 0 1
    outer loop
      vertex 18.0801 7.30483 37.1
      vertex 12.9806 5.24449 37.1
      vertex 13.1557 4.78828 37.1
    endloop
  endfacet
  facet normal 0 0 1
    outer loop
      vertex 17.8141 7.93136 37.1
      vertex 12.7896 5.69431 37.1
      vertex 12.9806 5.24449 37.1
    endloop
  endfacet
  facet normal 0 0 1
    outer loop
      vertex 17.5265 8.54824 37.1
      vertex 12.5831 6.1372 37.1
      vertex 12.7896 5.69431 37.1
    endloop
  endfacet
  facet normal 0 0 1
    outer loop
      vertex 9.36783 10.404 37.1
      vertex 13.048 14.4913 37.1
      vertex 12.5344 14.9379 37.1
    endloop
  endfacet
  facet normal 0 0 1
    outer loop
      vertex 17.2175 9.15469 37.1
      vertex 12.3613 6.5726 37.1
      vertex 12.5831 6.1372 37.1
    endloop
  endfacet
  facet normal 0 0 1
    outer loop
      vertex 16.8875 9.75 37.1
      vertex 12.1244 7 37.1
      vertex 12.3613 6.5726 37.1
    endloop
  endfacet
  facet normal 0 0 1
    outer loop
      vertex 8.99903 10.7246 37.1
      vertex 12.5344 14.9379 37.1
      vertex 12.0054 15.3662 37.1
    endloop
  endfacet
  facet normal 0 0 1
    outer loop
      vertex 16.5369 10.3334 37.1
      vertex 11.8727 7.41887 37.1
      vertex 12.1244 7 37.1
    endloop
  endfacet
  facet normal 0 0 1
    outer loop
      vertex 16.1662 10.9043 37.1
      vertex 11.6065 7.8287 37.1
      vertex 11.8727 7.41887 37.1
    endloop
  endfacet
  facet normal 0 0 1
    outer loop
      vertex 8.61926 11.0322 37.1
      vertex 12.0054 15.3662 37.1
      vertex 11.4618 15.7758 37.1
    endloop
  endfacet
  facet normal 0 0 1
    outer loop
      vertex 15.7758 11.4618 37.1
      vertex 11.3262 8.22899 37.1
      vertex 11.6065 7.8287 37.1
    endloop
  endfacet
  facet normal 0 0 1
    outer loop
      vertex 15.3662 12.0054 37.1
      vertex 11.0322 8.61926 37.1
      vertex 11.3262 8.22899 37.1
    endloop
  endfacet
  facet normal 0 0 1
    outer loop
      vertex 8.22899 11.3262 37.1
      vertex 11.4618 15.7758 37.1
      vertex 10.9043 16.1662 37.1
    endloop
  endfacet
  facet normal 0 0 1
    outer loop
      vertex 14.9379 12.5344 37.1
      vertex 10.7246 8.99903 37.1
      vertex 11.0322 8.61926 37.1
    endloop
  endfacet
  facet normal 0 0 1
    outer loop
      vertex 14.4913 13.048 37.1
      vertex 10.404 9.36783 37.1
      vertex 10.7246 8.99903 37.1
    endloop
  endfacet
  facet normal 0 0 1
    outer loop
      vertex 7.8287 11.6065 37.1
      vertex 10.9043 16.1662 37.1
      vertex 10.3334 16.5369 37.1
    endloop
  endfacet
  facet normal 0 0 1
    outer loop
      vertex 14.0271 13.5458 37.1
      vertex 10.0708 9.72522 37.1
      vertex 10.404 9.36783 37.1
    endloop
  endfacet
  facet normal 0 0 1
    outer loop
      vertex 7.41887 11.8727 37.1
      vertex 10.3334 16.5369 37.1
      vertex 9.75 16.8875 37.1
    endloop
  endfacet
  facet normal 0 0 1
    outer loop
      vertex 13.5458 14.0271 37.1
      vertex 9.72522 10.0708 37.1
      vertex 10.0708 9.72522 37.1
    endloop
  endfacet
  facet normal 0 0 1
    outer loop
      vertex 13.048 14.4913 37.1
      vertex 9.36783 10.404 37.1
      vertex 9.72522 10.0708 37.1
    endloop
  endfacet
  facet normal 0 0 1
    outer loop
      vertex 7 12.1244 37.1
      vertex 9.75 16.8875 37.1
      vertex 9.15469 17.2175 37.1
    endloop
  endfacet
  facet normal 0 0 1
    outer loop
      vertex 12.5344 14.9379 37.1
      vertex 8.99903 10.7246 37.1
      vertex 9.36783 10.404 37.1
    endloop
  endfacet
  facet normal 0 0 1
    outer loop
      vertex 12.0054 15.3662 37.1
      vertex 8.61926 11.0322 37.1
      vertex 8.99903 10.7246 37.1
    endloop
  endfacet
  facet normal 0 0 1
    outer loop
      vertex 6.5726 12.3613 37.1
      vertex 9.15469 17.2175 37.1
      vertex 8.54824 17.5265 37.1
    endloop
  endfacet
  facet normal 0 0 1
    outer loop
      vertex 11.4618 15.7758 37.1
      vertex 8.22899 11.3262 37.1
      vertex 8.61926 11.0322 37.1
    endloop
  endfacet
  facet normal 0 0 1
    outer loop
      vertex 6.1372 12.5831 37.1
      vertex 8.54824 17.5265 37.1
      vertex 7.93136 17.8141 37.1
    endloop
  endfacet
  facet normal 0 0 1
    outer loop
      vertex 10.9043 16.1662 37.1
      vertex 7.8287 11.6065 37.1
      vertex 8.22899 11.3262 37.1
    endloop
  endfacet
  facet normal 0 0 1
    outer loop
      vertex 10.3334 16.5369 37.1
      vertex 7.41887 11.8727 37.1
      vertex 7.8287 11.6065 37.1
    endloop
  endfacet
  facet normal 0 0 1
    outer loop
      vertex 5.69431 12.7896 37.1
      vertex 7.93136 17.8141 37.1
      vertex 7.30483 18.0801 37.1
    endloop
  endfacet
  facet normal 0 0 1
    outer loop
      vertex 9.75 16.8875 37.1
      vertex 7 12.1244 37.1
      vertex 7.41887 11.8727 37.1
    endloop
  endfacet
  facet normal 0 0 1
    outer loop
      vertex 5.24449 12.9806 37.1
      vertex 7.30483 18.0801 37.1
      vertex 6.66939 18.324 37.1
    endloop
  endfacet
  facet normal 0 0 1
    outer loop
      vertex 9.15469 17.2175 37.1
      vertex 6.5726 12.3613 37.1
      vertex 7 12.1244 37.1
    endloop
  endfacet
  facet normal 0 0 1
    outer loop
      vertex 8.54824 17.5265 37.1
      vertex 6.1372 12.5831 37.1
      vertex 6.5726 12.3613 37.1
    endloop
  endfacet
  facet normal 0 0 1
    outer loop
      vertex 4.78828 13.1557 37.1
      vertex 6.66939 18.324 37.1
      vertex 6.02583 18.5456 37.1
    endloop
  endfacet
  facet normal 0 0 1
    outer loop
      vertex 7.93136 17.8141 37.1
      vertex 5.69431 12.7896 37.1
      vertex 6.1372 12.5831 37.1
    endloop
  endfacet
  facet normal 0 0 1
    outer loop
      vertex 4.32624 13.3148 37.1
      vertex 6.02583 18.5456 37.1
      vertex 5.37493 18.7446 37.1
    endloop
  endfacet
  facet normal 0 0 1
    outer loop
      vertex 7.30483 18.0801 37.1
      vertex 5.24449 12.9806 37.1
      vertex 5.69431 12.7896 37.1
    endloop
  endfacet
  facet normal 0 0 1
    outer loop
      vertex 6.66939 18.324 37.1
      vertex 4.78828 13.1557 37.1
      vertex 5.24449 12.9806 37.1
    endloop
  endfacet
  facet normal 0 0 1
    outer loop
      vertex 3.85892 13.4577 37.1
      vertex 5.37493 18.7446 37.1
      vertex 4.71748 18.9208 37.1
    endloop
  endfacet
  facet normal 0 0 1
    outer loop
      vertex 6.02583 18.5456 37.1
      vertex 4.32624 13.3148 37.1
      vertex 4.78828 13.1557 37.1
    endloop
  endfacet
  facet normal 0 0 1
    outer loop
      vertex 3.38691 13.5841 37.1
      vertex 4.71748 18.9208 37.1
      vertex 4.05428 19.0739 37.1
    endloop
  endfacet
  facet normal 0 0 1
    outer loop
      vertex 5.37493 18.7446 37.1
      vertex 3.85892 13.4577 37.1
      vertex 4.32624 13.3148 37.1
    endloop
  endfacet
  facet normal 0 0 1
    outer loop
      vertex 4.71748 18.9208 37.1
      vertex 3.38691 13.5841 37.1
      vertex 3.85892 13.4577 37.1
    endloop
  endfacet
  facet normal 0 0 1
    outer loop
      vertex 2.91076 13.6941 37.1
      vertex 4.05428 19.0739 37.1
      vertex 3.38614 19.2038 37.1
    endloop
  endfacet
  facet normal 0 0 1
    outer loop
      vertex 4.05428 19.0739 37.1
      vertex 2.91076 13.6941 37.1
      vertex 3.38691 13.5841 37.1
    endloop
  endfacet
  facet normal 0 0 1
    outer loop
      vertex 2.43107 13.7873 37.1
      vertex 3.38614 19.2038 37.1
      vertex 2.71387 19.3102 37.1
    endloop
  endfacet
  facet normal 0 0 1
    outer loop
      vertex 3.38614 19.2038 37.1
      vertex 2.43107 13.7873 37.1
      vertex 2.91076 13.6941 37.1
    endloop
  endfacet
  facet normal 0 0 1
    outer loop
      vertex 1.94842 13.8638 37.1
      vertex 2.71387 19.3102 37.1
      vertex 2.0383 19.3932 37.1
    endloop
  endfacet
  facet normal 0 0 1
    outer loop
      vertex 2.71387 19.3102 37.1
      vertex 1.94842 13.8638 37.1
      vertex 2.43107 13.7873 37.1
    endloop
  endfacet
  facet normal 0 0 1
    outer loop
      vertex 2.0383 19.3932 37.1
      vertex 1.4634 13.9233 37.1
      vertex 1.94842 13.8638 37.1
    endloop
  endfacet
  facet normal 0 0 1
    outer loop
      vertex 1.36025 19.4525 37.1
      vertex 1.4634 13.9233 37.1
      vertex 2.0383 19.3932 37.1
    endloop
  endfacet
  facet normal 0 0 1
    outer loop
      vertex 1.36025 19.4525 37.1
      vertex 0.97659 13.9659 37.1
      vertex 1.4634 13.9233 37.1
    endloop
  endfacet
  facet normal 0 0 1
    outer loop
      vertex 0.68054 19.4881 37.1
      vertex 0.97659 13.9659 37.1
      vertex 1.36025 19.4525 37.1
    endloop
  endfacet
  facet normal 0 0 1
    outer loop
      vertex 0.68054 19.4881 37.1
      vertex 0.488592 13.9915 37.1
      vertex 0.97659 13.9659 37.1
    endloop
  endfacet
  facet normal 0 0 1
    outer loop
      vertex 0 19.5 37.1
      vertex 0.488592 13.9915 37.1
      vertex 0.68054 19.4881 37.1
    endloop
  endfacet
  facet normal 0 0 1
    outer loop
      vertex 0 19.5 37.1
      vertex 0 14 37.1
      vertex 0.488592 13.9915 37.1
    endloop
  endfacet
  facet normal 0 0 1
    outer loop
      vertex 0 19.5 37.1
      vertex -0.488592 13.9915 37.1
      vertex 0 14 37.1
    endloop
  endfacet
  facet normal -0 0 1
    outer loop
      vertex -0.68054 19.4881 37.1
      vertex -0.488592 13.9915 37.1
      vertex 0 19.5 37.1
    endloop
  endfacet
  facet normal 0 0 1
    outer loop
      vertex -0.68054 19.4881 37.1
      vertex -0.97659 13.9659 37.1
      vertex -0.488592 13.9915 37.1
    endloop
  endfacet
  facet normal -0 0 1
    outer loop
      vertex -1.36025 19.4525 37.1
      vertex -0.97659 13.9659 37.1
      vertex -0.68054 19.4881 37.1
    endloop
  endfacet
  facet normal 0 0 1
    outer loop
      vertex -1.36025 19.4525 37.1
      vertex -1.4634 13.9233 37.1
      vertex -0.97659 13.9659 37.1
    endloop
  endfacet
  facet normal -0 0 1
    outer loop
      vertex -2.0383 19.3932 37.1
      vertex -1.4634 13.9233 37.1
      vertex -1.36025 19.4525 37.1
    endloop
  endfacet
  facet normal 0 0 1
    outer loop
      vertex -1.4634 13.9233 37.1
      vertex -2.0383 19.3932 37.1
      vertex -1.94842 13.8638 37.1
    endloop
  endfacet
  facet normal -0 0 1
    outer loop
      vertex -2.71387 19.3102 37.1
      vertex -1.94842 13.8638 37.1
      vertex -2.0383 19.3932 37.1
    endloop
  endfacet
  facet normal 0 0 1
    outer loop
      vertex -1.94842 13.8638 37.1
      vertex -2.71387 19.3102 37.1
      vertex -2.43107 13.7873 37.1
    endloop
  endfacet
  facet normal -0 0 1
    outer loop
      vertex -3.38614 19.2038 37.1
      vertex -2.43107 13.7873 37.1
      vertex -2.71387 19.3102 37.1
    endloop
  endfacet
  facet normal 0 0 1
    outer loop
      vertex -2.43107 13.7873 37.1
      vertex -3.38614 19.2038 37.1
      vertex -2.91076 13.6941 37.1
    endloop
  endfacet
  facet normal -0 0 1
    outer loop
      vertex -4.05428 19.0739 37.1
      vertex -2.91076 13.6941 37.1
      vertex -3.38614 19.2038 37.1
    endloop
  endfacet
  facet normal 0 0 1
    outer loop
      vertex -2.91076 13.6941 37.1
      vertex -4.05428 19.0739 37.1
      vertex -3.38691 13.5841 37.1
    endloop
  endfacet
  facet normal -0 0 1
    outer loop
      vertex -4.71748 18.9208 37.1
      vertex -3.38691 13.5841 37.1
      vertex -4.05428 19.0739 37.1
    endloop
  endfacet
  facet normal 0 0 1
    outer loop
      vertex -3.38691 13.5841 37.1
      vertex -4.71748 18.9208 37.1
      vertex -3.85892 13.4577 37.1
    endloop
  endfacet
  facet normal -0 0 1
    outer loop
      vertex -5.37493 18.7446 37.1
      vertex -3.85892 13.4577 37.1
      vertex -4.71748 18.9208 37.1
    endloop
  endfacet
  facet normal 0 0 1
    outer loop
      vertex -3.85892 13.4577 37.1
      vertex -5.37493 18.7446 37.1
      vertex -4.32624 13.3148 37.1
    endloop
  endfacet
  facet normal -0 0 1
    outer loop
      vertex -6.02583 18.5456 37.1
      vertex -4.32624 13.3148 37.1
      vertex -5.37493 18.7446 37.1
    endloop
  endfacet
  facet normal 0 0 1
    outer loop
      vertex -4.32624 13.3148 37.1
      vertex -6.02583 18.5456 37.1
      vertex -4.78828 13.1557 37.1
    endloop
  endfacet
  facet normal -0 0 1
    outer loop
      vertex -6.66939 18.324 37.1
      vertex -4.78828 13.1557 37.1
      vertex -6.02583 18.5456 37.1
    endloop
  endfacet
  facet normal 0 0 1
    outer loop
      vertex -4.78828 13.1557 37.1
      vertex -6.66939 18.324 37.1
      vertex -5.24449 12.9806 37.1
    endloop
  endfacet
  facet normal -0 0 1
    outer loop
      vertex -7.30483 18.0801 37.1
      vertex -5.24449 12.9806 37.1
      vertex -6.66939 18.324 37.1
    endloop
  endfacet
  facet normal 0 0 1
    outer loop
      vertex -5.24449 12.9806 37.1
      vertex -7.30483 18.0801 37.1
      vertex -5.69431 12.7896 37.1
    endloop
  endfacet
  facet normal -0 0 1
    outer loop
      vertex -7.93136 17.8141 37.1
      vertex -5.69431 12.7896 37.1
      vertex -7.30483 18.0801 37.1
    endloop
  endfacet
  facet normal 0 0 1
    outer loop
      vertex -5.69431 12.7896 37.1
      vertex -7.93136 17.8141 37.1
      vertex -6.1372 12.5831 37.1
    endloop
  endfacet
  facet normal -0 0 1
    outer loop
      vertex -8.54824 17.5265 37.1
      vertex -6.1372 12.5831 37.1
      vertex -7.93136 17.8141 37.1
    endloop
  endfacet
  facet normal 0 0 1
    outer loop
      vertex -6.1372 12.5831 37.1
      vertex -8.54824 17.5265 37.1
      vertex -6.5726 12.3613 37.1
    endloop
  endfacet
  facet normal -0 0 1
    outer loop
      vertex -9.15469 17.2175 37.1
      vertex -6.5726 12.3613 37.1
      vertex -8.54824 17.5265 37.1
    endloop
  endfacet
  facet normal 0 0 1
    outer loop
      vertex -6.5726 12.3613 37.1
      vertex -9.15469 17.2175 37.1
      vertex -7 12.1244 37.1
    endloop
  endfacet
  facet normal -0 0 1
    outer loop
      vertex -9.75 16.8875 37.1
      vertex -7 12.1244 37.1
      vertex -9.15469 17.2175 37.1
    endloop
  endfacet
  facet normal 0 0 1
    outer loop
      vertex -7 12.1244 37.1
      vertex -9.75 16.8875 37.1
      vertex -7.41887 11.8727 37.1
    endloop
  endfacet
  facet normal -0 0 1
    outer loop
      vertex -10.3334 16.5369 37.1
      vertex -7.41887 11.8727 37.1
      vertex -9.75 16.8875 37.1
    endloop
  endfacet
  facet normal 0 0 1
    outer loop
      vertex -7.41887 11.8727 37.1
      vertex -10.3334 16.5369 37.1
      vertex -7.8287 11.6065 37.1
    endloop
  endfacet
  facet normal -0 0 1
    outer loop
      vertex -10.9043 16.1662 37.1
      vertex -7.8287 11.6065 37.1
      vertex -10.3334 16.5369 37.1
    endloop
  endfacet
  facet normal 0 0 1
    outer loop
      vertex -7.8287 11.6065 37.1
      vertex -10.9043 16.1662 37.1
      vertex -8.22899 11.3262 37.1
    endloop
  endfacet
  facet normal -0 0 1
    outer loop
      vertex -11.4618 15.7758 37.1
      vertex -8.22899 11.3262 37.1
      vertex -10.9043 16.1662 37.1
    endloop
  endfacet
  facet normal 0 0 1
    outer loop
      vertex -8.22899 11.3262 37.1
      vertex -11.4618 15.7758 37.1
      vertex -8.61926 11.0322 37.1
    endloop
  endfacet
  facet normal -0 0 1
    outer loop
      vertex -12.0054 15.3662 37.1
      vertex -8.61926 11.0322 37.1
      vertex -11.4618 15.7758 37.1
    endloop
  endfacet
  facet normal 0 0 1
    outer loop
      vertex -8.61926 11.0322 37.1
      vertex -12.0054 15.3662 37.1
      vertex -8.99903 10.7246 37.1
    endloop
  endfacet
  facet normal -0 0 1
    outer loop
      vertex -12.5344 14.9379 37.1
      vertex -8.99903 10.7246 37.1
      vertex -12.0054 15.3662 37.1
    endloop
  endfacet
  facet normal 0 0 1
    outer loop
      vertex -8.99903 10.7246 37.1
      vertex -12.5344 14.9379 37.1
      vertex -9.36783 10.404 37.1
    endloop
  endfacet
  facet normal -0 0 1
    outer loop
      vertex -13.048 14.4913 37.1
      vertex -9.36783 10.404 37.1
      vertex -12.5344 14.9379 37.1
    endloop
  endfacet
  facet normal 0 0 1
    outer loop
      vertex -9.36783 10.404 37.1
      vertex -13.048 14.4913 37.1
      vertex -9.72522 10.0708 37.1
    endloop
  endfacet
  facet normal -0 0 1
    outer loop
      vertex -13.5458 14.0271 37.1
      vertex -9.72522 10.0708 37.1
      vertex -13.048 14.4913 37.1
    endloop
  endfacet
  facet normal 0 0 1
    outer loop
      vertex -9.72522 10.0708 37.1
      vertex -13.5458 14.0271 37.1
      vertex -10.0708 9.72522 37.1
    endloop
  endfacet
  facet normal -0 0 1
    outer loop
      vertex -14.0271 13.5458 37.1
      vertex -10.0708 9.72522 37.1
      vertex -13.5458 14.0271 37.1
    endloop
  endfacet
  facet normal 0 0 1
    outer loop
      vertex -10.0708 9.72522 37.1
      vertex -14.0271 13.5458 37.1
      vertex -10.404 9.36783 37.1
    endloop
  endfacet
  facet normal -0 0 1
    outer loop
      vertex -14.4913 13.048 37.1
      vertex -10.404 9.36783 37.1
      vertex -14.0271 13.5458 37.1
    endloop
  endfacet
  facet normal 0 0 1
    outer loop
      vertex -10.404 9.36783 37.1
      vertex -14.4913 13.048 37.1
      vertex -10.7246 8.99903 37.1
    endloop
  endfacet
  facet normal -0 0 1
    outer loop
      vertex -14.9379 12.5344 37.1
      vertex -10.7246 8.99903 37.1
      vertex -14.4913 13.048 37.1
    endloop
  endfacet
  facet normal 0 0 1
    outer loop
      vertex -10.7246 8.99903 37.1
      vertex -14.9379 12.5344 37.1
      vertex -11.0322 8.61926 37.1
    endloop
  endfacet
  facet normal -0 0 1
    outer loop
      vertex -15.3662 12.0054 37.1
      vertex -11.0322 8.61926 37.1
      vertex -14.9379 12.5344 37.1
    endloop
  endfacet
  facet normal 0 0 1
    outer loop
      vertex -11.0322 8.61926 37.1
      vertex -15.3662 12.0054 37.1
      vertex -11.3262 8.22899 37.1
    endloop
  endfacet
  facet normal -0 0 1
    outer loop
      vertex -15.7758 11.4618 37.1
      vertex -11.3262 8.22899 37.1
      vertex -15.3662 12.0054 37.1
    endloop
  endfacet
  facet normal 0 0 1
    outer loop
      vertex -11.3262 8.22899 37.1
      vertex -15.7758 11.4618 37.1
      vertex -11.6065 7.8287 37.1
    endloop
  endfacet
  facet normal -0 0 1
    outer loop
      vertex -16.1662 10.9043 37.1
      vertex -11.6065 7.8287 37.1
      vertex -15.7758 11.4618 37.1
    endloop
  endfacet
  facet normal 0 0 1
    outer loop
      vertex -11.6065 7.8287 37.1
      vertex -16.1662 10.9043 37.1
      vertex -11.8727 7.41887 37.1
    endloop
  endfacet
  facet normal -0 0 1
    outer loop
      vertex -16.5369 10.3334 37.1
      vertex -11.8727 7.41887 37.1
      vertex -16.1662 10.9043 37.1
    endloop
  endfacet
  facet normal 0 0 1
    outer loop
      vertex -11.8727 7.41887 37.1
      vertex -16.5369 10.3334 37.1
      vertex -12.1244 7 37.1
    endloop
  endfacet
  facet normal -0 0 1
    outer loop
      vertex -16.8875 9.75 37.1
      vertex -12.1244 7 37.1
      vertex -16.5369 10.3334 37.1
    endloop
  endfacet
  facet normal 0 0 1
    outer loop
      vertex -12.1244 7 37.1
      vertex -16.8875 9.75 37.1
      vertex -12.3613 6.5726 37.1
    endloop
  endfacet
  facet normal -0 0 1
    outer loop
      vertex -17.2175 9.15469 37.1
      vertex -12.3613 6.5726 37.1
      vertex -16.8875 9.75 37.1
    endloop
  endfacet
  facet normal 0 0 1
    outer loop
      vertex -12.3613 6.5726 37.1
      vertex -17.2175 9.15469 37.1
      vertex -12.5831 6.1372 37.1
    endloop
  endfacet
  facet normal -0 0 1
    outer loop
      vertex -17.5265 8.54824 37.1
      vertex -12.5831 6.1372 37.1
      vertex -17.2175 9.15469 37.1
    endloop
  endfacet
  facet normal 0 0 1
    outer loop
      vertex -12.5831 6.1372 37.1
      vertex -17.5265 8.54824 37.1
      vertex -12.7896 5.69431 37.1
    endloop
  endfacet
  facet normal -0 0 1
    outer loop
      vertex -17.8141 7.93136 37.1
      vertex -12.7896 5.69431 37.1
      vertex -17.5265 8.54824 37.1
    endloop
  endfacet
  facet normal -0 0 1
    outer loop
      vertex -18.0801 7.30483 37.1
      vertex -12.9806 5.24449 37.1
      vertex -17.8141 7.93136 37.1
    endloop
  endfacet
  facet normal 0 0 1
    outer loop
      vertex -12.7896 5.69431 37.1
      vertex -17.8141 7.93136 37.1
      vertex -12.9806 5.24449 37.1
    endloop
  endfacet
  facet normal 0 0 1
    outer loop
      vertex 18.0801 -7.30483 37.1
      vertex 12.9806 -5.24449 37.1
      vertex 17.8141 -7.93136 37.1
    endloop
  endfacet
  facet normal -0 0 1
    outer loop
      vertex 12.7896 -5.69431 37.1
      vertex 17.8141 -7.93136 37.1
      vertex 12.9806 -5.24449 37.1
    endloop
  endfacet
  facet normal 0 0 1
    outer loop
      vertex 17.8141 -7.93136 37.1
      vertex 12.7896 -5.69431 37.1
      vertex 17.5265 -8.54824 37.1
    endloop
  endfacet
  facet normal -0 0 1
    outer loop
      vertex 12.5831 -6.1372 37.1
      vertex 17.5265 -8.54824 37.1
      vertex 12.7896 -5.69431 37.1
    endloop
  endfacet
  facet normal 0 0 1
    outer loop
      vertex 17.5265 -8.54824 37.1
      vertex 12.5831 -6.1372 37.1
      vertex 17.2175 -9.15469 37.1
    endloop
  endfacet
  facet normal -0 0 1
    outer loop
      vertex 12.3613 -6.5726 37.1
      vertex 17.2175 -9.15469 37.1
      vertex 12.5831 -6.1372 37.1
    endloop
  endfacet
  facet normal 0 0 1
    outer loop
      vertex 17.2175 -9.15469 37.1
      vertex 12.3613 -6.5726 37.1
      vertex 16.8875 -9.75 37.1
    endloop
  endfacet
  facet normal -0 0 1
    outer loop
      vertex 12.1244 -7 37.1
      vertex 16.8875 -9.75 37.1
      vertex 12.3613 -6.5726 37.1
    endloop
  endfacet
  facet normal 0 0 1
    outer loop
      vertex 16.8875 -9.75 37.1
      vertex 12.1244 -7 37.1
      vertex 16.5369 -10.3334 37.1
    endloop
  endfacet
  facet normal -0 0 1
    outer loop
      vertex 11.8727 -7.41887 37.1
      vertex 16.5369 -10.3334 37.1
      vertex 12.1244 -7 37.1
    endloop
  endfacet
  facet normal 0 0 1
    outer loop
      vertex 16.5369 -10.3334 37.1
      vertex 11.8727 -7.41887 37.1
      vertex 16.1662 -10.9043 37.1
    endloop
  endfacet
  facet normal -0 0 1
    outer loop
      vertex 11.6065 -7.8287 37.1
      vertex 16.1662 -10.9043 37.1
      vertex 11.8727 -7.41887 37.1
    endloop
  endfacet
  facet normal 0 0 1
    outer loop
      vertex 16.1662 -10.9043 37.1
      vertex 11.6065 -7.8287 37.1
      vertex 15.7758 -11.4618 37.1
    endloop
  endfacet
  facet normal -0 0 1
    outer loop
      vertex 11.3262 -8.22899 37.1
      vertex 15.7758 -11.4618 37.1
      vertex 11.6065 -7.8287 37.1
    endloop
  endfacet
  facet normal 0 0 1
    outer loop
      vertex 15.7758 -11.4618 37.1
      vertex 11.3262 -8.22899 37.1
      vertex 15.3662 -12.0054 37.1
    endloop
  endfacet
  facet normal -0 0 1
    outer loop
      vertex 11.0322 -8.61926 37.1
      vertex 15.3662 -12.0054 37.1
      vertex 11.3262 -8.22899 37.1
    endloop
  endfacet
  facet normal 0 0 1
    outer loop
      vertex 15.3662 -12.0054 37.1
      vertex 11.0322 -8.61926 37.1
      vertex 14.9379 -12.5344 37.1
    endloop
  endfacet
  facet normal -0 0 1
    outer loop
      vertex 10.7246 -8.99903 37.1
      vertex 14.9379 -12.5344 37.1
      vertex 11.0322 -8.61926 37.1
    endloop
  endfacet
  facet normal 0 0 1
    outer loop
      vertex 14.9379 -12.5344 37.1
      vertex 10.7246 -8.99903 37.1
      vertex 14.4913 -13.048 37.1
    endloop
  endfacet
  facet normal -0 0 1
    outer loop
      vertex 10.404 -9.36783 37.1
      vertex 14.4913 -13.048 37.1
      vertex 10.7246 -8.99903 37.1
    endloop
  endfacet
  facet normal 0 0 1
    outer loop
      vertex 14.4913 -13.048 37.1
      vertex 10.404 -9.36783 37.1
      vertex 14.0271 -13.5458 37.1
    endloop
  endfacet
  facet normal -0 0 1
    outer loop
      vertex 10.0708 -9.72522 37.1
      vertex 14.0271 -13.5458 37.1
      vertex 10.404 -9.36783 37.1
    endloop
  endfacet
  facet normal 0 0 1
    outer loop
      vertex 14.0271 -13.5458 37.1
      vertex 10.0708 -9.72522 37.1
      vertex 13.5458 -14.0271 37.1
    endloop
  endfacet
  facet normal -0 0 1
    outer loop
      vertex 9.72522 -10.0708 37.1
      vertex 13.5458 -14.0271 37.1
      vertex 10.0708 -9.72522 37.1
    endloop
  endfacet
  facet normal 0 0 1
    outer loop
      vertex 13.5458 -14.0271 37.1
      vertex 9.72522 -10.0708 37.1
      vertex 13.048 -14.4913 37.1
    endloop
  endfacet
  facet normal -0 0 1
    outer loop
      vertex 9.36783 -10.404 37.1
      vertex 13.048 -14.4913 37.1
      vertex 9.72522 -10.0708 37.1
    endloop
  endfacet
  facet normal 0 0 1
    outer loop
      vertex 13.048 -14.4913 37.1
      vertex 9.36783 -10.404 37.1
      vertex 12.5344 -14.9379 37.1
    endloop
  endfacet
  facet normal -0 0 1
    outer loop
      vertex 8.99903 -10.7246 37.1
      vertex 12.5344 -14.9379 37.1
      vertex 9.36783 -10.404 37.1
    endloop
  endfacet
  facet normal 0 0 1
    outer loop
      vertex 12.5344 -14.9379 37.1
      vertex 8.99903 -10.7246 37.1
      vertex 12.0054 -15.3662 37.1
    endloop
  endfacet
  facet normal -0 0 1
    outer loop
      vertex 8.61926 -11.0322 37.1
      vertex 12.0054 -15.3662 37.1
      vertex 8.99903 -10.7246 37.1
    endloop
  endfacet
  facet normal 0 0 1
    outer loop
      vertex 12.0054 -15.3662 37.1
      vertex 8.61926 -11.0322 37.1
      vertex 11.4618 -15.7758 37.1
    endloop
  endfacet
  facet normal -0 0 1
    outer loop
      vertex 8.22899 -11.3262 37.1
      vertex 11.4618 -15.7758 37.1
      vertex 8.61926 -11.0322 37.1
    endloop
  endfacet
  facet normal 0 0 1
    outer loop
      vertex 11.4618 -15.7758 37.1
      vertex 8.22899 -11.3262 37.1
      vertex 10.9043 -16.1662 37.1
    endloop
  endfacet
  facet normal -0 0 1
    outer loop
      vertex 7.8287 -11.6065 37.1
      vertex 10.9043 -16.1662 37.1
      vertex 8.22899 -11.3262 37.1
    endloop
  endfacet
  facet normal 0 0 1
    outer loop
      vertex 10.9043 -16.1662 37.1
      vertex 7.8287 -11.6065 37.1
      vertex 10.3334 -16.5369 37.1
    endloop
  endfacet
  facet normal -0 0 1
    outer loop
      vertex 7.41887 -11.8727 37.1
      vertex 10.3334 -16.5369 37.1
      vertex 7.8287 -11.6065 37.1
    endloop
  endfacet
  facet normal 0 0 1
    outer loop
      vertex 10.3334 -16.5369 37.1
      vertex 7.41887 -11.8727 37.1
      vertex 9.75 -16.8875 37.1
    endloop
  endfacet
  facet normal -0 0 1
    outer loop
      vertex 7 -12.1244 37.1
      vertex 9.75 -16.8875 37.1
      vertex 7.41887 -11.8727 37.1
    endloop
  endfacet
  facet normal 0 0 1
    outer loop
      vertex 9.75 -16.8875 37.1
      vertex 7 -12.1244 37.1
      vertex 9.15469 -17.2175 37.1
    endloop
  endfacet
  facet normal -0 0 1
    outer loop
      vertex 6.5726 -12.3613 37.1
      vertex 9.15469 -17.2175 37.1
      vertex 7 -12.1244 37.1
    endloop
  endfacet
  facet normal 0 0 1
    outer loop
      vertex 9.15469 -17.2175 37.1
      vertex 6.5726 -12.3613 37.1
      vertex 8.54824 -17.5265 37.1
    endloop
  endfacet
  facet normal -0 0 1
    outer loop
      vertex 6.1372 -12.5831 37.1
      vertex 8.54824 -17.5265 37.1
      vertex 6.5726 -12.3613 37.1
    endloop
  endfacet
  facet normal 0 0 1
    outer loop
      vertex 8.54824 -17.5265 37.1
      vertex 6.1372 -12.5831 37.1
      vertex 7.93136 -17.8141 37.1
    endloop
  endfacet
  facet normal -0 0 1
    outer loop
      vertex 5.69431 -12.7896 37.1
      vertex 7.93136 -17.8141 37.1
      vertex 6.1372 -12.5831 37.1
    endloop
  endfacet
  facet normal 0 0 1
    outer loop
      vertex 7.93136 -17.8141 37.1
      vertex 5.69431 -12.7896 37.1
      vertex 7.30483 -18.0801 37.1
    endloop
  endfacet
  facet normal -0 0 1
    outer loop
      vertex 5.24449 -12.9806 37.1
      vertex 7.30483 -18.0801 37.1
      vertex 5.69431 -12.7896 37.1
    endloop
  endfacet
  facet normal 0 0 1
    outer loop
      vertex 7.30483 -18.0801 37.1
      vertex 5.24449 -12.9806 37.1
      vertex 6.66939 -18.324 37.1
    endloop
  endfacet
  facet normal -0 0 1
    outer loop
      vertex 4.78828 -13.1557 37.1
      vertex 6.66939 -18.324 37.1
      vertex 5.24449 -12.9806 37.1
    endloop
  endfacet
  facet normal 0 0 1
    outer loop
      vertex 6.66939 -18.324 37.1
      vertex 4.78828 -13.1557 37.1
      vertex 6.02583 -18.5456 37.1
    endloop
  endfacet
  facet normal -0 0 1
    outer loop
      vertex 4.32624 -13.3148 37.1
      vertex 6.02583 -18.5456 37.1
      vertex 4.78828 -13.1557 37.1
    endloop
  endfacet
  facet normal 0 0 1
    outer loop
      vertex 6.02583 -18.5456 37.1
      vertex 4.32624 -13.3148 37.1
      vertex 5.37493 -18.7446 37.1
    endloop
  endfacet
  facet normal -0 0 1
    outer loop
      vertex 3.85892 -13.4577 37.1
      vertex 5.37493 -18.7446 37.1
      vertex 4.32624 -13.3148 37.1
    endloop
  endfacet
  facet normal 0 0 1
    outer loop
      vertex 5.37493 -18.7446 37.1
      vertex 3.85892 -13.4577 37.1
      vertex 4.71748 -18.9208 37.1
    endloop
  endfacet
  facet normal -0 0 1
    outer loop
      vertex 3.38691 -13.5841 37.1
      vertex 4.71748 -18.9208 37.1
      vertex 3.85892 -13.4577 37.1
    endloop
  endfacet
  facet normal 0 0 1
    outer loop
      vertex 4.71748 -18.9208 37.1
      vertex 3.38691 -13.5841 37.1
      vertex 4.05428 -19.0739 37.1
    endloop
  endfacet
  facet normal -0 0 1
    outer loop
      vertex 2.91076 -13.6941 37.1
      vertex 4.05428 -19.0739 37.1
      vertex 3.38691 -13.5841 37.1
    endloop
  endfacet
  facet normal 0 0 1
    outer loop
      vertex 4.05428 -19.0739 37.1
      vertex 2.91076 -13.6941 37.1
      vertex 3.38614 -19.2038 37.1
    endloop
  endfacet
  facet normal -0 0 1
    outer loop
      vertex 2.43107 -13.7873 37.1
      vertex 3.38614 -19.2038 37.1
      vertex 2.91076 -13.6941 37.1
    endloop
  endfacet
  facet normal 0 0 1
    outer loop
      vertex 3.38614 -19.2038 37.1
      vertex 2.43107 -13.7873 37.1
      vertex 2.71387 -19.3102 37.1
    endloop
  endfacet
  facet normal -0 0 1
    outer loop
      vertex 1.94842 -13.8638 37.1
      vertex 2.71387 -19.3102 37.1
      vertex 2.43107 -13.7873 37.1
    endloop
  endfacet
  facet normal 0 0 1
    outer loop
      vertex 2.71387 -19.3102 37.1
      vertex 1.94842 -13.8638 37.1
      vertex 2.0383 -19.3932 37.1
    endloop
  endfacet
  facet normal -0 0 1
    outer loop
      vertex 1.4634 -13.9233 37.1
      vertex 2.0383 -19.3932 37.1
      vertex 1.94842 -13.8638 37.1
    endloop
  endfacet
  facet normal 0 0 1
    outer loop
      vertex 1.4634 -13.9233 37.1
      vertex 1.36025 -19.4525 37.1
      vertex 2.0383 -19.3932 37.1
    endloop
  endfacet
  facet normal -0 0 1
    outer loop
      vertex 0.97659 -13.9659 37.1
      vertex 1.36025 -19.4525 37.1
      vertex 1.4634 -13.9233 37.1
    endloop
  endfacet
  facet normal 0 0 1
    outer loop
      vertex 0.97659 -13.9659 37.1
      vertex 0.68054 -19.4881 37.1
      vertex 1.36025 -19.4525 37.1
    endloop
  endfacet
  facet normal -0 0 1
    outer loop
      vertex 0.488592 -13.9915 37.1
      vertex 0.68054 -19.4881 37.1
      vertex 0.97659 -13.9659 37.1
    endloop
  endfacet
  facet normal -0 0 1
    outer loop
      vertex 0 -14 37.1
      vertex 0.68054 -19.4881 37.1
      vertex 0.488592 -13.9915 37.1
    endloop
  endfacet
  facet normal 0 0 1
    outer loop
      vertex 0 -14 37.1
      vertex 0 -19.5 37.1
      vertex 0.68054 -19.4881 37.1
    endloop
  endfacet
  facet normal 0 0 1
    outer loop
      vertex -0.488592 -13.9915 37.1
      vertex 0 -19.5 37.1
      vertex 0 -14 37.1
    endloop
  endfacet
  facet normal 0 0 1
    outer loop
      vertex -0.488592 -13.9915 37.1
      vertex -0.68054 -19.4881 37.1
      vertex 0 -19.5 37.1
    endloop
  endfacet
  facet normal 0 0 1
    outer loop
      vertex -0.97659 -13.9659 37.1
      vertex -0.68054 -19.4881 37.1
      vertex -0.488592 -13.9915 37.1
    endloop
  endfacet
  facet normal 0 0 1
    outer loop
      vertex -0.97659 -13.9659 37.1
      vertex -1.36025 -19.4525 37.1
      vertex -0.68054 -19.4881 37.1
    endloop
  endfacet
  facet normal 0 0 1
    outer loop
      vertex -1.4634 -13.9233 37.1
      vertex -1.36025 -19.4525 37.1
      vertex -0.97659 -13.9659 37.1
    endloop
  endfacet
  facet normal 0 0 1
    outer loop
      vertex -2.0383 -19.3932 37.1
      vertex -1.4634 -13.9233 37.1
      vertex -1.94842 -13.8638 37.1
    endloop
  endfacet
  facet normal 0 0 1
    outer loop
      vertex -1.4634 -13.9233 37.1
      vertex -2.0383 -19.3932 37.1
      vertex -1.36025 -19.4525 37.1
    endloop
  endfacet
  facet normal 0 0 1
    outer loop
      vertex -2.71387 -19.3102 37.1
      vertex -1.94842 -13.8638 37.1
      vertex -2.43107 -13.7873 37.1
    endloop
  endfacet
  facet normal 0 0 1
    outer loop
      vertex -1.94842 -13.8638 37.1
      vertex -2.71387 -19.3102 37.1
      vertex -2.0383 -19.3932 37.1
    endloop
  endfacet
  facet normal 0 0 1
    outer loop
      vertex -3.38614 -19.2038 37.1
      vertex -2.43107 -13.7873 37.1
      vertex -2.91076 -13.6941 37.1
    endloop
  endfacet
  facet normal 0 0 1
    outer loop
      vertex -2.43107 -13.7873 37.1
      vertex -3.38614 -19.2038 37.1
      vertex -2.71387 -19.3102 37.1
    endloop
  endfacet
  facet normal 0 0 1
    outer loop
      vertex -4.05428 -19.0739 37.1
      vertex -2.91076 -13.6941 37.1
      vertex -3.38691 -13.5841 37.1
    endloop
  endfacet
  facet normal 0 0 1
    outer loop
      vertex -4.71748 -18.9208 37.1
      vertex -3.38691 -13.5841 37.1
      vertex -3.85892 -13.4577 37.1
    endloop
  endfacet
  facet normal 0 0 1
    outer loop
      vertex -2.91076 -13.6941 37.1
      vertex -4.05428 -19.0739 37.1
      vertex -3.38614 -19.2038 37.1
    endloop
  endfacet
  facet normal 0 0 1
    outer loop
      vertex -5.37493 -18.7446 37.1
      vertex -3.85892 -13.4577 37.1
      vertex -4.32624 -13.3148 37.1
    endloop
  endfacet
  facet normal 0 0 1
    outer loop
      vertex -3.38691 -13.5841 37.1
      vertex -4.71748 -18.9208 37.1
      vertex -4.05428 -19.0739 37.1
    endloop
  endfacet
  facet normal 0 0 1
    outer loop
      vertex -6.02583 -18.5456 37.1
      vertex -4.32624 -13.3148 37.1
      vertex -4.78828 -13.1557 37.1
    endloop
  endfacet
  facet normal 0 0 1
    outer loop
      vertex -6.66939 -18.324 37.1
      vertex -4.78828 -13.1557 37.1
      vertex -5.24449 -12.9806 37.1
    endloop
  endfacet
  facet normal 0 0 1
    outer loop
      vertex -3.85892 -13.4577 37.1
      vertex -5.37493 -18.7446 37.1
      vertex -4.71748 -18.9208 37.1
    endloop
  endfacet
  facet normal 0 0 1
    outer loop
      vertex -7.30483 -18.0801 37.1
      vertex -5.24449 -12.9806 37.1
      vertex -5.69431 -12.7896 37.1
    endloop
  endfacet
  facet normal 0 0 1
    outer loop
      vertex -4.32624 -13.3148 37.1
      vertex -6.02583 -18.5456 37.1
      vertex -5.37493 -18.7446 37.1
    endloop
  endfacet
  facet normal 0 0 1
    outer loop
      vertex -7.93136 -17.8141 37.1
      vertex -5.69431 -12.7896 37.1
      vertex -6.1372 -12.5831 37.1
    endloop
  endfacet
  facet normal 0 0 1
    outer loop
      vertex -8.54824 -17.5265 37.1
      vertex -6.1372 -12.5831 37.1
      vertex -6.5726 -12.3613 37.1
    endloop
  endfacet
  facet normal 0 0 1
    outer loop
      vertex -4.78828 -13.1557 37.1
      vertex -6.66939 -18.324 37.1
      vertex -6.02583 -18.5456 37.1
    endloop
  endfacet
  facet normal 0 0 1
    outer loop
      vertex -9.15469 -17.2175 37.1
      vertex -6.5726 -12.3613 37.1
      vertex -7 -12.1244 37.1
    endloop
  endfacet
  facet normal 0 0 1
    outer loop
      vertex -5.24449 -12.9806 37.1
      vertex -7.30483 -18.0801 37.1
      vertex -6.66939 -18.324 37.1
    endloop
  endfacet
  facet normal 0 0 1
    outer loop
      vertex -9.75 -16.8875 37.1
      vertex -7 -12.1244 37.1
      vertex -7.41887 -11.8727 37.1
    endloop
  endfacet
  facet normal 0 0 1
    outer loop
      vertex -10.3334 -16.5369 37.1
      vertex -7.41887 -11.8727 37.1
      vertex -7.8287 -11.6065 37.1
    endloop
  endfacet
  facet normal 0 0 1
    outer loop
      vertex -5.69431 -12.7896 37.1
      vertex -7.93136 -17.8141 37.1
      vertex -7.30483 -18.0801 37.1
    endloop
  endfacet
  facet normal 0 0 1
    outer loop
      vertex -10.9043 -16.1662 37.1
      vertex -7.8287 -11.6065 37.1
      vertex -8.22899 -11.3262 37.1
    endloop
  endfacet
  facet normal 0 0 1
    outer loop
      vertex -6.1372 -12.5831 37.1
      vertex -8.54824 -17.5265 37.1
      vertex -7.93136 -17.8141 37.1
    endloop
  endfacet
  facet normal 0 0 1
    outer loop
      vertex -11.4618 -15.7758 37.1
      vertex -8.22899 -11.3262 37.1
      vertex -8.61926 -11.0322 37.1
    endloop
  endfacet
  facet normal 0 0 1
    outer loop
      vertex -12.0054 -15.3662 37.1
      vertex -8.61926 -11.0322 37.1
      vertex -8.99903 -10.7246 37.1
    endloop
  endfacet
  facet normal 0 0 1
    outer loop
      vertex -6.5726 -12.3613 37.1
      vertex -9.15469 -17.2175 37.1
      vertex -8.54824 -17.5265 37.1
    endloop
  endfacet
  facet normal 0 0 1
    outer loop
      vertex -12.5344 -14.9379 37.1
      vertex -8.99903 -10.7246 37.1
      vertex -9.36783 -10.404 37.1
    endloop
  endfacet
  facet normal 0 0 1
    outer loop
      vertex -13.048 -14.4913 37.1
      vertex -9.36783 -10.404 37.1
      vertex -9.72522 -10.0708 37.1
    endloop
  endfacet
  facet normal 0 0 1
    outer loop
      vertex -7 -12.1244 37.1
      vertex -9.75 -16.8875 37.1
      vertex -9.15469 -17.2175 37.1
    endloop
  endfacet
  facet normal 0 0 1
    outer loop
      vertex -13.5458 -14.0271 37.1
      vertex -9.72522 -10.0708 37.1
      vertex -10.0708 -9.72522 37.1
    endloop
  endfacet
  facet normal 0 0 1
    outer loop
      vertex -7.41887 -11.8727 37.1
      vertex -10.3334 -16.5369 37.1
      vertex -9.75 -16.8875 37.1
    endloop
  endfacet
  facet normal 0 0 1
    outer loop
      vertex -14.0271 -13.5458 37.1
      vertex -10.0708 -9.72522 37.1
      vertex -10.404 -9.36783 37.1
    endloop
  endfacet
  facet normal 0 0 1
    outer loop
      vertex -14.4913 -13.048 37.1
      vertex -10.404 -9.36783 37.1
      vertex -10.7246 -8.99903 37.1
    endloop
  endfacet
  facet normal 0 0 1
    outer loop
      vertex -7.8287 -11.6065 37.1
      vertex -10.9043 -16.1662 37.1
      vertex -10.3334 -16.5369 37.1
    endloop
  endfacet
  facet normal 0 0 1
    outer loop
      vertex -14.9379 -12.5344 37.1
      vertex -10.7246 -8.99903 37.1
      vertex -11.0322 -8.61926 37.1
    endloop
  endfacet
  facet normal 0 0 1
    outer loop
      vertex -15.3662 -12.0054 37.1
      vertex -11.0322 -8.61926 37.1
      vertex -11.3262 -8.22899 37.1
    endloop
  endfacet
  facet normal 0 0 1
    outer loop
      vertex -8.22899 -11.3262 37.1
      vertex -11.4618 -15.7758 37.1
      vertex -10.9043 -16.1662 37.1
    endloop
  endfacet
  facet normal 0 0 1
    outer loop
      vertex -15.7758 -11.4618 37.1
      vertex -11.3262 -8.22899 37.1
      vertex -11.6065 -7.8287 37.1
    endloop
  endfacet
  facet normal 0 0 1
    outer loop
      vertex -16.1662 -10.9043 37.1
      vertex -11.6065 -7.8287 37.1
      vertex -11.8727 -7.41887 37.1
    endloop
  endfacet
  facet normal 0 0 1
    outer loop
      vertex -8.61926 -11.0322 37.1
      vertex -12.0054 -15.3662 37.1
      vertex -11.4618 -15.7758 37.1
    endloop
  endfacet
  facet normal 0 0 1
    outer loop
      vertex -16.5369 -10.3334 37.1
      vertex -11.8727 -7.41887 37.1
      vertex -12.1244 -7 37.1
    endloop
  endfacet
  facet normal 0 0 1
    outer loop
      vertex -16.8875 -9.75 37.1
      vertex -12.1244 -7 37.1
      vertex -12.3613 -6.5726 37.1
    endloop
  endfacet
  facet normal 0 0 1
    outer loop
      vertex -8.99903 -10.7246 37.1
      vertex -12.5344 -14.9379 37.1
      vertex -12.0054 -15.3662 37.1
    endloop
  endfacet
  facet normal 0 0 1
    outer loop
      vertex -17.2175 -9.15469 37.1
      vertex -12.3613 -6.5726 37.1
      vertex -12.5831 -6.1372 37.1
    endloop
  endfacet
  facet normal 0 0 1
    outer loop
      vertex -17.5265 -8.54824 37.1
      vertex -12.5831 -6.1372 37.1
      vertex -12.7896 -5.69431 37.1
    endloop
  endfacet
  facet normal 0 0 1
    outer loop
      vertex -17.8141 -7.93136 37.1
      vertex -12.7896 -5.69431 37.1
      vertex -12.9806 -5.24449 37.1
    endloop
  endfacet
  facet normal 0 0 1
    outer loop
      vertex -9.36783 -10.404 37.1
      vertex -13.048 -14.4913 37.1
      vertex -12.5344 -14.9379 37.1
    endloop
  endfacet
  facet normal 0 0 1
    outer loop
      vertex -18.0801 -7.30483 37.1
      vertex -12.9806 -5.24449 37.1
      vertex -13.1557 -4.78828 37.1
    endloop
  endfacet
  facet normal 0 0 1
    outer loop
      vertex -18.324 -6.66939 37.1
      vertex -13.1557 -4.78828 37.1
      vertex -13.3148 -4.32624 37.1
    endloop
  endfacet
  facet normal 0 0 1
    outer loop
      vertex -18.5456 -6.02583 37.1
      vertex -13.3148 -4.32624 37.1
      vertex -13.4577 -3.85892 37.1
    endloop
  endfacet
  facet normal 0 0 1
    outer loop
      vertex -9.72522 -10.0708 37.1
      vertex -13.5458 -14.0271 37.1
      vertex -13.048 -14.4913 37.1
    endloop
  endfacet
  facet normal 0 0 1
    outer loop
      vertex -18.7446 -5.37493 37.1
      vertex -13.4577 -3.85892 37.1
      vertex -13.5841 -3.38691 37.1
    endloop
  endfacet
  facet normal 0 0 1
    outer loop
      vertex -18.9208 -4.71748 37.1
      vertex -13.5841 -3.38691 37.1
      vertex -13.6941 -2.91076 37.1
    endloop
  endfacet
  facet normal 0 0 1
    outer loop
      vertex -19.0739 -4.05428 37.1
      vertex -13.6941 -2.91076 37.1
      vertex -13.7873 -2.43107 37.1
    endloop
  endfacet
  facet normal 0 0 1
    outer loop
      vertex -19.2038 -3.38614 37.1
      vertex -13.7873 -2.43107 37.1
      vertex -13.8638 -1.94842 37.1
    endloop
  endfacet
  facet normal 0 0 1
    outer loop
      vertex -19.3102 -2.71387 37.1
      vertex -13.8638 -1.94842 37.1
      vertex -13.9233 -1.4634 37.1
    endloop
  endfacet
  facet normal 0 0 1
    outer loop
      vertex -19.3932 -2.0383 37.1
      vertex -13.9233 -1.4634 37.1
      vertex -13.9659 -0.97659 37.1
    endloop
  endfacet
  facet normal 0 0 1
    outer loop
      vertex -19.4525 -1.36025 37.1
      vertex -13.9659 -0.97659 37.1
      vertex -13.9915 -0.488592 37.1
    endloop
  endfacet
  facet normal 0 0 1
    outer loop
      vertex -10.0708 -9.72522 37.1
      vertex -14.0271 -13.5458 37.1
      vertex -13.5458 -14.0271 37.1
    endloop
  endfacet
  facet normal 0 0 1
    outer loop
      vertex -19.4881 -0.68054 37.1
      vertex -13.9915 -0.488592 37.1
      vertex -14 0 37.1
    endloop
  endfacet
  facet normal 0 0 1
    outer loop
      vertex -12.9806 5.24449 37.1
      vertex -18.0801 7.30483 37.1
      vertex -13.1557 4.78828 37.1
    endloop
  endfacet
  facet normal -0 0 1
    outer loop
      vertex -18.324 6.66939 37.1
      vertex -13.1557 4.78828 37.1
      vertex -18.0801 7.30483 37.1
    endloop
  endfacet
  facet normal 0 0 1
    outer loop
      vertex -10.404 -9.36783 37.1
      vertex -14.4913 -13.048 37.1
      vertex -14.0271 -13.5458 37.1
    endloop
  endfacet
  facet normal 0 0 1
    outer loop
      vertex -13.1557 4.78828 37.1
      vertex -18.324 6.66939 37.1
      vertex -13.3148 4.32624 37.1
    endloop
  endfacet
  facet normal 0 0 1
    outer loop
      vertex -10.7246 -8.99903 37.1
      vertex -14.9379 -12.5344 37.1
      vertex -14.4913 -13.048 37.1
    endloop
  endfacet
  facet normal -0 0 1
    outer loop
      vertex -18.5456 6.02583 37.1
      vertex -13.3148 4.32624 37.1
      vertex -18.324 6.66939 37.1
    endloop
  endfacet
  facet normal 0 0 1
    outer loop
      vertex -11.0322 -8.61926 37.1
      vertex -15.3662 -12.0054 37.1
      vertex -14.9379 -12.5344 37.1
    endloop
  endfacet
  facet normal 0 0 1
    outer loop
      vertex -13.3148 4.32624 37.1
      vertex -18.5456 6.02583 37.1
      vertex -13.4577 3.85892 37.1
    endloop
  endfacet
  facet normal 0 0 1
    outer loop
      vertex -11.3262 -8.22899 37.1
      vertex -15.7758 -11.4618 37.1
      vertex -15.3662 -12.0054 37.1
    endloop
  endfacet
  facet normal -0 0 1
    outer loop
      vertex -18.7446 5.37493 37.1
      vertex -13.4577 3.85892 37.1
      vertex -18.5456 6.02583 37.1
    endloop
  endfacet
  facet normal 0 0 1
    outer loop
      vertex -11.6065 -7.8287 37.1
      vertex -16.1662 -10.9043 37.1
      vertex -15.7758 -11.4618 37.1
    endloop
  endfacet
  facet normal 0 0 1
    outer loop
      vertex -13.4577 3.85892 37.1
      vertex -18.7446 5.37493 37.1
      vertex -13.5841 3.38691 37.1
    endloop
  endfacet
  facet normal 0 0 1
    outer loop
      vertex -11.8727 -7.41887 37.1
      vertex -16.5369 -10.3334 37.1
      vertex -16.1662 -10.9043 37.1
    endloop
  endfacet
  facet normal -0 0 1
    outer loop
      vertex -18.9208 4.71748 37.1
      vertex -13.5841 3.38691 37.1
      vertex -18.7446 5.37493 37.1
    endloop
  endfacet
  facet normal 0 0 1
    outer loop
      vertex -12.1244 -7 37.1
      vertex -16.8875 -9.75 37.1
      vertex -16.5369 -10.3334 37.1
    endloop
  endfacet
  facet normal 0 0 1
    outer loop
      vertex -13.5841 3.38691 37.1
      vertex -18.9208 4.71748 37.1
      vertex -13.6941 2.91076 37.1
    endloop
  endfacet
  facet normal 0 0 1
    outer loop
      vertex -12.3613 -6.5726 37.1
      vertex -17.2175 -9.15469 37.1
      vertex -16.8875 -9.75 37.1
    endloop
  endfacet
  facet normal -0 0 1
    outer loop
      vertex -19.0739 4.05428 37.1
      vertex -13.6941 2.91076 37.1
      vertex -18.9208 4.71748 37.1
    endloop
  endfacet
  facet normal 0 0 1
    outer loop
      vertex -12.5831 -6.1372 37.1
      vertex -17.5265 -8.54824 37.1
      vertex -17.2175 -9.15469 37.1
    endloop
  endfacet
  facet normal 0 0 1
    outer loop
      vertex -13.6941 2.91076 37.1
      vertex -19.0739 4.05428 37.1
      vertex -13.7873 2.43107 37.1
    endloop
  endfacet
  facet normal 0 0 1
    outer loop
      vertex -12.7896 -5.69431 37.1
      vertex -17.8141 -7.93136 37.1
      vertex -17.5265 -8.54824 37.1
    endloop
  endfacet
  facet normal -0 0 1
    outer loop
      vertex -19.2038 3.38614 37.1
      vertex -13.7873 2.43107 37.1
      vertex -19.0739 4.05428 37.1
    endloop
  endfacet
  facet normal 0 0 1
    outer loop
      vertex -12.9806 -5.24449 37.1
      vertex -18.0801 -7.30483 37.1
      vertex -17.8141 -7.93136 37.1
    endloop
  endfacet
  facet normal 0 0 1
    outer loop
      vertex -13.7873 2.43107 37.1
      vertex -19.2038 3.38614 37.1
      vertex -13.8638 1.94842 37.1
    endloop
  endfacet
  facet normal 0 0 1
    outer loop
      vertex -13.1557 -4.78828 37.1
      vertex -18.324 -6.66939 37.1
      vertex -18.0801 -7.30483 37.1
    endloop
  endfacet
  facet normal -0 0 1
    outer loop
      vertex -19.3102 2.71387 37.1
      vertex -13.8638 1.94842 37.1
      vertex -19.2038 3.38614 37.1
    endloop
  endfacet
  facet normal 0 0 1
    outer loop
      vertex -13.3148 -4.32624 37.1
      vertex -18.5456 -6.02583 37.1
      vertex -18.324 -6.66939 37.1
    endloop
  endfacet
  facet normal 0 0 1
    outer loop
      vertex -13.8638 1.94842 37.1
      vertex -19.3102 2.71387 37.1
      vertex -13.9233 1.4634 37.1
    endloop
  endfacet
  facet normal 0 0 1
    outer loop
      vertex -13.4577 -3.85892 37.1
      vertex -18.7446 -5.37493 37.1
      vertex -18.5456 -6.02583 37.1
    endloop
  endfacet
  facet normal -0 0 1
    outer loop
      vertex -19.3932 2.0383 37.1
      vertex -13.9233 1.4634 37.1
      vertex -19.3102 2.71387 37.1
    endloop
  endfacet
  facet normal 0 0 1
    outer loop
      vertex -13.5841 -3.38691 37.1
      vertex -18.9208 -4.71748 37.1
      vertex -18.7446 -5.37493 37.1
    endloop
  endfacet
  facet normal 0 0 1
    outer loop
      vertex -13.9233 1.4634 37.1
      vertex -19.3932 2.0383 37.1
      vertex -13.9659 0.97659 37.1
    endloop
  endfacet
  facet normal 0 0 1
    outer loop
      vertex -13.6941 -2.91076 37.1
      vertex -19.0739 -4.05428 37.1
      vertex -18.9208 -4.71748 37.1
    endloop
  endfacet
  facet normal -0 0 1
    outer loop
      vertex -19.4525 1.36025 37.1
      vertex -13.9659 0.97659 37.1
      vertex -19.3932 2.0383 37.1
    endloop
  endfacet
  facet normal 0 0 1
    outer loop
      vertex -13.7873 -2.43107 37.1
      vertex -19.2038 -3.38614 37.1
      vertex -19.0739 -4.05428 37.1
    endloop
  endfacet
  facet normal 0 0 1
    outer loop
      vertex -13.9659 0.97659 37.1
      vertex -19.4525 1.36025 37.1
      vertex -13.9915 0.488592 37.1
    endloop
  endfacet
  facet normal 0 0 1
    outer loop
      vertex -13.8638 -1.94842 37.1
      vertex -19.3102 -2.71387 37.1
      vertex -19.2038 -3.38614 37.1
    endloop
  endfacet
  facet normal -0 0 1
    outer loop
      vertex -19.4881 0.68054 37.1
      vertex -13.9915 0.488592 37.1
      vertex -19.4525 1.36025 37.1
    endloop
  endfacet
  facet normal 0 0 1
    outer loop
      vertex -13.9233 -1.4634 37.1
      vertex -19.3932 -2.0383 37.1
      vertex -19.3102 -2.71387 37.1
    endloop
  endfacet
  facet normal 0 0 1
    outer loop
      vertex -13.9915 0.488592 37.1
      vertex -19.4881 0.68054 37.1
      vertex -14 0 37.1
    endloop
  endfacet
  facet normal 0 0 1
    outer loop
      vertex -13.9659 -0.97659 37.1
      vertex -19.4525 -1.36025 37.1
      vertex -19.3932 -2.0383 37.1
    endloop
  endfacet
  facet normal 0 0 1
    outer loop
      vertex -19.5 0 37.1
      vertex -14 0 37.1
      vertex -19.4881 0.68054 37.1
    endloop
  endfacet
  facet normal 0 0 1
    outer loop
      vertex -13.9915 -0.488592 37.1
      vertex -19.4881 -0.68054 37.1
      vertex -19.4525 -1.36025 37.1
    endloop
  endfacet
  facet normal 0 0 1
    outer loop
      vertex -14 0 37.1
      vertex -19.5 0 37.1
      vertex -19.4881 -0.68054 37.1
    endloop
  endfacet
  facet normal -0.656171 0.754612 0
    outer loop
      vertex -12.5344 14.9379 36.5
      vertex -13.048 14.4913 37.1
      vertex -12.5344 14.9379 37.1
    endloop
  endfacet
  facet normal -0.656171 0.754612 0
    outer loop
      vertex -13.048 14.4913 37.1
      vertex -12.5344 14.9379 36.5
      vertex -13.048 14.4913 36.5
    endloop
  endfacet
  facet normal -0.390798 0.920476 0
    outer loop
      vertex -7.30483 18.0801 36.5
      vertex -7.93136 17.8141 37.1
      vertex -7.30483 18.0801 37.1
    endloop
  endfacet
  facet normal -0.390798 0.920476 0
    outer loop
      vertex -7.93136 17.8141 37.1
      vertex -7.30483 18.0801 36.5
      vertex -7.93136 17.8141 36.5
    endloop
  endfacet
  facet normal -0.422551 0.906339 0
    outer loop
      vertex -7.93136 17.8141 36.5
      vertex -8.54824 17.5265 37.1
      vertex -7.93136 17.8141 37.1
    endloop
  endfacet
  facet normal -0.422551 0.906339 0
    outer loop
      vertex -8.54824 17.5265 37.1
      vertex -7.93136 17.8141 36.5
      vertex -8.54824 17.5265 36.5
    endloop
  endfacet
  facet normal -0.544591 0.838702 0
    outer loop
      vertex -10.3334 16.5369 36.5
      vertex -10.9043 16.1662 37.1
      vertex -10.3334 16.5369 37.1
    endloop
  endfacet
  facet normal -0.544591 0.838702 0
    outer loop
      vertex -10.9043 16.1662 37.1
      vertex -10.3334 16.5369 36.5
      vertex -10.9043 16.1662 36.5
    endloop
  endfacet
  facet normal -0.358339 0.933592 0
    outer loop
      vertex -6.66939 18.324 36.5
      vertex -7.30483 18.0801 37.1
      vertex -6.66939 18.324 37.1
    endloop
  endfacet
  facet normal -0.358339 0.933592 0
    outer loop
      vertex -7.30483 18.0801 37.1
      vertex -6.66939 18.324 36.5
      vertex -7.30483 18.0801 36.5
    endloop
  endfacet
  facet normal -0.190847 0.98162 0
    outer loop
      vertex -3.38614 19.2038 36.5
      vertex -4.05428 19.0739 37.1
      vertex -3.38614 19.2038 37.1
    endloop
  endfacet
  facet normal -0.190847 0.98162 0
    outer loop
      vertex -4.05428 19.0739 37.1
      vertex -3.38614 19.2038 36.5
      vertex -4.05428 19.0739 36.5
    endloop
  endfacet
  facet normal -0.258869 0.965912 0
    outer loop
      vertex -4.71748 18.9208 36.5
      vertex -5.37493 18.7446 37.1
      vertex -4.71748 18.9208 37.1
    endloop
  endfacet
  facet normal -0.258869 0.965912 0
    outer loop
      vertex -5.37493 18.7446 37.1
      vertex -4.71748 18.9208 36.5
      vertex -5.37493 18.7446 36.5
    endloop
  endfacet
  facet normal -0.0174834 0.999847 0
    outer loop
      vertex 0 19.5 36.5
      vertex -0.68054 19.4881 37.1
      vertex 0 19.5 37.1
    endloop
  endfacet
  facet normal -0.0174834 0.999847 0
    outer loop
      vertex -0.68054 19.4881 37.1
      vertex 0 19.5 36.5
      vertex -0.68054 19.4881 36.5
    endloop
  endfacet
  facet normal 0.0174834 -0.999847 0
    outer loop
      vertex 0 -19.5 36.5
      vertex 0.68054 -19.4881 37.1
      vertex 0 -19.5 37.1
    endloop
  endfacet
  facet normal 0.0174834 -0.999847 0
    outer loop
      vertex 0.68054 -19.4881 37.1
      vertex 0 -19.5 36.5
      vertex 0.68054 -19.4881 36.5
    endloop
  endfacet
  facet normal 0.0871241 -0.996197 0
    outer loop
      vertex 1.36025 -19.4525 36.5
      vertex 2.0383 -19.3932 37.1
      vertex 1.36025 -19.4525 37.1
    endloop
  endfacet
  facet normal 0.0871241 -0.996197 0
    outer loop
      vertex 2.0383 -19.3932 37.1
      vertex 1.36025 -19.4525 36.5
      vertex 2.0383 -19.3932 36.5
    endloop
  endfacet
  facet normal 0.358339 -0.933592 0
    outer loop
      vertex 6.66939 -18.324 36.5
      vertex 7.30483 -18.0801 37.1
      vertex 6.66939 -18.324 37.1
    endloop
  endfacet
  facet normal 0.358339 -0.933592 0
    outer loop
      vertex 7.30483 -18.0801 37.1
      vertex 6.66939 -18.324 36.5
      vertex 7.30483 -18.0801 36.5
    endloop
  endfacet
  facet normal 0.57361 -0.819128 0
    outer loop
      vertex 10.9043 -16.1662 36.5
      vertex 11.4618 -15.7758 37.1
      vertex 10.9043 -16.1662 37.1
    endloop
  endfacet
  facet normal 0.57361 -0.819128 0
    outer loop
      vertex 11.4618 -15.7758 37.1
      vertex 10.9043 -16.1662 36.5
      vertex 11.4618 -15.7758 36.5
    endloop
  endfacet
  facet normal 0.544591 -0.838702 0
    outer loop
      vertex 10.3334 -16.5369 36.5
      vertex 10.9043 -16.1662 37.1
      vertex 10.3334 -16.5369 37.1
    endloop
  endfacet
  facet normal 0.544591 -0.838702 0
    outer loop
      vertex 10.9043 -16.1662 37.1
      vertex 10.3334 -16.5369 36.5
      vertex 10.9043 -16.1662 36.5
    endloop
  endfacet
  facet normal 0.798658 -0.601785 0
    outer loop
      vertex 15.3662 -12.0054 37.1
      vertex 15.7758 -11.4618 36.5
      vertex 15.7758 -11.4618 37.1
    endloop
  endfacet
  facet normal 0.798658 -0.601785 0
    outer loop
      vertex 15.7758 -11.4618 36.5
      vertex 15.3662 -12.0054 37.1
      vertex 15.3662 -12.0054 36.5
    endloop
  endfacet
  facet normal 0.933592 -0.358339 0
    outer loop
      vertex 18.0801 -7.30483 37.1
      vertex 18.324 -6.66939 36.5
      vertex 18.324 -6.66939 37.1
    endloop
  endfacet
  facet normal 0.933592 -0.358339 0
    outer loop
      vertex 18.324 -6.66939 36.5
      vertex 18.0801 -7.30483 37.1
      vertex 18.0801 -7.30483 36.5
    endloop
  endfacet
  facet normal 0.945517 -0.325574 0
    outer loop
      vertex 18.324 -6.66939 37.1
      vertex 18.5456 -6.02583 36.5
      vertex 18.5456 -6.02583 37.1
    endloop
  endfacet
  facet normal 0.945517 -0.325574 0
    outer loop
      vertex 18.5456 -6.02583 36.5
      vertex 18.324 -6.66939 37.1
      vertex 18.324 -6.66939 36.5
    endloop
  endfacet
  facet normal 0.974374 -0.224935 0
    outer loop
      vertex 18.9208 -4.71748 37.1
      vertex 19.0739 -4.05428 36.5
      vertex 19.0739 -4.05428 37.1
    endloop
  endfacet
  facet normal 0.974374 -0.224935 0
    outer loop
      vertex 19.0739 -4.05428 36.5
      vertex 18.9208 -4.71748 37.1
      vertex 18.9208 -4.71748 36.5
    endloop
  endfacet
  facet normal 0.987706 -0.156324 0
    outer loop
      vertex 19.2038 -3.38614 37.1
      vertex 19.3102 -2.71387 36.5
      vertex 19.3102 -2.71387 37.1
    endloop
  endfacet
  facet normal 0.987706 -0.156324 0
    outer loop
      vertex 19.3102 -2.71387 36.5
      vertex 19.2038 -3.38614 37.1
      vertex 19.2038 -3.38614 36.5
    endloop
  endfacet
  facet normal 0.998631 -0.0523036 0
    outer loop
      vertex 19.4525 -1.36025 37.1
      vertex 19.4881 -0.68054 36.5
      vertex 19.4881 -0.68054 37.1
    endloop
  endfacet
  facet normal 0.998631 -0.0523036 0
    outer loop
      vertex 19.4881 -0.68054 36.5
      vertex 19.4525 -1.36025 37.1
      vertex 19.4525 -1.36025 36.5
    endloop
  endfacet
  facet normal -0.707107 -0.707107 0
    outer loop
      vertex -13.5458 -14.0271 36.5
      vertex -14.0271 -13.5458 37.1
      vertex -14.0271 -13.5458 36.5
    endloop
  endfacet
  facet normal -0.707107 -0.707107 0
    outer loop
      vertex -14.0271 -13.5458 37.1
      vertex -13.5458 -14.0271 36.5
      vertex -13.5458 -14.0271 37.1
    endloop
  endfacet
  facet normal -0.453989 -0.891008 0
    outer loop
      vertex -9.15469 -17.2175 36.5
      vertex -8.54824 -17.5265 37.1
      vertex -9.15469 -17.2175 37.1
    endloop
  endfacet
  facet normal -0.453989 -0.891008 -0
    outer loop
      vertex -8.54824 -17.5265 37.1
      vertex -9.15469 -17.2175 36.5
      vertex -8.54824 -17.5265 36.5
    endloop
  endfacet
  facet normal -0.544591 -0.838702 0
    outer loop
      vertex -10.9043 -16.1662 36.5
      vertex -10.3334 -16.5369 37.1
      vertex -10.9043 -16.1662 37.1
    endloop
  endfacet
  facet normal -0.544591 -0.838702 -0
    outer loop
      vertex -10.3334 -16.5369 37.1
      vertex -10.9043 -16.1662 36.5
      vertex -10.3334 -16.5369 36.5
    endloop
  endfacet
  facet normal -0.258869 -0.965912 0
    outer loop
      vertex -5.37493 -18.7446 36.5
      vertex -4.71748 -18.9208 37.1
      vertex -5.37493 -18.7446 37.1
    endloop
  endfacet
  facet normal -0.258869 -0.965912 -0
    outer loop
      vertex -4.71748 -18.9208 37.1
      vertex -5.37493 -18.7446 36.5
      vertex -4.71748 -18.9208 36.5
    endloop
  endfacet
  facet normal -0.0523036 -0.998631 0
    outer loop
      vertex -1.36025 -19.4525 36.5
      vertex -0.68054 -19.4881 37.1
      vertex -1.36025 -19.4525 37.1
    endloop
  endfacet
  facet normal -0.0523036 -0.998631 -0
    outer loop
      vertex -0.68054 -19.4881 37.1
      vertex -1.36025 -19.4525 36.5
      vertex -0.68054 -19.4881 36.5
    endloop
  endfacet
  facet normal -0.798658 -0.601785 0
    outer loop
      vertex -15.3662 -12.0054 36.5
      vertex -15.7758 -11.4618 37.1
      vertex -15.7758 -11.4618 36.5
    endloop
  endfacet
  facet normal -0.798658 -0.601785 0
    outer loop
      vertex -15.7758 -11.4618 37.1
      vertex -15.3662 -12.0054 36.5
      vertex -15.3662 -12.0054 37.1
    endloop
  endfacet
  facet normal -0.7772 -0.629253 0
    outer loop
      vertex -14.9379 -12.5344 36.5
      vertex -15.3662 -12.0054 37.1
      vertex -15.3662 -12.0054 36.5
    endloop
  endfacet
  facet normal -0.7772 -0.629253 0
    outer loop
      vertex -15.3662 -12.0054 37.1
      vertex -14.9379 -12.5344 36.5
      vertex -14.9379 -12.5344 37.1
    endloop
  endfacet
  facet normal -0.891008 -0.453989 0
    outer loop
      vertex -17.2175 -9.15469 36.5
      vertex -17.5265 -8.54824 37.1
      vertex -17.5265 -8.54824 36.5
    endloop
  endfacet
  facet normal -0.891008 -0.453989 0
    outer loop
      vertex -17.5265 -8.54824 37.1
      vertex -17.2175 -9.15469 36.5
      vertex -17.2175 -9.15469 37.1
    endloop
  endfacet
  facet normal -0.933592 -0.358339 0
    outer loop
      vertex -18.0801 -7.30483 36.5
      vertex -18.324 -6.66939 37.1
      vertex -18.324 -6.66939 36.5
    endloop
  endfacet
  facet normal -0.933592 -0.358339 0
    outer loop
      vertex -18.324 -6.66939 37.1
      vertex -18.0801 -7.30483 36.5
      vertex -18.0801 -7.30483 37.1
    endloop
  endfacet
  facet normal -0.965912 -0.258869 0
    outer loop
      vertex -18.7446 -5.37493 36.5
      vertex -18.9208 -4.71748 37.1
      vertex -18.9208 -4.71748 36.5
    endloop
  endfacet
  facet normal -0.965912 -0.258869 0
    outer loop
      vertex -18.9208 -4.71748 37.1
      vertex -18.7446 -5.37493 36.5
      vertex -18.7446 -5.37493 37.1
    endloop
  endfacet
  facet normal -0.956305 -0.292372 0
    outer loop
      vertex -18.5456 -6.02583 36.5
      vertex -18.7446 -5.37493 37.1
      vertex -18.7446 -5.37493 36.5
    endloop
  endfacet
  facet normal -0.956305 -0.292372 0
    outer loop
      vertex -18.7446 -5.37493 37.1
      vertex -18.5456 -6.02583 36.5
      vertex -18.5456 -6.02583 37.1
    endloop
  endfacet
  facet normal -0.996197 -0.0871241 0
    outer loop
      vertex -19.3932 -2.0383 36.5
      vertex -19.4525 -1.36025 37.1
      vertex -19.4525 -1.36025 36.5
    endloop
  endfacet
  facet normal -0.996197 -0.0871241 0
    outer loop
      vertex -19.4525 -1.36025 37.1
      vertex -19.3932 -2.0383 36.5
      vertex -19.3932 -2.0383 37.1
    endloop
  endfacet
  facet normal -0.992537 -0.121942 0
    outer loop
      vertex -19.3102 -2.71387 36.5
      vertex -19.3932 -2.0383 37.1
      vertex -19.3932 -2.0383 36.5
    endloop
  endfacet
  facet normal -0.992537 -0.121942 0
    outer loop
      vertex -19.3932 -2.0383 37.1
      vertex -19.3102 -2.71387 36.5
      vertex -19.3102 -2.71387 37.1
    endloop
  endfacet
  facet normal -0.999847 -0.0174834 0
    outer loop
      vertex -19.4881 -0.68054 36.5
      vertex -19.5 0 37.1
      vertex -19.5 0 36.5
    endloop
  endfacet
  facet normal -0.999847 -0.0174834 0
    outer loop
      vertex -19.5 0 37.1
      vertex -19.4881 -0.68054 36.5
      vertex -19.4881 -0.68054 37.1
    endloop
  endfacet
  facet normal 0.996197 0.0871241 0
    outer loop
      vertex 19.4525 1.36025 37.1
      vertex 19.3932 2.0383 36.5
      vertex 19.3932 2.0383 37.1
    endloop
  endfacet
  facet normal 0.996197 0.0871241 0
    outer loop
      vertex 19.3932 2.0383 36.5
      vertex 19.4525 1.36025 37.1
      vertex 19.4525 1.36025 36.5
    endloop
  endfacet
  facet normal 0.974374 0.224935 0
    outer loop
      vertex 19.0739 4.05428 37.1
      vertex 18.9208 4.71748 36.5
      vertex 18.9208 4.71748 37.1
    endloop
  endfacet
  facet normal 0.974374 0.224935 0
    outer loop
      vertex 18.9208 4.71748 36.5
      vertex 19.0739 4.05428 37.1
      vertex 19.0739 4.05428 36.5
    endloop
  endfacet
  facet normal 0.98162 0.190847 0
    outer loop
      vertex 19.2038 3.38614 37.1
      vertex 19.0739 4.05428 36.5
      vertex 19.0739 4.05428 37.1
    endloop
  endfacet
  facet normal 0.98162 0.190847 0
    outer loop
      vertex 19.0739 4.05428 36.5
      vertex 19.2038 3.38614 37.1
      vertex 19.2038 3.38614 36.5
    endloop
  endfacet
  facet normal 0.956305 0.292372 0
    outer loop
      vertex 18.7446 5.37493 37.1
      vertex 18.5456 6.02583 36.5
      vertex 18.5456 6.02583 37.1
    endloop
  endfacet
  facet normal 0.956305 0.292372 0
    outer loop
      vertex 18.5456 6.02583 36.5
      vertex 18.7446 5.37493 37.1
      vertex 18.7446 5.37493 36.5
    endloop
  endfacet
  facet normal 0.754612 0.656171 0
    outer loop
      vertex 14.9379 12.5344 37.1
      vertex 14.4913 13.048 36.5
      vertex 14.4913 13.048 37.1
    endloop
  endfacet
  facet normal 0.754612 0.656171 0
    outer loop
      vertex 14.4913 13.048 36.5
      vertex 14.9379 12.5344 37.1
      vertex 14.9379 12.5344 36.5
    endloop
  endfacet
  facet normal 0.819128 0.57361 0
    outer loop
      vertex 16.1662 10.9043 37.1
      vertex 15.7758 11.4618 36.5
      vertex 15.7758 11.4618 37.1
    endloop
  endfacet
  facet normal 0.819128 0.57361 0
    outer loop
      vertex 15.7758 11.4618 36.5
      vertex 16.1662 10.9043 37.1
      vertex 16.1662 10.9043 36.5
    endloop
  endfacet
  facet normal 0.838702 0.544591 0
    outer loop
      vertex 16.5369 10.3334 37.1
      vertex 16.1662 10.9043 36.5
      vertex 16.1662 10.9043 37.1
    endloop
  endfacet
  facet normal 0.838702 0.544591 0
    outer loop
      vertex 16.1662 10.9043 36.5
      vertex 16.5369 10.3334 37.1
      vertex 16.5369 10.3334 36.5
    endloop
  endfacet
  facet normal 0.891008 0.453989 0
    outer loop
      vertex 17.5265 8.54824 37.1
      vertex 17.2175 9.15469 36.5
      vertex 17.2175 9.15469 37.1
    endloop
  endfacet
  facet normal 0.891008 0.453989 0
    outer loop
      vertex 17.2175 9.15469 36.5
      vertex 17.5265 8.54824 37.1
      vertex 17.5265 8.54824 36.5
    endloop
  endfacet
  facet normal 0.325574 0.945517 -0
    outer loop
      vertex 6.66939 18.324 36.5
      vertex 6.02583 18.5456 37.1
      vertex 6.66939 18.324 37.1
    endloop
  endfacet
  facet normal 0.325574 0.945517 0
    outer loop
      vertex 6.02583 18.5456 37.1
      vertex 6.66939 18.324 36.5
      vertex 6.02583 18.5456 36.5
    endloop
  endfacet
  facet normal 0.190847 0.98162 -0
    outer loop
      vertex 4.05428 19.0739 36.5
      vertex 3.38614 19.2038 37.1
      vertex 4.05428 19.0739 37.1
    endloop
  endfacet
  facet normal 0.190847 0.98162 0
    outer loop
      vertex 3.38614 19.2038 37.1
      vertex 4.05428 19.0739 36.5
      vertex 3.38614 19.2038 36.5
    endloop
  endfacet
  facet normal 0.224935 0.974374 -0
    outer loop
      vertex 4.71748 18.9208 36.5
      vertex 4.05428 19.0739 37.1
      vertex 4.71748 18.9208 37.1
    endloop
  endfacet
  facet normal 0.224935 0.974374 0
    outer loop
      vertex 4.05428 19.0739 37.1
      vertex 4.71748 18.9208 36.5
      vertex 4.05428 19.0739 36.5
    endloop
  endfacet
  facet normal 0.121942 0.992537 -0
    outer loop
      vertex 2.71387 19.3102 36.5
      vertex 2.0383 19.3932 37.1
      vertex 2.71387 19.3102 37.1
    endloop
  endfacet
  facet normal 0.121942 0.992537 0
    outer loop
      vertex 2.0383 19.3932 37.1
      vertex 2.71387 19.3102 36.5
      vertex 2.0383 19.3932 36.5
    endloop
  endfacet
  facet normal 0.484826 0.874611 -0
    outer loop
      vertex 9.75 16.8875 36.5
      vertex 9.15469 17.2175 37.1
      vertex 9.75 16.8875 37.1
    endloop
  endfacet
  facet normal 0.484826 0.874611 0
    outer loop
      vertex 9.15469 17.2175 37.1
      vertex 9.75 16.8875 36.5
      vertex 9.15469 17.2175 36.5
    endloop
  endfacet
  facet normal 0.544591 0.838702 -0
    outer loop
      vertex 10.9043 16.1662 36.5
      vertex 10.3334 16.5369 37.1
      vertex 10.9043 16.1662 37.1
    endloop
  endfacet
  facet normal 0.544591 0.838702 0
    outer loop
      vertex 10.3334 16.5369 37.1
      vertex 10.9043 16.1662 36.5
      vertex 10.3334 16.5369 36.5
    endloop
  endfacet
  facet normal 0.57361 0.819128 -0
    outer loop
      vertex 11.4618 15.7758 36.5
      vertex 10.9043 16.1662 37.1
      vertex 11.4618 15.7758 37.1
    endloop
  endfacet
  facet normal 0.57361 0.819128 0
    outer loop
      vertex 10.9043 16.1662 37.1
      vertex 11.4618 15.7758 36.5
      vertex 10.9043 16.1662 36.5
    endloop
  endfacet
  facet normal 0.656171 0.754612 -0
    outer loop
      vertex 13.048 14.4913 36.5
      vertex 12.5344 14.9379 37.1
      vertex 13.048 14.4913 37.1
    endloop
  endfacet
  facet normal 0.656171 0.754612 0
    outer loop
      vertex 12.5344 14.9379 37.1
      vertex 13.048 14.4913 36.5
      vertex 12.5344 14.9379 36.5
    endloop
  endfacet
  facet normal 0.681994 0.731358 -0
    outer loop
      vertex 13.5458 14.0271 36.5
      vertex 13.048 14.4913 37.1
      vertex 13.5458 14.0271 37.1
    endloop
  endfacet
  facet normal 0.681994 0.731358 0
    outer loop
      vertex 13.048 14.4913 37.1
      vertex 13.5458 14.0271 36.5
      vertex 13.048 14.4913 36.5
    endloop
  endfacet
  facet normal -0.819128 0.57361 0
    outer loop
      vertex -16.1662 10.9043 36.5
      vertex -15.7758 11.4618 37.1
      vertex -15.7758 11.4618 36.5
    endloop
  endfacet
  facet normal -0.819128 0.57361 0
    outer loop
      vertex -15.7758 11.4618 37.1
      vertex -16.1662 10.9043 36.5
      vertex -16.1662 10.9043 37.1
    endloop
  endfacet
  facet normal -0.754612 0.656171 0
    outer loop
      vertex -14.9379 12.5344 36.5
      vertex -14.4913 13.048 37.1
      vertex -14.4913 13.048 36.5
    endloop
  endfacet
  facet normal -0.754612 0.656171 0
    outer loop
      vertex -14.4913 13.048 37.1
      vertex -14.9379 12.5344 36.5
      vertex -14.9379 12.5344 37.1
    endloop
  endfacet
  facet normal -0.920476 0.390798 0
    outer loop
      vertex -18.0801 7.30483 36.5
      vertex -17.8141 7.93136 37.1
      vertex -17.8141 7.93136 36.5
    endloop
  endfacet
  facet normal -0.920476 0.390798 0
    outer loop
      vertex -17.8141 7.93136 37.1
      vertex -18.0801 7.30483 36.5
      vertex -18.0801 7.30483 37.1
    endloop
  endfacet
  facet normal -0.85713 0.515101 0
    outer loop
      vertex -16.8875 9.75 36.5
      vertex -16.5369 10.3334 37.1
      vertex -16.5369 10.3334 36.5
    endloop
  endfacet
  facet normal -0.85713 0.515101 0
    outer loop
      vertex -16.5369 10.3334 37.1
      vertex -16.8875 9.75 36.5
      vertex -16.8875 9.75 37.1
    endloop
  endfacet
  facet normal -0.945517 0.325574 0
    outer loop
      vertex -18.5456 6.02583 36.5
      vertex -18.324 6.66939 37.1
      vertex -18.324 6.66939 36.5
    endloop
  endfacet
  facet normal -0.945517 0.325574 0
    outer loop
      vertex -18.324 6.66939 37.1
      vertex -18.5456 6.02583 36.5
      vertex -18.5456 6.02583 37.1
    endloop
  endfacet
  facet normal -0.98162 0.190847 0
    outer loop
      vertex -19.2038 3.38614 36.5
      vertex -19.0739 4.05428 37.1
      vertex -19.0739 4.05428 36.5
    endloop
  endfacet
  facet normal -0.98162 0.190847 0
    outer loop
      vertex -19.0739 4.05428 37.1
      vertex -19.2038 3.38614 36.5
      vertex -19.2038 3.38614 37.1
    endloop
  endfacet
  facet normal -0.974374 0.224935 0
    outer loop
      vertex -19.0739 4.05428 36.5
      vertex -18.9208 4.71748 37.1
      vertex -18.9208 4.71748 36.5
    endloop
  endfacet
  facet normal -0.974374 0.224935 0
    outer loop
      vertex -18.9208 4.71748 37.1
      vertex -19.0739 4.05428 36.5
      vertex -19.0739 4.05428 37.1
    endloop
  endfacet
  facet normal -0.992537 0.121942 0
    outer loop
      vertex -19.3932 2.0383 36.5
      vertex -19.3102 2.71387 37.1
      vertex -19.3102 2.71387 36.5
    endloop
  endfacet
  facet normal -0.992537 0.121942 0
    outer loop
      vertex -19.3102 2.71387 37.1
      vertex -19.3932 2.0383 36.5
      vertex -19.3932 2.0383 37.1
    endloop
  endfacet
  facet normal -0.484826 0.874611 0
    outer loop
      vertex -9.15469 17.2175 36.5
      vertex -9.75 16.8875 37.1
      vertex -9.15469 17.2175 37.1
    endloop
  endfacet
  facet normal -0.484826 0.874611 0
    outer loop
      vertex -9.75 16.8875 37.1
      vertex -9.15469 17.2175 36.5
      vertex -9.75 16.8875 36.5
    endloop
  endfacet
  facet normal -0.453989 0.891008 0
    outer loop
      vertex -8.54824 17.5265 36.5
      vertex -9.15469 17.2175 37.1
      vertex -8.54824 17.5265 37.1
    endloop
  endfacet
  facet normal -0.453989 0.891008 0
    outer loop
      vertex -9.15469 17.2175 37.1
      vertex -8.54824 17.5265 36.5
      vertex -9.15469 17.2175 36.5
    endloop
  endfacet
  facet normal -0.57361 0.819128 0
    outer loop
      vertex -10.9043 16.1662 36.5
      vertex -11.4618 15.7758 37.1
      vertex -10.9043 16.1662 37.1
    endloop
  endfacet
  facet normal -0.57361 0.819128 0
    outer loop
      vertex -11.4618 15.7758 37.1
      vertex -10.9043 16.1662 36.5
      vertex -11.4618 15.7758 36.5
    endloop
  endfacet
  facet normal -0.224935 0.974374 0
    outer loop
      vertex -4.05428 19.0739 36.5
      vertex -4.71748 18.9208 37.1
      vertex -4.05428 19.0739 37.1
    endloop
  endfacet
  facet normal -0.224935 0.974374 0
    outer loop
      vertex -4.71748 18.9208 37.1
      vertex -4.05428 19.0739 36.5
      vertex -4.71748 18.9208 36.5
    endloop
  endfacet
  facet normal -0.292372 0.956305 0
    outer loop
      vertex -5.37493 18.7446 36.5
      vertex -6.02583 18.5456 37.1
      vertex -5.37493 18.7446 37.1
    endloop
  endfacet
  facet normal -0.292372 0.956305 0
    outer loop
      vertex -6.02583 18.5456 37.1
      vertex -5.37493 18.7446 36.5
      vertex -6.02583 18.5456 36.5
    endloop
  endfacet
  facet normal -0.325574 0.945517 0
    outer loop
      vertex -6.02583 18.5456 36.5
      vertex -6.66939 18.324 37.1
      vertex -6.02583 18.5456 37.1
    endloop
  endfacet
  facet normal -0.325574 0.945517 0
    outer loop
      vertex -6.66939 18.324 37.1
      vertex -6.02583 18.5456 36.5
      vertex -6.66939 18.324 36.5
    endloop
  endfacet
  facet normal -0.156324 0.987706 0
    outer loop
      vertex -2.71387 19.3102 36.5
      vertex -3.38614 19.2038 37.1
      vertex -2.71387 19.3102 37.1
    endloop
  endfacet
  facet normal -0.156324 0.987706 0
    outer loop
      vertex -3.38614 19.2038 37.1
      vertex -2.71387 19.3102 36.5
      vertex -3.38614 19.2038 36.5
    endloop
  endfacet
  facet normal -0.121942 0.992537 0
    outer loop
      vertex -2.0383 19.3932 36.5
      vertex -2.71387 19.3102 37.1
      vertex -2.0383 19.3932 37.1
    endloop
  endfacet
  facet normal -0.121942 0.992537 0
    outer loop
      vertex -2.71387 19.3102 37.1
      vertex -2.0383 19.3932 36.5
      vertex -2.71387 19.3102 36.5
    endloop
  endfacet
  facet normal 0.999847 -0.0174834 0
    outer loop
      vertex 19.4881 -0.68054 37.1
      vertex 19.5 0 36.5
      vertex 19.5 0 37.1
    endloop
  endfacet
  facet normal 0.999847 -0.0174834 0
    outer loop
      vertex 19.5 0 36.5
      vertex 19.4881 -0.68054 37.1
      vertex 19.4881 -0.68054 36.5
    endloop
  endfacet
  facet normal 0.0523036 -0.998631 0
    outer loop
      vertex 0.68054 -19.4881 36.5
      vertex 1.36025 -19.4525 37.1
      vertex 0.68054 -19.4881 37.1
    endloop
  endfacet
  facet normal 0.0523036 -0.998631 0
    outer loop
      vertex 1.36025 -19.4525 37.1
      vertex 0.68054 -19.4881 36.5
      vertex 1.36025 -19.4525 36.5
    endloop
  endfacet
  facet normal 0.121942 -0.992537 0
    outer loop
      vertex 2.0383 -19.3932 36.5
      vertex 2.71387 -19.3102 37.1
      vertex 2.0383 -19.3932 37.1
    endloop
  endfacet
  facet normal 0.121942 -0.992537 0
    outer loop
      vertex 2.71387 -19.3102 37.1
      vertex 2.0383 -19.3932 36.5
      vertex 2.71387 -19.3102 36.5
    endloop
  endfacet
  facet normal 0.258869 -0.965912 0
    outer loop
      vertex 4.71748 -18.9208 36.5
      vertex 5.37493 -18.7446 37.1
      vertex 4.71748 -18.9208 37.1
    endloop
  endfacet
  facet normal 0.258869 -0.965912 0
    outer loop
      vertex 5.37493 -18.7446 37.1
      vertex 4.71748 -18.9208 36.5
      vertex 5.37493 -18.7446 36.5
    endloop
  endfacet
  facet normal 0.292372 -0.956305 0
    outer loop
      vertex 5.37493 -18.7446 36.5
      vertex 6.02583 -18.5456 37.1
      vertex 5.37493 -18.7446 37.1
    endloop
  endfacet
  facet normal 0.292372 -0.956305 0
    outer loop
      vertex 6.02583 -18.5456 37.1
      vertex 5.37493 -18.7446 36.5
      vertex 6.02583 -18.5456 36.5
    endloop
  endfacet
  facet normal 0.656171 -0.754612 0
    outer loop
      vertex 12.5344 -14.9379 36.5
      vertex 13.048 -14.4913 37.1
      vertex 12.5344 -14.9379 37.1
    endloop
  endfacet
  facet normal 0.656171 -0.754612 0
    outer loop
      vertex 13.048 -14.4913 37.1
      vertex 12.5344 -14.9379 36.5
      vertex 13.048 -14.4913 36.5
    endloop
  endfacet
  facet normal 0.707107 -0.707107 0
    outer loop
      vertex 13.5458 -14.0271 37.1
      vertex 14.0271 -13.5458 36.5
      vertex 14.0271 -13.5458 37.1
    endloop
  endfacet
  facet normal 0.707107 -0.707107 0
    outer loop
      vertex 14.0271 -13.5458 36.5
      vertex 13.5458 -14.0271 37.1
      vertex 13.5458 -14.0271 36.5
    endloop
  endfacet
  facet normal 0.601785 -0.798658 0
    outer loop
      vertex 11.4618 -15.7758 36.5
      vertex 12.0054 -15.3662 37.1
      vertex 11.4618 -15.7758 37.1
    endloop
  endfacet
  facet normal 0.601785 -0.798658 0
    outer loop
      vertex 12.0054 -15.3662 37.1
      vertex 11.4618 -15.7758 36.5
      vertex 12.0054 -15.3662 36.5
    endloop
  endfacet
  facet normal 0.453989 -0.891008 0
    outer loop
      vertex 8.54824 -17.5265 36.5
      vertex 9.15469 -17.2175 37.1
      vertex 8.54824 -17.5265 37.1
    endloop
  endfacet
  facet normal 0.453989 -0.891008 0
    outer loop
      vertex 9.15469 -17.2175 37.1
      vertex 8.54824 -17.5265 36.5
      vertex 9.15469 -17.2175 36.5
    endloop
  endfacet
  facet normal 0.390798 -0.920476 0
    outer loop
      vertex 7.30483 -18.0801 36.5
      vertex 7.93136 -17.8141 37.1
      vertex 7.30483 -18.0801 37.1
    endloop
  endfacet
  facet normal 0.390798 -0.920476 0
    outer loop
      vertex 7.93136 -17.8141 37.1
      vertex 7.30483 -18.0801 36.5
      vertex 7.93136 -17.8141 36.5
    endloop
  endfacet
  facet normal 0.484826 -0.874611 0
    outer loop
      vertex 9.15469 -17.2175 36.5
      vertex 9.75 -16.8875 37.1
      vertex 9.15469 -17.2175 37.1
    endloop
  endfacet
  facet normal 0.484826 -0.874611 0
    outer loop
      vertex 9.75 -16.8875 37.1
      vertex 9.15469 -17.2175 36.5
      vertex 9.75 -16.8875 36.5
    endloop
  endfacet
  facet normal 0.731358 -0.681994 0
    outer loop
      vertex 14.0271 -13.5458 37.1
      vertex 14.4913 -13.048 36.5
      vertex 14.4913 -13.048 37.1
    endloop
  endfacet
  facet normal 0.731358 -0.681994 0
    outer loop
      vertex 14.4913 -13.048 36.5
      vertex 14.0271 -13.5458 37.1
      vertex 14.0271 -13.5458 36.5
    endloop
  endfacet
  facet normal 0.819128 -0.57361 0
    outer loop
      vertex 15.7758 -11.4618 37.1
      vertex 16.1662 -10.9043 36.5
      vertex 16.1662 -10.9043 37.1
    endloop
  endfacet
  facet normal 0.819128 -0.57361 0
    outer loop
      vertex 16.1662 -10.9043 36.5
      vertex 15.7758 -11.4618 37.1
      vertex 15.7758 -11.4618 36.5
    endloop
  endfacet
  facet normal 0.838702 -0.544591 0
    outer loop
      vertex 16.1662 -10.9043 37.1
      vertex 16.5369 -10.3334 36.5
      vertex 16.5369 -10.3334 37.1
    endloop
  endfacet
  facet normal 0.838702 -0.544591 0
    outer loop
      vertex 16.5369 -10.3334 36.5
      vertex 16.1662 -10.9043 37.1
      vertex 16.1662 -10.9043 36.5
    endloop
  endfacet
  facet normal 0.7772 -0.629253 0
    outer loop
      vertex 14.9379 -12.5344 37.1
      vertex 15.3662 -12.0054 36.5
      vertex 15.3662 -12.0054 37.1
    endloop
  endfacet
  facet normal 0.7772 -0.629253 0
    outer loop
      vertex 15.3662 -12.0054 36.5
      vertex 14.9379 -12.5344 37.1
      vertex 14.9379 -12.5344 36.5
    endloop
  endfacet
  facet normal 0.874611 -0.484826 0
    outer loop
      vertex 16.8875 -9.75 37.1
      vertex 17.2175 -9.15469 36.5
      vertex 17.2175 -9.15469 37.1
    endloop
  endfacet
  facet normal 0.874611 -0.484826 0
    outer loop
      vertex 17.2175 -9.15469 36.5
      vertex 16.8875 -9.75 37.1
      vertex 16.8875 -9.75 36.5
    endloop
  endfacet
  facet normal 0.906339 -0.422551 0
    outer loop
      vertex 17.5265 -8.54824 37.1
      vertex 17.8141 -7.93136 36.5
      vertex 17.8141 -7.93136 37.1
    endloop
  endfacet
  facet normal 0.906339 -0.422551 0
    outer loop
      vertex 17.8141 -7.93136 36.5
      vertex 17.5265 -8.54824 37.1
      vertex 17.5265 -8.54824 36.5
    endloop
  endfacet
  facet normal 0.956305 -0.292372 0
    outer loop
      vertex 18.5456 -6.02583 37.1
      vertex 18.7446 -5.37493 36.5
      vertex 18.7446 -5.37493 37.1
    endloop
  endfacet
  facet normal 0.956305 -0.292372 0
    outer loop
      vertex 18.7446 -5.37493 36.5
      vertex 18.5456 -6.02583 37.1
      vertex 18.5456 -6.02583 36.5
    endloop
  endfacet
  facet normal 0.98162 -0.190847 0
    outer loop
      vertex 19.0739 -4.05428 37.1
      vertex 19.2038 -3.38614 36.5
      vertex 19.2038 -3.38614 37.1
    endloop
  endfacet
  facet normal 0.98162 -0.190847 0
    outer loop
      vertex 19.2038 -3.38614 36.5
      vertex 19.0739 -4.05428 37.1
      vertex 19.0739 -4.05428 36.5
    endloop
  endfacet
  facet normal 0.996197 -0.0871241 0
    outer loop
      vertex 19.3932 -2.0383 37.1
      vertex 19.4525 -1.36025 36.5
      vertex 19.4525 -1.36025 37.1
    endloop
  endfacet
  facet normal 0.996197 -0.0871241 0
    outer loop
      vertex 19.4525 -1.36025 36.5
      vertex 19.3932 -2.0383 37.1
      vertex 19.3932 -2.0383 36.5
    endloop
  endfacet
  facet normal -0.681994 -0.731358 0
    outer loop
      vertex -13.5458 -14.0271 36.5
      vertex -13.048 -14.4913 37.1
      vertex -13.5458 -14.0271 37.1
    endloop
  endfacet
  facet normal -0.681994 -0.731358 -0
    outer loop
      vertex -13.048 -14.4913 37.1
      vertex -13.5458 -14.0271 36.5
      vertex -13.048 -14.4913 36.5
    endloop
  endfacet
  facet normal -0.57361 -0.819128 0
    outer loop
      vertex -11.4618 -15.7758 36.5
      vertex -10.9043 -16.1662 37.1
      vertex -11.4618 -15.7758 37.1
    endloop
  endfacet
  facet normal -0.57361 -0.819128 -0
    outer loop
      vertex -10.9043 -16.1662 37.1
      vertex -11.4618 -15.7758 36.5
      vertex -10.9043 -16.1662 36.5
    endloop
  endfacet
  facet normal -0.629253 -0.7772 0
    outer loop
      vertex -12.5344 -14.9379 36.5
      vertex -12.0054 -15.3662 37.1
      vertex -12.5344 -14.9379 37.1
    endloop
  endfacet
  facet normal -0.629253 -0.7772 -0
    outer loop
      vertex -12.0054 -15.3662 37.1
      vertex -12.5344 -14.9379 36.5
      vertex -12.0054 -15.3662 36.5
    endloop
  endfacet
  facet normal -0.390798 -0.920476 0
    outer loop
      vertex -7.93136 -17.8141 36.5
      vertex -7.30483 -18.0801 37.1
      vertex -7.93136 -17.8141 37.1
    endloop
  endfacet
  facet normal -0.390798 -0.920476 -0
    outer loop
      vertex -7.30483 -18.0801 37.1
      vertex -7.93136 -17.8141 36.5
      vertex -7.30483 -18.0801 36.5
    endloop
  endfacet
  facet normal -0.422551 -0.906339 0
    outer loop
      vertex -8.54824 -17.5265 36.5
      vertex -7.93136 -17.8141 37.1
      vertex -8.54824 -17.5265 37.1
    endloop
  endfacet
  facet normal -0.422551 -0.906339 -0
    outer loop
      vertex -7.93136 -17.8141 37.1
      vertex -8.54824 -17.5265 36.5
      vertex -7.93136 -17.8141 36.5
    endloop
  endfacet
  facet normal -0.515101 -0.85713 0
    outer loop
      vertex -10.3334 -16.5369 36.5
      vertex -9.75 -16.8875 37.1
      vertex -10.3334 -16.5369 37.1
    endloop
  endfacet
  facet normal -0.515101 -0.85713 -0
    outer loop
      vertex -9.75 -16.8875 37.1
      vertex -10.3334 -16.5369 36.5
      vertex -9.75 -16.8875 36.5
    endloop
  endfacet
  facet normal -0.325574 -0.945517 0
    outer loop
      vertex -6.66939 -18.324 36.5
      vertex -6.02583 -18.5456 37.1
      vertex -6.66939 -18.324 37.1
    endloop
  endfacet
  facet normal -0.325574 -0.945517 -0
    outer loop
      vertex -6.02583 -18.5456 37.1
      vertex -6.66939 -18.324 36.5
      vertex -6.02583 -18.5456 36.5
    endloop
  endfacet
  facet normal -0.224935 -0.974374 0
    outer loop
      vertex -4.71748 -18.9208 36.5
      vertex -4.05428 -19.0739 37.1
      vertex -4.71748 -18.9208 37.1
    endloop
  endfacet
  facet normal -0.224935 -0.974374 -0
    outer loop
      vertex -4.05428 -19.0739 37.1
      vertex -4.71748 -18.9208 36.5
      vertex -4.05428 -19.0739 36.5
    endloop
  endfacet
  facet normal -0.156324 -0.987706 0
    outer loop
      vertex -3.38614 -19.2038 36.5
      vertex -2.71387 -19.3102 37.1
      vertex -3.38614 -19.2038 37.1
    endloop
  endfacet
  facet normal -0.156324 -0.987706 -0
    outer loop
      vertex -2.71387 -19.3102 37.1
      vertex -3.38614 -19.2038 36.5
      vertex -2.71387 -19.3102 36.5
    endloop
  endfacet
  facet normal -0.838702 -0.544591 0
    outer loop
      vertex -16.1662 -10.9043 36.5
      vertex -16.5369 -10.3334 37.1
      vertex -16.5369 -10.3334 36.5
    endloop
  endfacet
  facet normal -0.838702 -0.544591 0
    outer loop
      vertex -16.5369 -10.3334 37.1
      vertex -16.1662 -10.9043 36.5
      vertex -16.1662 -10.9043 37.1
    endloop
  endfacet
  facet normal -0.906339 -0.422551 0
    outer loop
      vertex -17.5265 -8.54824 36.5
      vertex -17.8141 -7.93136 37.1
      vertex -17.8141 -7.93136 36.5
    endloop
  endfacet
  facet normal -0.906339 -0.422551 0
    outer loop
      vertex -17.8141 -7.93136 37.1
      vertex -17.5265 -8.54824 36.5
      vertex -17.5265 -8.54824 37.1
    endloop
  endfacet
  facet normal -0.85713 -0.515101 0
    outer loop
      vertex -16.5369 -10.3334 36.5
      vertex -16.8875 -9.75 37.1
      vertex -16.8875 -9.75 36.5
    endloop
  endfacet
  facet normal -0.85713 -0.515101 0
    outer loop
      vertex -16.8875 -9.75 37.1
      vertex -16.5369 -10.3334 36.5
      vertex -16.5369 -10.3334 37.1
    endloop
  endfacet
  facet normal -0.98162 -0.190847 0
    outer loop
      vertex -19.0739 -4.05428 36.5
      vertex -19.2038 -3.38614 37.1
      vertex -19.2038 -3.38614 36.5
    endloop
  endfacet
  facet normal -0.98162 -0.190847 0
    outer loop
      vertex -19.2038 -3.38614 37.1
      vertex -19.0739 -4.05428 36.5
      vertex -19.0739 -4.05428 37.1
    endloop
  endfacet
  facet normal -0.945517 -0.325574 0
    outer loop
      vertex -18.324 -6.66939 36.5
      vertex -18.5456 -6.02583 37.1
      vertex -18.5456 -6.02583 36.5
    endloop
  endfacet
  facet normal -0.945517 -0.325574 0
    outer loop
      vertex -18.5456 -6.02583 37.1
      vertex -18.324 -6.66939 36.5
      vertex -18.324 -6.66939 37.1
    endloop
  endfacet
  facet normal -0.998631 -0.0523036 0
    outer loop
      vertex -19.4525 -1.36025 36.5
      vertex -19.4881 -0.68054 37.1
      vertex -19.4881 -0.68054 36.5
    endloop
  endfacet
  facet normal -0.998631 -0.0523036 0
    outer loop
      vertex -19.4881 -0.68054 37.1
      vertex -19.4525 -1.36025 36.5
      vertex -19.4525 -1.36025 37.1
    endloop
  endfacet
  facet normal -0.7772 0.629253 0
    outer loop
      vertex -15.3662 12.0054 36.5
      vertex -14.9379 12.5344 37.1
      vertex -14.9379 12.5344 36.5
    endloop
  endfacet
  facet normal -0.7772 0.629253 0
    outer loop
      vertex -14.9379 12.5344 37.1
      vertex -15.3662 12.0054 36.5
      vertex -15.3662 12.0054 37.1
    endloop
  endfacet
  facet normal -0.906339 0.422551 0
    outer loop
      vertex -17.8141 7.93136 36.5
      vertex -17.5265 8.54824 37.1
      vertex -17.5265 8.54824 36.5
    endloop
  endfacet
  facet normal -0.906339 0.422551 0
    outer loop
      vertex -17.5265 8.54824 37.1
      vertex -17.8141 7.93136 36.5
      vertex -17.8141 7.93136 37.1
    endloop
  endfacet
  facet normal 0.156324 -0.987706 0
    outer loop
      vertex 2.71387 -19.3102 36.5
      vertex 3.38614 -19.2038 37.1
      vertex 2.71387 -19.3102 37.1
    endloop
  endfacet
  facet normal 0.156324 -0.987706 0
    outer loop
      vertex 3.38614 -19.2038 37.1
      vertex 2.71387 -19.3102 36.5
      vertex 3.38614 -19.2038 36.5
    endloop
  endfacet
  facet normal 0.224935 -0.974374 0
    outer loop
      vertex 4.05428 -19.0739 36.5
      vertex 4.71748 -18.9208 37.1
      vertex 4.05428 -19.0739 37.1
    endloop
  endfacet
  facet normal 0.224935 -0.974374 0
    outer loop
      vertex 4.71748 -18.9208 37.1
      vertex 4.05428 -19.0739 36.5
      vertex 4.71748 -18.9208 36.5
    endloop
  endfacet
  facet normal 0.325574 -0.945517 0
    outer loop
      vertex 6.02583 -18.5456 36.5
      vertex 6.66939 -18.324 37.1
      vertex 6.02583 -18.5456 37.1
    endloop
  endfacet
  facet normal 0.325574 -0.945517 0
    outer loop
      vertex 6.66939 -18.324 37.1
      vertex 6.02583 -18.5456 36.5
      vertex 6.66939 -18.324 36.5
    endloop
  endfacet
  facet normal 0.681994 -0.731358 0
    outer loop
      vertex 13.048 -14.4913 36.5
      vertex 13.5458 -14.0271 37.1
      vertex 13.048 -14.4913 37.1
    endloop
  endfacet
  facet normal 0.681994 -0.731358 0
    outer loop
      vertex 13.5458 -14.0271 37.1
      vertex 13.048 -14.4913 36.5
      vertex 13.5458 -14.0271 36.5
    endloop
  endfacet
  facet normal 0.629253 -0.7772 0
    outer loop
      vertex 12.0054 -15.3662 36.5
      vertex 12.5344 -14.9379 37.1
      vertex 12.0054 -15.3662 37.1
    endloop
  endfacet
  facet normal 0.629253 -0.7772 0
    outer loop
      vertex 12.5344 -14.9379 37.1
      vertex 12.0054 -15.3662 36.5
      vertex 12.5344 -14.9379 36.5
    endloop
  endfacet
  facet normal 0.422551 -0.906339 0
    outer loop
      vertex 7.93136 -17.8141 36.5
      vertex 8.54824 -17.5265 37.1
      vertex 7.93136 -17.8141 37.1
    endloop
  endfacet
  facet normal 0.422551 -0.906339 0
    outer loop
      vertex 8.54824 -17.5265 37.1
      vertex 7.93136 -17.8141 36.5
      vertex 8.54824 -17.5265 36.5
    endloop
  endfacet
  facet normal 0.515101 -0.85713 0
    outer loop
      vertex 9.75 -16.8875 36.5
      vertex 10.3334 -16.5369 37.1
      vertex 9.75 -16.8875 37.1
    endloop
  endfacet
  facet normal 0.515101 -0.85713 0
    outer loop
      vertex 10.3334 -16.5369 37.1
      vertex 9.75 -16.8875 36.5
      vertex 10.3334 -16.5369 36.5
    endloop
  endfacet
  facet normal 0.754612 -0.656171 0
    outer loop
      vertex 14.4913 -13.048 37.1
      vertex 14.9379 -12.5344 36.5
      vertex 14.9379 -12.5344 37.1
    endloop
  endfacet
  facet normal 0.754612 -0.656171 0
    outer loop
      vertex 14.9379 -12.5344 36.5
      vertex 14.4913 -13.048 37.1
      vertex 14.4913 -13.048 36.5
    endloop
  endfacet
  facet normal 0.891008 -0.453989 0
    outer loop
      vertex 17.2175 -9.15469 37.1
      vertex 17.5265 -8.54824 36.5
      vertex 17.5265 -8.54824 37.1
    endloop
  endfacet
  facet normal 0.891008 -0.453989 0
    outer loop
      vertex 17.5265 -8.54824 36.5
      vertex 17.2175 -9.15469 37.1
      vertex 17.2175 -9.15469 36.5
    endloop
  endfacet
  facet normal 0.920476 -0.390798 0
    outer loop
      vertex 17.8141 -7.93136 37.1
      vertex 18.0801 -7.30483 36.5
      vertex 18.0801 -7.30483 37.1
    endloop
  endfacet
  facet normal 0.920476 -0.390798 0
    outer loop
      vertex 18.0801 -7.30483 36.5
      vertex 17.8141 -7.93136 37.1
      vertex 17.8141 -7.93136 36.5
    endloop
  endfacet
  facet normal 0.965912 -0.258869 0
    outer loop
      vertex 18.7446 -5.37493 37.1
      vertex 18.9208 -4.71748 36.5
      vertex 18.9208 -4.71748 37.1
    endloop
  endfacet
  facet normal 0.965912 -0.258869 0
    outer loop
      vertex 18.9208 -4.71748 36.5
      vertex 18.7446 -5.37493 37.1
      vertex 18.7446 -5.37493 36.5
    endloop
  endfacet
  facet normal 0.992537 -0.121942 0
    outer loop
      vertex 19.3102 -2.71387 37.1
      vertex 19.3932 -2.0383 36.5
      vertex 19.3932 -2.0383 37.1
    endloop
  endfacet
  facet normal 0.992537 -0.121942 0
    outer loop
      vertex 19.3932 -2.0383 36.5
      vertex 19.3102 -2.71387 37.1
      vertex 19.3102 -2.71387 36.5
    endloop
  endfacet
  facet normal -0.656171 -0.754612 0
    outer loop
      vertex -13.048 -14.4913 36.5
      vertex -12.5344 -14.9379 37.1
      vertex -13.048 -14.4913 37.1
    endloop
  endfacet
  facet normal -0.656171 -0.754612 -0
    outer loop
      vertex -12.5344 -14.9379 37.1
      vertex -13.048 -14.4913 36.5
      vertex -12.5344 -14.9379 36.5
    endloop
  endfacet
  facet normal -0.601785 -0.798658 0
    outer loop
      vertex -12.0054 -15.3662 36.5
      vertex -11.4618 -15.7758 37.1
      vertex -12.0054 -15.3662 37.1
    endloop
  endfacet
  facet normal -0.601785 -0.798658 -0
    outer loop
      vertex -11.4618 -15.7758 37.1
      vertex -12.0054 -15.3662 36.5
      vertex -11.4618 -15.7758 36.5
    endloop
  endfacet
  facet normal -0.484826 -0.874611 0
    outer loop
      vertex -9.75 -16.8875 36.5
      vertex -9.15469 -17.2175 37.1
      vertex -9.75 -16.8875 37.1
    endloop
  endfacet
  facet normal -0.484826 -0.874611 -0
    outer loop
      vertex -9.15469 -17.2175 37.1
      vertex -9.75 -16.8875 36.5
      vertex -9.15469 -17.2175 36.5
    endloop
  endfacet
  facet normal -0.292372 -0.956305 0
    outer loop
      vertex -6.02583 -18.5456 36.5
      vertex -5.37493 -18.7446 37.1
      vertex -6.02583 -18.5456 37.1
    endloop
  endfacet
  facet normal -0.292372 -0.956305 -0
    outer loop
      vertex -5.37493 -18.7446 37.1
      vertex -6.02583 -18.5456 36.5
      vertex -5.37493 -18.7446 36.5
    endloop
  endfacet
  facet normal -0.190847 -0.98162 0
    outer loop
      vertex -4.05428 -19.0739 36.5
      vertex -3.38614 -19.2038 37.1
      vertex -4.05428 -19.0739 37.1
    endloop
  endfacet
  facet normal -0.190847 -0.98162 -0
    outer loop
      vertex -3.38614 -19.2038 37.1
      vertex -4.05428 -19.0739 36.5
      vertex -3.38614 -19.2038 36.5
    endloop
  endfacet
  facet normal -0.121942 -0.992537 0
    outer loop
      vertex -2.71387 -19.3102 36.5
      vertex -2.0383 -19.3932 37.1
      vertex -2.71387 -19.3102 37.1
    endloop
  endfacet
  facet normal -0.121942 -0.992537 -0
    outer loop
      vertex -2.0383 -19.3932 37.1
      vertex -2.71387 -19.3102 36.5
      vertex -2.0383 -19.3932 36.5
    endloop
  endfacet
  facet normal -0.731358 -0.681994 0
    outer loop
      vertex -14.0271 -13.5458 36.5
      vertex -14.4913 -13.048 37.1
      vertex -14.4913 -13.048 36.5
    endloop
  endfacet
  facet normal -0.731358 -0.681994 0
    outer loop
      vertex -14.4913 -13.048 37.1
      vertex -14.0271 -13.5458 36.5
      vertex -14.0271 -13.5458 37.1
    endloop
  endfacet
  facet normal -0.819128 -0.57361 0
    outer loop
      vertex -15.7758 -11.4618 36.5
      vertex -16.1662 -10.9043 37.1
      vertex -16.1662 -10.9043 36.5
    endloop
  endfacet
  facet normal -0.819128 -0.57361 0
    outer loop
      vertex -16.1662 -10.9043 37.1
      vertex -15.7758 -11.4618 36.5
      vertex -15.7758 -11.4618 37.1
    endloop
  endfacet
  facet normal -0.874611 -0.484826 0
    outer loop
      vertex -16.8875 -9.75 36.5
      vertex -17.2175 -9.15469 37.1
      vertex -17.2175 -9.15469 36.5
    endloop
  endfacet
  facet normal -0.874611 -0.484826 0
    outer loop
      vertex -17.2175 -9.15469 37.1
      vertex -16.8875 -9.75 36.5
      vertex -16.8875 -9.75 37.1
    endloop
  endfacet
  facet normal -0.974374 -0.224935 0
    outer loop
      vertex -18.9208 -4.71748 36.5
      vertex -19.0739 -4.05428 37.1
      vertex -19.0739 -4.05428 36.5
    endloop
  endfacet
  facet normal -0.974374 -0.224935 0
    outer loop
      vertex -19.0739 -4.05428 37.1
      vertex -18.9208 -4.71748 36.5
      vertex -18.9208 -4.71748 37.1
    endloop
  endfacet
  facet normal -0.987706 -0.156324 0
    outer loop
      vertex -19.2038 -3.38614 36.5
      vertex -19.3102 -2.71387 37.1
      vertex -19.3102 -2.71387 36.5
    endloop
  endfacet
  facet normal -0.987706 -0.156324 0
    outer loop
      vertex -19.3102 -2.71387 37.1
      vertex -19.2038 -3.38614 36.5
      vertex -19.2038 -3.38614 37.1
    endloop
  endfacet
  facet normal -0.731358 0.681994 0
    outer loop
      vertex -14.4913 13.048 36.5
      vertex -14.0271 13.5458 37.1
      vertex -14.0271 13.5458 36.5
    endloop
  endfacet
  facet normal -0.731358 0.681994 0
    outer loop
      vertex -14.0271 13.5458 37.1
      vertex -14.4913 13.048 36.5
      vertex -14.4913 13.048 37.1
    endloop
  endfacet
  facet normal 0.999849 0.0173943 0
    outer loop
      vertex 14 0 41
      vertex 13.9915 0.488592 37.1
      vertex 13.9915 0.488592 41
    endloop
  endfacet
  facet normal 0.999849 0.0173943 0
    outer loop
      vertex 13.9915 0.488592 37.1
      vertex 14 0 41
      vertex 14 0 37.1
    endloop
  endfacet
  facet normal -0.999849 0.0173943 0
    outer loop
      vertex -14 0 37.1
      vertex -13.9915 0.488592 41
      vertex -13.9915 0.488592 37.1
    endloop
  endfacet
  facet normal -0.999849 0.0173943 0
    outer loop
      vertex -13.9915 0.488592 41
      vertex -14 0 37.1
      vertex -14 0 41
    endloop
  endfacet
  facet normal 0.0173943 0.999849 -0
    outer loop
      vertex 0.488592 13.9915 37.1
      vertex 0 14 41
      vertex 0.488592 13.9915 41
    endloop
  endfacet
  facet normal 0.0173943 0.999849 0
    outer loop
      vertex 0 14 41
      vertex 0.488592 13.9915 37.1
      vertex 0 14 37.1
    endloop
  endfacet
  facet normal -0.0173943 -0.999849 0
    outer loop
      vertex -0.488592 -13.9915 37.1
      vertex 0 -14 41
      vertex -0.488592 -13.9915 41
    endloop
  endfacet
  facet normal -0.0173943 -0.999849 -0
    outer loop
      vertex 0 -14 41
      vertex -0.488592 -13.9915 37.1
      vertex 0 -14 37.1
    endloop
  endfacet
  facet normal 0.707107 0.707107 0
    outer loop
      vertex 10.0708 9.72522 41
      vertex 9.72522 10.0708 37.1
      vertex 9.72522 10.0708 41
    endloop
  endfacet
  facet normal 0.707107 0.707107 0
    outer loop
      vertex 9.72522 10.0708 37.1
      vertex 10.0708 9.72522 41
      vertex 10.0708 9.72522 37.1
    endloop
  endfacet
  facet normal -0.68192 0.731427 0
    outer loop
      vertex -9.36783 10.404 37.1
      vertex -9.72522 10.0708 41
      vertex -9.36783 10.404 41
    endloop
  endfacet
  facet normal -0.68192 0.731427 0
    outer loop
      vertex -9.72522 10.0708 41
      vertex -9.36783 10.404 37.1
      vertex -9.72522 10.0708 37.1
    endloop
  endfacet
  facet normal 0.920459 0.39084 0
    outer loop
      vertex 12.9806 5.24449 41
      vertex 12.7896 5.69431 37.1
      vertex 12.7896 5.69431 41
    endloop
  endfacet
  facet normal 0.920459 0.39084 0
    outer loop
      vertex 12.7896 5.69431 37.1
      vertex 12.9806 5.24449 41
      vertex 12.9806 5.24449 37.1
    endloop
  endfacet
  facet normal 0.731427 0.68192 0
    outer loop
      vertex 10.404 9.36783 41
      vertex 10.0708 9.72522 37.1
      vertex 10.0708 9.72522 41
    endloop
  endfacet
  facet normal 0.731427 0.68192 0
    outer loop
      vertex 10.0708 9.72522 37.1
      vertex 10.404 9.36783 41
      vertex 10.404 9.36783 37.1
    endloop
  endfacet
  facet normal 0.42258 0.906326 -0
    outer loop
      vertex 6.1372 12.5831 37.1
      vertex 5.69431 12.7896 41
      vertex 6.1372 12.5831 41
    endloop
  endfacet
  facet normal 0.42258 0.906326 0
    outer loop
      vertex 5.69431 12.7896 41
      vertex 6.1372 12.5831 37.1
      vertex 5.69431 12.7896 37.1
    endloop
  endfacet
  facet normal -0.838621 0.544716 0
    outer loop
      vertex -11.8727 7.41887 37.1
      vertex -11.6065 7.8287 41
      vertex -11.6065 7.8287 37.1
    endloop
  endfacet
  facet normal -0.838621 0.544716 0
    outer loop
      vertex -11.6065 7.8287 41
      vertex -11.8727 7.41887 37.1
      vertex -11.8727 7.41887 41
    endloop
  endfacet
  facet normal -0.629405 0.777078 0
    outer loop
      vertex -8.61926 11.0322 37.1
      vertex -8.99903 10.7246 41
      vertex -8.61926 11.0322 41
    endloop
  endfacet
  facet normal -0.629405 0.777078 0
    outer loop
      vertex -8.99903 10.7246 41
      vertex -8.61926 11.0322 37.1
      vertex -8.99903 10.7246 37.1
    endloop
  endfacet
  facet normal -0.121763 0.992559 0
    outer loop
      vertex -1.4634 13.9233 37.1
      vertex -1.94842 13.8638 41
      vertex -1.4634 13.9233 41
    endloop
  endfacet
  facet normal -0.121763 0.992559 0
    outer loop
      vertex -1.94842 13.8638 41
      vertex -1.4634 13.9233 37.1
      vertex -1.94842 13.8638 37.1
    endloop
  endfacet
  facet normal 0.857151 -0.515064 0
    outer loop
      vertex 11.8727 -7.41887 41
      vertex 12.1244 -7 37.1
      vertex 12.1244 -7 41
    endloop
  endfacet
  facet normal 0.857151 -0.515064 0
    outer loop
      vertex 12.1244 -7 37.1
      vertex 11.8727 -7.41887 41
      vertex 11.8727 -7.41887 37.1
    endloop
  endfacet
  facet normal 0.225091 -0.974338 0
    outer loop
      vertex 2.91076 -13.6941 37.1
      vertex 3.38691 -13.5841 41
      vertex 2.91076 -13.6941 41
    endloop
  endfacet
  facet normal 0.225091 -0.974338 0
    outer loop
      vertex 3.38691 -13.5841 41
      vertex 2.91076 -13.6941 37.1
      vertex 3.38691 -13.5841 37.1
    endloop
  endfacet
  facet normal -0.358328 -0.933596 0
    outer loop
      vertex -5.24449 -12.9806 37.1
      vertex -4.78828 -13.1557 41
      vertex -5.24449 -12.9806 41
    endloop
  endfacet
  facet normal -0.358328 -0.933596 -0
    outer loop
      vertex -4.78828 -13.1557 41
      vertex -5.24449 -12.9806 37.1
      vertex -4.78828 -13.1557 37.1
    endloop
  endfacet
  facet normal -0.754702 -0.656067 0
    outer loop
      vertex -10.404 -9.36783 37.1
      vertex -10.7246 -8.99903 41
      vertex -10.7246 -8.99903 37.1
    endloop
  endfacet
  facet normal -0.754702 -0.656067 0
    outer loop
      vertex -10.7246 -8.99903 41
      vertex -10.404 -9.36783 37.1
      vertex -10.404 -9.36783 41
    endloop
  endfacet
  facet normal 0.965964 0.258676 0
    outer loop
      vertex 13.5841 3.38691 41
      vertex 13.4577 3.85892 37.1
      vertex 13.4577 3.85892 41
    endloop
  endfacet
  facet normal 0.965964 0.258676 0
    outer loop
      vertex 13.4577 3.85892 37.1
      vertex 13.5841 3.38691 41
      vertex 13.5841 3.38691 37.1
    endloop
  endfacet
  facet normal 0.87463 0.484791 0
    outer loop
      vertex 12.3613 6.5726 41
      vertex 12.1244 7 37.1
      vertex 12.1244 7 41
    endloop
  endfacet
  facet normal 0.87463 0.484791 0
    outer loop
      vertex 12.1244 7 37.1
      vertex 12.3613 6.5726 41
      vertex 12.3613 6.5726 37.1
    endloop
  endfacet
  facet normal 0.754702 0.656067 0
    outer loop
      vertex 10.7246 8.99903 41
      vertex 10.404 9.36783 37.1
      vertex 10.404 9.36783 41
    endloop
  endfacet
  facet normal 0.754702 0.656067 0
    outer loop
      vertex 10.404 9.36783 37.1
      vertex 10.7246 8.99903 41
      vertex 10.7246 8.99903 37.1
    endloop
  endfacet
  facet normal 0.225091 0.974338 -0
    outer loop
      vertex 3.38691 13.5841 37.1
      vertex 2.91076 13.6941 41
      vertex 3.38691 13.5841 41
    endloop
  endfacet
  facet normal 0.225091 0.974338 0
    outer loop
      vertex 2.91076 13.6941 41
      vertex 3.38691 13.5841 37.1
      vertex 2.91076 13.6941 37.1
    endloop
  endfacet
  facet normal 0.629405 0.777078 -0
    outer loop
      vertex 8.99903 10.7246 37.1
      vertex 8.61926 11.0322 41
      vertex 8.99903 10.7246 41
    endloop
  endfacet
  facet normal 0.629405 0.777078 0
    outer loop
      vertex 8.61926 11.0322 41
      vertex 8.99903 10.7246 37.1
      vertex 8.61926 11.0322 37.1
    endloop
  endfacet
  facet normal 0.453914 0.891046 -0
    outer loop
      vertex 6.5726 12.3613 37.1
      vertex 6.1372 12.5831 41
      vertex 6.5726 12.3613 41
    endloop
  endfacet
  facet normal 0.453914 0.891046 0
    outer loop
      vertex 6.1372 12.5831 41
      vertex 6.5726 12.3613 37.1
      vertex 6.1372 12.5831 37.1
    endloop
  endfacet
  facet normal -0.974338 0.225091 0
    outer loop
      vertex -13.6941 2.91076 37.1
      vertex -13.5841 3.38691 41
      vertex -13.5841 3.38691 37.1
    endloop
  endfacet
  facet normal -0.974338 0.225091 0
    outer loop
      vertex -13.5841 3.38691 41
      vertex -13.6941 2.91076 37.1
      vertex -13.6941 2.91076 41
    endloop
  endfacet
  facet normal -0.515064 0.857151 0
    outer loop
      vertex -7 12.1244 37.1
      vertex -7.41887 11.8727 41
      vertex -7 12.1244 41
    endloop
  endfacet
  facet normal -0.515064 0.857151 0
    outer loop
      vertex -7.41887 11.8727 41
      vertex -7 12.1244 37.1
      vertex -7.41887 11.8727 37.1
    endloop
  endfacet
  facet normal -0.601698 0.798724 0
    outer loop
      vertex -8.22899 11.3262 37.1
      vertex -8.61926 11.0322 41
      vertex -8.22899 11.3262 41
    endloop
  endfacet
  facet normal -0.601698 0.798724 0
    outer loop
      vertex -8.61926 11.0322 41
      vertex -8.22899 11.3262 37.1
      vertex -8.61926 11.0322 37.1
    endloop
  endfacet
  facet normal -0.29242 0.95629 0
    outer loop
      vertex -3.85892 13.4577 37.1
      vertex -4.32624 13.3148 41
      vertex -3.85892 13.4577 41
    endloop
  endfacet
  facet normal -0.29242 0.95629 0
    outer loop
      vertex -4.32624 13.3148 41
      vertex -3.85892 13.4577 37.1
      vertex -4.32624 13.3148 37.1
    endloop
  endfacet
  facet normal -0.0871753 0.996193 0
    outer loop
      vertex -0.97659 13.9659 37.1
      vertex -1.4634 13.9233 41
      vertex -0.97659 13.9659 41
    endloop
  endfacet
  facet normal -0.0871753 0.996193 0
    outer loop
      vertex -1.4634 13.9233 41
      vertex -0.97659 13.9659 37.1
      vertex -1.4634 13.9233 37.1
    endloop
  endfacet
  facet normal 0.987671 -0.156546 0
    outer loop
      vertex 13.7873 -2.43107 41
      vertex 13.8638 -1.94842 37.1
      vertex 13.8638 -1.94842 41
    endloop
  endfacet
  facet normal 0.987671 -0.156546 0
    outer loop
      vertex 13.8638 -1.94842 37.1
      vertex 13.7873 -2.43107 41
      vertex 13.7873 -2.43107 37.1
    endloop
  endfacet
  facet normal -0.121763 -0.992559 0
    outer loop
      vertex -1.94842 -13.8638 37.1
      vertex -1.4634 -13.9233 41
      vertex -1.94842 -13.8638 41
    endloop
  endfacet
  facet normal -0.121763 -0.992559 -0
    outer loop
      vertex -1.4634 -13.9233 41
      vertex -1.94842 -13.8638 37.1
      vertex -1.4634 -13.9233 37.1
    endloop
  endfacet
  facet normal -0.920459 -0.39084 0
    outer loop
      vertex -12.7896 -5.69431 37.1
      vertex -12.9806 -5.24449 41
      vertex -12.9806 -5.24449 37.1
    endloop
  endfacet
  facet normal -0.920459 -0.39084 0
    outer loop
      vertex -12.9806 -5.24449 41
      vertex -12.7896 -5.69431 37.1
      vertex -12.7896 -5.69431 41
    endloop
  endfacet
  facet normal 0.992559 0.121763 0
    outer loop
      vertex 13.9233 1.4634 41
      vertex 13.8638 1.94842 37.1
      vertex 13.8638 1.94842 41
    endloop
  endfacet
  facet normal 0.992559 0.121763 0
    outer loop
      vertex 13.8638 1.94842 37.1
      vertex 13.9233 1.4634 41
      vertex 13.9233 1.4634 37.1
    endloop
  endfacet
  facet normal 0.974338 0.225091 0
    outer loop
      vertex 13.6941 2.91076 41
      vertex 13.5841 3.38691 37.1
      vertex 13.5841 3.38691 41
    endloop
  endfacet
  facet normal 0.974338 0.225091 0
    outer loop
      vertex 13.5841 3.38691 37.1
      vertex 13.6941 2.91076 41
      vertex 13.6941 2.91076 37.1
    endloop
  endfacet
  facet normal 0.933596 0.358328 0
    outer loop
      vertex 13.1557 4.78828 41
      vertex 12.9806 5.24449 37.1
      vertex 12.9806 5.24449 41
    endloop
  endfacet
  facet normal 0.933596 0.358328 0
    outer loop
      vertex 12.9806 5.24449 37.1
      vertex 13.1557 4.78828 41
      vertex 13.1557 4.78828 37.1
    endloop
  endfacet
  facet normal 0.95629 0.29242 0
    outer loop
      vertex 13.4577 3.85892 41
      vertex 13.3148 4.32624 37.1
      vertex 13.3148 4.32624 41
    endloop
  endfacet
  facet normal 0.95629 0.29242 0
    outer loop
      vertex 13.3148 4.32624 37.1
      vertex 13.4577 3.85892 41
      vertex 13.4577 3.85892 37.1
    endloop
  endfacet
  facet normal 0.798724 0.601698 0
    outer loop
      vertex 11.3262 8.22899 41
      vertex 11.0322 8.61926 37.1
      vertex 11.0322 8.61926 41
    endloop
  endfacet
  facet normal 0.798724 0.601698 0
    outer loop
      vertex 11.0322 8.61926 37.1
      vertex 11.3262 8.22899 41
      vertex 11.3262 8.22899 37.1
    endloop
  endfacet
  facet normal 0.857151 0.515064 0
    outer loop
      vertex 12.1244 7 41
      vertex 11.8727 7.41887 37.1
      vertex 11.8727 7.41887 41
    endloop
  endfacet
  facet normal 0.857151 0.515064 0
    outer loop
      vertex 11.8727 7.41887 37.1
      vertex 12.1244 7 41
      vertex 12.1244 7 37.1
    endloop
  endfacet
  facet normal 0.906326 0.42258 0
    outer loop
      vertex 12.7896 5.69431 41
      vertex 12.5831 6.1372 37.1
      vertex 12.5831 6.1372 41
    endloop
  endfacet
  facet normal 0.906326 0.42258 0
    outer loop
      vertex 12.5831 6.1372 37.1
      vertex 12.7896 5.69431 41
      vertex 12.7896 5.69431 37.1
    endloop
  endfacet
  facet normal 0.121763 0.992559 -0
    outer loop
      vertex 1.94842 13.8638 37.1
      vertex 1.4634 13.9233 41
      vertex 1.94842 13.8638 41
    endloop
  endfacet
  facet normal 0.121763 0.992559 0
    outer loop
      vertex 1.4634 13.9233 41
      vertex 1.94842 13.8638 37.1
      vertex 1.4634 13.9233 37.1
    endloop
  endfacet
  facet normal 0.325581 0.945514 -0
    outer loop
      vertex 4.78828 13.1557 37.1
      vertex 4.32624 13.3148 41
      vertex 4.78828 13.1557 41
    endloop
  endfacet
  facet normal 0.325581 0.945514 0
    outer loop
      vertex 4.32624 13.3148 41
      vertex 4.78828 13.1557 37.1
      vertex 4.32624 13.3148 37.1
    endloop
  endfacet
  facet normal 0.29242 0.95629 -0
    outer loop
      vertex 4.32624 13.3148 37.1
      vertex 3.85892 13.4577 41
      vertex 4.32624 13.3148 41
    endloop
  endfacet
  facet normal 0.29242 0.95629 0
    outer loop
      vertex 3.85892 13.4577 41
      vertex 4.32624 13.3148 37.1
      vertex 3.85892 13.4577 37.1
    endloop
  endfacet
  facet normal 0.258676 0.965964 -0
    outer loop
      vertex 3.85892 13.4577 37.1
      vertex 3.38691 13.5841 41
      vertex 3.85892 13.4577 41
    endloop
  endfacet
  facet normal 0.258676 0.965964 0
    outer loop
      vertex 3.38691 13.5841 41
      vertex 3.85892 13.4577 37.1
      vertex 3.38691 13.5841 37.1
    endloop
  endfacet
  facet normal 0.190726 0.981643 -0
    outer loop
      vertex 2.91076 13.6941 37.1
      vertex 2.43107 13.7873 41
      vertex 2.91076 13.6941 41
    endloop
  endfacet
  facet normal 0.190726 0.981643 0
    outer loop
      vertex 2.43107 13.7873 41
      vertex 2.91076 13.6941 37.1
      vertex 2.43107 13.7873 37.1
    endloop
  endfacet
  facet normal 0.0871753 0.996193 -0
    outer loop
      vertex 1.4634 13.9233 37.1
      vertex 0.97659 13.9659 41
      vertex 1.4634 13.9233 41
    endloop
  endfacet
  facet normal 0.0871753 0.996193 0
    outer loop
      vertex 0.97659 13.9659 41
      vertex 1.4634 13.9233 37.1
      vertex 0.97659 13.9659 37.1
    endloop
  endfacet
  facet normal 0.39084 0.920459 -0
    outer loop
      vertex 5.69431 12.7896 37.1
      vertex 5.24449 12.9806 41
      vertex 5.69431 12.7896 41
    endloop
  endfacet
  facet normal 0.39084 0.920459 0
    outer loop
      vertex 5.24449 12.9806 41
      vertex 5.69431 12.7896 37.1
      vertex 5.24449 12.9806 37.1
    endloop
  endfacet
  facet normal 0.515064 0.857151 -0
    outer loop
      vertex 7.41887 11.8727 37.1
      vertex 7 12.1244 41
      vertex 7.41887 11.8727 41
    endloop
  endfacet
  facet normal 0.515064 0.857151 0
    outer loop
      vertex 7 12.1244 41
      vertex 7.41887 11.8727 37.1
      vertex 7 12.1244 37.1
    endloop
  endfacet
  facet normal 0.601698 0.798724 -0
    outer loop
      vertex 8.61926 11.0322 37.1
      vertex 8.22899 11.3262 41
      vertex 8.61926 11.0322 41
    endloop
  endfacet
  facet normal 0.601698 0.798724 0
    outer loop
      vertex 8.22899 11.3262 41
      vertex 8.61926 11.0322 37.1
      vertex 8.22899 11.3262 37.1
    endloop
  endfacet
  facet normal -0.992559 0.121763 0
    outer loop
      vertex -13.9233 1.4634 37.1
      vertex -13.8638 1.94842 41
      vertex -13.8638 1.94842 37.1
    endloop
  endfacet
  facet normal -0.992559 0.121763 0
    outer loop
      vertex -13.8638 1.94842 41
      vertex -13.9233 1.4634 37.1
      vertex -13.9233 1.4634 41
    endloop
  endfacet
  facet normal -0.707107 0.707107 0
    outer loop
      vertex -10.0708 9.72522 37.1
      vertex -9.72522 10.0708 41
      vertex -9.72522 10.0708 37.1
    endloop
  endfacet
  facet normal -0.707107 0.707107 0
    outer loop
      vertex -9.72522 10.0708 41
      vertex -10.0708 9.72522 37.1
      vertex -10.0708 9.72522 41
    endloop
  endfacet
  facet normal -0.87463 0.484791 0
    outer loop
      vertex -12.3613 6.5726 37.1
      vertex -12.1244 7 41
      vertex -12.1244 7 37.1
    endloop
  endfacet
  facet normal -0.87463 0.484791 0
    outer loop
      vertex -12.1244 7 41
      vertex -12.3613 6.5726 37.1
      vertex -12.3613 6.5726 41
    endloop
  endfacet
  facet normal -0.891046 0.453914 0
    outer loop
      vertex -12.5831 6.1372 37.1
      vertex -12.3613 6.5726 41
      vertex -12.3613 6.5726 37.1
    endloop
  endfacet
  facet normal -0.891046 0.453914 0
    outer loop
      vertex -12.3613 6.5726 41
      vertex -12.5831 6.1372 37.1
      vertex -12.5831 6.1372 41
    endloop
  endfacet
  facet normal -0.945514 0.325581 0
    outer loop
      vertex -13.3148 4.32624 37.1
      vertex -13.1557 4.78828 41
      vertex -13.1557 4.78828 37.1
    endloop
  endfacet
  facet normal -0.945514 0.325581 0
    outer loop
      vertex -13.1557 4.78828 41
      vertex -13.3148 4.32624 37.1
      vertex -13.3148 4.32624 41
    endloop
  endfacet
  facet normal -0.95629 0.29242 0
    outer loop
      vertex -13.4577 3.85892 37.1
      vertex -13.3148 4.32624 41
      vertex -13.3148 4.32624 37.1
    endloop
  endfacet
  facet normal -0.95629 0.29242 0
    outer loop
      vertex -13.3148 4.32624 41
      vertex -13.4577 3.85892 37.1
      vertex -13.4577 3.85892 41
    endloop
  endfacet
  facet normal -0.965964 0.258676 0
    outer loop
      vertex -13.5841 3.38691 37.1
      vertex -13.4577 3.85892 41
      vertex -13.4577 3.85892 37.1
    endloop
  endfacet
  facet normal -0.965964 0.258676 0
    outer loop
      vertex -13.4577 3.85892 41
      vertex -13.5841 3.38691 37.1
      vertex -13.5841 3.38691 41
    endloop
  endfacet
  facet normal -0.981643 0.190726 0
    outer loop
      vertex -13.7873 2.43107 37.1
      vertex -13.6941 2.91076 41
      vertex -13.6941 2.91076 37.1
    endloop
  endfacet
  facet normal -0.981643 0.190726 0
    outer loop
      vertex -13.6941 2.91076 41
      vertex -13.7873 2.43107 37.1
      vertex -13.7873 2.43107 41
    endloop
  endfacet
  facet normal -0.996193 0.0871753 0
    outer loop
      vertex -13.9659 0.97659 37.1
      vertex -13.9233 1.4634 41
      vertex -13.9233 1.4634 37.1
    endloop
  endfacet
  facet normal -0.996193 0.0871753 0
    outer loop
      vertex -13.9233 1.4634 41
      vertex -13.9659 0.97659 37.1
      vertex -13.9659 0.97659 41
    endloop
  endfacet
  facet normal -0.42258 0.906326 0
    outer loop
      vertex -5.69431 12.7896 37.1
      vertex -6.1372 12.5831 41
      vertex -5.69431 12.7896 41
    endloop
  endfacet
  facet normal -0.42258 0.906326 0
    outer loop
      vertex -6.1372 12.5831 41
      vertex -5.69431 12.7896 37.1
      vertex -6.1372 12.5831 37.1
    endloop
  endfacet
  facet normal -0.544716 0.838621 0
    outer loop
      vertex -7.41887 11.8727 37.1
      vertex -7.8287 11.6065 41
      vertex -7.41887 11.8727 41
    endloop
  endfacet
  facet normal -0.544716 0.838621 0
    outer loop
      vertex -7.8287 11.6065 41
      vertex -7.41887 11.8727 37.1
      vertex -7.8287 11.6065 37.1
    endloop
  endfacet
  facet normal -0.225091 0.974338 0
    outer loop
      vertex -2.91076 13.6941 37.1
      vertex -3.38691 13.5841 41
      vertex -2.91076 13.6941 41
    endloop
  endfacet
  facet normal -0.225091 0.974338 0
    outer loop
      vertex -3.38691 13.5841 41
      vertex -2.91076 13.6941 37.1
      vertex -3.38691 13.5841 37.1
    endloop
  endfacet
  facet normal -0.258676 0.965964 0
    outer loop
      vertex -3.38691 13.5841 37.1
      vertex -3.85892 13.4577 41
      vertex -3.38691 13.5841 41
    endloop
  endfacet
  facet normal -0.258676 0.965964 0
    outer loop
      vertex -3.85892 13.4577 41
      vertex -3.38691 13.5841 37.1
      vertex -3.85892 13.4577 37.1
    endloop
  endfacet
  facet normal -0.0523872 0.998627 0
    outer loop
      vertex -0.488592 13.9915 37.1
      vertex -0.97659 13.9659 41
      vertex -0.488592 13.9915 41
    endloop
  endfacet
  facet normal -0.0523872 0.998627 0
    outer loop
      vertex -0.97659 13.9659 41
      vertex -0.488592 13.9915 37.1
      vertex -0.97659 13.9659 37.1
    endloop
  endfacet
  facet normal 0.121763 -0.992559 0
    outer loop
      vertex 1.4634 -13.9233 37.1
      vertex 1.94842 -13.8638 41
      vertex 1.4634 -13.9233 41
    endloop
  endfacet
  facet normal 0.121763 -0.992559 0
    outer loop
      vertex 1.94842 -13.8638 41
      vertex 1.4634 -13.9233 37.1
      vertex 1.94842 -13.8638 37.1
    endloop
  endfacet
  facet normal 0.29242 -0.95629 0
    outer loop
      vertex 3.85892 -13.4577 37.1
      vertex 4.32624 -13.3148 41
      vertex 3.85892 -13.4577 41
    endloop
  endfacet
  facet normal 0.29242 -0.95629 0
    outer loop
      vertex 4.32624 -13.3148 41
      vertex 3.85892 -13.4577 37.1
      vertex 4.32624 -13.3148 37.1
    endloop
  endfacet
  facet normal 0.358328 -0.933596 0
    outer loop
      vertex 4.78828 -13.1557 37.1
      vertex 5.24449 -12.9806 41
      vertex 4.78828 -13.1557 41
    endloop
  endfacet
  facet normal 0.358328 -0.933596 0
    outer loop
      vertex 5.24449 -12.9806 41
      vertex 4.78828 -13.1557 37.1
      vertex 5.24449 -12.9806 37.1
    endloop
  endfacet
  facet normal 0.573596 -0.819139 0
    outer loop
      vertex 7.8287 -11.6065 37.1
      vertex 8.22899 -11.3262 41
      vertex 7.8287 -11.6065 41
    endloop
  endfacet
  facet normal 0.573596 -0.819139 0
    outer loop
      vertex 8.22899 -11.3262 41
      vertex 7.8287 -11.6065 37.1
      vertex 8.22899 -11.3262 37.1
    endloop
  endfacet
  facet normal 0.484791 -0.87463 0
    outer loop
      vertex 6.5726 -12.3613 37.1
      vertex 7 -12.1244 41
      vertex 6.5726 -12.3613 41
    endloop
  endfacet
  facet normal 0.484791 -0.87463 0
    outer loop
      vertex 7 -12.1244 41
      vertex 6.5726 -12.3613 37.1
      vertex 7 -12.1244 37.1
    endloop
  endfacet
  facet normal 0.798724 -0.601698 0
    outer loop
      vertex 11.0322 -8.61926 41
      vertex 11.3262 -8.22899 37.1
      vertex 11.3262 -8.22899 41
    endloop
  endfacet
  facet normal 0.798724 -0.601698 0
    outer loop
      vertex 11.3262 -8.22899 37.1
      vertex 11.0322 -8.61926 41
      vertex 11.0322 -8.61926 37.1
    endloop
  endfacet
  facet normal 0.906326 -0.42258 0
    outer loop
      vertex 12.5831 -6.1372 41
      vertex 12.7896 -5.69431 37.1
      vertex 12.7896 -5.69431 41
    endloop
  endfacet
  facet normal 0.906326 -0.42258 0
    outer loop
      vertex 12.7896 -5.69431 37.1
      vertex 12.5831 -6.1372 41
      vertex 12.5831 -6.1372 37.1
    endloop
  endfacet
  facet normal 0.920459 -0.39084 0
    outer loop
      vertex 12.7896 -5.69431 41
      vertex 12.9806 -5.24449 37.1
      vertex 12.9806 -5.24449 41
    endloop
  endfacet
  facet normal 0.920459 -0.39084 0
    outer loop
      vertex 12.9806 -5.24449 37.1
      vertex 12.7896 -5.69431 41
      vertex 12.7896 -5.69431 37.1
    endloop
  endfacet
  facet normal 0.95629 -0.29242 0
    outer loop
      vertex 13.3148 -4.32624 41
      vertex 13.4577 -3.85892 37.1
      vertex 13.4577 -3.85892 41
    endloop
  endfacet
  facet normal 0.95629 -0.29242 0
    outer loop
      vertex 13.4577 -3.85892 37.1
      vertex 13.3148 -4.32624 41
      vertex 13.3148 -4.32624 37.1
    endloop
  endfacet
  facet normal -0.707107 -0.707107 0
    outer loop
      vertex -9.72522 -10.0708 37.1
      vertex -10.0708 -9.72522 41
      vertex -10.0708 -9.72522 37.1
    endloop
  endfacet
  facet normal -0.707107 -0.707107 0
    outer loop
      vertex -10.0708 -9.72522 41
      vertex -9.72522 -10.0708 37.1
      vertex -9.72522 -10.0708 41
    endloop
  endfacet
  facet normal -0.453914 -0.891046 0
    outer loop
      vertex -6.5726 -12.3613 37.1
      vertex -6.1372 -12.5831 41
      vertex -6.5726 -12.3613 41
    endloop
  endfacet
  facet normal -0.453914 -0.891046 -0
    outer loop
      vertex -6.1372 -12.5831 41
      vertex -6.5726 -12.3613 37.1
      vertex -6.1372 -12.5831 37.1
    endloop
  endfacet
  facet normal -0.258676 -0.965964 0
    outer loop
      vertex -3.85892 -13.4577 37.1
      vertex -3.38691 -13.5841 41
      vertex -3.85892 -13.4577 41
    endloop
  endfacet
  facet normal -0.258676 -0.965964 -0
    outer loop
      vertex -3.38691 -13.5841 41
      vertex -3.85892 -13.4577 37.1
      vertex -3.38691 -13.5841 37.1
    endloop
  endfacet
  facet normal -0.0871753 -0.996193 0
    outer loop
      vertex -1.4634 -13.9233 37.1
      vertex -0.97659 -13.9659 41
      vertex -1.4634 -13.9233 41
    endloop
  endfacet
  facet normal -0.0871753 -0.996193 -0
    outer loop
      vertex -0.97659 -13.9659 41
      vertex -1.4634 -13.9233 37.1
      vertex -0.97659 -13.9659 37.1
    endloop
  endfacet
  facet normal -0.798724 -0.601698 0
    outer loop
      vertex -11.0322 -8.61926 37.1
      vertex -11.3262 -8.22899 41
      vertex -11.3262 -8.22899 37.1
    endloop
  endfacet
  facet normal -0.798724 -0.601698 0
    outer loop
      vertex -11.3262 -8.22899 41
      vertex -11.0322 -8.61926 37.1
      vertex -11.0322 -8.61926 41
    endloop
  endfacet
  facet normal -0.777078 -0.629405 0
    outer loop
      vertex -10.7246 -8.99903 37.1
      vertex -11.0322 -8.61926 41
      vertex -11.0322 -8.61926 37.1
    endloop
  endfacet
  facet normal -0.777078 -0.629405 0
    outer loop
      vertex -11.0322 -8.61926 41
      vertex -10.7246 -8.99903 37.1
      vertex -10.7246 -8.99903 41
    endloop
  endfacet
  facet normal -0.891046 -0.453914 0
    outer loop
      vertex -12.3613 -6.5726 37.1
      vertex -12.5831 -6.1372 41
      vertex -12.5831 -6.1372 37.1
    endloop
  endfacet
  facet normal -0.891046 -0.453914 0
    outer loop
      vertex -12.5831 -6.1372 41
      vertex -12.3613 -6.5726 37.1
      vertex -12.3613 -6.5726 41
    endloop
  endfacet
  facet normal -0.965964 -0.258676 0
    outer loop
      vertex -13.4577 -3.85892 37.1
      vertex -13.5841 -3.38691 41
      vertex -13.5841 -3.38691 37.1
    endloop
  endfacet
  facet normal -0.965964 -0.258676 0
    outer loop
      vertex -13.5841 -3.38691 41
      vertex -13.4577 -3.85892 37.1
      vertex -13.4577 -3.85892 41
    endloop
  endfacet
  facet normal -0.974338 -0.225091 0
    outer loop
      vertex -13.5841 -3.38691 37.1
      vertex -13.6941 -2.91076 41
      vertex -13.6941 -2.91076 37.1
    endloop
  endfacet
  facet normal -0.974338 -0.225091 0
    outer loop
      vertex -13.6941 -2.91076 41
      vertex -13.5841 -3.38691 37.1
      vertex -13.5841 -3.38691 41
    endloop
  endfacet
  facet normal -0.95629 -0.29242 0
    outer loop
      vertex -13.3148 -4.32624 37.1
      vertex -13.4577 -3.85892 41
      vertex -13.4577 -3.85892 37.1
    endloop
  endfacet
  facet normal -0.95629 -0.29242 0
    outer loop
      vertex -13.4577 -3.85892 41
      vertex -13.3148 -4.32624 37.1
      vertex -13.3148 -4.32624 41
    endloop
  endfacet
  facet normal -0.992559 -0.121763 0
    outer loop
      vertex -13.8638 -1.94842 37.1
      vertex -13.9233 -1.4634 41
      vertex -13.9233 -1.4634 37.1
    endloop
  endfacet
  facet normal -0.992559 -0.121763 0
    outer loop
      vertex -13.9233 -1.4634 41
      vertex -13.8638 -1.94842 37.1
      vertex -13.8638 -1.94842 41
    endloop
  endfacet
  facet normal -0.987671 -0.156546 0
    outer loop
      vertex -13.7873 -2.43107 37.1
      vertex -13.8638 -1.94842 41
      vertex -13.8638 -1.94842 37.1
    endloop
  endfacet
  facet normal -0.987671 -0.156546 0
    outer loop
      vertex -13.8638 -1.94842 41
      vertex -13.7873 -2.43107 37.1
      vertex -13.7873 -2.43107 41
    endloop
  endfacet
  facet normal 0.996193 0.0871753 0
    outer loop
      vertex 13.9659 0.97659 41
      vertex 13.9233 1.4634 37.1
      vertex 13.9233 1.4634 41
    endloop
  endfacet
  facet normal 0.996193 0.0871753 0
    outer loop
      vertex 13.9233 1.4634 37.1
      vertex 13.9659 0.97659 41
      vertex 13.9659 0.97659 37.1
    endloop
  endfacet
  facet normal 0.998627 0.0523872 0
    outer loop
      vertex 13.9915 0.488592 41
      vertex 13.9659 0.97659 37.1
      vertex 13.9659 0.97659 41
    endloop
  endfacet
  facet normal 0.998627 0.0523872 0
    outer loop
      vertex 13.9659 0.97659 37.1
      vertex 13.9915 0.488592 41
      vertex 13.9915 0.488592 37.1
    endloop
  endfacet
  facet normal 0.981643 0.190726 0
    outer loop
      vertex 13.7873 2.43107 41
      vertex 13.6941 2.91076 37.1
      vertex 13.6941 2.91076 41
    endloop
  endfacet
  facet normal 0.981643 0.190726 0
    outer loop
      vertex 13.6941 2.91076 37.1
      vertex 13.7873 2.43107 41
      vertex 13.7873 2.43107 37.1
    endloop
  endfacet
  facet normal 0.987671 0.156546 0
    outer loop
      vertex 13.8638 1.94842 41
      vertex 13.7873 2.43107 37.1
      vertex 13.7873 2.43107 41
    endloop
  endfacet
  facet normal 0.987671 0.156546 0
    outer loop
      vertex 13.7873 2.43107 37.1
      vertex 13.8638 1.94842 41
      vertex 13.8638 1.94842 37.1
    endloop
  endfacet
  facet normal 0.777078 0.629405 0
    outer loop
      vertex 11.0322 8.61926 41
      vertex 10.7246 8.99903 37.1
      vertex 10.7246 8.99903 41
    endloop
  endfacet
  facet normal 0.777078 0.629405 0
    outer loop
      vertex 10.7246 8.99903 37.1
      vertex 11.0322 8.61926 41
      vertex 11.0322 8.61926 37.1
    endloop
  endfacet
  facet normal 0.819139 0.573596 0
    outer loop
      vertex 11.6065 7.8287 41
      vertex 11.3262 8.22899 37.1
      vertex 11.3262 8.22899 41
    endloop
  endfacet
  facet normal 0.819139 0.573596 0
    outer loop
      vertex 11.3262 8.22899 37.1
      vertex 11.6065 7.8287 41
      vertex 11.6065 7.8287 37.1
    endloop
  endfacet
  facet normal 0.838621 0.544716 0
    outer loop
      vertex 11.8727 7.41887 41
      vertex 11.6065 7.8287 37.1
      vertex 11.6065 7.8287 41
    endloop
  endfacet
  facet normal 0.838621 0.544716 0
    outer loop
      vertex 11.6065 7.8287 37.1
      vertex 11.8727 7.41887 41
      vertex 11.8727 7.41887 37.1
    endloop
  endfacet
  facet normal 0.891046 0.453914 0
    outer loop
      vertex 12.5831 6.1372 41
      vertex 12.3613 6.5726 37.1
      vertex 12.3613 6.5726 41
    endloop
  endfacet
  facet normal 0.891046 0.453914 0
    outer loop
      vertex 12.3613 6.5726 37.1
      vertex 12.5831 6.1372 41
      vertex 12.5831 6.1372 37.1
    endloop
  endfacet
  facet normal 0.156546 0.987671 -0
    outer loop
      vertex 2.43107 13.7873 37.1
      vertex 1.94842 13.8638 41
      vertex 2.43107 13.7873 41
    endloop
  endfacet
  facet normal 0.156546 0.987671 0
    outer loop
      vertex 1.94842 13.8638 41
      vertex 2.43107 13.7873 37.1
      vertex 1.94842 13.8638 37.1
    endloop
  endfacet
  facet normal 0.0523872 0.998627 -0
    outer loop
      vertex 0.97659 13.9659 37.1
      vertex 0.488592 13.9915 41
      vertex 0.97659 13.9659 41
    endloop
  endfacet
  facet normal 0.0523872 0.998627 0
    outer loop
      vertex 0.488592 13.9915 41
      vertex 0.97659 13.9659 37.1
      vertex 0.488592 13.9915 37.1
    endloop
  endfacet
  facet normal 0.484791 0.87463 -0
    outer loop
      vertex 7 12.1244 37.1
      vertex 6.5726 12.3613 41
      vertex 7 12.1244 41
    endloop
  endfacet
  facet normal 0.484791 0.87463 0
    outer loop
      vertex 6.5726 12.3613 41
      vertex 7 12.1244 37.1
      vertex 6.5726 12.3613 37.1
    endloop
  endfacet
  facet normal 0.544716 0.838621 -0
    outer loop
      vertex 7.8287 11.6065 37.1
      vertex 7.41887 11.8727 41
      vertex 7.8287 11.6065 41
    endloop
  endfacet
  facet normal 0.544716 0.838621 0
    outer loop
      vertex 7.41887 11.8727 41
      vertex 7.8287 11.6065 37.1
      vertex 7.41887 11.8727 37.1
    endloop
  endfacet
  facet normal 0.573596 0.819139 -0
    outer loop
      vertex 8.22899 11.3262 37.1
      vertex 7.8287 11.6065 41
      vertex 8.22899 11.3262 41
    endloop
  endfacet
  facet normal 0.573596 0.819139 0
    outer loop
      vertex 7.8287 11.6065 41
      vertex 8.22899 11.3262 37.1
      vertex 7.8287 11.6065 37.1
    endloop
  endfacet
  facet normal 0.656067 0.754702 -0
    outer loop
      vertex 9.36783 10.404 37.1
      vertex 8.99903 10.7246 41
      vertex 9.36783 10.404 41
    endloop
  endfacet
  facet normal 0.656067 0.754702 0
    outer loop
      vertex 8.99903 10.7246 41
      vertex 9.36783 10.404 37.1
      vertex 8.99903 10.7246 37.1
    endloop
  endfacet
  facet normal 0.68192 0.731427 -0
    outer loop
      vertex 9.72522 10.0708 37.1
      vertex 9.36783 10.404 41
      vertex 9.72522 10.0708 41
    endloop
  endfacet
  facet normal 0.68192 0.731427 0
    outer loop
      vertex 9.36783 10.404 41
      vertex 9.72522 10.0708 37.1
      vertex 9.36783 10.404 37.1
    endloop
  endfacet
  facet normal -0.819139 0.573596 0
    outer loop
      vertex -11.6065 7.8287 37.1
      vertex -11.3262 8.22899 41
      vertex -11.3262 8.22899 37.1
    endloop
  endfacet
  facet normal -0.819139 0.573596 0
    outer loop
      vertex -11.3262 8.22899 41
      vertex -11.6065 7.8287 37.1
      vertex -11.6065 7.8287 41
    endloop
  endfacet
  facet normal -0.857151 0.515064 0
    outer loop
      vertex -12.1244 7 37.1
      vertex -11.8727 7.41887 41
      vertex -11.8727 7.41887 37.1
    endloop
  endfacet
  facet normal -0.857151 0.515064 0
    outer loop
      vertex -11.8727 7.41887 41
      vertex -12.1244 7 37.1
      vertex -12.1244 7 41
    endloop
  endfacet
  facet normal -0.920459 0.39084 0
    outer loop
      vertex -12.9806 5.24449 37.1
      vertex -12.7896 5.69431 41
      vertex -12.7896 5.69431 37.1
    endloop
  endfacet
  facet normal -0.920459 0.39084 0
    outer loop
      vertex -12.7896 5.69431 41
      vertex -12.9806 5.24449 37.1
      vertex -12.9806 5.24449 41
    endloop
  endfacet
  facet normal -0.933596 0.358328 0
    outer loop
      vertex -13.1557 4.78828 37.1
      vertex -12.9806 5.24449 41
      vertex -12.9806 5.24449 37.1
    endloop
  endfacet
  facet normal -0.933596 0.358328 0
    outer loop
      vertex -12.9806 5.24449 41
      vertex -13.1557 4.78828 37.1
      vertex -13.1557 4.78828 41
    endloop
  endfacet
  facet normal -0.987671 0.156546 0
    outer loop
      vertex -13.8638 1.94842 37.1
      vertex -13.7873 2.43107 41
      vertex -13.7873 2.43107 37.1
    endloop
  endfacet
  facet normal -0.987671 0.156546 0
    outer loop
      vertex -13.7873 2.43107 41
      vertex -13.8638 1.94842 37.1
      vertex -13.8638 1.94842 41
    endloop
  endfacet
  facet normal -0.998627 0.0523872 0
    outer loop
      vertex -13.9915 0.488592 37.1
      vertex -13.9659 0.97659 41
      vertex -13.9659 0.97659 37.1
    endloop
  endfacet
  facet normal -0.998627 0.0523872 0
    outer loop
      vertex -13.9659 0.97659 41
      vertex -13.9915 0.488592 37.1
      vertex -13.9915 0.488592 41
    endloop
  endfacet
  facet normal 0 0 1
    outer loop
      vertex -6.60794 -1.37755 41
      vertex -9.04703 -0.884224 41
      vertex -6.51571 -1.76298 41
    endloop
  endfacet
  facet normal -0 0 1
    outer loop
      vertex -9.35 -1.12583 41
      vertex -6.51571 -1.76298 41
      vertex -9.04703 -0.884224 41
    endloop
  endfacet
  facet normal 0 0 1
    outer loop
      vertex -6.51571 -1.76298 41
      vertex -9.35 -1.12583 41
      vertex -6.40101 -2.14233 41
    endloop
  endfacet
  facet normal -0 0 1
    outer loop
      vertex -9.71072 -1.26741 41
      vertex -6.40101 -2.14233 41
      vertex -9.35 -1.12583 41
    endloop
  endfacet
  facet normal 0 0 1
    outer loop
      vertex -6.40101 -2.14233 41
      vertex -9.71072 -1.26741 41
      vertex -8.57172 -6.48965 41
    endloop
  endfacet
  facet normal -0 0 1
    outer loop
      vertex -10.0971 -1.29636 41
      vertex -8.57172 -6.48965 41
      vertex -9.71072 -1.26741 41
    endloop
  endfacet
  facet normal 0 0 1
    outer loop
      vertex -8.57172 -6.48965 41
      vertex -10.0971 -1.29636 41
      vertex -8.93855 -6.63539 41
    endloop
  endfacet
  facet normal -0 0 1
    outer loop
      vertex -12.9806 -5.24449 41
      vertex -8.93855 -6.63539 41
      vertex -10.0971 -1.29636 41
    endloop
  endfacet
  facet normal -0 -0 1
    outer loop
      vertex -12.7896 -5.69431 41
      vertex -8.93855 -6.63539 41
      vertex -12.9806 -5.24449 41
    endloop
  endfacet
  facet normal 0 0 1
    outer loop
      vertex -8.93855 -6.63539 41
      vertex -12.7896 -5.69431 41
      vertex -9.26188 -6.86178 41
    endloop
  endfacet
  facet normal -0 -0 1
    outer loop
      vertex -12.1244 -7 41
      vertex -9.52429 -7.15665 41
      vertex -12.3613 -6.5726 41
    endloop
  endfacet
  facet normal 0 0 1
    outer loop
      vertex -9.52429 -7.15665 41
      vertex -11.8727 -7.41887 41
      vertex -9.71162 -7.50408 41
    endloop
  endfacet
  facet normal -0 -0 1
    outer loop
      vertex -12.3613 -6.5726 41
      vertex -9.26188 -6.86178 41
      vertex -12.5831 -6.1372 41
    endloop
  endfacet
  facet normal 0 0 1
    outer loop
      vertex -9.82526 -8.27989 41
      vertex -10.404 -9.36783 41
      vertex -10.0708 -9.72522 41
    endloop
  endfacet
  facet normal 0 0 1
    outer loop
      vertex -13.1557 -4.78828 41
      vertex -10.0971 -1.29636 41
      vertex -10.4749 -1.21014 41
    endloop
  endfacet
  facet normal 0 0 1
    outer loop
      vertex -9.82526 -8.27989 41
      vertex -10.7246 -8.99903 41
      vertex -10.404 -9.36783 41
    endloop
  endfacet
  facet normal 0 0 1
    outer loop
      vertex -13.5841 -3.38691 41
      vertex -10.4749 -1.21014 41
      vertex -10.8105 -1.01638 41
    endloop
  endfacet
  facet normal 0 0 1
    outer loop
      vertex -9.82526 -8.27989 41
      vertex -11.0322 -8.61926 41
      vertex -10.7246 -8.99903 41
    endloop
  endfacet
  facet normal 0 0 1
    outer loop
      vertex -13.7873 -2.43107 41
      vertex -10.8105 -1.01638 41
      vertex -11.0741 -0.732316 41
    endloop
  endfacet
  facet normal 0 0 1
    outer loop
      vertex -13.9233 -1.4634 41
      vertex -11.0741 -0.732316 41
      vertex -11.2422 -0.383182 41
    endloop
  endfacet
  facet normal 0 0 1
    outer loop
      vertex -13.9915 -0.488592 41
      vertex -11.2422 -0.383182 41
      vertex -11.3 0 41
    endloop
  endfacet
  facet normal 0 0 1
    outer loop
      vertex -9.81378 -7.88534 41
      vertex -11.0322 -8.61926 41
      vertex -9.82526 -8.27989 41
    endloop
  endfacet
  facet normal 0 0 1
    outer loop
      vertex -12.9806 5.24449 41
      vertex -8.93855 6.63539 41
      vertex -12.7896 5.69431 41
    endloop
  endfacet
  facet normal 0 0 1
    outer loop
      vertex -8.93855 6.63539 41
      vertex -12.9806 5.24449 41
      vertex -10.0971 1.29636 41
    endloop
  endfacet
  facet normal 0 -0 1
    outer loop
      vertex -11.0322 -8.61926 41
      vertex -9.81378 -7.88534 41
      vertex -11.3262 -8.22899 41
    endloop
  endfacet
  facet normal -0 0 1
    outer loop
      vertex -13.1557 4.78828 41
      vertex -10.0971 1.29636 41
      vertex -12.9806 5.24449 41
    endloop
  endfacet
  facet normal 0 -0 1
    outer loop
      vertex -11.3262 -8.22899 41
      vertex -9.81378 -7.88534 41
      vertex -11.6065 -7.8287 41
    endloop
  endfacet
  facet normal 0 0 1
    outer loop
      vertex -10.0971 1.29636 41
      vertex -13.1557 4.78828 41
      vertex -10.4749 1.21014 41
    endloop
  endfacet
  facet normal 0 0 1
    outer loop
      vertex -9.71162 -7.50408 41
      vertex -11.6065 -7.8287 41
      vertex -9.81378 -7.88534 41
    endloop
  endfacet
  facet normal -0 0 1
    outer loop
      vertex -13.3148 4.32624 41
      vertex -10.4749 1.21014 41
      vertex -13.1557 4.78828 41
    endloop
  endfacet
  facet normal 0 -0 1
    outer loop
      vertex -11.6065 -7.8287 41
      vertex -9.71162 -7.50408 41
      vertex -11.8727 -7.41887 41
    endloop
  endfacet
  facet normal -0 0 1
    outer loop
      vertex -13.4577 3.85892 41
      vertex -10.4749 1.21014 41
      vertex -13.3148 4.32624 41
    endloop
  endfacet
  facet normal 0 -0 1
    outer loop
      vertex -11.8727 -7.41887 41
      vertex -9.52429 -7.15665 41
      vertex -12.1244 -7 41
    endloop
  endfacet
  facet normal -0 0 1
    outer loop
      vertex -13.5841 3.38691 41
      vertex -10.4749 1.21014 41
      vertex -13.4577 3.85892 41
    endloop
  endfacet
  facet normal 0 0 1
    outer loop
      vertex -9.26188 -6.86178 41
      vertex -12.3613 -6.5726 41
      vertex -9.52429 -7.15665 41
    endloop
  endfacet
  facet normal 0 0 1
    outer loop
      vertex -10.4749 1.21014 41
      vertex -13.5841 3.38691 41
      vertex -10.8105 1.01638 41
    endloop
  endfacet
  facet normal -0 -0 1
    outer loop
      vertex -12.5831 -6.1372 41
      vertex -9.26188 -6.86178 41
      vertex -12.7896 -5.69431 41
    endloop
  endfacet
  facet normal -0 0 1
    outer loop
      vertex -13.6941 2.91076 41
      vertex -10.8105 1.01638 41
      vertex -13.5841 3.38691 41
    endloop
  endfacet
  facet normal 0 0 1
    outer loop
      vertex -10.0971 -1.29636 41
      vertex -13.1557 -4.78828 41
      vertex -12.9806 -5.24449 41
    endloop
  endfacet
  facet normal -0 0 1
    outer loop
      vertex -13.7873 2.43107 41
      vertex -10.8105 1.01638 41
      vertex -13.6941 2.91076 41
    endloop
  endfacet
  facet normal 0 0 1
    outer loop
      vertex -10.4749 -1.21014 41
      vertex -13.3148 -4.32624 41
      vertex -13.1557 -4.78828 41
    endloop
  endfacet
  facet normal 0 0 1
    outer loop
      vertex -10.8105 1.01638 41
      vertex -13.7873 2.43107 41
      vertex -11.0741 0.732316 41
    endloop
  endfacet
  facet normal 0 0 1
    outer loop
      vertex -10.4749 -1.21014 41
      vertex -13.4577 -3.85892 41
      vertex -13.3148 -4.32624 41
    endloop
  endfacet
  facet normal -0 0 1
    outer loop
      vertex -13.8638 1.94842 41
      vertex -11.0741 0.732316 41
      vertex -13.7873 2.43107 41
    endloop
  endfacet
  facet normal 0 0 1
    outer loop
      vertex -10.4749 -1.21014 41
      vertex -13.5841 -3.38691 41
      vertex -13.4577 -3.85892 41
    endloop
  endfacet
  facet normal -0 0 1
    outer loop
      vertex -13.9233 1.4634 41
      vertex -11.0741 0.732316 41
      vertex -13.8638 1.94842 41
    endloop
  endfacet
  facet normal 0 0 1
    outer loop
      vertex -10.8105 -1.01638 41
      vertex -13.6941 -2.91076 41
      vertex -13.5841 -3.38691 41
    endloop
  endfacet
  facet normal 0 0 1
    outer loop
      vertex -11.0741 0.732316 41
      vertex -13.9233 1.4634 41
      vertex -11.2422 0.383182 41
    endloop
  endfacet
  facet normal 0 0 1
    outer loop
      vertex -10.8105 -1.01638 41
      vertex -13.7873 -2.43107 41
      vertex -13.6941 -2.91076 41
    endloop
  endfacet
  facet normal -0 0 1
    outer loop
      vertex -13.9659 0.97659 41
      vertex -11.2422 0.383182 41
      vertex -13.9233 1.4634 41
    endloop
  endfacet
  facet normal 0 0 1
    outer loop
      vertex -11.0741 -0.732316 41
      vertex -13.8638 -1.94842 41
      vertex -13.7873 -2.43107 41
    endloop
  endfacet
  facet normal -0 0 1
    outer loop
      vertex -13.9915 0.488592 41
      vertex -11.2422 0.383182 41
      vertex -13.9659 0.97659 41
    endloop
  endfacet
  facet normal 0 0 1
    outer loop
      vertex -11.0741 -0.732316 41
      vertex -13.9233 -1.4634 41
      vertex -13.8638 -1.94842 41
    endloop
  endfacet
  facet normal 0 0 1
    outer loop
      vertex -11.2422 0.383182 41
      vertex -13.9915 0.488592 41
      vertex -11.3 0 41
    endloop
  endfacet
  facet normal 0 0 1
    outer loop
      vertex -11.2422 -0.383182 41
      vertex -13.9659 -0.97659 41
      vertex -13.9233 -1.4634 41
    endloop
  endfacet
  facet normal 0 0 1
    outer loop
      vertex -14 0 41
      vertex -11.3 0 41
      vertex -13.9915 0.488592 41
    endloop
  endfacet
  facet normal 0 0 1
    outer loop
      vertex -11.2422 -0.383182 41
      vertex -13.9915 -0.488592 41
      vertex -13.9659 -0.97659 41
    endloop
  endfacet
  facet normal 0 0 1
    outer loop
      vertex -11.3 0 41
      vertex -14 0 41
      vertex -13.9915 -0.488592 41
    endloop
  endfacet
  facet normal 0 0 1
    outer loop
      vertex -3.14363 -5.97328 41
      vertex -6.46685 -7.78796 41
      vertex -6.43245 -8.18117 41
    endloop
  endfacet
  facet normal 0 0 1
    outer loop
      vertex -6.67739 -0.987367 41
      vertex -8.82874 -0.564049 41
      vertex -6.60794 -1.37755 41
    endloop
  endfacet
  facet normal 0 0 1
    outer loop
      vertex -6.26425 -2.5143 41
      vertex -6.591 -7.41328 41
      vertex -6.46685 -7.78796 41
    endloop
  endfacet
  facet normal 0 0 1
    outer loop
      vertex -6.72383 -0.593784 41
      vertex -8.82874 -0.564049 41
      vertex -6.67739 -0.987367 41
    endloop
  endfacet
  facet normal -0 0 1
    outer loop
      vertex -8.82874 -0.564049 41
      vertex -6.72383 -0.593784 41
      vertex -8.71452 -0.193754 41
    endloop
  endfacet
  facet normal 0 0 1
    outer loop
      vertex -6.74709 -0.198155 41
      vertex -8.71452 -0.193754 41
      vertex -6.72383 -0.593784 41
    endloop
  endfacet
  facet normal -0 0 1
    outer loop
      vertex -8.71452 -0.193754 41
      vertex -6.74709 -0.198155 41
      vertex -8.71452 0.193754 41
    endloop
  endfacet
  facet normal 0 0 1
    outer loop
      vertex -6.26425 -2.5143 41
      vertex -6.79822 -7.07733 41
      vertex -6.591 -7.41328 41
    endloop
  endfacet
  facet normal 0 -0 1
    outer loop
      vertex -9.04703 0.884224 41
      vertex -6.51571 1.76298 41
      vertex -9.35 1.12583 41
    endloop
  endfacet
  facet normal 0 -0 1
    outer loop
      vertex -8.82874 0.564049 41
      vertex -6.60794 1.37755 41
      vertex -9.04703 0.884224 41
    endloop
  endfacet
  facet normal -0 0 1
    outer loop
      vertex -9.04703 -0.884224 41
      vertex -6.60794 -1.37755 41
      vertex -8.82874 -0.564049 41
    endloop
  endfacet
  facet normal 0 -0 1
    outer loop
      vertex -8.71452 0.193754 41
      vertex -6.72383 0.593784 41
      vertex -8.82874 0.564049 41
    endloop
  endfacet
  facet normal 0 0 1
    outer loop
      vertex -6.26425 -2.5143 41
      vertex -7.07733 -6.79822 41
      vertex -6.79822 -7.07733 41
    endloop
  endfacet
  facet normal 0 0 1
    outer loop
      vertex -6.67739 0.987367 41
      vertex -8.82874 0.564049 41
      vertex -6.72383 0.593784 41
    endloop
  endfacet
  facet normal 0 0 1
    outer loop
      vertex -6.26425 -2.5143 41
      vertex -7.41328 -6.591 41
      vertex -7.07733 -6.79822 41
    endloop
  endfacet
  facet normal 0 0 1
    outer loop
      vertex -6.51571 1.76298 41
      vertex -9.04703 0.884224 41
      vertex -6.60794 1.37755 41
    endloop
  endfacet
  facet normal 0 0 1
    outer loop
      vertex -6.26425 -2.5143 41
      vertex -7.78796 -6.46685 41
      vertex -7.41328 -6.591 41
    endloop
  endfacet
  facet normal 0 0 1
    outer loop
      vertex -9.71072 1.26741 41
      vertex -8.18117 6.43245 41
      vertex -8.57172 6.48965 41
    endloop
  endfacet
  facet normal 0 0 1
    outer loop
      vertex -6.26425 -2.5143 41
      vertex -8.18117 -6.43245 41
      vertex -7.78796 -6.46685 41
    endloop
  endfacet
  facet normal 0 0 1
    outer loop
      vertex -6.26425 -2.5143 41
      vertex -8.57172 -6.48965 41
      vertex -8.18117 -6.43245 41
    endloop
  endfacet
  facet normal 0 0 1
    outer loop
      vertex -6.74709 0.198155 41
      vertex -8.71452 0.193754 41
      vertex -6.74709 -0.198155 41
    endloop
  endfacet
  facet normal 0 0 1
    outer loop
      vertex -10.0971 1.29636 41
      vertex -8.57172 6.48965 41
      vertex -8.93855 6.63539 41
    endloop
  endfacet
  facet normal 0 0 1
    outer loop
      vertex -6.72383 0.593784 41
      vertex -8.71452 0.193754 41
      vertex -6.74709 0.198155 41
    endloop
  endfacet
  facet normal 0 0 1
    outer loop
      vertex -12.5831 6.1372 41
      vertex -9.26188 6.86178 41
      vertex -12.3613 6.5726 41
    endloop
  endfacet
  facet normal 0 0 1
    outer loop
      vertex -6.60794 1.37755 41
      vertex -8.82874 0.564049 41
      vertex -6.67739 0.987367 41
    endloop
  endfacet
  facet normal 0 0 1
    outer loop
      vertex -9.71162 7.50408 41
      vertex -11.8727 7.41887 41
      vertex -9.52429 7.15665 41
    endloop
  endfacet
  facet normal 0 0 1
    outer loop
      vertex -8.18117 6.43245 41
      vertex -9.71072 1.26741 41
      vertex -9.35 1.12583 41
    endloop
  endfacet
  facet normal 0 0 1
    outer loop
      vertex -9.81378 7.88534 41
      vertex -11.6065 7.8287 41
      vertex -9.71162 7.50408 41
    endloop
  endfacet
  facet normal 0 0 1
    outer loop
      vertex -11.6065 7.8287 41
      vertex -9.81378 7.88534 41
      vertex -11.3262 8.22899 41
    endloop
  endfacet
  facet normal 0 0 1
    outer loop
      vertex -11.0322 8.61926 41
      vertex -9.81378 7.88534 41
      vertex -9.82526 8.27989 41
    endloop
  endfacet
  facet normal -0 0 1
    outer loop
      vertex -10.7246 8.99903 41
      vertex -9.74544 8.66645 41
      vertex -10.404 9.36783 41
    endloop
  endfacet
  facet normal 0 0 1
    outer loop
      vertex -9.74544 8.66645 41
      vertex -10.7246 8.99903 41
      vertex -9.82526 8.27989 41
    endloop
  endfacet
  facet normal -0 0 1
    outer loop
      vertex -11.0322 8.61926 41
      vertex -9.82526 8.27989 41
      vertex -10.7246 8.99903 41
    endloop
  endfacet
  facet normal 0 0 1
    outer loop
      vertex -9.81378 7.88534 41
      vertex -11.0322 8.61926 41
      vertex -11.3262 8.22899 41
    endloop
  endfacet
  facet normal 0 0 1
    outer loop
      vertex -11.8727 7.41887 41
      vertex -9.71162 7.50408 41
      vertex -11.6065 7.8287 41
    endloop
  endfacet
  facet normal 0 0 1
    outer loop
      vertex -8.57172 6.48965 41
      vertex -10.0971 1.29636 41
      vertex -9.71072 1.26741 41
    endloop
  endfacet
  facet normal 0 0 1
    outer loop
      vertex -9.52429 7.15665 41
      vertex -12.3613 6.5726 41
      vertex -9.26188 6.86178 41
    endloop
  endfacet
  facet normal 0 0 1
    outer loop
      vertex -12.1244 7 41
      vertex -9.52429 7.15665 41
      vertex -11.8727 7.41887 41
    endloop
  endfacet
  facet normal 0 0 1
    outer loop
      vertex -12.3613 6.5726 41
      vertex -9.52429 7.15665 41
      vertex -12.1244 7 41
    endloop
  endfacet
  facet normal 0 0 1
    outer loop
      vertex -12.7896 5.69431 41
      vertex -9.26188 6.86178 41
      vertex -12.5831 6.1372 41
    endloop
  endfacet
  facet normal 0 0 1
    outer loop
      vertex -9.26188 6.86178 41
      vertex -12.7896 5.69431 41
      vertex -8.93855 6.63539 41
    endloop
  endfacet
  facet normal -0 0 1
    outer loop
      vertex -7.78796 6.46685 41
      vertex -5.50708 3.90314 41
      vertex -7.41328 6.591 41
    endloop
  endfacet
  facet normal 0 0 1
    outer loop
      vertex -5.50708 3.90314 41
      vertex -7.78796 6.46685 41
      vertex -5.72666 3.57322 41
    endloop
  endfacet
  facet normal 0 0 1
    outer loop
      vertex -5.72666 3.57322 41
      vertex -7.78796 6.46685 41
      vertex -5.92649 3.23098 41
    endloop
  endfacet
  facet normal -0 0 1
    outer loop
      vertex -8.18117 6.43245 41
      vertex -5.92649 3.23098 41
      vertex -7.78796 6.46685 41
    endloop
  endfacet
  facet normal 0 0 1
    outer loop
      vertex -5.92649 3.23098 41
      vertex -8.18117 6.43245 41
      vertex -6.10589 2.8776 41
    endloop
  endfacet
  facet normal 0 0 1
    outer loop
      vertex -6.10589 2.8776 41
      vertex -8.18117 6.43245 41
      vertex -6.26425 2.5143 41
    endloop
  endfacet
  facet normal 0 0 1
    outer loop
      vertex -9.35 1.12583 41
      vertex -6.26425 2.5143 41
      vertex -8.18117 6.43245 41
    endloop
  endfacet
  facet normal 0 0 1
    outer loop
      vertex -6.40101 2.14233 41
      vertex -9.35 1.12583 41
      vertex -6.51571 1.76298 41
    endloop
  endfacet
  facet normal 0 0 1
    outer loop
      vertex -6.26425 2.5143 41
      vertex -9.35 1.12583 41
      vertex -6.40101 2.14233 41
    endloop
  endfacet
  facet normal 0 0 1
    outer loop
      vertex 4.32624 13.3148 41
      vertex 1.21014 10.4749 41
      vertex 1.29636 10.0971 41
    endloop
  endfacet
  facet normal 0 0 1
    outer loop
      vertex 1.94842 13.8638 41
      vertex 1.01638 10.8105 41
      vertex 1.21014 10.4749 41
    endloop
  endfacet
  facet normal 0 0 1
    outer loop
      vertex 0.383182 11.2422 41
      vertex 1.4634 13.9233 41
      vertex 0.97659 13.9659 41
    endloop
  endfacet
  facet normal 0 0 1
    outer loop
      vertex 1.94842 13.8638 41
      vertex 0.732316 11.0741 41
      vertex 1.01638 10.8105 41
    endloop
  endfacet
  facet normal 0 0 1
    outer loop
      vertex 0.383182 11.2422 41
      vertex 0.97659 13.9659 41
      vertex 0.488592 13.9915 41
    endloop
  endfacet
  facet normal 0 0 1
    outer loop
      vertex 1.4634 13.9233 41
      vertex 0.383182 11.2422 41
      vertex 0.732316 11.0741 41
    endloop
  endfacet
  facet normal 0 0 1
    outer loop
      vertex 0 11.3 41
      vertex 0.488592 13.9915 41
      vertex 0 14 41
    endloop
  endfacet
  facet normal 0 0 1
    outer loop
      vertex 0.488592 13.9915 41
      vertex 0 11.3 41
      vertex 0.383182 11.2422 41
    endloop
  endfacet
  facet normal -0 0 1
    outer loop
      vertex -0.488592 13.9915 41
      vertex 0 11.3 41
      vertex 0 14 41
    endloop
  endfacet
  facet normal 0 0 1
    outer loop
      vertex 0 11.3 41
      vertex -0.488592 13.9915 41
      vertex -0.383182 11.2422 41
    endloop
  endfacet
  facet normal -0 0 1
    outer loop
      vertex -0.97659 13.9659 41
      vertex -0.383182 11.2422 41
      vertex -0.488592 13.9915 41
    endloop
  endfacet
  facet normal -0 0 1
    outer loop
      vertex -1.4634 13.9233 41
      vertex -0.383182 11.2422 41
      vertex -0.97659 13.9659 41
    endloop
  endfacet
  facet normal 0 0 1
    outer loop
      vertex -0.383182 11.2422 41
      vertex -1.4634 13.9233 41
      vertex -0.732316 11.0741 41
    endloop
  endfacet
  facet normal -0 0 1
    outer loop
      vertex -1.94842 13.8638 41
      vertex -0.732316 11.0741 41
      vertex -1.4634 13.9233 41
    endloop
  endfacet
  facet normal -0 0 1
    outer loop
      vertex -2.43107 13.7873 41
      vertex -0.732316 11.0741 41
      vertex -1.94842 13.8638 41
    endloop
  endfacet
  facet normal 0 0 1
    outer loop
      vertex -0.732316 11.0741 41
      vertex -2.43107 13.7873 41
      vertex -1.01638 10.8105 41
    endloop
  endfacet
  facet normal -0 0 1
    outer loop
      vertex 0.732316 -11.0741 41
      vertex 2.43107 -13.7873 41
      vertex 1.01638 -10.8105 41
    endloop
  endfacet
  facet normal 0 0 1
    outer loop
      vertex 2.43107 -13.7873 41
      vertex 0.732316 -11.0741 41
      vertex 1.94842 -13.8638 41
    endloop
  endfacet
  facet normal 0 0 1
    outer loop
      vertex 1.94842 -13.8638 41
      vertex 0.732316 -11.0741 41
      vertex 1.4634 -13.9233 41
    endloop
  endfacet
  facet normal -0 0 1
    outer loop
      vertex 0.383182 -11.2422 41
      vertex 1.4634 -13.9233 41
      vertex 0.732316 -11.0741 41
    endloop
  endfacet
  facet normal 0 0 1
    outer loop
      vertex 1.4634 -13.9233 41
      vertex 0.383182 -11.2422 41
      vertex 0.97659 -13.9659 41
    endloop
  endfacet
  facet normal 0 0 1
    outer loop
      vertex 0.97659 -13.9659 41
      vertex 0.383182 -11.2422 41
      vertex 0.488592 -13.9915 41
    endloop
  endfacet
  facet normal -0 0 1
    outer loop
      vertex 0 -11.3 41
      vertex 0.488592 -13.9915 41
      vertex 0.383182 -11.2422 41
    endloop
  endfacet
  facet normal 0 0 1
    outer loop
      vertex 0 -11.3 41
      vertex 0 -14 41
      vertex 0.488592 -13.9915 41
    endloop
  endfacet
  facet normal 0 0 1
    outer loop
      vertex -0.488592 -13.9915 41
      vertex 0 -11.3 41
      vertex -0.383182 -11.2422 41
    endloop
  endfacet
  facet normal 0 0 1
    outer loop
      vertex 0 -11.3 41
      vertex -0.488592 -13.9915 41
      vertex 0 -14 41
    endloop
  endfacet
  facet normal 0 0 1
    outer loop
      vertex -1.4634 -13.9233 41
      vertex -0.383182 -11.2422 41
      vertex -0.732316 -11.0741 41
    endloop
  endfacet
  facet normal 0 0 1
    outer loop
      vertex -0.383182 -11.2422 41
      vertex -0.97659 -13.9659 41
      vertex -0.488592 -13.9915 41
    endloop
  endfacet
  facet normal 0 0 1
    outer loop
      vertex -2.43107 -13.7873 41
      vertex -0.732316 -11.0741 41
      vertex -1.01638 -10.8105 41
    endloop
  endfacet
  facet normal 0 0 1
    outer loop
      vertex -3.38691 -13.5841 41
      vertex -1.01638 -10.8105 41
      vertex -1.21014 -10.4749 41
    endloop
  endfacet
  facet normal 0 0 1
    outer loop
      vertex -4.32624 -13.3148 41
      vertex -1.21014 -10.4749 41
      vertex -1.29636 -10.0971 41
    endloop
  endfacet
  facet normal 0 0 1
    outer loop
      vertex -0.383182 -11.2422 41
      vertex -1.4634 -13.9233 41
      vertex -0.97659 -13.9659 41
    endloop
  endfacet
  facet normal 0 0 1
    outer loop
      vertex 6.33536 -2.32932 41
      vertex 9.35 -1.12583 41
      vertex 6.46114 -1.95349 41
    endloop
  endfacet
  facet normal 0 0 1
    outer loop
      vertex 6.18774 -2.69711 41
      vertex 9.35 -1.12583 41
      vertex 6.33536 -2.32932 41
    endloop
  endfacet
  facet normal 0 0 1
    outer loop
      vertex 9.35 -1.12583 41
      vertex 6.18774 -2.69711 41
      vertex 8.18117 -6.43245 41
    endloop
  endfacet
  facet normal -0 0 1
    outer loop
      vertex 6.01879 -3.0556 41
      vertex 8.18117 -6.43245 41
      vertex 6.18774 -2.69711 41
    endloop
  endfacet
  facet normal -0 0 1
    outer loop
      vertex 5.82909 -3.40356 41
      vertex 8.18117 -6.43245 41
      vertex 6.01879 -3.0556 41
    endloop
  endfacet
  facet normal 0 0 1
    outer loop
      vertex 8.18117 -6.43245 41
      vertex 5.82909 -3.40356 41
      vertex 7.78796 -6.46685 41
    endloop
  endfacet
  facet normal -0 0 1
    outer loop
      vertex 5.61929 -3.73979 41
      vertex 7.78796 -6.46685 41
      vertex 5.82909 -3.40356 41
    endloop
  endfacet
  facet normal 0 0 1
    outer loop
      vertex 7.78796 -6.46685 41
      vertex 5.61929 -3.73979 41
      vertex 7.41328 -6.591 41
    endloop
  endfacet
  facet normal -0 0 1
    outer loop
      vertex 5.39013 -4.06313 41
      vertex 7.41328 -6.591 41
      vertex 5.61929 -3.73979 41
    endloop
  endfacet
  facet normal 0 0 1
    outer loop
      vertex 10.7246 8.99903 41
      vertex 9.74544 8.66645 41
      vertex 9.82526 8.27989 41
    endloop
  endfacet
  facet normal 0 0 1
    outer loop
      vertex 9.33381 9.33381 41
      vertex 10.0708 9.72522 41
      vertex 9.72522 10.0708 41
    endloop
  endfacet
  facet normal 0 0 1
    outer loop
      vertex 10.404 9.36783 41
      vertex 9.57863 9.02419 41
      vertex 9.74544 8.66645 41
    endloop
  endfacet
  facet normal 0 0 1
    outer loop
      vertex 9.02419 9.57863 41
      vertex 9.72522 10.0708 41
      vertex 9.36783 10.404 41
    endloop
  endfacet
  facet normal 0 0 1
    outer loop
      vertex 10.0708 9.72522 41
      vertex 9.33381 9.33381 41
      vertex 9.57863 9.02419 41
    endloop
  endfacet
  facet normal 0 0 1
    outer loop
      vertex 9.72522 10.0708 41
      vertex 9.02419 9.57863 41
      vertex 9.33381 9.33381 41
    endloop
  endfacet
  facet normal 0 0 1
    outer loop
      vertex 8.66645 9.74544 41
      vertex 9.36783 10.404 41
      vertex 8.99903 10.7246 41
    endloop
  endfacet
  facet normal 0 0 1
    outer loop
      vertex 9.36783 10.404 41
      vertex 8.66645 9.74544 41
      vertex 9.02419 9.57863 41
    endloop
  endfacet
  facet normal 0 0 1
    outer loop
      vertex 8.27989 9.82526 41
      vertex 8.99903 10.7246 41
      vertex 8.61926 11.0322 41
    endloop
  endfacet
  facet normal 0 0 1
    outer loop
      vertex 8.99903 10.7246 41
      vertex 8.27989 9.82526 41
      vertex 8.66645 9.74544 41
    endloop
  endfacet
  facet normal 0 0 1
    outer loop
      vertex 7.88534 9.81378 41
      vertex 8.61926 11.0322 41
      vertex 8.22899 11.3262 41
    endloop
  endfacet
  facet normal 0 0 1
    outer loop
      vertex 8.61926 11.0322 41
      vertex 7.88534 9.81378 41
      vertex 8.27989 9.82526 41
    endloop
  endfacet
  facet normal 0 0 1
    outer loop
      vertex 7.8287 11.6065 41
      vertex 7.88534 9.81378 41
      vertex 8.22899 11.3262 41
    endloop
  endfacet
  facet normal 0 0 1
    outer loop
      vertex 7.8287 11.6065 41
      vertex 7.50408 9.71162 41
      vertex 7.88534 9.81378 41
    endloop
  endfacet
  facet normal 0 0 1
    outer loop
      vertex 7.41887 11.8727 41
      vertex 7.50408 9.71162 41
      vertex 7.8287 11.6065 41
    endloop
  endfacet
  facet normal 0 0 1
    outer loop
      vertex 7.41887 11.8727 41
      vertex 7.15665 9.52429 41
      vertex 7.50408 9.71162 41
    endloop
  endfacet
  facet normal 0 0 1
    outer loop
      vertex 7 12.1244 41
      vertex 7.15665 9.52429 41
      vertex 7.41887 11.8727 41
    endloop
  endfacet
  facet normal 0 0 1
    outer loop
      vertex 6.5726 12.3613 41
      vertex 7.15665 9.52429 41
      vertex 7 12.1244 41
    endloop
  endfacet
  facet normal 0 0 1
    outer loop
      vertex 7.15665 9.52429 41
      vertex 6.5726 12.3613 41
      vertex 6.86178 9.26188 41
    endloop
  endfacet
  facet normal 0 0 1
    outer loop
      vertex 6.1372 12.5831 41
      vertex 6.86178 9.26188 41
      vertex 6.5726 12.3613 41
    endloop
  endfacet
  facet normal 0 0 1
    outer loop
      vertex 5.69431 12.7896 41
      vertex 6.86178 9.26188 41
      vertex 6.1372 12.5831 41
    endloop
  endfacet
  facet normal 0 0 1
    outer loop
      vertex 6.86178 9.26188 41
      vertex 5.69431 12.7896 41
      vertex 6.63539 8.93855 41
    endloop
  endfacet
  facet normal 0 0 1
    outer loop
      vertex 9.35 1.12583 41
      vertex 6.18774 2.69711 41
      vertex 6.33536 2.32932 41
    endloop
  endfacet
  facet normal 0 0 1
    outer loop
      vertex 5.24449 12.9806 41
      vertex 6.63539 8.93855 41
      vertex 5.69431 12.7896 41
    endloop
  endfacet
  facet normal -0 0 1
    outer loop
      vertex 1.29636 10.0971 41
      vertex 6.63539 8.93855 41
      vertex 5.24449 12.9806 41
    endloop
  endfacet
  facet normal 0 0 1
    outer loop
      vertex 6.46685 7.78796 41
      vertex 6.01879 3.0556 41
      vertex 6.18774 2.69711 41
    endloop
  endfacet
  facet normal 0 0 1
    outer loop
      vertex 6.46685 7.78796 41
      vertex 5.82909 3.40356 41
      vertex 6.01879 3.0556 41
    endloop
  endfacet
  facet normal 0 0 1
    outer loop
      vertex 6.63539 8.93855 41
      vertex 1.29636 10.0971 41
      vertex 6.48965 8.57172 41
    endloop
  endfacet
  facet normal 0 0 1
    outer loop
      vertex 6.46685 7.78796 41
      vertex 5.61929 3.73979 41
      vertex 5.82909 3.40356 41
    endloop
  endfacet
  facet normal 0 0 1
    outer loop
      vertex 6.46685 7.78796 41
      vertex 5.39013 4.06313 41
      vertex 5.61929 3.73979 41
    endloop
  endfacet
  facet normal -0 0 1
    outer loop
      vertex 1.26741 9.71072 41
      vertex 6.48965 8.57172 41
      vertex 1.29636 10.0971 41
    endloop
  endfacet
  facet normal 0 0 1
    outer loop
      vertex 6.46685 7.78796 41
      vertex 5.14238 4.37246 41
      vertex 5.39013 4.06313 41
    endloop
  endfacet
  facet normal 0 0 1
    outer loop
      vertex 6.46685 7.78796 41
      vertex 4.87691 4.66672 41
      vertex 5.14238 4.37246 41
    endloop
  endfacet
  facet normal 0 0 1
    outer loop
      vertex 1.29636 10.0971 41
      vertex 5.24449 12.9806 41
      vertex 4.78828 13.1557 41
    endloop
  endfacet
  facet normal 0 0 1
    outer loop
      vertex 6.46685 7.78796 41
      vertex 4.59462 4.94489 41
      vertex 4.87691 4.66672 41
    endloop
  endfacet
  facet normal 0 0 1
    outer loop
      vertex 1.29636 10.0971 41
      vertex 4.78828 13.1557 41
      vertex 4.32624 13.3148 41
    endloop
  endfacet
  facet normal 0 0 1
    outer loop
      vertex 6.46685 7.78796 41
      vertex 4.2965 5.20601 41
      vertex 4.59462 4.94489 41
    endloop
  endfacet
  facet normal 0 0 1
    outer loop
      vertex 6.46685 7.78796 41
      vertex 3.98357 5.44919 41
      vertex 4.2965 5.20601 41
    endloop
  endfacet
  facet normal 0 0 1
    outer loop
      vertex 1.21014 10.4749 41
      vertex 4.32624 13.3148 41
      vertex 3.85892 13.4577 41
    endloop
  endfacet
  facet normal 0 0 1
    outer loop
      vertex 6.46685 7.78796 41
      vertex 3.6569 5.67359 41
      vertex 3.98357 5.44919 41
    endloop
  endfacet
  facet normal 0 0 1
    outer loop
      vertex 1.21014 10.4749 41
      vertex 3.85892 13.4577 41
      vertex 3.38691 13.5841 41
    endloop
  endfacet
  facet normal 0 0 1
    outer loop
      vertex 6.46685 7.78796 41
      vertex 3.31763 5.87842 41
      vertex 3.6569 5.67359 41
    endloop
  endfacet
  facet normal 0 0 1
    outer loop
      vertex 6.48965 8.57172 41
      vertex 1.26741 9.71072 41
      vertex 6.43245 8.18117 41
    endloop
  endfacet
  facet normal 0 0 1
    outer loop
      vertex 1.21014 10.4749 41
      vertex 3.38691 13.5841 41
      vertex 2.91076 13.6941 41
    endloop
  endfacet
  facet normal 0 -0 1
    outer loop
      vertex 2.60598 6.22666 41
      vertex 6.43245 8.18117 41
      vertex 1.26741 9.71072 41
    endloop
  endfacet
  facet normal 0 0 1
    outer loop
      vertex 1.21014 10.4749 41
      vertex 2.91076 13.6941 41
      vertex 2.43107 13.7873 41
    endloop
  endfacet
  facet normal 0 0 1
    outer loop
      vertex 6.43245 8.18117 41
      vertex 2.96692 6.06299 41
      vertex 3.31763 5.87842 41
    endloop
  endfacet
  facet normal 0 0 1
    outer loop
      vertex 1.21014 10.4749 41
      vertex 2.43107 13.7873 41
      vertex 1.94842 13.8638 41
    endloop
  endfacet
  facet normal 0 0 1
    outer loop
      vertex 6.43245 8.18117 41
      vertex 2.60598 6.22666 41
      vertex 2.96692 6.06299 41
    endloop
  endfacet
  facet normal -0 0 1
    outer loop
      vertex 1.12583 9.35 41
      vertex 2.60598 6.22666 41
      vertex 1.26741 9.71072 41
    endloop
  endfacet
  facet normal 0 0 1
    outer loop
      vertex 0.732316 11.0741 41
      vertex 1.94842 13.8638 41
      vertex 1.4634 13.9233 41
    endloop
  endfacet
  facet normal 0 0 1
    outer loop
      vertex 2.60598 6.22666 41
      vertex 1.12583 9.35 41
      vertex 2.23606 6.36887 41
    endloop
  endfacet
  facet normal 0 0 1
    outer loop
      vertex 2.23606 6.36887 41
      vertex 1.12583 9.35 41
      vertex 1.85843 6.48912 41
    endloop
  endfacet
  facet normal -0 0 1
    outer loop
      vertex 0.884224 9.04703 41
      vertex 1.85843 6.48912 41
      vertex 1.12583 9.35 41
    endloop
  endfacet
  facet normal 0 0 1
    outer loop
      vertex 1.85843 6.48912 41
      vertex 0.884224 9.04703 41
      vertex 1.4744 6.587 41
    endloop
  endfacet
  facet normal 0 0 1
    outer loop
      vertex 1.4744 6.587 41
      vertex 0.884224 9.04703 41
      vertex 1.08528 6.66218 41
    endloop
  endfacet
  facet normal -0 0 1
    outer loop
      vertex 0.564049 8.82874 41
      vertex 1.08528 6.66218 41
      vertex 0.884224 9.04703 41
    endloop
  endfacet
  facet normal 0 0 1
    outer loop
      vertex 1.08528 6.66218 41
      vertex 0.564049 8.82874 41
      vertex 0.692426 6.71439 41
    endloop
  endfacet
  facet normal -0 0 1
    outer loop
      vertex 0.193754 8.71452 41
      vertex 0.692426 6.71439 41
      vertex 0.564049 8.82874 41
    endloop
  endfacet
  facet normal 0 0 1
    outer loop
      vertex 0.692426 6.71439 41
      vertex 0.193754 8.71452 41
      vertex 0.29718 6.74345 41
    endloop
  endfacet
  facet normal 0 0 1
    outer loop
      vertex 0.193754 8.71452 41
      vertex -0.0990887 6.74927 41
      vertex 0.29718 6.74345 41
    endloop
  endfacet
  facet normal -0 0 1
    outer loop
      vertex -0.193754 8.71452 41
      vertex -0.0990887 6.74927 41
      vertex 0.193754 8.71452 41
    endloop
  endfacet
  facet normal 0 0 1
    outer loop
      vertex -0.193754 8.71452 41
      vertex -0.495016 6.73182 41
      vertex -0.0990887 6.74927 41
    endloop
  endfacet
  facet normal 0 0 1
    outer loop
      vertex -0.564049 8.82874 41
      vertex -0.495016 6.73182 41
      vertex -0.193754 8.71452 41
    endloop
  endfacet
  facet normal 0 0 1
    outer loop
      vertex -1.28039 6.62745 41
      vertex -0.564049 8.82874 41
      vertex -0.884224 9.04703 41
    endloop
  endfacet
  facet normal 0 0 1
    outer loop
      vertex -0.564049 8.82874 41
      vertex -0.889237 6.69117 41
      vertex -0.495016 6.73182 41
    endloop
  endfacet
  facet normal 0 0 1
    outer loop
      vertex -1.66714 6.54088 41
      vertex -0.884224 9.04703 41
      vertex -1.12583 9.35 41
    endloop
  endfacet
  facet normal 0 0 1
    outer loop
      vertex -2.42207 6.30048 41
      vertex -1.12583 9.35 41
      vertex -1.26741 9.71072 41
    endloop
  endfacet
  facet normal 0 0 1
    outer loop
      vertex -0.564049 8.82874 41
      vertex -1.28039 6.62745 41
      vertex -0.889237 6.69117 41
    endloop
  endfacet
  facet normal 0 0 1
    outer loop
      vertex -6.48965 8.57172 41
      vertex -1.26741 9.71072 41
      vertex -1.29636 10.0971 41
    endloop
  endfacet
  facet normal -0 0 1
    outer loop
      vertex -2.91076 13.6941 41
      vertex -1.01638 10.8105 41
      vertex -2.43107 13.7873 41
    endloop
  endfacet
  facet normal -0 0 1
    outer loop
      vertex -3.38691 13.5841 41
      vertex -1.01638 10.8105 41
      vertex -2.91076 13.6941 41
    endloop
  endfacet
  facet normal 0 0 1
    outer loop
      vertex -1.01638 10.8105 41
      vertex -3.38691 13.5841 41
      vertex -1.21014 10.4749 41
    endloop
  endfacet
  facet normal -0 0 1
    outer loop
      vertex -3.85892 13.4577 41
      vertex -1.21014 10.4749 41
      vertex -3.38691 13.5841 41
    endloop
  endfacet
  facet normal 0 0 1
    outer loop
      vertex -0.884224 9.04703 41
      vertex -1.66714 6.54088 41
      vertex -1.28039 6.62745 41
    endloop
  endfacet
  facet normal -0 0 1
    outer loop
      vertex -4.32624 13.3148 41
      vertex -1.21014 10.4749 41
      vertex -3.85892 13.4577 41
    endloop
  endfacet
  facet normal 0 0 1
    outer loop
      vertex -1.21014 10.4749 41
      vertex -4.32624 13.3148 41
      vertex -1.29636 10.0971 41
    endloop
  endfacet
  facet normal 0 0 1
    outer loop
      vertex -1.12583 9.35 41
      vertex -2.04813 6.43177 41
      vertex -1.66714 6.54088 41
    endloop
  endfacet
  facet normal -0 0 1
    outer loop
      vertex -4.78828 13.1557 41
      vertex -1.29636 10.0971 41
      vertex -4.32624 13.3148 41
    endloop
  endfacet
  facet normal 0 -0 1
    outer loop
      vertex -6.43245 8.18117 41
      vertex -1.26741 9.71072 41
      vertex -6.48965 8.57172 41
    endloop
  endfacet
  facet normal 0 0 1
    outer loop
      vertex -1.26741 9.71072 41
      vertex -2.78765 6.14748 41
      vertex -2.42207 6.30048 41
    endloop
  endfacet
  facet normal 0 0 1
    outer loop
      vertex -1.26741 9.71072 41
      vertex -6.43245 8.18117 41
      vertex -2.78765 6.14748 41
    endloop
  endfacet
  facet normal 0 0 1
    outer loop
      vertex -2.78765 6.14748 41
      vertex -6.43245 8.18117 41
      vertex -3.14363 5.97328 41
    endloop
  endfacet
  facet normal -0 0 1
    outer loop
      vertex -6.46685 7.78796 41
      vertex -3.14363 5.97328 41
      vertex -6.43245 8.18117 41
    endloop
  endfacet
  facet normal 0 0 1
    outer loop
      vertex -1.12583 9.35 41
      vertex -2.42207 6.30048 41
      vertex -2.04813 6.43177 41
    endloop
  endfacet
  facet normal 0 0 1
    outer loop
      vertex -3.14363 5.97328 41
      vertex -6.46685 7.78796 41
      vertex -3.48877 5.77849 41
    endloop
  endfacet
  facet normal 0 0 1
    outer loop
      vertex -3.48877 5.77849 41
      vertex -6.46685 7.78796 41
      vertex -3.82188 5.56379 41
    endloop
  endfacet
  facet normal -0 0 1
    outer loop
      vertex -5.24449 12.9806 41
      vertex -1.29636 10.0971 41
      vertex -4.78828 13.1557 41
    endloop
  endfacet
  facet normal 0 0 1
    outer loop
      vertex -3.82188 5.56379 41
      vertex -6.591 7.41328 41
      vertex -4.14182 5.3299 41
    endloop
  endfacet
  facet normal 0 0 1
    outer loop
      vertex -1.29636 10.0971 41
      vertex -5.24449 12.9806 41
      vertex -6.63539 8.93855 41
    endloop
  endfacet
  facet normal 0 0 1
    outer loop
      vertex -4.14182 5.3299 41
      vertex -6.591 7.41328 41
      vertex -4.44748 5.07764 41
    endloop
  endfacet
  facet normal -0 0 1
    outer loop
      vertex -6.79822 7.07733 41
      vertex -4.44748 5.07764 41
      vertex -6.591 7.41328 41
    endloop
  endfacet
  facet normal 0 0 1
    outer loop
      vertex -6.63539 8.93855 41
      vertex -5.24449 12.9806 41
      vertex -5.69431 12.7896 41
    endloop
  endfacet
  facet normal 0 0 1
    outer loop
      vertex -4.44748 5.07764 41
      vertex -6.79822 7.07733 41
      vertex -4.73781 4.80788 41
    endloop
  endfacet
  facet normal -0 0 1
    outer loop
      vertex -7.07733 6.79822 41
      vertex -4.73781 4.80788 41
      vertex -6.79822 7.07733 41
    endloop
  endfacet
  facet normal 0 0 1
    outer loop
      vertex -4.73781 4.80788 41
      vertex -7.07733 6.79822 41
      vertex -5.0118 4.52154 41
    endloop
  endfacet
  facet normal 0 0 1
    outer loop
      vertex -6.86178 9.26188 41
      vertex -5.69431 12.7896 41
      vertex -6.1372 12.5831 41
    endloop
  endfacet
  facet normal 0 0 1
    outer loop
      vertex -5.0118 4.52154 41
      vertex -7.07733 6.79822 41
      vertex -5.26852 4.21961 41
    endloop
  endfacet
  facet normal -0 0 1
    outer loop
      vertex -7.41328 6.591 41
      vertex -5.26852 4.21961 41
      vertex -7.07733 6.79822 41
    endloop
  endfacet
  facet normal 0 0 1
    outer loop
      vertex -5.26852 4.21961 41
      vertex -7.41328 6.591 41
      vertex -5.50708 3.90314 41
    endloop
  endfacet
  facet normal -0 0 1
    outer loop
      vertex -6.591 7.41328 41
      vertex -3.82188 5.56379 41
      vertex -6.46685 7.78796 41
    endloop
  endfacet
  facet normal 0 0 1
    outer loop
      vertex -6.86178 9.26188 41
      vertex -6.1372 12.5831 41
      vertex -6.5726 12.3613 41
    endloop
  endfacet
  facet normal 0 0 1
    outer loop
      vertex -1.29636 10.0971 41
      vertex -6.63539 8.93855 41
      vertex -6.48965 8.57172 41
    endloop
  endfacet
  facet normal 0 0 1
    outer loop
      vertex -5.69431 12.7896 41
      vertex -6.86178 9.26188 41
      vertex -6.63539 8.93855 41
    endloop
  endfacet
  facet normal 0 0 1
    outer loop
      vertex -7.15665 9.52429 41
      vertex -6.5726 12.3613 41
      vertex -7 12.1244 41
    endloop
  endfacet
  facet normal 0 0 1
    outer loop
      vertex -6.5726 12.3613 41
      vertex -7.15665 9.52429 41
      vertex -6.86178 9.26188 41
    endloop
  endfacet
  facet normal -0 0 1
    outer loop
      vertex -7.41887 11.8727 41
      vertex -7.15665 9.52429 41
      vertex -7 12.1244 41
    endloop
  endfacet
  facet normal 0 0 1
    outer loop
      vertex -7.41887 11.8727 41
      vertex -7.50408 9.71162 41
      vertex -7.15665 9.52429 41
    endloop
  endfacet
  facet normal -0 0 1
    outer loop
      vertex -7.8287 11.6065 41
      vertex -7.50408 9.71162 41
      vertex -7.41887 11.8727 41
    endloop
  endfacet
  facet normal 0 0 1
    outer loop
      vertex -7.8287 11.6065 41
      vertex -7.88534 9.81378 41
      vertex -7.50408 9.71162 41
    endloop
  endfacet
  facet normal -0 0 1
    outer loop
      vertex -8.22899 11.3262 41
      vertex -7.88534 9.81378 41
      vertex -7.8287 11.6065 41
    endloop
  endfacet
  facet normal -0 0 1
    outer loop
      vertex -8.61926 11.0322 41
      vertex -7.88534 9.81378 41
      vertex -8.22899 11.3262 41
    endloop
  endfacet
  facet normal 0 0 1
    outer loop
      vertex -7.88534 9.81378 41
      vertex -8.61926 11.0322 41
      vertex -8.27989 9.82526 41
    endloop
  endfacet
  facet normal -0 0 1
    outer loop
      vertex -8.99903 10.7246 41
      vertex -8.27989 9.82526 41
      vertex -8.61926 11.0322 41
    endloop
  endfacet
  facet normal 0 0 1
    outer loop
      vertex -8.27989 9.82526 41
      vertex -8.99903 10.7246 41
      vertex -8.66645 9.74544 41
    endloop
  endfacet
  facet normal -0 0 1
    outer loop
      vertex -9.36783 10.404 41
      vertex -8.66645 9.74544 41
      vertex -8.99903 10.7246 41
    endloop
  endfacet
  facet normal 0 0 1
    outer loop
      vertex -8.66645 9.74544 41
      vertex -9.36783 10.404 41
      vertex -9.02419 9.57863 41
    endloop
  endfacet
  facet normal -0 0 1
    outer loop
      vertex -9.72522 10.0708 41
      vertex -9.02419 9.57863 41
      vertex -9.36783 10.404 41
    endloop
  endfacet
  facet normal 0 0 1
    outer loop
      vertex -9.02419 9.57863 41
      vertex -9.72522 10.0708 41
      vertex -9.33381 9.33381 41
    endloop
  endfacet
  facet normal -0 0 1
    outer loop
      vertex -10.0708 9.72522 41
      vertex -9.33381 9.33381 41
      vertex -9.72522 10.0708 41
    endloop
  endfacet
  facet normal 0 0 1
    outer loop
      vertex -9.33381 9.33381 41
      vertex -10.0708 9.72522 41
      vertex -9.57863 9.02419 41
    endloop
  endfacet
  facet normal -0 0 1
    outer loop
      vertex -10.404 9.36783 41
      vertex -9.57863 9.02419 41
      vertex -10.0708 9.72522 41
    endloop
  endfacet
  facet normal 0 0 1
    outer loop
      vertex -9.57863 9.02419 41
      vertex -10.404 9.36783 41
      vertex -9.74544 8.66645 41
    endloop
  endfacet
  facet normal 0 0 1
    outer loop
      vertex 11.3 0 41
      vertex 14 0 41
      vertex 13.9915 0.488592 41
    endloop
  endfacet
  facet normal 0 0 1
    outer loop
      vertex 11.2422 0.383182 41
      vertex 13.9915 0.488592 41
      vertex 13.9659 0.97659 41
    endloop
  endfacet
  facet normal 0 0 1
    outer loop
      vertex 14 0 41
      vertex 11.3 0 41
      vertex 13.9915 -0.488592 41
    endloop
  endfacet
  facet normal 0 0 1
    outer loop
      vertex 11.2422 0.383182 41
      vertex 13.9659 0.97659 41
      vertex 13.9233 1.4634 41
    endloop
  endfacet
  facet normal -0 0 1
    outer loop
      vertex 11.2422 -0.383182 41
      vertex 13.9915 -0.488592 41
      vertex 11.3 0 41
    endloop
  endfacet
  facet normal 0 0 1
    outer loop
      vertex 11.0741 0.732316 41
      vertex 13.9233 1.4634 41
      vertex 13.8638 1.94842 41
    endloop
  endfacet
  facet normal 0 0 1
    outer loop
      vertex 13.9915 -0.488592 41
      vertex 11.2422 -0.383182 41
      vertex 13.9659 -0.97659 41
    endloop
  endfacet
  facet normal 0 0 1
    outer loop
      vertex 11.0741 0.732316 41
      vertex 13.8638 1.94842 41
      vertex 13.7873 2.43107 41
    endloop
  endfacet
  facet normal 0 0 1
    outer loop
      vertex 13.9659 -0.97659 41
      vertex 11.2422 -0.383182 41
      vertex 13.9233 -1.4634 41
    endloop
  endfacet
  facet normal 0 0 1
    outer loop
      vertex 10.8105 1.01638 41
      vertex 13.7873 2.43107 41
      vertex 13.6941 2.91076 41
    endloop
  endfacet
  facet normal -0 0 1
    outer loop
      vertex 11.0741 -0.732316 41
      vertex 13.9233 -1.4634 41
      vertex 11.2422 -0.383182 41
    endloop
  endfacet
  facet normal 0 0 1
    outer loop
      vertex 10.8105 1.01638 41
      vertex 13.6941 2.91076 41
      vertex 13.5841 3.38691 41
    endloop
  endfacet
  facet normal 0 0 1
    outer loop
      vertex 13.9233 -1.4634 41
      vertex 11.0741 -0.732316 41
      vertex 13.8638 -1.94842 41
    endloop
  endfacet
  facet normal 0 0 1
    outer loop
      vertex 10.4749 1.21014 41
      vertex 13.5841 3.38691 41
      vertex 13.4577 3.85892 41
    endloop
  endfacet
  facet normal 0 0 1
    outer loop
      vertex 13.8638 -1.94842 41
      vertex 11.0741 -0.732316 41
      vertex 13.7873 -2.43107 41
    endloop
  endfacet
  facet normal 0 0 1
    outer loop
      vertex 10.4749 1.21014 41
      vertex 13.4577 3.85892 41
      vertex 13.3148 4.32624 41
    endloop
  endfacet
  facet normal -0 0 1
    outer loop
      vertex 10.8105 -1.01638 41
      vertex 13.7873 -2.43107 41
      vertex 11.0741 -0.732316 41
    endloop
  endfacet
  facet normal 0 0 1
    outer loop
      vertex 10.4749 1.21014 41
      vertex 13.3148 4.32624 41
      vertex 13.1557 4.78828 41
    endloop
  endfacet
  facet normal 0 0 1
    outer loop
      vertex 13.7873 -2.43107 41
      vertex 10.8105 -1.01638 41
      vertex 13.6941 -2.91076 41
    endloop
  endfacet
  facet normal 0 0 1
    outer loop
      vertex 10.0971 1.29636 41
      vertex 13.1557 4.78828 41
      vertex 12.9806 5.24449 41
    endloop
  endfacet
  facet normal 0 0 1
    outer loop
      vertex 13.6941 -2.91076 41
      vertex 10.8105 -1.01638 41
      vertex 13.5841 -3.38691 41
    endloop
  endfacet
  facet normal 0 0 1
    outer loop
      vertex 8.93855 6.63539 41
      vertex 12.9806 5.24449 41
      vertex 12.7896 5.69431 41
    endloop
  endfacet
  facet normal -0 0 1
    outer loop
      vertex 10.4749 -1.21014 41
      vertex 13.5841 -3.38691 41
      vertex 10.8105 -1.01638 41
    endloop
  endfacet
  facet normal 0 0 1
    outer loop
      vertex 9.26188 6.86178 41
      vertex 12.7896 5.69431 41
      vertex 12.5831 6.1372 41
    endloop
  endfacet
  facet normal 0 0 1
    outer loop
      vertex 13.5841 -3.38691 41
      vertex 10.4749 -1.21014 41
      vertex 13.4577 -3.85892 41
    endloop
  endfacet
  facet normal 0 0 1
    outer loop
      vertex 9.26188 6.86178 41
      vertex 12.5831 6.1372 41
      vertex 12.3613 6.5726 41
    endloop
  endfacet
  facet normal 0 0 1
    outer loop
      vertex 13.4577 -3.85892 41
      vertex 10.4749 -1.21014 41
      vertex 13.3148 -4.32624 41
    endloop
  endfacet
  facet normal 0 0 1
    outer loop
      vertex 9.52429 7.15665 41
      vertex 12.3613 6.5726 41
      vertex 12.1244 7 41
    endloop
  endfacet
  facet normal 0 0 1
    outer loop
      vertex 13.3148 -4.32624 41
      vertex 10.4749 -1.21014 41
      vertex 13.1557 -4.78828 41
    endloop
  endfacet
  facet normal -0 0 1
    outer loop
      vertex 9.52429 7.15665 41
      vertex 12.1244 7 41
      vertex 11.8727 7.41887 41
    endloop
  endfacet
  facet normal -0 0 1
    outer loop
      vertex 10.0971 -1.29636 41
      vertex 13.1557 -4.78828 41
      vertex 10.4749 -1.21014 41
    endloop
  endfacet
  facet normal -0 0 1
    outer loop
      vertex 9.71162 7.50408 41
      vertex 11.8727 7.41887 41
      vertex 11.6065 7.8287 41
    endloop
  endfacet
  facet normal 0 0 1
    outer loop
      vertex 13.1557 -4.78828 41
      vertex 10.0971 -1.29636 41
      vertex 12.9806 -5.24449 41
    endloop
  endfacet
  facet normal -0 0 1
    outer loop
      vertex 9.81378 7.88534 41
      vertex 11.6065 7.8287 41
      vertex 11.3262 8.22899 41
    endloop
  endfacet
  facet normal 0 0 1
    outer loop
      vertex 8.93855 -6.63539 41
      vertex 12.9806 -5.24449 41
      vertex 10.0971 -1.29636 41
    endloop
  endfacet
  facet normal 0 0 1
    outer loop
      vertex 12.9806 -5.24449 41
      vertex 8.93855 -6.63539 41
      vertex 12.7896 -5.69431 41
    endloop
  endfacet
  facet normal 0 0 1
    outer loop
      vertex 13.9915 0.488592 41
      vertex 11.2422 0.383182 41
      vertex 11.3 0 41
    endloop
  endfacet
  facet normal 0 0 1
    outer loop
      vertex 13.9233 1.4634 41
      vertex 11.0741 0.732316 41
      vertex 11.2422 0.383182 41
    endloop
  endfacet
  facet normal 0 0 1
    outer loop
      vertex 9.81378 7.88534 41
      vertex 11.3262 8.22899 41
      vertex 11.0322 8.61926 41
    endloop
  endfacet
  facet normal 0 0 1
    outer loop
      vertex 13.7873 2.43107 41
      vertex 10.8105 1.01638 41
      vertex 11.0741 0.732316 41
    endloop
  endfacet
  facet normal 0 0 1
    outer loop
      vertex 9.82526 8.27989 41
      vertex 11.0322 8.61926 41
      vertex 10.7246 8.99903 41
    endloop
  endfacet
  facet normal 0 0 1
    outer loop
      vertex 11.8727 7.41887 41
      vertex 9.71162 7.50408 41
      vertex 9.52429 7.15665 41
    endloop
  endfacet
  facet normal 0 0 1
    outer loop
      vertex 9.74544 8.66645 41
      vertex 10.7246 8.99903 41
      vertex 10.404 9.36783 41
    endloop
  endfacet
  facet normal 0 0 1
    outer loop
      vertex 12.3613 6.5726 41
      vertex 9.52429 7.15665 41
      vertex 9.26188 6.86178 41
    endloop
  endfacet
  facet normal 0 0 1
    outer loop
      vertex 9.57863 9.02419 41
      vertex 10.404 9.36783 41
      vertex 10.0708 9.72522 41
    endloop
  endfacet
  facet normal 0 0 1
    outer loop
      vertex 11.0322 8.61926 41
      vertex 9.82526 8.27989 41
      vertex 9.81378 7.88534 41
    endloop
  endfacet
  facet normal 0 0 1
    outer loop
      vertex 11.6065 7.8287 41
      vertex 9.81378 7.88534 41
      vertex 9.71162 7.50408 41
    endloop
  endfacet
  facet normal 0 0 1
    outer loop
      vertex 13.5841 3.38691 41
      vertex 10.4749 1.21014 41
      vertex 10.8105 1.01638 41
    endloop
  endfacet
  facet normal 0 0 1
    outer loop
      vertex 12.7896 5.69431 41
      vertex 9.26188 6.86178 41
      vertex 8.93855 6.63539 41
    endloop
  endfacet
  facet normal 0 0 1
    outer loop
      vertex 13.1557 4.78828 41
      vertex 10.0971 1.29636 41
      vertex 10.4749 1.21014 41
    endloop
  endfacet
  facet normal 0 0 1
    outer loop
      vertex 12.9806 5.24449 41
      vertex 8.93855 6.63539 41
      vertex 10.0971 1.29636 41
    endloop
  endfacet
  facet normal -0 0 1
    outer loop
      vertex 8.57172 6.48965 41
      vertex 10.0971 1.29636 41
      vertex 8.93855 6.63539 41
    endloop
  endfacet
  facet normal 0 0 1
    outer loop
      vertex 10.0971 1.29636 41
      vertex 8.57172 6.48965 41
      vertex 9.71072 1.26741 41
    endloop
  endfacet
  facet normal -0 0 1
    outer loop
      vertex 8.18117 6.43245 41
      vertex 9.71072 1.26741 41
      vertex 8.57172 6.48965 41
    endloop
  endfacet
  facet normal -0 0 1
    outer loop
      vertex 6.18774 2.69711 41
      vertex 9.71072 1.26741 41
      vertex 8.18117 6.43245 41
    endloop
  endfacet
  facet normal -0 -0 1
    outer loop
      vertex 6.46114 1.95349 41
      vertex 9.35 1.12583 41
      vertex 6.33536 2.32932 41
    endloop
  endfacet
  facet normal -0 -0 1
    outer loop
      vertex 6.56465 1.57094 41
      vertex 9.04703 0.884224 41
      vertex 6.46114 1.95349 41
    endloop
  endfacet
  facet normal 0 0 1
    outer loop
      vertex 9.35 1.12583 41
      vertex 6.46114 1.95349 41
      vertex 9.04703 0.884224 41
    endloop
  endfacet
  facet normal 0 -0 1
    outer loop
      vertex 9.26188 -6.86178 41
      vertex 12.7896 -5.69431 41
      vertex 8.93855 -6.63539 41
    endloop
  endfacet
  facet normal 0 0 1
    outer loop
      vertex 12.7896 -5.69431 41
      vertex 9.26188 -6.86178 41
      vertex 12.5831 -6.1372 41
    endloop
  endfacet
  facet normal 0 0 1
    outer loop
      vertex 12.3613 -6.5726 41
      vertex 9.52429 -7.15665 41
      vertex 12.1244 -7 41
    endloop
  endfacet
  facet normal 0 0 1
    outer loop
      vertex 12.1244 -7 41
      vertex 9.52429 -7.15665 41
      vertex 11.8727 -7.41887 41
    endloop
  endfacet
  facet normal 0 -0 1
    outer loop
      vertex 9.81378 -7.88534 41
      vertex 11.6065 -7.8287 41
      vertex 9.71162 -7.50408 41
    endloop
  endfacet
  facet normal 0 0 1
    outer loop
      vertex 11.8727 -7.41887 41
      vertex 9.71162 -7.50408 41
      vertex 11.6065 -7.8287 41
    endloop
  endfacet
  facet normal 0 0 1
    outer loop
      vertex 11.3262 -8.22899 41
      vertex 9.81378 -7.88534 41
      vertex 11.0322 -8.61926 41
    endloop
  endfacet
  facet normal 0 -0 1
    outer loop
      vertex 9.52429 -7.15665 41
      vertex 12.3613 -6.5726 41
      vertex 9.26188 -6.86178 41
    endloop
  endfacet
  facet normal -0 -0 1
    outer loop
      vertex 9.82526 -8.27989 41
      vertex 11.0322 -8.61926 41
      vertex 9.81378 -7.88534 41
    endloop
  endfacet
  facet normal -0 0 1
    outer loop
      vertex 9.74544 -8.66645 41
      vertex 10.7246 -8.99903 41
      vertex 9.82526 -8.27989 41
    endloop
  endfacet
  facet normal 0 0 1
    outer loop
      vertex 10.7246 -8.99903 41
      vertex 9.74544 -8.66645 41
      vertex 10.404 -9.36783 41
    endloop
  endfacet
  facet normal 0 0 1
    outer loop
      vertex 11.0322 -8.61926 41
      vertex 9.82526 -8.27989 41
      vertex 10.7246 -8.99903 41
    endloop
  endfacet
  facet normal 0 0 1
    outer loop
      vertex 8.57172 -6.48965 41
      vertex 10.0971 -1.29636 41
      vertex 9.71072 -1.26741 41
    endloop
  endfacet
  facet normal 0 0 1
    outer loop
      vertex 11.6065 -7.8287 41
      vertex 9.81378 -7.88534 41
      vertex 11.3262 -8.22899 41
    endloop
  endfacet
  facet normal 0 0 1
    outer loop
      vertex 8.18117 -6.43245 41
      vertex 9.71072 -1.26741 41
      vertex 9.35 -1.12583 41
    endloop
  endfacet
  facet normal 0 -0 1
    outer loop
      vertex 9.71162 -7.50408 41
      vertex 11.8727 -7.41887 41
      vertex 9.52429 -7.15665 41
    endloop
  endfacet
  facet normal 0 0 1
    outer loop
      vertex 8.82874 -0.564049 41
      vertex 6.64553 -1.18297 41
      vertex 9.04703 -0.884224 41
    endloop
  endfacet
  facet normal 0 0 1
    outer loop
      vertex 12.5831 -6.1372 41
      vertex 9.26188 -6.86178 41
      vertex 12.3613 -6.5726 41
    endloop
  endfacet
  facet normal 0 0 1
    outer loop
      vertex 8.71452 -0.193754 41
      vertex 6.73837 -0.396141 41
      vertex 8.82874 -0.564049 41
    endloop
  endfacet
  facet normal 0 0 1
    outer loop
      vertex 6.73837 -0.396141 41
      vertex 8.71452 -0.193754 41
      vertex 6.75 0 41
    endloop
  endfacet
  facet normal 0 0 1
    outer loop
      vertex 10.0971 -1.29636 41
      vertex 8.57172 -6.48965 41
      vertex 8.93855 -6.63539 41
    endloop
  endfacet
  facet normal 0 0 1
    outer loop
      vertex 9.04703 0.884224 41
      vertex 6.64553 1.18297 41
      vertex 8.82874 0.564049 41
    endloop
  endfacet
  facet normal 0 0 1
    outer loop
      vertex 6.18774 2.69711 41
      vertex 9.35 1.12583 41
      vertex 9.71072 1.26741 41
    endloop
  endfacet
  facet normal 0 0 1
    outer loop
      vertex 6.7035 -0.790916 41
      vertex 8.82874 -0.564049 41
      vertex 6.73837 -0.396141 41
    endloop
  endfacet
  facet normal 0 0 1
    outer loop
      vertex 6.18774 2.69711 41
      vertex 8.18117 6.43245 41
      vertex 7.78796 6.46685 41
    endloop
  endfacet
  facet normal 0 0 1
    outer loop
      vertex 9.71072 -1.26741 41
      vertex 8.18117 -6.43245 41
      vertex 8.57172 -6.48965 41
    endloop
  endfacet
  facet normal 0 0 1
    outer loop
      vertex 6.18774 2.69711 41
      vertex 7.78796 6.46685 41
      vertex 7.41328 6.591 41
    endloop
  endfacet
  facet normal 0 0 1
    outer loop
      vertex 6.46114 -1.95349 41
      vertex 9.04703 -0.884224 41
      vertex 6.56465 -1.57094 41
    endloop
  endfacet
  facet normal 0 0 1
    outer loop
      vertex 6.18774 2.69711 41
      vertex 7.41328 6.591 41
      vertex 7.07733 6.79822 41
    endloop
  endfacet
  facet normal 0 0 1
    outer loop
      vertex 6.64553 -1.18297 41
      vertex 8.82874 -0.564049 41
      vertex 6.7035 -0.790916 41
    endloop
  endfacet
  facet normal 0 0 1
    outer loop
      vertex 6.18774 2.69711 41
      vertex 7.07733 6.79822 41
      vertex 6.79822 7.07733 41
    endloop
  endfacet
  facet normal 0 0 1
    outer loop
      vertex 6.56465 -1.57094 41
      vertex 9.04703 -0.884224 41
      vertex 6.64553 -1.18297 41
    endloop
  endfacet
  facet normal 0 0 1
    outer loop
      vertex 9.04703 -0.884224 41
      vertex 6.46114 -1.95349 41
      vertex 9.35 -1.12583 41
    endloop
  endfacet
  facet normal 0 0 1
    outer loop
      vertex 8.71452 0.193754 41
      vertex 6.75 0 41
      vertex 8.71452 -0.193754 41
    endloop
  endfacet
  facet normal 0 -0 1
    outer loop
      vertex 6.75 0 41
      vertex 8.71452 0.193754 41
      vertex 6.73837 0.396141 41
    endloop
  endfacet
  facet normal -0 -0 1
    outer loop
      vertex 6.73837 0.396141 41
      vertex 8.71452 0.193754 41
      vertex 6.7035 0.790916 41
    endloop
  endfacet
  facet normal 0 0 1
    outer loop
      vertex 6.18774 2.69711 41
      vertex 6.79822 7.07733 41
      vertex 6.591 7.41328 41
    endloop
  endfacet
  facet normal 0 0 1
    outer loop
      vertex 8.82874 0.564049 41
      vertex 6.7035 0.790916 41
      vertex 8.71452 0.193754 41
    endloop
  endfacet
  facet normal 0 0 1
    outer loop
      vertex 6.18774 2.69711 41
      vertex 6.591 7.41328 41
      vertex 6.46685 7.78796 41
    endloop
  endfacet
  facet normal -0 -0 1
    outer loop
      vertex 6.7035 0.790916 41
      vertex 8.82874 0.564049 41
      vertex 6.64553 1.18297 41
    endloop
  endfacet
  facet normal 0 0 1
    outer loop
      vertex 3.31763 5.87842 41
      vertex 6.46685 7.78796 41
      vertex 6.43245 8.18117 41
    endloop
  endfacet
  facet normal -0 -0 1
    outer loop
      vertex 6.64553 1.18297 41
      vertex 9.04703 0.884224 41
      vertex 6.56465 1.57094 41
    endloop
  endfacet
  facet normal -0 0 1
    outer loop
      vertex 9.57863 -9.02419 41
      vertex 10.404 -9.36783 41
      vertex 9.74544 -8.66645 41
    endloop
  endfacet
  facet normal 0 0 1
    outer loop
      vertex 10.404 -9.36783 41
      vertex 9.57863 -9.02419 41
      vertex 10.0708 -9.72522 41
    endloop
  endfacet
  facet normal -0 0 1
    outer loop
      vertex 9.33381 -9.33381 41
      vertex 10.0708 -9.72522 41
      vertex 9.57863 -9.02419 41
    endloop
  endfacet
  facet normal 0 0 1
    outer loop
      vertex 10.0708 -9.72522 41
      vertex 9.33381 -9.33381 41
      vertex 9.72522 -10.0708 41
    endloop
  endfacet
  facet normal -0 0 1
    outer loop
      vertex 9.02419 -9.57863 41
      vertex 9.72522 -10.0708 41
      vertex 9.33381 -9.33381 41
    endloop
  endfacet
  facet normal 0 0 1
    outer loop
      vertex 9.72522 -10.0708 41
      vertex 9.02419 -9.57863 41
      vertex 9.36783 -10.404 41
    endloop
  endfacet
  facet normal -0 0 1
    outer loop
      vertex 8.66645 -9.74544 41
      vertex 9.36783 -10.404 41
      vertex 9.02419 -9.57863 41
    endloop
  endfacet
  facet normal 0 0 1
    outer loop
      vertex 9.36783 -10.404 41
      vertex 8.66645 -9.74544 41
      vertex 8.99903 -10.7246 41
    endloop
  endfacet
  facet normal -0 0 1
    outer loop
      vertex 8.27989 -9.82526 41
      vertex 8.99903 -10.7246 41
      vertex 8.66645 -9.74544 41
    endloop
  endfacet
  facet normal 0 0 1
    outer loop
      vertex 8.99903 -10.7246 41
      vertex 8.27989 -9.82526 41
      vertex 8.61926 -11.0322 41
    endloop
  endfacet
  facet normal 0 0 1
    outer loop
      vertex 7.88534 -9.81378 41
      vertex 8.61926 -11.0322 41
      vertex 8.27989 -9.82526 41
    endloop
  endfacet
  facet normal 0 0 1
    outer loop
      vertex 8.61926 -11.0322 41
      vertex 7.88534 -9.81378 41
      vertex 8.22899 -11.3262 41
    endloop
  endfacet
  facet normal 0 0 1
    outer loop
      vertex 7.88534 -9.81378 41
      vertex 7.8287 -11.6065 41
      vertex 8.22899 -11.3262 41
    endloop
  endfacet
  facet normal 0 0 1
    outer loop
      vertex 7.50408 -9.71162 41
      vertex 7.8287 -11.6065 41
      vertex 7.88534 -9.81378 41
    endloop
  endfacet
  facet normal 0 0 1
    outer loop
      vertex 7.50408 -9.71162 41
      vertex 7.41887 -11.8727 41
      vertex 7.8287 -11.6065 41
    endloop
  endfacet
  facet normal 0 0 1
    outer loop
      vertex 7.15665 -9.52429 41
      vertex 7.41887 -11.8727 41
      vertex 7.50408 -9.71162 41
    endloop
  endfacet
  facet normal 0 0 1
    outer loop
      vertex 7.15665 -9.52429 41
      vertex 7 -12.1244 41
      vertex 7.41887 -11.8727 41
    endloop
  endfacet
  facet normal 0 0 1
    outer loop
      vertex 6.5726 -12.3613 41
      vertex 7.15665 -9.52429 41
      vertex 6.86178 -9.26188 41
    endloop
  endfacet
  facet normal 0 0 1
    outer loop
      vertex 5.69431 -12.7896 41
      vertex 6.86178 -9.26188 41
      vertex 6.63539 -8.93855 41
    endloop
  endfacet
  facet normal 0 0 1
    outer loop
      vertex 7.15665 -9.52429 41
      vertex 6.5726 -12.3613 41
      vertex 7 -12.1244 41
    endloop
  endfacet
  facet normal 0 0 1
    outer loop
      vertex 1.29636 -10.0971 41
      vertex 6.63539 -8.93855 41
      vertex 6.48965 -8.57172 41
    endloop
  endfacet
  facet normal 0 0 1
    outer loop
      vertex 1.26741 -9.71072 41
      vertex 6.48965 -8.57172 41
      vertex 6.43245 -8.18117 41
    endloop
  endfacet
  facet normal -0 0 1
    outer loop
      vertex 5.14238 -4.37246 41
      vertex 7.41328 -6.591 41
      vertex 5.39013 -4.06313 41
    endloop
  endfacet
  facet normal 0 0 1
    outer loop
      vertex 7.41328 -6.591 41
      vertex 5.14238 -4.37246 41
      vertex 7.07733 -6.79822 41
    endloop
  endfacet
  facet normal -0 0 1
    outer loop
      vertex 4.87691 -4.66672 41
      vertex 7.07733 -6.79822 41
      vertex 5.14238 -4.37246 41
    endloop
  endfacet
  facet normal 0 0 1
    outer loop
      vertex 7.07733 -6.79822 41
      vertex 4.87691 -4.66672 41
      vertex 6.79822 -7.07733 41
    endloop
  endfacet
  facet normal -0 0 1
    outer loop
      vertex 4.59462 -4.94489 41
      vertex 6.79822 -7.07733 41
      vertex 4.87691 -4.66672 41
    endloop
  endfacet
  facet normal -0 0 1
    outer loop
      vertex 4.2965 -5.20601 41
      vertex 6.79822 -7.07733 41
      vertex 4.59462 -4.94489 41
    endloop
  endfacet
  facet normal 0 0 1
    outer loop
      vertex 6.79822 -7.07733 41
      vertex 4.2965 -5.20601 41
      vertex 6.591 -7.41328 41
    endloop
  endfacet
  facet normal -0 0 1
    outer loop
      vertex 3.98357 -5.44919 41
      vertex 6.591 -7.41328 41
      vertex 4.2965 -5.20601 41
    endloop
  endfacet
  facet normal 0 0 1
    outer loop
      vertex 6.591 -7.41328 41
      vertex 3.98357 -5.44919 41
      vertex 6.46685 -7.78796 41
    endloop
  endfacet
  facet normal -0 0 1
    outer loop
      vertex 3.6569 -5.67359 41
      vertex 6.46685 -7.78796 41
      vertex 3.98357 -5.44919 41
    endloop
  endfacet
  facet normal -0 0 1
    outer loop
      vertex 3.31763 -5.87842 41
      vertex 6.46685 -7.78796 41
      vertex 3.6569 -5.67359 41
    endloop
  endfacet
  facet normal 0 0 1
    outer loop
      vertex 6.46685 -7.78796 41
      vertex 3.31763 -5.87842 41
      vertex 6.43245 -8.18117 41
    endloop
  endfacet
  facet normal -0 0 1
    outer loop
      vertex 2.96692 -6.06299 41
      vertex 6.43245 -8.18117 41
      vertex 3.31763 -5.87842 41
    endloop
  endfacet
  facet normal 0 0 1
    outer loop
      vertex 6.48965 -8.57172 41
      vertex 1.26741 -9.71072 41
      vertex 1.29636 -10.0971 41
    endloop
  endfacet
  facet normal 0 0 1
    outer loop
      vertex 6.86178 -9.26188 41
      vertex 6.1372 -12.5831 41
      vertex 6.5726 -12.3613 41
    endloop
  endfacet
  facet normal 0 0 1
    outer loop
      vertex 6.63539 -8.93855 41
      vertex 1.29636 -10.0971 41
      vertex 5.24449 -12.9806 41
    endloop
  endfacet
  facet normal 0 0 1
    outer loop
      vertex 6.86178 -9.26188 41
      vertex 5.69431 -12.7896 41
      vertex 6.1372 -12.5831 41
    endloop
  endfacet
  facet normal 0 0 1
    outer loop
      vertex 6.63539 -8.93855 41
      vertex 5.24449 -12.9806 41
      vertex 5.69431 -12.7896 41
    endloop
  endfacet
  facet normal 0 0 1
    outer loop
      vertex 5.24449 -12.9806 41
      vertex 1.29636 -10.0971 41
      vertex 4.78828 -13.1557 41
    endloop
  endfacet
  facet normal 0 0 1
    outer loop
      vertex 4.78828 -13.1557 41
      vertex 1.29636 -10.0971 41
      vertex 4.32624 -13.3148 41
    endloop
  endfacet
  facet normal -0 0 1
    outer loop
      vertex 2.60598 -6.22666 41
      vertex 6.43245 -8.18117 41
      vertex 2.96692 -6.06299 41
    endloop
  endfacet
  facet normal 0 0 1
    outer loop
      vertex 4.32624 -13.3148 41
      vertex 1.21014 -10.4749 41
      vertex 3.85892 -13.4577 41
    endloop
  endfacet
  facet normal 0 0 1
    outer loop
      vertex 6.43245 -8.18117 41
      vertex 2.60598 -6.22666 41
      vertex 1.26741 -9.71072 41
    endloop
  endfacet
  facet normal 0 0 1
    outer loop
      vertex 3.85892 -13.4577 41
      vertex 1.21014 -10.4749 41
      vertex 3.38691 -13.5841 41
    endloop
  endfacet
  facet normal 0 0 1
    outer loop
      vertex 1.12583 -9.35 41
      vertex 2.60598 -6.22666 41
      vertex 2.23606 -6.36887 41
    endloop
  endfacet
  facet normal -0 0 1
    outer loop
      vertex 1.01638 -10.8105 41
      vertex 3.38691 -13.5841 41
      vertex 1.21014 -10.4749 41
    endloop
  endfacet
  facet normal 0 0 1
    outer loop
      vertex 1.12583 -9.35 41
      vertex 2.23606 -6.36887 41
      vertex 1.85843 -6.48912 41
    endloop
  endfacet
  facet normal 0 0 1
    outer loop
      vertex 0.884224 -9.04703 41
      vertex 1.85843 -6.48912 41
      vertex 1.4744 -6.587 41
    endloop
  endfacet
  facet normal 0 0 1
    outer loop
      vertex 3.38691 -13.5841 41
      vertex 1.01638 -10.8105 41
      vertex 2.91076 -13.6941 41
    endloop
  endfacet
  facet normal 0 0 1
    outer loop
      vertex 2.91076 -13.6941 41
      vertex 1.01638 -10.8105 41
      vertex 2.43107 -13.7873 41
    endloop
  endfacet
  facet normal -0 0 1
    outer loop
      vertex 1.21014 -10.4749 41
      vertex 4.32624 -13.3148 41
      vertex 1.29636 -10.0971 41
    endloop
  endfacet
  facet normal 0 0 1
    outer loop
      vertex 2.60598 -6.22666 41
      vertex 1.12583 -9.35 41
      vertex 1.26741 -9.71072 41
    endloop
  endfacet
  facet normal 0 0 1
    outer loop
      vertex 0.884224 -9.04703 41
      vertex 1.4744 -6.587 41
      vertex 1.08528 -6.66218 41
    endloop
  endfacet
  facet normal 0 0 1
    outer loop
      vertex 1.85843 -6.48912 41
      vertex 0.884224 -9.04703 41
      vertex 1.12583 -9.35 41
    endloop
  endfacet
  facet normal 0 0 1
    outer loop
      vertex 0.564049 -8.82874 41
      vertex 1.08528 -6.66218 41
      vertex 0.692426 -6.71439 41
    endloop
  endfacet
  facet normal 0 0 1
    outer loop
      vertex 1.08528 -6.66218 41
      vertex 0.564049 -8.82874 41
      vertex 0.884224 -9.04703 41
    endloop
  endfacet
  facet normal 0 0 1
    outer loop
      vertex 0.193754 -8.71452 41
      vertex 0.692426 -6.71439 41
      vertex 0.29718 -6.74345 41
    endloop
  endfacet
  facet normal 0 0 1
    outer loop
      vertex 0.692426 -6.71439 41
      vertex 0.193754 -8.71452 41
      vertex 0.564049 -8.82874 41
    endloop
  endfacet
  facet normal -0 0 1
    outer loop
      vertex -0.0990887 -6.74927 41
      vertex 0.193754 -8.71452 41
      vertex 0.29718 -6.74345 41
    endloop
  endfacet
  facet normal 0 0 1
    outer loop
      vertex -0.0990887 -6.74927 41
      vertex -0.193754 -8.71452 41
      vertex 0.193754 -8.71452 41
    endloop
  endfacet
  facet normal 0 0 1
    outer loop
      vertex -0.495016 -6.73182 41
      vertex -0.193754 -8.71452 41
      vertex -0.0990887 -6.74927 41
    endloop
  endfacet
  facet normal 0 0 1
    outer loop
      vertex -0.495016 -6.73182 41
      vertex -0.564049 -8.82874 41
      vertex -0.193754 -8.71452 41
    endloop
  endfacet
  facet normal 0 0 1
    outer loop
      vertex -0.889237 -6.69117 41
      vertex -0.564049 -8.82874 41
      vertex -0.495016 -6.73182 41
    endloop
  endfacet
  facet normal 0 0 1
    outer loop
      vertex -1.28039 -6.62745 41
      vertex -0.564049 -8.82874 41
      vertex -0.889237 -6.69117 41
    endloop
  endfacet
  facet normal 0 0 1
    outer loop
      vertex -0.564049 -8.82874 41
      vertex -1.28039 -6.62745 41
      vertex -0.884224 -9.04703 41
    endloop
  endfacet
  facet normal 0 0 1
    outer loop
      vertex -1.66714 -6.54088 41
      vertex -0.884224 -9.04703 41
      vertex -1.28039 -6.62745 41
    endloop
  endfacet
  facet normal 0 0 1
    outer loop
      vertex -0.884224 -9.04703 41
      vertex -1.66714 -6.54088 41
      vertex -1.12583 -9.35 41
    endloop
  endfacet
  facet normal 0 0 1
    outer loop
      vertex -2.04813 -6.43177 41
      vertex -1.12583 -9.35 41
      vertex -1.66714 -6.54088 41
    endloop
  endfacet
  facet normal 0 0 1
    outer loop
      vertex -2.42207 -6.30048 41
      vertex -1.12583 -9.35 41
      vertex -2.04813 -6.43177 41
    endloop
  endfacet
  facet normal 0 0 1
    outer loop
      vertex -1.12583 -9.35 41
      vertex -2.42207 -6.30048 41
      vertex -1.26741 -9.71072 41
    endloop
  endfacet
  facet normal 0 0 1
    outer loop
      vertex -0.732316 -11.0741 41
      vertex -1.94842 -13.8638 41
      vertex -1.4634 -13.9233 41
    endloop
  endfacet
  facet normal 0 0 1
    outer loop
      vertex -2.78765 -6.14748 41
      vertex -1.26741 -9.71072 41
      vertex -2.42207 -6.30048 41
    endloop
  endfacet
  facet normal -0 0 1
    outer loop
      vertex -6.43245 -8.18117 41
      vertex -1.26741 -9.71072 41
      vertex -2.78765 -6.14748 41
    endloop
  endfacet
  facet normal 0 0 1
    outer loop
      vertex -0.732316 -11.0741 41
      vertex -2.43107 -13.7873 41
      vertex -1.94842 -13.8638 41
    endloop
  endfacet
  facet normal 0 0 1
    outer loop
      vertex -1.26741 -9.71072 41
      vertex -6.48965 -8.57172 41
      vertex -1.29636 -10.0971 41
    endloop
  endfacet
  facet normal 0 0 1
    outer loop
      vertex -1.01638 -10.8105 41
      vertex -2.91076 -13.6941 41
      vertex -2.43107 -13.7873 41
    endloop
  endfacet
  facet normal 0 0 1
    outer loop
      vertex -6.43245 -8.18117 41
      vertex -2.78765 -6.14748 41
      vertex -3.14363 -5.97328 41
    endloop
  endfacet
  facet normal 0 0 1
    outer loop
      vertex -1.01638 -10.8105 41
      vertex -3.38691 -13.5841 41
      vertex -2.91076 -13.6941 41
    endloop
  endfacet
  facet normal 0 0 1
    outer loop
      vertex -6.46685 -7.78796 41
      vertex -3.14363 -5.97328 41
      vertex -3.48877 -5.77849 41
    endloop
  endfacet
  facet normal 0 0 1
    outer loop
      vertex -6.46685 -7.78796 41
      vertex -3.48877 -5.77849 41
      vertex -3.82188 -5.56379 41
    endloop
  endfacet
  facet normal -0 0 1
    outer loop
      vertex -6.63539 -8.93855 41
      vertex -1.29636 -10.0971 41
      vertex -6.48965 -8.57172 41
    endloop
  endfacet
  facet normal 0 0 1
    outer loop
      vertex -6.46685 -7.78796 41
      vertex -3.82188 -5.56379 41
      vertex -4.14182 -5.3299 41
    endloop
  endfacet
  facet normal 0 0 1
    outer loop
      vertex -1.21014 -10.4749 41
      vertex -3.85892 -13.4577 41
      vertex -3.38691 -13.5841 41
    endloop
  endfacet
  facet normal 0 0 1
    outer loop
      vertex -6.46685 -7.78796 41
      vertex -4.14182 -5.3299 41
      vertex -4.44748 -5.07764 41
    endloop
  endfacet
  facet normal 0 0 1
    outer loop
      vertex -6.46685 -7.78796 41
      vertex -4.44748 -5.07764 41
      vertex -4.73781 -4.80788 41
    endloop
  endfacet
  facet normal 0 0 1
    outer loop
      vertex -1.26741 -9.71072 41
      vertex -6.43245 -8.18117 41
      vertex -6.48965 -8.57172 41
    endloop
  endfacet
  facet normal 0 0 1
    outer loop
      vertex -6.46685 -7.78796 41
      vertex -4.73781 -4.80788 41
      vertex -5.0118 -4.52154 41
    endloop
  endfacet
  facet normal 0 0 1
    outer loop
      vertex -1.21014 -10.4749 41
      vertex -4.32624 -13.3148 41
      vertex -3.85892 -13.4577 41
    endloop
  endfacet
  facet normal 0 0 1
    outer loop
      vertex -6.46685 -7.78796 41
      vertex -5.0118 -4.52154 41
      vertex -5.26852 -4.21961 41
    endloop
  endfacet
  facet normal 0 0 1
    outer loop
      vertex -6.46685 -7.78796 41
      vertex -5.26852 -4.21961 41
      vertex -5.50708 -3.90314 41
    endloop
  endfacet
  facet normal 0 -0 1
    outer loop
      vertex -5.24449 -12.9806 41
      vertex -1.29636 -10.0971 41
      vertex -6.63539 -8.93855 41
    endloop
  endfacet
  facet normal 0 0 1
    outer loop
      vertex -6.46685 -7.78796 41
      vertex -5.50708 -3.90314 41
      vertex -5.72666 -3.57322 41
    endloop
  endfacet
  facet normal 0 0 1
    outer loop
      vertex -6.46685 -7.78796 41
      vertex -5.72666 -3.57322 41
      vertex -5.92649 -3.23098 41
    endloop
  endfacet
  facet normal 0 0 1
    outer loop
      vertex -6.46685 -7.78796 41
      vertex -5.92649 -3.23098 41
      vertex -6.10589 -2.8776 41
    endloop
  endfacet
  facet normal 0 0 1
    outer loop
      vertex -1.29636 -10.0971 41
      vertex -4.78828 -13.1557 41
      vertex -4.32624 -13.3148 41
    endloop
  endfacet
  facet normal 0 0 1
    outer loop
      vertex -6.46685 -7.78796 41
      vertex -6.10589 -2.8776 41
      vertex -6.26425 -2.5143 41
    endloop
  endfacet
  facet normal 0 0 1
    outer loop
      vertex -8.57172 -6.48965 41
      vertex -6.26425 -2.5143 41
      vertex -6.40101 -2.14233 41
    endloop
  endfacet
  facet normal 0 0 1
    outer loop
      vertex -1.29636 -10.0971 41
      vertex -5.24449 -12.9806 41
      vertex -4.78828 -13.1557 41
    endloop
  endfacet
  facet normal 0 0 1
    outer loop
      vertex -5.24449 -12.9806 41
      vertex -6.63539 -8.93855 41
      vertex -5.69431 -12.7896 41
    endloop
  endfacet
  facet normal -0 0 1
    outer loop
      vertex -6.86178 -9.26188 41
      vertex -5.69431 -12.7896 41
      vertex -6.63539 -8.93855 41
    endloop
  endfacet
  facet normal 0 0 1
    outer loop
      vertex -5.69431 -12.7896 41
      vertex -6.86178 -9.26188 41
      vertex -6.1372 -12.5831 41
    endloop
  endfacet
  facet normal 0 0 1
    outer loop
      vertex -6.1372 -12.5831 41
      vertex -6.86178 -9.26188 41
      vertex -6.5726 -12.3613 41
    endloop
  endfacet
  facet normal -0 0 1
    outer loop
      vertex -7.15665 -9.52429 41
      vertex -6.5726 -12.3613 41
      vertex -6.86178 -9.26188 41
    endloop
  endfacet
  facet normal 0 0 1
    outer loop
      vertex -6.5726 -12.3613 41
      vertex -7.15665 -9.52429 41
      vertex -7 -12.1244 41
    endloop
  endfacet
  facet normal 0 0 1
    outer loop
      vertex -7.15665 -9.52429 41
      vertex -7.41887 -11.8727 41
      vertex -7 -12.1244 41
    endloop
  endfacet
  facet normal -0 0 1
    outer loop
      vertex -7.50408 -9.71162 41
      vertex -7.41887 -11.8727 41
      vertex -7.15665 -9.52429 41
    endloop
  endfacet
  facet normal 0 0 1
    outer loop
      vertex -7.50408 -9.71162 41
      vertex -7.8287 -11.6065 41
      vertex -7.41887 -11.8727 41
    endloop
  endfacet
  facet normal -0 0 1
    outer loop
      vertex -7.88534 -9.81378 41
      vertex -7.8287 -11.6065 41
      vertex -7.50408 -9.71162 41
    endloop
  endfacet
  facet normal 0 0 1
    outer loop
      vertex -7.88534 -9.81378 41
      vertex -8.22899 -11.3262 41
      vertex -7.8287 -11.6065 41
    endloop
  endfacet
  facet normal 0 0 1
    outer loop
      vertex -8.61926 -11.0322 41
      vertex -7.88534 -9.81378 41
      vertex -8.27989 -9.82526 41
    endloop
  endfacet
  facet normal 0 0 1
    outer loop
      vertex -7.88534 -9.81378 41
      vertex -8.61926 -11.0322 41
      vertex -8.22899 -11.3262 41
    endloop
  endfacet
  facet normal 0 0 1
    outer loop
      vertex -8.99903 -10.7246 41
      vertex -8.27989 -9.82526 41
      vertex -8.66645 -9.74544 41
    endloop
  endfacet
  facet normal 0 0 1
    outer loop
      vertex -8.27989 -9.82526 41
      vertex -8.99903 -10.7246 41
      vertex -8.61926 -11.0322 41
    endloop
  endfacet
  facet normal 0 0 1
    outer loop
      vertex -9.36783 -10.404 41
      vertex -8.66645 -9.74544 41
      vertex -9.02419 -9.57863 41
    endloop
  endfacet
  facet normal 0 0 1
    outer loop
      vertex -9.72522 -10.0708 41
      vertex -9.02419 -9.57863 41
      vertex -9.33381 -9.33381 41
    endloop
  endfacet
  facet normal 0 0 1
    outer loop
      vertex -8.66645 -9.74544 41
      vertex -9.36783 -10.404 41
      vertex -8.99903 -10.7246 41
    endloop
  endfacet
  facet normal 0 0 1
    outer loop
      vertex -10.0708 -9.72522 41
      vertex -9.33381 -9.33381 41
      vertex -9.57863 -9.02419 41
    endloop
  endfacet
  facet normal 0 0 1
    outer loop
      vertex -9.02419 -9.57863 41
      vertex -9.72522 -10.0708 41
      vertex -9.36783 -10.404 41
    endloop
  endfacet
  facet normal 0 0 1
    outer loop
      vertex -10.0708 -9.72522 41
      vertex -9.57863 -9.02419 41
      vertex -9.74544 -8.66645 41
    endloop
  endfacet
  facet normal 0 0 1
    outer loop
      vertex -10.0708 -9.72522 41
      vertex -9.74544 -8.66645 41
      vertex -9.82526 -8.27989 41
    endloop
  endfacet
  facet normal 0 0 1
    outer loop
      vertex -9.33381 -9.33381 41
      vertex -10.0708 -9.72522 41
      vertex -9.72522 -10.0708 41
    endloop
  endfacet
  facet normal -0.39084 0.920459 0
    outer loop
      vertex -5.24449 12.9806 37.1
      vertex -5.69431 12.7896 41
      vertex -5.24449 12.9806 41
    endloop
  endfacet
  facet normal -0.39084 0.920459 0
    outer loop
      vertex -5.69431 12.7896 41
      vertex -5.24449 12.9806 37.1
      vertex -5.69431 12.7896 37.1
    endloop
  endfacet
  facet normal -0.484791 0.87463 0
    outer loop
      vertex -6.5726 12.3613 37.1
      vertex -7 12.1244 41
      vertex -6.5726 12.3613 41
    endloop
  endfacet
  facet normal -0.484791 0.87463 0
    outer loop
      vertex -7 12.1244 41
      vertex -6.5726 12.3613 37.1
      vertex -7 12.1244 37.1
    endloop
  endfacet
  facet normal -0.453914 0.891046 0
    outer loop
      vertex -6.1372 12.5831 37.1
      vertex -6.5726 12.3613 41
      vertex -6.1372 12.5831 41
    endloop
  endfacet
  facet normal -0.453914 0.891046 0
    outer loop
      vertex -6.5726 12.3613 41
      vertex -6.1372 12.5831 37.1
      vertex -6.5726 12.3613 37.1
    endloop
  endfacet
  facet normal -0.573596 0.819139 0
    outer loop
      vertex -7.8287 11.6065 37.1
      vertex -8.22899 11.3262 41
      vertex -7.8287 11.6065 41
    endloop
  endfacet
  facet normal -0.573596 0.819139 0
    outer loop
      vertex -8.22899 11.3262 41
      vertex -7.8287 11.6065 37.1
      vertex -8.22899 11.3262 37.1
    endloop
  endfacet
  facet normal -0.358328 0.933596 0
    outer loop
      vertex -4.78828 13.1557 37.1
      vertex -5.24449 12.9806 41
      vertex -4.78828 13.1557 41
    endloop
  endfacet
  facet normal -0.358328 0.933596 0
    outer loop
      vertex -5.24449 12.9806 41
      vertex -4.78828 13.1557 37.1
      vertex -5.24449 12.9806 37.1
    endloop
  endfacet
  facet normal -0.190726 0.981643 0
    outer loop
      vertex -2.43107 13.7873 37.1
      vertex -2.91076 13.6941 41
      vertex -2.43107 13.7873 41
    endloop
  endfacet
  facet normal -0.190726 0.981643 0
    outer loop
      vertex -2.91076 13.6941 41
      vertex -2.43107 13.7873 37.1
      vertex -2.91076 13.6941 37.1
    endloop
  endfacet
  facet normal -0.156546 0.987671 0
    outer loop
      vertex -1.94842 13.8638 37.1
      vertex -2.43107 13.7873 41
      vertex -1.94842 13.8638 41
    endloop
  endfacet
  facet normal -0.156546 0.987671 0
    outer loop
      vertex -2.43107 13.7873 41
      vertex -1.94842 13.8638 37.1
      vertex -2.43107 13.7873 37.1
    endloop
  endfacet
  facet normal -0.0173943 0.999849 0
    outer loop
      vertex 0 14 37.1
      vertex -0.488592 13.9915 41
      vertex 0 14 41
    endloop
  endfacet
  facet normal -0.0173943 0.999849 0
    outer loop
      vertex -0.488592 13.9915 41
      vertex 0 14 37.1
      vertex -0.488592 13.9915 37.1
    endloop
  endfacet
  facet normal 0.0173943 -0.999849 0
    outer loop
      vertex 0 -14 37.1
      vertex 0.488592 -13.9915 41
      vertex 0 -14 41
    endloop
  endfacet
  facet normal 0.0173943 -0.999849 0
    outer loop
      vertex 0.488592 -13.9915 41
      vertex 0 -14 37.1
      vertex 0.488592 -13.9915 37.1
    endloop
  endfacet
  facet normal 0.0871753 -0.996193 0
    outer loop
      vertex 0.97659 -13.9659 37.1
      vertex 1.4634 -13.9233 41
      vertex 0.97659 -13.9659 41
    endloop
  endfacet
  facet normal 0.0871753 -0.996193 0
    outer loop
      vertex 1.4634 -13.9233 41
      vertex 0.97659 -13.9659 37.1
      vertex 1.4634 -13.9233 37.1
    endloop
  endfacet
  facet normal 0.190726 -0.981643 0
    outer loop
      vertex 2.43107 -13.7873 37.1
      vertex 2.91076 -13.6941 41
      vertex 2.43107 -13.7873 41
    endloop
  endfacet
  facet normal 0.190726 -0.981643 0
    outer loop
      vertex 2.91076 -13.6941 41
      vertex 2.43107 -13.7873 37.1
      vertex 2.91076 -13.6941 37.1
    endloop
  endfacet
  facet normal 0.156546 -0.987671 0
    outer loop
      vertex 1.94842 -13.8638 37.1
      vertex 2.43107 -13.7873 41
      vertex 1.94842 -13.8638 41
    endloop
  endfacet
  facet normal 0.156546 -0.987671 0
    outer loop
      vertex 2.43107 -13.7873 41
      vertex 1.94842 -13.8638 37.1
      vertex 2.43107 -13.7873 37.1
    endloop
  endfacet
  facet normal 0.258676 -0.965964 0
    outer loop
      vertex 3.38691 -13.5841 37.1
      vertex 3.85892 -13.4577 41
      vertex 3.38691 -13.5841 41
    endloop
  endfacet
  facet normal 0.258676 -0.965964 0
    outer loop
      vertex 3.85892 -13.4577 41
      vertex 3.38691 -13.5841 37.1
      vertex 3.85892 -13.4577 37.1
    endloop
  endfacet
  facet normal 0.325581 -0.945514 0
    outer loop
      vertex 4.32624 -13.3148 37.1
      vertex 4.78828 -13.1557 41
      vertex 4.32624 -13.3148 41
    endloop
  endfacet
  facet normal 0.325581 -0.945514 0
    outer loop
      vertex 4.78828 -13.1557 41
      vertex 4.32624 -13.3148 37.1
      vertex 4.78828 -13.1557 37.1
    endloop
  endfacet
  facet normal 0.656067 -0.754702 0
    outer loop
      vertex 8.99903 -10.7246 37.1
      vertex 9.36783 -10.404 41
      vertex 8.99903 -10.7246 41
    endloop
  endfacet
  facet normal 0.656067 -0.754702 0
    outer loop
      vertex 9.36783 -10.404 41
      vertex 8.99903 -10.7246 37.1
      vertex 9.36783 -10.404 37.1
    endloop
  endfacet
  facet normal 0.707107 -0.707107 0
    outer loop
      vertex 9.72522 -10.0708 41
      vertex 10.0708 -9.72522 37.1
      vertex 10.0708 -9.72522 41
    endloop
  endfacet
  facet normal 0.707107 -0.707107 0
    outer loop
      vertex 10.0708 -9.72522 37.1
      vertex 9.72522 -10.0708 41
      vertex 9.72522 -10.0708 37.1
    endloop
  endfacet
  facet normal 0.601698 -0.798724 0
    outer loop
      vertex 8.22899 -11.3262 37.1
      vertex 8.61926 -11.0322 41
      vertex 8.22899 -11.3262 41
    endloop
  endfacet
  facet normal 0.601698 -0.798724 0
    outer loop
      vertex 8.61926 -11.0322 41
      vertex 8.22899 -11.3262 37.1
      vertex 8.61926 -11.0322 37.1
    endloop
  endfacet
  facet normal 0.453914 -0.891046 0
    outer loop
      vertex 6.1372 -12.5831 37.1
      vertex 6.5726 -12.3613 41
      vertex 6.1372 -12.5831 41
    endloop
  endfacet
  facet normal 0.453914 -0.891046 0
    outer loop
      vertex 6.5726 -12.3613 41
      vertex 6.1372 -12.5831 37.1
      vertex 6.5726 -12.3613 37.1
    endloop
  endfacet
  facet normal 0.39084 -0.920459 0
    outer loop
      vertex 5.24449 -12.9806 37.1
      vertex 5.69431 -12.7896 41
      vertex 5.24449 -12.9806 41
    endloop
  endfacet
  facet normal 0.39084 -0.920459 0
    outer loop
      vertex 5.69431 -12.7896 41
      vertex 5.24449 -12.9806 37.1
      vertex 5.69431 -12.7896 37.1
    endloop
  endfacet
  facet normal 0.515064 -0.857151 0
    outer loop
      vertex 7 -12.1244 37.1
      vertex 7.41887 -11.8727 41
      vertex 7 -12.1244 41
    endloop
  endfacet
  facet normal 0.515064 -0.857151 0
    outer loop
      vertex 7.41887 -11.8727 41
      vertex 7 -12.1244 37.1
      vertex 7.41887 -11.8727 37.1
    endloop
  endfacet
  facet normal 0.544716 -0.838621 0
    outer loop
      vertex 7.41887 -11.8727 37.1
      vertex 7.8287 -11.6065 41
      vertex 7.41887 -11.8727 41
    endloop
  endfacet
  facet normal 0.544716 -0.838621 0
    outer loop
      vertex 7.8287 -11.6065 41
      vertex 7.41887 -11.8727 37.1
      vertex 7.8287 -11.6065 37.1
    endloop
  endfacet
  facet normal 0.754702 -0.656067 0
    outer loop
      vertex 10.404 -9.36783 41
      vertex 10.7246 -8.99903 37.1
      vertex 10.7246 -8.99903 41
    endloop
  endfacet
  facet normal 0.754702 -0.656067 0
    outer loop
      vertex 10.7246 -8.99903 37.1
      vertex 10.404 -9.36783 41
      vertex 10.404 -9.36783 37.1
    endloop
  endfacet
  facet normal 0.731427 -0.68192 0
    outer loop
      vertex 10.0708 -9.72522 41
      vertex 10.404 -9.36783 37.1
      vertex 10.404 -9.36783 41
    endloop
  endfacet
  facet normal 0.731427 -0.68192 0
    outer loop
      vertex 10.404 -9.36783 37.1
      vertex 10.0708 -9.72522 41
      vertex 10.0708 -9.72522 37.1
    endloop
  endfacet
  facet normal 0.819139 -0.573596 0
    outer loop
      vertex 11.3262 -8.22899 41
      vertex 11.6065 -7.8287 37.1
      vertex 11.6065 -7.8287 41
    endloop
  endfacet
  facet normal 0.819139 -0.573596 0
    outer loop
      vertex 11.6065 -7.8287 37.1
      vertex 11.3262 -8.22899 41
      vertex 11.3262 -8.22899 37.1
    endloop
  endfacet
  facet normal 0.777078 -0.629405 0
    outer loop
      vertex 10.7246 -8.99903 41
      vertex 11.0322 -8.61926 37.1
      vertex 11.0322 -8.61926 41
    endloop
  endfacet
  facet normal 0.777078 -0.629405 0
    outer loop
      vertex 11.0322 -8.61926 37.1
      vertex 10.7246 -8.99903 41
      vertex 10.7246 -8.99903 37.1
    endloop
  endfacet
  facet normal 0.87463 -0.484791 0
    outer loop
      vertex 12.1244 -7 41
      vertex 12.3613 -6.5726 37.1
      vertex 12.3613 -6.5726 41
    endloop
  endfacet
  facet normal 0.87463 -0.484791 0
    outer loop
      vertex 12.3613 -6.5726 37.1
      vertex 12.1244 -7 41
      vertex 12.1244 -7 37.1
    endloop
  endfacet
  facet normal 0.933596 -0.358328 0
    outer loop
      vertex 12.9806 -5.24449 41
      vertex 13.1557 -4.78828 37.1
      vertex 13.1557 -4.78828 41
    endloop
  endfacet
  facet normal 0.933596 -0.358328 0
    outer loop
      vertex 13.1557 -4.78828 37.1
      vertex 12.9806 -5.24449 41
      vertex 12.9806 -5.24449 37.1
    endloop
  endfacet
  facet normal 0.945514 -0.325581 0
    outer loop
      vertex 13.1557 -4.78828 41
      vertex 13.3148 -4.32624 37.1
      vertex 13.3148 -4.32624 41
    endloop
  endfacet
  facet normal 0.945514 -0.325581 0
    outer loop
      vertex 13.3148 -4.32624 37.1
      vertex 13.1557 -4.78828 41
      vertex 13.1557 -4.78828 37.1
    endloop
  endfacet
  facet normal 0.981643 -0.190726 0
    outer loop
      vertex 13.6941 -2.91076 41
      vertex 13.7873 -2.43107 37.1
      vertex 13.7873 -2.43107 41
    endloop
  endfacet
  facet normal 0.981643 -0.190726 0
    outer loop
      vertex 13.7873 -2.43107 37.1
      vertex 13.6941 -2.91076 41
      vertex 13.6941 -2.91076 37.1
    endloop
  endfacet
  facet normal 0.965964 -0.258676 0
    outer loop
      vertex 13.4577 -3.85892 41
      vertex 13.5841 -3.38691 37.1
      vertex 13.5841 -3.38691 41
    endloop
  endfacet
  facet normal 0.965964 -0.258676 0
    outer loop
      vertex 13.5841 -3.38691 37.1
      vertex 13.4577 -3.85892 41
      vertex 13.4577 -3.85892 37.1
    endloop
  endfacet
  facet normal 0.996193 -0.0871753 0
    outer loop
      vertex 13.9233 -1.4634 41
      vertex 13.9659 -0.97659 37.1
      vertex 13.9659 -0.97659 41
    endloop
  endfacet
  facet normal 0.996193 -0.0871753 0
    outer loop
      vertex 13.9659 -0.97659 37.1
      vertex 13.9233 -1.4634 41
      vertex 13.9233 -1.4634 37.1
    endloop
  endfacet
  facet normal -0.68192 -0.731427 0
    outer loop
      vertex -9.72522 -10.0708 37.1
      vertex -9.36783 -10.404 41
      vertex -9.72522 -10.0708 41
    endloop
  endfacet
  facet normal -0.68192 -0.731427 -0
    outer loop
      vertex -9.36783 -10.404 41
      vertex -9.72522 -10.0708 37.1
      vertex -9.36783 -10.404 37.1
    endloop
  endfacet
  facet normal -0.573596 -0.819139 0
    outer loop
      vertex -8.22899 -11.3262 37.1
      vertex -7.8287 -11.6065 41
      vertex -8.22899 -11.3262 41
    endloop
  endfacet
  facet normal -0.573596 -0.819139 -0
    outer loop
      vertex -7.8287 -11.6065 41
      vertex -8.22899 -11.3262 37.1
      vertex -7.8287 -11.6065 37.1
    endloop
  endfacet
  facet normal -0.629405 -0.777078 0
    outer loop
      vertex -8.99903 -10.7246 37.1
      vertex -8.61926 -11.0322 41
      vertex -8.99903 -10.7246 41
    endloop
  endfacet
  facet normal -0.629405 -0.777078 -0
    outer loop
      vertex -8.61926 -11.0322 41
      vertex -8.99903 -10.7246 37.1
      vertex -8.61926 -11.0322 37.1
    endloop
  endfacet
  facet normal -0.42258 -0.906326 0
    outer loop
      vertex -6.1372 -12.5831 37.1
      vertex -5.69431 -12.7896 41
      vertex -6.1372 -12.5831 41
    endloop
  endfacet
  facet normal -0.42258 -0.906326 -0
    outer loop
      vertex -5.69431 -12.7896 41
      vertex -6.1372 -12.5831 37.1
      vertex -5.69431 -12.7896 37.1
    endloop
  endfacet
  facet normal -0.484791 -0.87463 0
    outer loop
      vertex -7 -12.1244 37.1
      vertex -6.5726 -12.3613 41
      vertex -7 -12.1244 41
    endloop
  endfacet
  facet normal -0.484791 -0.87463 -0
    outer loop
      vertex -6.5726 -12.3613 41
      vertex -7 -12.1244 37.1
      vertex -6.5726 -12.3613 37.1
    endloop
  endfacet
  facet normal -0.544716 -0.838621 0
    outer loop
      vertex -7.8287 -11.6065 37.1
      vertex -7.41887 -11.8727 41
      vertex -7.8287 -11.6065 41
    endloop
  endfacet
  facet normal -0.544716 -0.838621 -0
    outer loop
      vertex -7.41887 -11.8727 41
      vertex -7.8287 -11.6065 37.1
      vertex -7.41887 -11.8727 37.1
    endloop
  endfacet
  facet normal -0.29242 -0.95629 0
    outer loop
      vertex -4.32624 -13.3148 37.1
      vertex -3.85892 -13.4577 41
      vertex -4.32624 -13.3148 41
    endloop
  endfacet
  facet normal -0.29242 -0.95629 -0
    outer loop
      vertex -3.85892 -13.4577 41
      vertex -4.32624 -13.3148 37.1
      vertex -3.85892 -13.4577 37.1
    endloop
  endfacet
  facet normal -0.225091 -0.974338 0
    outer loop
      vertex -3.38691 -13.5841 37.1
      vertex -2.91076 -13.6941 41
      vertex -3.38691 -13.5841 41
    endloop
  endfacet
  facet normal -0.225091 -0.974338 -0
    outer loop
      vertex -2.91076 -13.6941 41
      vertex -3.38691 -13.5841 37.1
      vertex -2.91076 -13.6941 37.1
    endloop
  endfacet
  facet normal -0.190726 -0.981643 0
    outer loop
      vertex -2.91076 -13.6941 37.1
      vertex -2.43107 -13.7873 41
      vertex -2.91076 -13.6941 41
    endloop
  endfacet
  facet normal -0.190726 -0.981643 -0
    outer loop
      vertex -2.43107 -13.7873 41
      vertex -2.91076 -13.6941 37.1
      vertex -2.43107 -13.7873 37.1
    endloop
  endfacet
  facet normal -0.156546 -0.987671 0
    outer loop
      vertex -2.43107 -13.7873 37.1
      vertex -1.94842 -13.8638 41
      vertex -2.43107 -13.7873 41
    endloop
  endfacet
  facet normal -0.156546 -0.987671 -0
    outer loop
      vertex -1.94842 -13.8638 41
      vertex -2.43107 -13.7873 37.1
      vertex -1.94842 -13.8638 37.1
    endloop
  endfacet
  facet normal -0.0523872 -0.998627 0
    outer loop
      vertex -0.97659 -13.9659 37.1
      vertex -0.488592 -13.9915 41
      vertex -0.97659 -13.9659 41
    endloop
  endfacet
  facet normal -0.0523872 -0.998627 -0
    outer loop
      vertex -0.488592 -13.9915 41
      vertex -0.97659 -13.9659 37.1
      vertex -0.488592 -13.9915 37.1
    endloop
  endfacet
  facet normal -0.731427 -0.68192 0
    outer loop
      vertex -10.0708 -9.72522 37.1
      vertex -10.404 -9.36783 41
      vertex -10.404 -9.36783 37.1
    endloop
  endfacet
  facet normal -0.731427 -0.68192 0
    outer loop
      vertex -10.404 -9.36783 41
      vertex -10.0708 -9.72522 37.1
      vertex -10.0708 -9.72522 41
    endloop
  endfacet
  facet normal -0.838621 -0.544716 0
    outer loop
      vertex -11.6065 -7.8287 37.1
      vertex -11.8727 -7.41887 41
      vertex -11.8727 -7.41887 37.1
    endloop
  endfacet
  facet normal -0.838621 -0.544716 0
    outer loop
      vertex -11.8727 -7.41887 41
      vertex -11.6065 -7.8287 37.1
      vertex -11.6065 -7.8287 41
    endloop
  endfacet
  facet normal -0.819139 -0.573596 0
    outer loop
      vertex -11.3262 -8.22899 37.1
      vertex -11.6065 -7.8287 41
      vertex -11.6065 -7.8287 37.1
    endloop
  endfacet
  facet normal -0.819139 -0.573596 0
    outer loop
      vertex -11.6065 -7.8287 41
      vertex -11.3262 -8.22899 37.1
      vertex -11.3262 -8.22899 41
    endloop
  endfacet
  facet normal -0.906326 -0.42258 0
    outer loop
      vertex -12.5831 -6.1372 37.1
      vertex -12.7896 -5.69431 41
      vertex -12.7896 -5.69431 37.1
    endloop
  endfacet
  facet normal -0.906326 -0.42258 0
    outer loop
      vertex -12.7896 -5.69431 41
      vertex -12.5831 -6.1372 37.1
      vertex -12.5831 -6.1372 41
    endloop
  endfacet
  facet normal -0.857151 -0.515064 0
    outer loop
      vertex -11.8727 -7.41887 37.1
      vertex -12.1244 -7 41
      vertex -12.1244 -7 37.1
    endloop
  endfacet
  facet normal -0.857151 -0.515064 0
    outer loop
      vertex -12.1244 -7 41
      vertex -11.8727 -7.41887 37.1
      vertex -11.8727 -7.41887 41
    endloop
  endfacet
  facet normal -0.933596 -0.358328 0
    outer loop
      vertex -12.9806 -5.24449 37.1
      vertex -13.1557 -4.78828 41
      vertex -13.1557 -4.78828 37.1
    endloop
  endfacet
  facet normal -0.933596 -0.358328 0
    outer loop
      vertex -13.1557 -4.78828 41
      vertex -12.9806 -5.24449 37.1
      vertex -12.9806 -5.24449 41
    endloop
  endfacet
  facet normal -0.945514 -0.325581 0
    outer loop
      vertex -13.1557 -4.78828 37.1
      vertex -13.3148 -4.32624 41
      vertex -13.3148 -4.32624 37.1
    endloop
  endfacet
  facet normal -0.945514 -0.325581 0
    outer loop
      vertex -13.3148 -4.32624 41
      vertex -13.1557 -4.78828 37.1
      vertex -13.1557 -4.78828 41
    endloop
  endfacet
  facet normal -0.981643 -0.190726 0
    outer loop
      vertex -13.6941 -2.91076 37.1
      vertex -13.7873 -2.43107 41
      vertex -13.7873 -2.43107 37.1
    endloop
  endfacet
  facet normal -0.981643 -0.190726 0
    outer loop
      vertex -13.7873 -2.43107 41
      vertex -13.6941 -2.91076 37.1
      vertex -13.6941 -2.91076 41
    endloop
  endfacet
  facet normal -0.996193 -0.0871753 0
    outer loop
      vertex -13.9233 -1.4634 37.1
      vertex -13.9659 -0.97659 41
      vertex -13.9659 -0.97659 37.1
    endloop
  endfacet
  facet normal -0.996193 -0.0871753 0
    outer loop
      vertex -13.9659 -0.97659 41
      vertex -13.9233 -1.4634 37.1
      vertex -13.9233 -1.4634 41
    endloop
  endfacet
  facet normal -0.999849 -0.0173943 0
    outer loop
      vertex -13.9915 -0.488592 37.1
      vertex -14 0 41
      vertex -14 0 37.1
    endloop
  endfacet
  facet normal -0.999849 -0.0173943 0
    outer loop
      vertex -14 0 41
      vertex -13.9915 -0.488592 37.1
      vertex -13.9915 -0.488592 41
    endloop
  endfacet
  facet normal 0.945514 0.325581 0
    outer loop
      vertex 13.3148 4.32624 41
      vertex 13.1557 4.78828 37.1
      vertex 13.1557 4.78828 41
    endloop
  endfacet
  facet normal 0.945514 0.325581 0
    outer loop
      vertex 13.1557 4.78828 37.1
      vertex 13.3148 4.32624 41
      vertex 13.3148 4.32624 37.1
    endloop
  endfacet
  facet normal 0.358328 0.933596 -0
    outer loop
      vertex 5.24449 12.9806 37.1
      vertex 4.78828 13.1557 41
      vertex 5.24449 12.9806 41
    endloop
  endfacet
  facet normal 0.358328 0.933596 0
    outer loop
      vertex 4.78828 13.1557 41
      vertex 5.24449 12.9806 37.1
      vertex 4.78828 13.1557 37.1
    endloop
  endfacet
  facet normal -0.731427 0.68192 0
    outer loop
      vertex -10.404 9.36783 37.1
      vertex -10.0708 9.72522 41
      vertex -10.0708 9.72522 37.1
    endloop
  endfacet
  facet normal -0.731427 0.68192 0
    outer loop
      vertex -10.0708 9.72522 41
      vertex -10.404 9.36783 37.1
      vertex -10.404 9.36783 41
    endloop
  endfacet
  facet normal -0.798724 0.601698 0
    outer loop
      vertex -11.3262 8.22899 37.1
      vertex -11.0322 8.61926 41
      vertex -11.0322 8.61926 37.1
    endloop
  endfacet
  facet normal -0.798724 0.601698 0
    outer loop
      vertex -11.0322 8.61926 41
      vertex -11.3262 8.22899 37.1
      vertex -11.3262 8.22899 41
    endloop
  endfacet
  facet normal -0.906326 0.42258 0
    outer loop
      vertex -12.7896 5.69431 37.1
      vertex -12.5831 6.1372 41
      vertex -12.5831 6.1372 37.1
    endloop
  endfacet
  facet normal -0.906326 0.42258 0
    outer loop
      vertex -12.5831 6.1372 41
      vertex -12.7896 5.69431 37.1
      vertex -12.7896 5.69431 41
    endloop
  endfacet
  facet normal -0.656067 0.754702 0
    outer loop
      vertex -8.99903 10.7246 37.1
      vertex -9.36783 10.404 41
      vertex -8.99903 10.7246 41
    endloop
  endfacet
  facet normal -0.656067 0.754702 0
    outer loop
      vertex -9.36783 10.404 41
      vertex -8.99903 10.7246 37.1
      vertex -9.36783 10.404 37.1
    endloop
  endfacet
  facet normal -0.325581 0.945514 0
    outer loop
      vertex -4.32624 13.3148 37.1
      vertex -4.78828 13.1557 41
      vertex -4.32624 13.3148 41
    endloop
  endfacet
  facet normal -0.325581 0.945514 0
    outer loop
      vertex -4.78828 13.1557 41
      vertex -4.32624 13.3148 37.1
      vertex -4.78828 13.1557 37.1
    endloop
  endfacet
  facet normal 0.0523872 -0.998627 0
    outer loop
      vertex 0.488592 -13.9915 37.1
      vertex 0.97659 -13.9659 41
      vertex 0.488592 -13.9915 41
    endloop
  endfacet
  facet normal 0.0523872 -0.998627 0
    outer loop
      vertex 0.97659 -13.9659 41
      vertex 0.488592 -13.9915 37.1
      vertex 0.97659 -13.9659 37.1
    endloop
  endfacet
  facet normal 0.68192 -0.731427 0
    outer loop
      vertex 9.36783 -10.404 37.1
      vertex 9.72522 -10.0708 41
      vertex 9.36783 -10.404 41
    endloop
  endfacet
  facet normal 0.68192 -0.731427 0
    outer loop
      vertex 9.72522 -10.0708 41
      vertex 9.36783 -10.404 37.1
      vertex 9.72522 -10.0708 37.1
    endloop
  endfacet
  facet normal 0.629405 -0.777078 0
    outer loop
      vertex 8.61926 -11.0322 37.1
      vertex 8.99903 -10.7246 41
      vertex 8.61926 -11.0322 41
    endloop
  endfacet
  facet normal 0.629405 -0.777078 0
    outer loop
      vertex 8.99903 -10.7246 41
      vertex 8.61926 -11.0322 37.1
      vertex 8.99903 -10.7246 37.1
    endloop
  endfacet
  facet normal 0.42258 -0.906326 0
    outer loop
      vertex 5.69431 -12.7896 37.1
      vertex 6.1372 -12.5831 41
      vertex 5.69431 -12.7896 41
    endloop
  endfacet
  facet normal 0.42258 -0.906326 0
    outer loop
      vertex 6.1372 -12.5831 41
      vertex 5.69431 -12.7896 37.1
      vertex 6.1372 -12.5831 37.1
    endloop
  endfacet
  facet normal 0.838621 -0.544716 0
    outer loop
      vertex 11.6065 -7.8287 41
      vertex 11.8727 -7.41887 37.1
      vertex 11.8727 -7.41887 41
    endloop
  endfacet
  facet normal 0.838621 -0.544716 0
    outer loop
      vertex 11.8727 -7.41887 37.1
      vertex 11.6065 -7.8287 41
      vertex 11.6065 -7.8287 37.1
    endloop
  endfacet
  facet normal 0.891046 -0.453914 0
    outer loop
      vertex 12.3613 -6.5726 41
      vertex 12.5831 -6.1372 37.1
      vertex 12.5831 -6.1372 41
    endloop
  endfacet
  facet normal 0.891046 -0.453914 0
    outer loop
      vertex 12.5831 -6.1372 37.1
      vertex 12.3613 -6.5726 41
      vertex 12.3613 -6.5726 37.1
    endloop
  endfacet
  facet normal 0.974338 -0.225091 0
    outer loop
      vertex 13.5841 -3.38691 41
      vertex 13.6941 -2.91076 37.1
      vertex 13.6941 -2.91076 41
    endloop
  endfacet
  facet normal 0.974338 -0.225091 0
    outer loop
      vertex 13.6941 -2.91076 37.1
      vertex 13.5841 -3.38691 41
      vertex 13.5841 -3.38691 37.1
    endloop
  endfacet
  facet normal 0.998627 -0.0523872 0
    outer loop
      vertex 13.9659 -0.97659 41
      vertex 13.9915 -0.488592 37.1
      vertex 13.9915 -0.488592 41
    endloop
  endfacet
  facet normal 0.998627 -0.0523872 0
    outer loop
      vertex 13.9915 -0.488592 37.1
      vertex 13.9659 -0.97659 41
      vertex 13.9659 -0.97659 37.1
    endloop
  endfacet
  facet normal 0.992559 -0.121763 0
    outer loop
      vertex 13.8638 -1.94842 41
      vertex 13.9233 -1.4634 37.1
      vertex 13.9233 -1.4634 41
    endloop
  endfacet
  facet normal 0.992559 -0.121763 0
    outer loop
      vertex 13.9233 -1.4634 37.1
      vertex 13.8638 -1.94842 41
      vertex 13.8638 -1.94842 37.1
    endloop
  endfacet
  facet normal -0.656067 -0.754702 0
    outer loop
      vertex -9.36783 -10.404 37.1
      vertex -8.99903 -10.7246 41
      vertex -9.36783 -10.404 41
    endloop
  endfacet
  facet normal -0.656067 -0.754702 -0
    outer loop
      vertex -8.99903 -10.7246 41
      vertex -9.36783 -10.404 37.1
      vertex -8.99903 -10.7246 37.1
    endloop
  endfacet
  facet normal -0.601698 -0.798724 0
    outer loop
      vertex -8.61926 -11.0322 37.1
      vertex -8.22899 -11.3262 41
      vertex -8.61926 -11.0322 41
    endloop
  endfacet
  facet normal -0.601698 -0.798724 -0
    outer loop
      vertex -8.22899 -11.3262 41
      vertex -8.61926 -11.0322 37.1
      vertex -8.22899 -11.3262 37.1
    endloop
  endfacet
  facet normal -0.39084 -0.920459 0
    outer loop
      vertex -5.69431 -12.7896 37.1
      vertex -5.24449 -12.9806 41
      vertex -5.69431 -12.7896 41
    endloop
  endfacet
  facet normal -0.39084 -0.920459 -0
    outer loop
      vertex -5.24449 -12.9806 41
      vertex -5.69431 -12.7896 37.1
      vertex -5.24449 -12.9806 37.1
    endloop
  endfacet
  facet normal -0.515064 -0.857151 0
    outer loop
      vertex -7.41887 -11.8727 37.1
      vertex -7 -12.1244 41
      vertex -7.41887 -11.8727 41
    endloop
  endfacet
  facet normal -0.515064 -0.857151 -0
    outer loop
      vertex -7 -12.1244 41
      vertex -7.41887 -11.8727 37.1
      vertex -7 -12.1244 37.1
    endloop
  endfacet
  facet normal -0.325581 -0.945514 0
    outer loop
      vertex -4.78828 -13.1557 37.1
      vertex -4.32624 -13.3148 41
      vertex -4.78828 -13.1557 41
    endloop
  endfacet
  facet normal -0.325581 -0.945514 -0
    outer loop
      vertex -4.32624 -13.3148 41
      vertex -4.78828 -13.1557 37.1
      vertex -4.32624 -13.3148 37.1
    endloop
  endfacet
  facet normal -0.87463 -0.484791 0
    outer loop
      vertex -12.1244 -7 37.1
      vertex -12.3613 -6.5726 41
      vertex -12.3613 -6.5726 37.1
    endloop
  endfacet
  facet normal -0.87463 -0.484791 0
    outer loop
      vertex -12.3613 -6.5726 41
      vertex -12.1244 -7 37.1
      vertex -12.1244 -7 41
    endloop
  endfacet
  facet normal -0.998627 -0.0523872 0
    outer loop
      vertex -13.9659 -0.97659 37.1
      vertex -13.9915 -0.488592 41
      vertex -13.9915 -0.488592 37.1
    endloop
  endfacet
  facet normal -0.998627 -0.0523872 0
    outer loop
      vertex -13.9915 -0.488592 41
      vertex -13.9659 -0.97659 37.1
      vertex -13.9659 -0.97659 41
    endloop
  endfacet
  facet normal -0.754702 0.656067 0
    outer loop
      vertex -10.7246 8.99903 37.1
      vertex -10.404 9.36783 41
      vertex -10.404 9.36783 37.1
    endloop
  endfacet
  facet normal -0.754702 0.656067 0
    outer loop
      vertex -10.404 9.36783 41
      vertex -10.7246 8.99903 37.1
      vertex -10.7246 8.99903 41
    endloop
  endfacet
  facet normal 0.999849 -0.0173943 0
    outer loop
      vertex 13.9915 -0.488592 41
      vertex 14 0 37.1
      vertex 14 0 41
    endloop
  endfacet
  facet normal 0.999849 -0.0173943 0
    outer loop
      vertex 14 0 37.1
      vertex 13.9915 -0.488592 41
      vertex 13.9915 -0.488592 37.1
    endloop
  endfacet
  facet normal -0.777078 0.629405 0
    outer loop
      vertex -11.0322 8.61926 37.1
      vertex -10.7246 8.99903 41
      vertex -10.7246 8.99903 37.1
    endloop
  endfacet
  facet normal -0.777078 0.629405 0
    outer loop
      vertex -10.7246 8.99903 41
      vertex -11.0322 8.61926 37.1
      vertex -11.0322 8.61926 41
    endloop
  endfacet
  facet normal -0.988814 -0.149155 0
    outer loop
      vertex 11.3 0 37
      vertex 11.2422 0.383182 41
      vertex 11.2422 0.383182 37
    endloop
  endfacet
  facet normal -0.988814 -0.149155 0
    outer loop
      vertex 11.2422 0.383182 41
      vertex 11.3 0 37
      vertex 11.3 0 41
    endloop
  endfacet
  facet normal 1 -0 0
    outer loop
      vertex 8.71452 -0.193754 41
      vertex 8.71452 0.193754 37
      vertex 8.71452 0.193754 41
    endloop
  endfacet
  facet normal 1 0 0
    outer loop
      vertex 8.71452 0.193754 37
      vertex 8.71452 -0.193754 41
      vertex 8.71452 -0.193754 37
    endloop
  endfacet
  facet normal 0.0747168 -0.997205 0
    outer loop
      vertex 9.71072 1.26741 37
      vertex 10.0971 1.29636 41
      vertex 9.71072 1.26741 41
    endloop
  endfacet
  facet normal 0.0747168 -0.997205 0
    outer loop
      vertex 10.0971 1.29636 41
      vertex 9.71072 1.26741 37
      vertex 10.0971 1.29636 37
    endloop
  endfacet
  facet normal 0.623483 0.781837 -0
    outer loop
      vertex 9.35 -1.12583 37
      vertex 9.04703 -0.884224 41
      vertex 9.35 -1.12583 41
    endloop
  endfacet
  facet normal 0.623483 0.781837 0
    outer loop
      vertex 9.04703 -0.884224 41
      vertex 9.35 -1.12583 37
      vertex 9.04703 -0.884224 37
    endloop
  endfacet
  facet normal 0 0 1
    outer loop
      vertex 11.2422 0.383182 37
      vertex 11.2422 -0.383182 37
      vertex 11.3 0 37
    endloop
  endfacet
  facet normal 0 0 1
    outer loop
      vertex 11.0741 0.732316 37
      vertex 11.2422 -0.383182 37
      vertex 11.2422 0.383182 37
    endloop
  endfacet
  facet normal 0 0 1
    outer loop
      vertex 11.0741 0.732316 37
      vertex 11.0741 -0.732316 37
      vertex 11.2422 -0.383182 37
    endloop
  endfacet
  facet normal 0 0 1
    outer loop
      vertex 10.8105 1.01638 37
      vertex 11.0741 -0.732316 37
      vertex 11.0741 0.732316 37
    endloop
  endfacet
  facet normal 0 0 1
    outer loop
      vertex 10.8105 1.01638 37
      vertex 10.8105 -1.01638 37
      vertex 11.0741 -0.732316 37
    endloop
  endfacet
  facet normal 0 0 1
    outer loop
      vertex 10.4749 1.21014 37
      vertex 10.8105 -1.01638 37
      vertex 10.8105 1.01638 37
    endloop
  endfacet
  facet normal 0 0 1
    outer loop
      vertex 10.4749 1.21014 37
      vertex 10.4749 -1.21014 37
      vertex 10.8105 -1.01638 37
    endloop
  endfacet
  facet normal 0 0 1
    outer loop
      vertex 10.0971 1.29636 37
      vertex 10.4749 -1.21014 37
      vertex 10.4749 1.21014 37
    endloop
  endfacet
  facet normal 0 0 1
    outer loop
      vertex 10.0971 1.29636 37
      vertex 10.0971 -1.29636 37
      vertex 10.4749 -1.21014 37
    endloop
  endfacet
  facet normal -0 0 1
    outer loop
      vertex 9.71072 1.26741 37
      vertex 10.0971 -1.29636 37
      vertex 10.0971 1.29636 37
    endloop
  endfacet
  facet normal 0 0 1
    outer loop
      vertex 9.71072 1.26741 37
      vertex 9.71072 -1.26741 37
      vertex 10.0971 -1.29636 37
    endloop
  endfacet
  facet normal -0 0 1
    outer loop
      vertex 9.35 1.12583 37
      vertex 9.71072 -1.26741 37
      vertex 9.71072 1.26741 37
    endloop
  endfacet
  facet normal 0 0 1
    outer loop
      vertex 9.35 1.12583 37
      vertex 9.35 -1.12583 37
      vertex 9.71072 -1.26741 37
    endloop
  endfacet
  facet normal -0 0 1
    outer loop
      vertex 9.04703 0.884224 37
      vertex 9.35 -1.12583 37
      vertex 9.35 1.12583 37
    endloop
  endfacet
  facet normal 0 0 1
    outer loop
      vertex 9.04703 0.884224 37
      vertex 9.04703 -0.884224 37
      vertex 9.35 -1.12583 37
    endloop
  endfacet
  facet normal -0 0 1
    outer loop
      vertex 8.82874 0.564049 37
      vertex 9.04703 -0.884224 37
      vertex 9.04703 0.884224 37
    endloop
  endfacet
  facet normal 0 0 1
    outer loop
      vertex 8.82874 0.564049 37
      vertex 8.82874 -0.564049 37
      vertex 9.04703 -0.884224 37
    endloop
  endfacet
  facet normal -0 0 1
    outer loop
      vertex 8.71452 0.193754 37
      vertex 8.82874 -0.564049 37
      vertex 8.82874 0.564049 37
    endloop
  endfacet
  facet normal 0 0 1
    outer loop
      vertex 8.82874 -0.564049 37
      vertex 8.71452 0.193754 37
      vertex 8.71452 -0.193754 37
    endloop
  endfacet
  facet normal -0.500002 -0.866024 0
    outer loop
      vertex 10.4749 1.21014 37
      vertex 10.8105 1.01638 41
      vertex 10.4749 1.21014 41
    endloop
  endfacet
  facet normal -0.500002 -0.866024 -0
    outer loop
      vertex 10.8105 1.01638 41
      vertex 10.4749 1.21014 37
      vertex 10.8105 1.01638 37
    endloop
  endfacet
  facet normal -0.901003 -0.433812 0
    outer loop
      vertex 11.2422 0.383182 37
      vertex 11.0741 0.732316 41
      vertex 11.0741 0.732316 37
    endloop
  endfacet
  facet normal -0.901003 -0.433812 0
    outer loop
      vertex 11.0741 0.732316 41
      vertex 11.2422 0.383182 37
      vertex 11.2422 0.383182 41
    endloop
  endfacet
  facet normal -0.222495 -0.974934 0
    outer loop
      vertex 10.0971 1.29636 37
      vertex 10.4749 1.21014 41
      vertex 10.0971 1.29636 41
    endloop
  endfacet
  facet normal -0.222495 -0.974934 -0
    outer loop
      vertex 10.4749 1.21014 41
      vertex 10.0971 1.29636 37
      vertex 10.4749 1.21014 37
    endloop
  endfacet
  facet normal 0.826241 -0.563317 0
    outer loop
      vertex 8.82874 0.564049 41
      vertex 9.04703 0.884224 37
      vertex 9.04703 0.884224 41
    endloop
  endfacet
  facet normal 0.826241 -0.563317 0
    outer loop
      vertex 9.04703 0.884224 37
      vertex 8.82874 0.564049 41
      vertex 8.82874 0.564049 37
    endloop
  endfacet
  facet normal 0.955573 -0.294753 0
    outer loop
      vertex 8.71452 0.193754 41
      vertex 8.82874 0.564049 37
      vertex 8.82874 0.564049 41
    endloop
  endfacet
  facet normal 0.955573 -0.294753 0
    outer loop
      vertex 8.82874 0.564049 37
      vertex 8.71452 0.193754 41
      vertex 8.71452 0.193754 37
    endloop
  endfacet
  facet normal 0.365359 -0.930867 0
    outer loop
      vertex 9.35 1.12583 37
      vertex 9.71072 1.26741 41
      vertex 9.35 1.12583 41
    endloop
  endfacet
  facet normal 0.365359 -0.930867 0
    outer loop
      vertex 9.71072 1.26741 41
      vertex 9.35 1.12583 37
      vertex 9.71072 1.26741 37
    endloop
  endfacet
  facet normal 0.365359 0.930867 -0
    outer loop
      vertex 9.71072 -1.26741 37
      vertex 9.35 -1.12583 41
      vertex 9.71072 -1.26741 41
    endloop
  endfacet
  facet normal 0.365359 0.930867 0
    outer loop
      vertex 9.35 -1.12583 41
      vertex 9.71072 -1.26741 37
      vertex 9.35 -1.12583 37
    endloop
  endfacet
  facet normal 0.955573 0.294753 0
    outer loop
      vertex 8.82874 -0.564049 41
      vertex 8.71452 -0.193754 37
      vertex 8.71452 -0.193754 41
    endloop
  endfacet
  facet normal 0.955573 0.294753 0
    outer loop
      vertex 8.71452 -0.193754 37
      vertex 8.82874 -0.564049 41
      vertex 8.82874 -0.564049 37
    endloop
  endfacet
  facet normal -0.733017 -0.68021 0
    outer loop
      vertex 11.0741 0.732316 37
      vertex 10.8105 1.01638 41
      vertex 10.8105 1.01638 37
    endloop
  endfacet
  facet normal -0.733017 -0.68021 0
    outer loop
      vertex 10.8105 1.01638 41
      vertex 11.0741 0.732316 37
      vertex 11.0741 0.732316 41
    endloop
  endfacet
  facet normal 0.623483 -0.781837 0
    outer loop
      vertex 9.04703 0.884224 37
      vertex 9.35 1.12583 41
      vertex 9.04703 0.884224 41
    endloop
  endfacet
  facet normal 0.623483 -0.781837 0
    outer loop
      vertex 9.35 1.12583 41
      vertex 9.04703 0.884224 37
      vertex 9.35 1.12583 37
    endloop
  endfacet
  facet normal -0.222495 0.974934 0
    outer loop
      vertex 10.4749 -1.21014 37
      vertex 10.0971 -1.29636 41
      vertex 10.4749 -1.21014 41
    endloop
  endfacet
  facet normal -0.222495 0.974934 0
    outer loop
      vertex 10.0971 -1.29636 41
      vertex 10.4749 -1.21014 37
      vertex 10.0971 -1.29636 37
    endloop
  endfacet
  facet normal -0.901003 0.433812 0
    outer loop
      vertex 11.0741 -0.732316 37
      vertex 11.2422 -0.383182 41
      vertex 11.2422 -0.383182 37
    endloop
  endfacet
  facet normal -0.901003 0.433812 0
    outer loop
      vertex 11.2422 -0.383182 41
      vertex 11.0741 -0.732316 37
      vertex 11.0741 -0.732316 41
    endloop
  endfacet
  facet normal 0.0747168 0.997205 -0
    outer loop
      vertex 10.0971 -1.29636 37
      vertex 9.71072 -1.26741 41
      vertex 10.0971 -1.29636 41
    endloop
  endfacet
  facet normal 0.0747168 0.997205 0
    outer loop
      vertex 9.71072 -1.26741 41
      vertex 10.0971 -1.29636 37
      vertex 9.71072 -1.26741 37
    endloop
  endfacet
  facet normal 0.826241 0.563317 0
    outer loop
      vertex 9.04703 -0.884224 41
      vertex 8.82874 -0.564049 37
      vertex 8.82874 -0.564049 41
    endloop
  endfacet
  facet normal 0.826241 0.563317 0
    outer loop
      vertex 8.82874 -0.564049 37
      vertex 9.04703 -0.884224 41
      vertex 9.04703 -0.884224 37
    endloop
  endfacet
  facet normal -0.500002 0.866024 0
    outer loop
      vertex 10.8105 -1.01638 37
      vertex 10.4749 -1.21014 41
      vertex 10.8105 -1.01638 41
    endloop
  endfacet
  facet normal -0.500002 0.866024 0
    outer loop
      vertex 10.4749 -1.21014 41
      vertex 10.8105 -1.01638 37
      vertex 10.4749 -1.21014 37
    endloop
  endfacet
  facet normal -0.988814 0.149155 0
    outer loop
      vertex 11.2422 -0.383182 37
      vertex 11.3 0 41
      vertex 11.3 0 37
    endloop
  endfacet
  facet normal -0.988814 0.149155 0
    outer loop
      vertex 11.3 0 41
      vertex 11.2422 -0.383182 37
      vertex 11.2422 -0.383182 41
    endloop
  endfacet
  facet normal -0.733017 0.68021 0
    outer loop
      vertex 10.8105 -1.01638 37
      vertex 11.0741 -0.732316 41
      vertex 11.0741 -0.732316 37
    endloop
  endfacet
  facet normal -0.733017 0.68021 0
    outer loop
      vertex 11.0741 -0.732316 41
      vertex 10.8105 -1.01638 37
      vertex 10.8105 -1.01638 41
    endloop
  endfacet
  facet normal 0.149155 -0.988814 0
    outer loop
      vertex -0.383182 11.2422 37
      vertex 0 11.3 41
      vertex -0.383182 11.2422 41
    endloop
  endfacet
  facet normal 0.149155 -0.988814 0
    outer loop
      vertex 0 11.3 41
      vertex -0.383182 11.2422 37
      vertex 0 11.3 37
    endloop
  endfacet
  facet normal -0.997205 0.0747168 0
    outer loop
      vertex 1.26741 9.71072 37
      vertex 1.29636 10.0971 41
      vertex 1.29636 10.0971 37
    endloop
  endfacet
  facet normal -0.997205 0.0747168 0
    outer loop
      vertex 1.29636 10.0971 41
      vertex 1.26741 9.71072 37
      vertex 1.26741 9.71072 41
    endloop
  endfacet
  facet normal -0.781837 0.623483 0
    outer loop
      vertex 0.884224 9.04703 37
      vertex 1.12583 9.35 41
      vertex 1.12583 9.35 37
    endloop
  endfacet
  facet normal -0.781837 0.623483 0
    outer loop
      vertex 1.12583 9.35 41
      vertex 0.884224 9.04703 37
      vertex 0.884224 9.04703 41
    endloop
  endfacet
  facet normal 0.866024 -0.500002 0
    outer loop
      vertex -1.21014 10.4749 41
      vertex -1.01638 10.8105 37
      vertex -1.01638 10.8105 41
    endloop
  endfacet
  facet normal 0.866024 -0.500002 0
    outer loop
      vertex -1.01638 10.8105 37
      vertex -1.21014 10.4749 41
      vertex -1.21014 10.4749 37
    endloop
  endfacet
  facet normal 0.433812 -0.901003 0
    outer loop
      vertex -0.732316 11.0741 37
      vertex -0.383182 11.2422 41
      vertex -0.732316 11.0741 41
    endloop
  endfacet
  facet normal 0.433812 -0.901003 0
    outer loop
      vertex -0.383182 11.2422 41
      vertex -0.732316 11.0741 37
      vertex -0.383182 11.2422 37
    endloop
  endfacet
  facet normal 0.974934 -0.222495 0
    outer loop
      vertex -1.29636 10.0971 41
      vertex -1.21014 10.4749 37
      vertex -1.21014 10.4749 41
    endloop
  endfacet
  facet normal 0.974934 -0.222495 0
    outer loop
      vertex -1.21014 10.4749 37
      vertex -1.29636 10.0971 41
      vertex -1.29636 10.0971 37
    endloop
  endfacet
  facet normal 0 0 1
    outer loop
      vertex 1.21014 10.4749 37
      vertex 1.26741 9.71072 37
      vertex 1.29636 10.0971 37
    endloop
  endfacet
  facet normal 0 0 1
    outer loop
      vertex 1.21014 10.4749 37
      vertex 1.12583 9.35 37
      vertex 1.26741 9.71072 37
    endloop
  endfacet
  facet normal 0 0 1
    outer loop
      vertex 1.01638 10.8105 37
      vertex 1.12583 9.35 37
      vertex 1.21014 10.4749 37
    endloop
  endfacet
  facet normal 0 0 1
    outer loop
      vertex 1.01638 10.8105 37
      vertex 0.884224 9.04703 37
      vertex 1.12583 9.35 37
    endloop
  endfacet
  facet normal 0 0 1
    outer loop
      vertex 0.732316 11.0741 37
      vertex 0.884224 9.04703 37
      vertex 1.01638 10.8105 37
    endloop
  endfacet
  facet normal 0 0 1
    outer loop
      vertex 0.732316 11.0741 37
      vertex 0.564049 8.82874 37
      vertex 0.884224 9.04703 37
    endloop
  endfacet
  facet normal 0 0 1
    outer loop
      vertex 0.383182 11.2422 37
      vertex 0.564049 8.82874 37
      vertex 0.732316 11.0741 37
    endloop
  endfacet
  facet normal 0 0 1
    outer loop
      vertex 0.383182 11.2422 37
      vertex 0.193754 8.71452 37
      vertex 0.564049 8.82874 37
    endloop
  endfacet
  facet normal 0 0 1
    outer loop
      vertex 0 11.3 37
      vertex 0.193754 8.71452 37
      vertex 0.383182 11.2422 37
    endloop
  endfacet
  facet normal 0 0 1
    outer loop
      vertex 0 11.3 37
      vertex -0.193754 8.71452 37
      vertex 0.193754 8.71452 37
    endloop
  endfacet
  facet normal -0 0 1
    outer loop
      vertex -0.383182 11.2422 37
      vertex -0.193754 8.71452 37
      vertex 0 11.3 37
    endloop
  endfacet
  facet normal 0 0 1
    outer loop
      vertex -0.383182 11.2422 37
      vertex -0.564049 8.82874 37
      vertex -0.193754 8.71452 37
    endloop
  endfacet
  facet normal -0 0 1
    outer loop
      vertex -0.732316 11.0741 37
      vertex -0.564049 8.82874 37
      vertex -0.383182 11.2422 37
    endloop
  endfacet
  facet normal 0 0 1
    outer loop
      vertex -0.732316 11.0741 37
      vertex -0.884224 9.04703 37
      vertex -0.564049 8.82874 37
    endloop
  endfacet
  facet normal -0 0 1
    outer loop
      vertex -1.01638 10.8105 37
      vertex -0.884224 9.04703 37
      vertex -0.732316 11.0741 37
    endloop
  endfacet
  facet normal 0 0 1
    outer loop
      vertex -1.01638 10.8105 37
      vertex -1.12583 9.35 37
      vertex -0.884224 9.04703 37
    endloop
  endfacet
  facet normal -0 0 1
    outer loop
      vertex -1.21014 10.4749 37
      vertex -1.12583 9.35 37
      vertex -1.01638 10.8105 37
    endloop
  endfacet
  facet normal 0 0 1
    outer loop
      vertex -1.21014 10.4749 37
      vertex -1.26741 9.71072 37
      vertex -1.12583 9.35 37
    endloop
  endfacet
  facet normal 0 -0 1
    outer loop
      vertex -1.26741 9.71072 37
      vertex -1.21014 10.4749 37
      vertex -1.29636 10.0971 37
    endloop
  endfacet
  facet normal 0.563317 0.826241 -0
    outer loop
      vertex -0.564049 8.82874 37
      vertex -0.884224 9.04703 41
      vertex -0.564049 8.82874 41
    endloop
  endfacet
  facet normal 0.563317 0.826241 0
    outer loop
      vertex -0.884224 9.04703 41
      vertex -0.564049 8.82874 37
      vertex -0.884224 9.04703 37
    endloop
  endfacet
  facet normal 0.294753 0.955573 -0
    outer loop
      vertex -0.193754 8.71452 37
      vertex -0.564049 8.82874 41
      vertex -0.193754 8.71452 41
    endloop
  endfacet
  facet normal 0.294753 0.955573 0
    outer loop
      vertex -0.564049 8.82874 41
      vertex -0.193754 8.71452 37
      vertex -0.564049 8.82874 37
    endloop
  endfacet
  facet normal 0.930867 0.365359 0
    outer loop
      vertex -1.12583 9.35 41
      vertex -1.26741 9.71072 37
      vertex -1.26741 9.71072 41
    endloop
  endfacet
  facet normal 0.930867 0.365359 0
    outer loop
      vertex -1.26741 9.71072 37
      vertex -1.12583 9.35 41
      vertex -1.12583 9.35 37
    endloop
  endfacet
  facet normal -0.930867 0.365359 0
    outer loop
      vertex 1.12583 9.35 37
      vertex 1.26741 9.71072 41
      vertex 1.26741 9.71072 37
    endloop
  endfacet
  facet normal -0.930867 0.365359 0
    outer loop
      vertex 1.26741 9.71072 41
      vertex 1.12583 9.35 37
      vertex 1.12583 9.35 41
    endloop
  endfacet
  facet normal -0.294753 0.955573 0
    outer loop
      vertex 0.564049 8.82874 37
      vertex 0.193754 8.71452 41
      vertex 0.564049 8.82874 41
    endloop
  endfacet
  facet normal -0.294753 0.955573 0
    outer loop
      vertex 0.193754 8.71452 41
      vertex 0.564049 8.82874 37
      vertex 0.193754 8.71452 37
    endloop
  endfacet
  facet normal 0.68021 -0.733017 0
    outer loop
      vertex -1.01638 10.8105 37
      vertex -0.732316 11.0741 41
      vertex -1.01638 10.8105 41
    endloop
  endfacet
  facet normal 0.68021 -0.733017 0
    outer loop
      vertex -0.732316 11.0741 41
      vertex -1.01638 10.8105 37
      vertex -0.732316 11.0741 37
    endloop
  endfacet
  facet normal 0.997205 0.0747168 0
    outer loop
      vertex -1.26741 9.71072 41
      vertex -1.29636 10.0971 37
      vertex -1.29636 10.0971 41
    endloop
  endfacet
  facet normal 0.997205 0.0747168 0
    outer loop
      vertex -1.29636 10.0971 37
      vertex -1.26741 9.71072 41
      vertex -1.26741 9.71072 37
    endloop
  endfacet
  facet normal 0 1 -0
    outer loop
      vertex 0.193754 8.71452 37
      vertex -0.193754 8.71452 41
      vertex 0.193754 8.71452 41
    endloop
  endfacet
  facet normal 0 1 0
    outer loop
      vertex -0.193754 8.71452 41
      vertex 0.193754 8.71452 37
      vertex -0.193754 8.71452 37
    endloop
  endfacet
  facet normal 0.781837 0.623483 0
    outer loop
      vertex -0.884224 9.04703 41
      vertex -1.12583 9.35 37
      vertex -1.12583 9.35 41
    endloop
  endfacet
  facet normal 0.781837 0.623483 0
    outer loop
      vertex -1.12583 9.35 37
      vertex -0.884224 9.04703 41
      vertex -0.884224 9.04703 37
    endloop
  endfacet
  facet normal -0.149155 -0.988814 0
    outer loop
      vertex 0 11.3 37
      vertex 0.383182 11.2422 41
      vertex 0 11.3 41
    endloop
  endfacet
  facet normal -0.149155 -0.988814 -0
    outer loop
      vertex 0.383182 11.2422 41
      vertex 0 11.3 37
      vertex 0.383182 11.2422 37
    endloop
  endfacet
  facet normal -0.68021 -0.733017 0
    outer loop
      vertex 0.732316 11.0741 37
      vertex 1.01638 10.8105 41
      vertex 0.732316 11.0741 41
    endloop
  endfacet
  facet normal -0.68021 -0.733017 -0
    outer loop
      vertex 1.01638 10.8105 41
      vertex 0.732316 11.0741 37
      vertex 1.01638 10.8105 37
    endloop
  endfacet
  facet normal -0.974934 -0.222495 0
    outer loop
      vertex 1.29636 10.0971 37
      vertex 1.21014 10.4749 41
      vertex 1.21014 10.4749 37
    endloop
  endfacet
  facet normal -0.974934 -0.222495 0
    outer loop
      vertex 1.21014 10.4749 41
      vertex 1.29636 10.0971 37
      vertex 1.29636 10.0971 41
    endloop
  endfacet
  facet normal -0.433812 -0.901003 0
    outer loop
      vertex 0.383182 11.2422 37
      vertex 0.732316 11.0741 41
      vertex 0.383182 11.2422 41
    endloop
  endfacet
  facet normal -0.433812 -0.901003 -0
    outer loop
      vertex 0.732316 11.0741 41
      vertex 0.383182 11.2422 37
      vertex 0.732316 11.0741 37
    endloop
  endfacet
  facet normal -0.563317 0.826241 0
    outer loop
      vertex 0.884224 9.04703 37
      vertex 0.564049 8.82874 41
      vertex 0.884224 9.04703 41
    endloop
  endfacet
  facet normal -0.563317 0.826241 0
    outer loop
      vertex 0.564049 8.82874 41
      vertex 0.884224 9.04703 37
      vertex 0.564049 8.82874 37
    endloop
  endfacet
  facet normal -0.866024 -0.500002 0
    outer loop
      vertex 1.21014 10.4749 37
      vertex 1.01638 10.8105 41
      vertex 1.01638 10.8105 37
    endloop
  endfacet
  facet normal -0.866024 -0.500002 0
    outer loop
      vertex 1.01638 10.8105 41
      vertex 1.21014 10.4749 37
      vertex 1.21014 10.4749 41
    endloop
  endfacet
  facet normal 0.988814 0.149155 0
    outer loop
      vertex -11.2422 -0.383182 41
      vertex -11.3 0 37
      vertex -11.3 0 41
    endloop
  endfacet
  facet normal 0.988814 0.149155 0
    outer loop
      vertex -11.3 0 37
      vertex -11.2422 -0.383182 41
      vertex -11.2422 -0.383182 37
    endloop
  endfacet
  facet normal -0.0747168 -0.997205 0
    outer loop
      vertex -10.0971 1.29636 37
      vertex -9.71072 1.26741 41
      vertex -10.0971 1.29636 41
    endloop
  endfacet
  facet normal -0.0747168 -0.997205 -0
    outer loop
      vertex -9.71072 1.26741 41
      vertex -10.0971 1.29636 37
      vertex -9.71072 1.26741 37
    endloop
  endfacet
  facet normal -0.623483 -0.781837 0
    outer loop
      vertex -9.35 1.12583 37
      vertex -9.04703 0.884224 41
      vertex -9.35 1.12583 41
    endloop
  endfacet
  facet normal -0.623483 -0.781837 -0
    outer loop
      vertex -9.04703 0.884224 41
      vertex -9.35 1.12583 37
      vertex -9.04703 0.884224 37
    endloop
  endfacet
  facet normal 0.901003 0.433812 0
    outer loop
      vertex -11.0741 -0.732316 41
      vertex -11.2422 -0.383182 37
      vertex -11.2422 -0.383182 41
    endloop
  endfacet
  facet normal 0.901003 0.433812 0
    outer loop
      vertex -11.2422 -0.383182 37
      vertex -11.0741 -0.732316 41
      vertex -11.0741 -0.732316 37
    endloop
  endfacet
  facet normal 0.222495 0.974934 -0
    outer loop
      vertex -10.0971 -1.29636 37
      vertex -10.4749 -1.21014 41
      vertex -10.0971 -1.29636 41
    endloop
  endfacet
  facet normal 0.222495 0.974934 0
    outer loop
      vertex -10.4749 -1.21014 41
      vertex -10.0971 -1.29636 37
      vertex -10.4749 -1.21014 37
    endloop
  endfacet
  facet normal -0.955573 0.294753 0
    outer loop
      vertex -8.82874 -0.564049 37
      vertex -8.71452 -0.193754 41
      vertex -8.71452 -0.193754 37
    endloop
  endfacet
  facet normal -0.955573 0.294753 0
    outer loop
      vertex -8.71452 -0.193754 41
      vertex -8.82874 -0.564049 37
      vertex -8.82874 -0.564049 41
    endloop
  endfacet
  facet normal -0.365359 0.930867 0
    outer loop
      vertex -9.35 -1.12583 37
      vertex -9.71072 -1.26741 41
      vertex -9.35 -1.12583 41
    endloop
  endfacet
  facet normal -0.365359 0.930867 0
    outer loop
      vertex -9.71072 -1.26741 41
      vertex -9.35 -1.12583 37
      vertex -9.71072 -1.26741 37
    endloop
  endfacet
  facet normal 0 0 1
    outer loop
      vertex -8.82874 0.564049 37
      vertex -8.71452 -0.193754 37
      vertex -8.71452 0.193754 37
    endloop
  endfacet
  facet normal 0 0 1
    outer loop
      vertex -8.82874 0.564049 37
      vertex -8.82874 -0.564049 37
      vertex -8.71452 -0.193754 37
    endloop
  endfacet
  facet normal 0 0 1
    outer loop
      vertex -9.04703 0.884224 37
      vertex -8.82874 -0.564049 37
      vertex -8.82874 0.564049 37
    endloop
  endfacet
  facet normal 0 0 1
    outer loop
      vertex -9.04703 0.884224 37
      vertex -9.04703 -0.884224 37
      vertex -8.82874 -0.564049 37
    endloop
  endfacet
  facet normal 0 0 1
    outer loop
      vertex -9.35 1.12583 37
      vertex -9.04703 -0.884224 37
      vertex -9.04703 0.884224 37
    endloop
  endfacet
  facet normal 0 0 1
    outer loop
      vertex -9.35 1.12583 37
      vertex -9.35 -1.12583 37
      vertex -9.04703 -0.884224 37
    endloop
  endfacet
  facet normal 0 0 1
    outer loop
      vertex -9.71072 1.26741 37
      vertex -9.35 -1.12583 37
      vertex -9.35 1.12583 37
    endloop
  endfacet
  facet normal 0 0 1
    outer loop
      vertex -9.71072 1.26741 37
      vertex -9.71072 -1.26741 37
      vertex -9.35 -1.12583 37
    endloop
  endfacet
  facet normal 0 0 1
    outer loop
      vertex -10.0971 1.29636 37
      vertex -9.71072 -1.26741 37
      vertex -9.71072 1.26741 37
    endloop
  endfacet
  facet normal 0 0 1
    outer loop
      vertex -10.0971 1.29636 37
      vertex -10.0971 -1.29636 37
      vertex -9.71072 -1.26741 37
    endloop
  endfacet
  facet normal -0 0 1
    outer loop
      vertex -10.4749 1.21014 37
      vertex -10.0971 -1.29636 37
      vertex -10.0971 1.29636 37
    endloop
  endfacet
  facet normal 0 0 1
    outer loop
      vertex -10.4749 1.21014 37
      vertex -10.4749 -1.21014 37
      vertex -10.0971 -1.29636 37
    endloop
  endfacet
  facet normal -0 0 1
    outer loop
      vertex -10.8105 1.01638 37
      vertex -10.4749 -1.21014 37
      vertex -10.4749 1.21014 37
    endloop
  endfacet
  facet normal 0 0 1
    outer loop
      vertex -10.8105 1.01638 37
      vertex -10.8105 -1.01638 37
      vertex -10.4749 -1.21014 37
    endloop
  endfacet
  facet normal -0 0 1
    outer loop
      vertex -11.0741 0.732316 37
      vertex -10.8105 -1.01638 37
      vertex -10.8105 1.01638 37
    endloop
  endfacet
  facet normal 0 0 1
    outer loop
      vertex -11.0741 0.732316 37
      vertex -11.0741 -0.732316 37
      vertex -10.8105 -1.01638 37
    endloop
  endfacet
  facet normal -0 0 1
    outer loop
      vertex -11.2422 0.383182 37
      vertex -11.0741 -0.732316 37
      vertex -11.0741 0.732316 37
    endloop
  endfacet
  facet normal 0 0 1
    outer loop
      vertex -11.2422 0.383182 37
      vertex -11.2422 -0.383182 37
      vertex -11.0741 -0.732316 37
    endloop
  endfacet
  facet normal 0 -0 1
    outer loop
      vertex -11.2422 -0.383182 37
      vertex -11.2422 0.383182 37
      vertex -11.3 0 37
    endloop
  endfacet
  facet normal -0.365359 -0.930867 0
    outer loop
      vertex -9.71072 1.26741 37
      vertex -9.35 1.12583 41
      vertex -9.71072 1.26741 41
    endloop
  endfacet
  facet normal -0.365359 -0.930867 -0
    outer loop
      vertex -9.35 1.12583 41
      vertex -9.71072 1.26741 37
      vertex -9.35 1.12583 37
    endloop
  endfacet
  facet normal -0.955573 -0.294753 0
    outer loop
      vertex -8.71452 0.193754 37
      vertex -8.82874 0.564049 41
      vertex -8.82874 0.564049 37
    endloop
  endfacet
  facet normal -0.955573 -0.294753 0
    outer loop
      vertex -8.82874 0.564049 41
      vertex -8.71452 0.193754 37
      vertex -8.71452 0.193754 41
    endloop
  endfacet
  facet normal 0.733017 0.68021 0
    outer loop
      vertex -10.8105 -1.01638 41
      vertex -11.0741 -0.732316 37
      vertex -11.0741 -0.732316 41
    endloop
  endfacet
  facet normal 0.733017 0.68021 0
    outer loop
      vertex -11.0741 -0.732316 37
      vertex -10.8105 -1.01638 41
      vertex -10.8105 -1.01638 37
    endloop
  endfacet
  facet normal -0.0747168 0.997205 0
    outer loop
      vertex -9.71072 -1.26741 37
      vertex -10.0971 -1.29636 41
      vertex -9.71072 -1.26741 41
    endloop
  endfacet
  facet normal -0.0747168 0.997205 0
    outer loop
      vertex -10.0971 -1.29636 41
      vertex -9.71072 -1.26741 37
      vertex -10.0971 -1.29636 37
    endloop
  endfacet
  facet normal -1 0 0
    outer loop
      vertex -8.71452 -0.193754 37
      vertex -8.71452 0.193754 41
      vertex -8.71452 0.193754 37
    endloop
  endfacet
  facet normal -1 -0 0
    outer loop
      vertex -8.71452 0.193754 41
      vertex -8.71452 -0.193754 37
      vertex -8.71452 -0.193754 41
    endloop
  endfacet
  facet normal -0.623483 0.781837 0
    outer loop
      vertex -9.04703 -0.884224 37
      vertex -9.35 -1.12583 41
      vertex -9.04703 -0.884224 41
    endloop
  endfacet
  facet normal -0.623483 0.781837 0
    outer loop
      vertex -9.35 -1.12583 41
      vertex -9.04703 -0.884224 37
      vertex -9.35 -1.12583 37
    endloop
  endfacet
  facet normal 0.988814 -0.149155 0
    outer loop
      vertex -11.3 0 41
      vertex -11.2422 0.383182 37
      vertex -11.2422 0.383182 41
    endloop
  endfacet
  facet normal 0.988814 -0.149155 0
    outer loop
      vertex -11.2422 0.383182 37
      vertex -11.3 0 41
      vertex -11.3 0 37
    endloop
  endfacet
  facet normal 0.733017 -0.68021 0
    outer loop
      vertex -11.0741 0.732316 41
      vertex -10.8105 1.01638 37
      vertex -10.8105 1.01638 41
    endloop
  endfacet
  facet normal 0.733017 -0.68021 0
    outer loop
      vertex -10.8105 1.01638 37
      vertex -11.0741 0.732316 41
      vertex -11.0741 0.732316 37
    endloop
  endfacet
  facet normal 0.222495 -0.974934 0
    outer loop
      vertex -10.4749 1.21014 37
      vertex -10.0971 1.29636 41
      vertex -10.4749 1.21014 41
    endloop
  endfacet
  facet normal 0.222495 -0.974934 0
    outer loop
      vertex -10.0971 1.29636 41
      vertex -10.4749 1.21014 37
      vertex -10.0971 1.29636 37
    endloop
  endfacet
  facet normal 0.901003 -0.433812 0
    outer loop
      vertex -11.2422 0.383182 41
      vertex -11.0741 0.732316 37
      vertex -11.0741 0.732316 41
    endloop
  endfacet
  facet normal 0.901003 -0.433812 0
    outer loop
      vertex -11.0741 0.732316 37
      vertex -11.2422 0.383182 41
      vertex -11.2422 0.383182 37
    endloop
  endfacet
  facet normal -0.826241 -0.563317 0
    outer loop
      vertex -8.82874 0.564049 37
      vertex -9.04703 0.884224 41
      vertex -9.04703 0.884224 37
    endloop
  endfacet
  facet normal -0.826241 -0.563317 0
    outer loop
      vertex -9.04703 0.884224 41
      vertex -8.82874 0.564049 37
      vertex -8.82874 0.564049 41
    endloop
  endfacet
  facet normal 0.500002 0.866024 -0
    outer loop
      vertex -10.4749 -1.21014 37
      vertex -10.8105 -1.01638 41
      vertex -10.4749 -1.21014 41
    endloop
  endfacet
  facet normal 0.500002 0.866024 0
    outer loop
      vertex -10.8105 -1.01638 41
      vertex -10.4749 -1.21014 37
      vertex -10.8105 -1.01638 37
    endloop
  endfacet
  facet normal -0.826241 0.563317 0
    outer loop
      vertex -9.04703 -0.884224 37
      vertex -8.82874 -0.564049 41
      vertex -8.82874 -0.564049 37
    endloop
  endfacet
  facet normal -0.826241 0.563317 0
    outer loop
      vertex -8.82874 -0.564049 41
      vertex -9.04703 -0.884224 37
      vertex -9.04703 -0.884224 41
    endloop
  endfacet
  facet normal 0.500002 -0.866024 0
    outer loop
      vertex -10.8105 1.01638 37
      vertex -10.4749 1.21014 41
      vertex -10.8105 1.01638 41
    endloop
  endfacet
  facet normal 0.500002 -0.866024 0
    outer loop
      vertex -10.4749 1.21014 41
      vertex -10.8105 1.01638 37
      vertex -10.4749 1.21014 37
    endloop
  endfacet
  facet normal -0.149155 0.988814 0
    outer loop
      vertex 0.383182 -11.2422 37
      vertex 0 -11.3 41
      vertex 0.383182 -11.2422 41
    endloop
  endfacet
  facet normal -0.149155 0.988814 0
    outer loop
      vertex 0 -11.3 41
      vertex 0.383182 -11.2422 37
      vertex 0 -11.3 37
    endloop
  endfacet
  facet normal 0 -1 0
    outer loop
      vertex -0.193754 -8.71452 37
      vertex 0.193754 -8.71452 41
      vertex -0.193754 -8.71452 41
    endloop
  endfacet
  facet normal 0 -1 -0
    outer loop
      vertex 0.193754 -8.71452 41
      vertex -0.193754 -8.71452 37
      vertex 0.193754 -8.71452 37
    endloop
  endfacet
  facet normal -0.997205 -0.0747168 0
    outer loop
      vertex 1.29636 -10.0971 37
      vertex 1.26741 -9.71072 41
      vertex 1.26741 -9.71072 37
    endloop
  endfacet
  facet normal -0.997205 -0.0747168 0
    outer loop
      vertex 1.26741 -9.71072 41
      vertex 1.29636 -10.0971 37
      vertex 1.29636 -10.0971 41
    endloop
  endfacet
  facet normal 0.997205 -0.0747168 0
    outer loop
      vertex -1.29636 -10.0971 41
      vertex -1.26741 -9.71072 37
      vertex -1.26741 -9.71072 41
    endloop
  endfacet
  facet normal 0.997205 -0.0747168 0
    outer loop
      vertex -1.26741 -9.71072 37
      vertex -1.29636 -10.0971 41
      vertex -1.29636 -10.0971 37
    endloop
  endfacet
  facet normal 0.781837 -0.623483 0
    outer loop
      vertex -1.12583 -9.35 41
      vertex -0.884224 -9.04703 37
      vertex -0.884224 -9.04703 41
    endloop
  endfacet
  facet normal 0.781837 -0.623483 0
    outer loop
      vertex -0.884224 -9.04703 37
      vertex -1.12583 -9.35 41
      vertex -1.12583 -9.35 37
    endloop
  endfacet
  facet normal -0.433812 0.901003 0
    outer loop
      vertex 0.732316 -11.0741 37
      vertex 0.383182 -11.2422 41
      vertex 0.732316 -11.0741 41
    endloop
  endfacet
  facet normal -0.433812 0.901003 0
    outer loop
      vertex 0.383182 -11.2422 41
      vertex 0.732316 -11.0741 37
      vertex 0.383182 -11.2422 37
    endloop
  endfacet
  facet normal -0.974934 0.222495 0
    outer loop
      vertex 1.21014 -10.4749 37
      vertex 1.29636 -10.0971 41
      vertex 1.29636 -10.0971 37
    endloop
  endfacet
  facet normal -0.974934 0.222495 0
    outer loop
      vertex 1.29636 -10.0971 41
      vertex 1.21014 -10.4749 37
      vertex 1.21014 -10.4749 41
    endloop
  endfacet
  facet normal -0.563317 -0.826241 0
    outer loop
      vertex 0.564049 -8.82874 37
      vertex 0.884224 -9.04703 41
      vertex 0.564049 -8.82874 41
    endloop
  endfacet
  facet normal -0.563317 -0.826241 -0
    outer loop
      vertex 0.884224 -9.04703 41
      vertex 0.564049 -8.82874 37
      vertex 0.884224 -9.04703 37
    endloop
  endfacet
  facet normal -0.294753 -0.955573 0
    outer loop
      vertex 0.193754 -8.71452 37
      vertex 0.564049 -8.82874 41
      vertex 0.193754 -8.71452 41
    endloop
  endfacet
  facet normal -0.294753 -0.955573 -0
    outer loop
      vertex 0.564049 -8.82874 41
      vertex 0.193754 -8.71452 37
      vertex 0.564049 -8.82874 37
    endloop
  endfacet
  facet normal -0.930867 -0.365359 0
    outer loop
      vertex 1.26741 -9.71072 37
      vertex 1.12583 -9.35 41
      vertex 1.12583 -9.35 37
    endloop
  endfacet
  facet normal -0.930867 -0.365359 0
    outer loop
      vertex 1.12583 -9.35 41
      vertex 1.26741 -9.71072 37
      vertex 1.26741 -9.71072 41
    endloop
  endfacet
  facet normal 0 0 1
    outer loop
      vertex 1.26741 -9.71072 37
      vertex 1.21014 -10.4749 37
      vertex 1.29636 -10.0971 37
    endloop
  endfacet
  facet normal 0 0 1
    outer loop
      vertex 1.12583 -9.35 37
      vertex 1.21014 -10.4749 37
      vertex 1.26741 -9.71072 37
    endloop
  endfacet
  facet normal 0 0 1
    outer loop
      vertex 1.12583 -9.35 37
      vertex 1.01638 -10.8105 37
      vertex 1.21014 -10.4749 37
    endloop
  endfacet
  facet normal 0 0 1
    outer loop
      vertex 0.884224 -9.04703 37
      vertex 1.01638 -10.8105 37
      vertex 1.12583 -9.35 37
    endloop
  endfacet
  facet normal 0 0 1
    outer loop
      vertex 0.884224 -9.04703 37
      vertex 0.732316 -11.0741 37
      vertex 1.01638 -10.8105 37
    endloop
  endfacet
  facet normal 0 0 1
    outer loop
      vertex 0.564049 -8.82874 37
      vertex 0.732316 -11.0741 37
      vertex 0.884224 -9.04703 37
    endloop
  endfacet
  facet normal 0 0 1
    outer loop
      vertex 0.564049 -8.82874 37
      vertex 0.383182 -11.2422 37
      vertex 0.732316 -11.0741 37
    endloop
  endfacet
  facet normal 0 0 1
    outer loop
      vertex 0.193754 -8.71452 37
      vertex 0.383182 -11.2422 37
      vertex 0.564049 -8.82874 37
    endloop
  endfacet
  facet normal 0 0 1
    outer loop
      vertex 0.193754 -8.71452 37
      vertex 0 -11.3 37
      vertex 0.383182 -11.2422 37
    endloop
  endfacet
  facet normal -0 0 1
    outer loop
      vertex -0.193754 -8.71452 37
      vertex 0 -11.3 37
      vertex 0.193754 -8.71452 37
    endloop
  endfacet
  facet normal 0 0 1
    outer loop
      vertex -0.193754 -8.71452 37
      vertex -0.383182 -11.2422 37
      vertex 0 -11.3 37
    endloop
  endfacet
  facet normal -0 0 1
    outer loop
      vertex -0.564049 -8.82874 37
      vertex -0.383182 -11.2422 37
      vertex -0.193754 -8.71452 37
    endloop
  endfacet
  facet normal 0 0 1
    outer loop
      vertex -0.564049 -8.82874 37
      vertex -0.732316 -11.0741 37
      vertex -0.383182 -11.2422 37
    endloop
  endfacet
  facet normal -0 0 1
    outer loop
      vertex -0.884224 -9.04703 37
      vertex -0.732316 -11.0741 37
      vertex -0.564049 -8.82874 37
    endloop
  endfacet
  facet normal 0 0 1
    outer loop
      vertex -0.884224 -9.04703 37
      vertex -1.01638 -10.8105 37
      vertex -0.732316 -11.0741 37
    endloop
  endfacet
  facet normal -0 0 1
    outer loop
      vertex -1.12583 -9.35 37
      vertex -1.01638 -10.8105 37
      vertex -0.884224 -9.04703 37
    endloop
  endfacet
  facet normal 0 0 1
    outer loop
      vertex -1.12583 -9.35 37
      vertex -1.21014 -10.4749 37
      vertex -1.01638 -10.8105 37
    endloop
  endfacet
  facet normal -0 0 1
    outer loop
      vertex -1.26741 -9.71072 37
      vertex -1.21014 -10.4749 37
      vertex -1.12583 -9.35 37
    endloop
  endfacet
  facet normal 0 0 1
    outer loop
      vertex -1.21014 -10.4749 37
      vertex -1.26741 -9.71072 37
      vertex -1.29636 -10.0971 37
    endloop
  endfacet
  facet normal 0.930867 -0.365359 0
    outer loop
      vertex -1.26741 -9.71072 41
      vertex -1.12583 -9.35 37
      vertex -1.12583 -9.35 41
    endloop
  endfacet
  facet normal 0.930867 -0.365359 0
    outer loop
      vertex -1.12583 -9.35 37
      vertex -1.26741 -9.71072 41
      vertex -1.26741 -9.71072 37
    endloop
  endfacet
  facet normal 0.294753 -0.955573 0
    outer loop
      vertex -0.564049 -8.82874 37
      vertex -0.193754 -8.71452 41
      vertex -0.564049 -8.82874 41
    endloop
  endfacet
  facet normal 0.294753 -0.955573 0
    outer loop
      vertex -0.193754 -8.71452 41
      vertex -0.564049 -8.82874 37
      vertex -0.193754 -8.71452 37
    endloop
  endfacet
  facet normal -0.68021 0.733017 0
    outer loop
      vertex 1.01638 -10.8105 37
      vertex 0.732316 -11.0741 41
      vertex 1.01638 -10.8105 41
    endloop
  endfacet
  facet normal -0.68021 0.733017 0
    outer loop
      vertex 0.732316 -11.0741 41
      vertex 1.01638 -10.8105 37
      vertex 0.732316 -11.0741 37
    endloop
  endfacet
  facet normal -0.781837 -0.623483 0
    outer loop
      vertex 1.12583 -9.35 37
      vertex 0.884224 -9.04703 41
      vertex 0.884224 -9.04703 37
    endloop
  endfacet
  facet normal -0.781837 -0.623483 0
    outer loop
      vertex 0.884224 -9.04703 41
      vertex 1.12583 -9.35 37
      vertex 1.12583 -9.35 41
    endloop
  endfacet
  facet normal 0.149155 0.988814 -0
    outer loop
      vertex 0 -11.3 37
      vertex -0.383182 -11.2422 41
      vertex 0 -11.3 41
    endloop
  endfacet
  facet normal 0.149155 0.988814 0
    outer loop
      vertex -0.383182 -11.2422 41
      vertex 0 -11.3 37
      vertex -0.383182 -11.2422 37
    endloop
  endfacet
  facet normal 0.974934 0.222495 0
    outer loop
      vertex -1.21014 -10.4749 41
      vertex -1.29636 -10.0971 37
      vertex -1.29636 -10.0971 41
    endloop
  endfacet
  facet normal 0.974934 0.222495 0
    outer loop
      vertex -1.29636 -10.0971 37
      vertex -1.21014 -10.4749 41
      vertex -1.21014 -10.4749 37
    endloop
  endfacet
  facet normal 0.433812 0.901003 -0
    outer loop
      vertex -0.383182 -11.2422 37
      vertex -0.732316 -11.0741 41
      vertex -0.383182 -11.2422 41
    endloop
  endfacet
  facet normal 0.433812 0.901003 0
    outer loop
      vertex -0.732316 -11.0741 41
      vertex -0.383182 -11.2422 37
      vertex -0.732316 -11.0741 37
    endloop
  endfacet
  facet normal 0.563317 -0.826241 0
    outer loop
      vertex -0.884224 -9.04703 37
      vertex -0.564049 -8.82874 41
      vertex -0.884224 -9.04703 41
    endloop
  endfacet
  facet normal 0.563317 -0.826241 0
    outer loop
      vertex -0.564049 -8.82874 41
      vertex -0.884224 -9.04703 37
      vertex -0.564049 -8.82874 37
    endloop
  endfacet
  facet normal -0.866024 0.500002 0
    outer loop
      vertex 1.01638 -10.8105 37
      vertex 1.21014 -10.4749 41
      vertex 1.21014 -10.4749 37
    endloop
  endfacet
  facet normal -0.866024 0.500002 0
    outer loop
      vertex 1.21014 -10.4749 41
      vertex 1.01638 -10.8105 37
      vertex 1.01638 -10.8105 41
    endloop
  endfacet
  facet normal 0.866024 0.500002 0
    outer loop
      vertex -1.01638 -10.8105 41
      vertex -1.21014 -10.4749 37
      vertex -1.21014 -10.4749 41
    endloop
  endfacet
  facet normal 0.866024 0.500002 0
    outer loop
      vertex -1.21014 -10.4749 37
      vertex -1.01638 -10.8105 41
      vertex -1.01638 -10.8105 37
    endloop
  endfacet
  facet normal 0.68021 0.733017 -0
    outer loop
      vertex -0.732316 -11.0741 37
      vertex -1.01638 -10.8105 41
      vertex -0.732316 -11.0741 41
    endloop
  endfacet
  facet normal 0.68021 0.733017 0
    outer loop
      vertex -1.01638 -10.8105 41
      vertex -0.732316 -11.0741 37
      vertex -1.01638 -10.8105 37
    endloop
  endfacet
  facet normal -0.620242 -0.78441 0
    outer loop
      vertex 9.02419 9.57863 37
      vertex 9.33381 9.33381 41
      vertex 9.02419 9.57863 41
    endloop
  endfacet
  facet normal -0.620242 -0.78441 -0
    outer loop
      vertex 9.33381 9.33381 41
      vertex 9.02419 9.57863 37
      vertex 9.33381 9.33381 37
    endloop
  endfacet
  facet normal 0.664793 -0.747028 0
    outer loop
      vertex 6.86178 9.26188 37
      vertex 7.15665 9.52429 41
      vertex 6.86178 9.26188 41
    endloop
  endfacet
  facet normal 0.664793 -0.747028 0
    outer loop
      vertex 7.15665 9.52429 41
      vertex 6.86178 9.26188 37
      vertex 7.15665 9.52429 37
    endloop
  endfacet
  facet normal -0.747028 0.664793 0
    outer loop
      vertex 9.26188 6.86178 37
      vertex 9.52429 7.15665 41
      vertex 9.52429 7.15665 37
    endloop
  endfacet
  facet normal -0.747028 0.664793 0
    outer loop
      vertex 9.52429 7.15665 41
      vertex 9.26188 6.86178 37
      vertex 9.26188 6.86178 41
    endloop
  endfacet
  facet normal -0.880204 0.474595 0
    outer loop
      vertex 9.52429 7.15665 37
      vertex 9.71162 7.50408 41
      vertex 9.71162 7.50408 37
    endloop
  endfacet
  facet normal -0.880204 0.474595 0
    outer loop
      vertex 9.71162 7.50408 41
      vertex 9.52429 7.15665 37
      vertex 9.52429 7.15665 41
    endloop
  endfacet
  facet normal 0.0290841 -0.999577 0
    outer loop
      vertex 7.88534 9.81378 37
      vertex 8.27989 9.82526 41
      vertex 7.88534 9.81378 41
    endloop
  endfacet
  facet normal 0.0290841 -0.999577 0
    outer loop
      vertex 8.27989 9.82526 41
      vertex 7.88534 9.81378 37
      vertex 8.27989 9.82526 37
    endloop
  endfacet
  facet normal 0.258823 -0.965925 0
    outer loop
      vertex 7.50408 9.71162 37
      vertex 7.88534 9.81378 41
      vertex 7.50408 9.71162 41
    endloop
  endfacet
  facet normal 0.258823 -0.965925 0
    outer loop
      vertex 7.88534 9.81378 41
      vertex 7.50408 9.71162 37
      vertex 7.88534 9.81378 37
    endloop
  endfacet
  facet normal 0.989444 -0.144914 0
    outer loop
      vertex 6.43245 8.18117 41
      vertex 6.48965 8.57172 37
      vertex 6.48965 8.57172 41
    endloop
  endfacet
  facet normal 0.989444 -0.144914 0
    outer loop
      vertex 6.48965 8.57172 37
      vertex 6.43245 8.18117 41
      vertex 6.43245 8.18117 37
    endloop
  endfacet
  facet normal 0 0 1
    outer loop
      vertex 9.74544 8.66645 37
      vertex 9.81378 7.88534 37
      vertex 9.82526 8.27989 37
    endloop
  endfacet
  facet normal 0 0 1
    outer loop
      vertex 9.74544 8.66645 37
      vertex 9.71162 7.50408 37
      vertex 9.81378 7.88534 37
    endloop
  endfacet
  facet normal 0 0 1
    outer loop
      vertex 9.57863 9.02419 37
      vertex 9.71162 7.50408 37
      vertex 9.74544 8.66645 37
    endloop
  endfacet
  facet normal 0 0 1
    outer loop
      vertex 9.57863 9.02419 37
      vertex 9.52429 7.15665 37
      vertex 9.71162 7.50408 37
    endloop
  endfacet
  facet normal 0 0 1
    outer loop
      vertex 9.33381 9.33381 37
      vertex 9.52429 7.15665 37
      vertex 9.57863 9.02419 37
    endloop
  endfacet
  facet normal 0 0 1
    outer loop
      vertex 9.33381 9.33381 37
      vertex 9.26188 6.86178 37
      vertex 9.52429 7.15665 37
    endloop
  endfacet
  facet normal 0 0 1
    outer loop
      vertex 9.02419 9.57863 37
      vertex 9.26188 6.86178 37
      vertex 9.33381 9.33381 37
    endloop
  endfacet
  facet normal 0 0 1
    outer loop
      vertex 9.02419 9.57863 37
      vertex 8.93855 6.63539 37
      vertex 9.26188 6.86178 37
    endloop
  endfacet
  facet normal 0 0 1
    outer loop
      vertex 8.66645 9.74544 37
      vertex 8.93855 6.63539 37
      vertex 9.02419 9.57863 37
    endloop
  endfacet
  facet normal 0 0 1
    outer loop
      vertex 8.66645 9.74544 37
      vertex 8.57172 6.48965 37
      vertex 8.93855 6.63539 37
    endloop
  endfacet
  facet normal 0 0 1
    outer loop
      vertex 8.27989 9.82526 37
      vertex 8.57172 6.48965 37
      vertex 8.66645 9.74544 37
    endloop
  endfacet
  facet normal 0 0 1
    outer loop
      vertex 8.27989 9.82526 37
      vertex 8.18117 6.43245 37
      vertex 8.57172 6.48965 37
    endloop
  endfacet
  facet normal -0 0 1
    outer loop
      vertex 7.88534 9.81378 37
      vertex 8.18117 6.43245 37
      vertex 8.27989 9.82526 37
    endloop
  endfacet
  facet normal 0 0 1
    outer loop
      vertex 7.88534 9.81378 37
      vertex 7.78796 6.46685 37
      vertex 8.18117 6.43245 37
    endloop
  endfacet
  facet normal -0 0 1
    outer loop
      vertex 7.50408 9.71162 37
      vertex 7.78796 6.46685 37
      vertex 7.88534 9.81378 37
    endloop
  endfacet
  facet normal 0 0 1
    outer loop
      vertex 7.50408 9.71162 37
      vertex 7.41328 6.591 37
      vertex 7.78796 6.46685 37
    endloop
  endfacet
  facet normal -0 0 1
    outer loop
      vertex 7.15665 9.52429 37
      vertex 7.41328 6.591 37
      vertex 7.50408 9.71162 37
    endloop
  endfacet
  facet normal 0 0 1
    outer loop
      vertex 7.15665 9.52429 37
      vertex 7.07733 6.79822 37
      vertex 7.41328 6.591 37
    endloop
  endfacet
  facet normal -0 0 1
    outer loop
      vertex 6.86178 9.26188 37
      vertex 7.07733 6.79822 37
      vertex 7.15665 9.52429 37
    endloop
  endfacet
  facet normal 0 0 1
    outer loop
      vertex 6.86178 9.26188 37
      vertex 6.79822 7.07733 37
      vertex 7.07733 6.79822 37
    endloop
  endfacet
  facet normal -0 0 1
    outer loop
      vertex 6.63539 8.93855 37
      vertex 6.79822 7.07733 37
      vertex 6.86178 9.26188 37
    endloop
  endfacet
  facet normal 0 0 1
    outer loop
      vertex 6.63539 8.93855 37
      vertex 6.591 7.41328 37
      vertex 6.79822 7.07733 37
    endloop
  endfacet
  facet normal -0 0 1
    outer loop
      vertex 6.48965 8.57172 37
      vertex 6.591 7.41328 37
      vertex 6.63539 8.93855 37
    endloop
  endfacet
  facet normal 0 0 1
    outer loop
      vertex 6.48965 8.57172 37
      vertex 6.46685 7.78796 37
      vertex 6.591 7.41328 37
    endloop
  endfacet
  facet normal 0 -0 1
    outer loop
      vertex 6.46685 7.78796 37
      vertex 6.48965 8.57172 37
      vertex 6.43245 8.18117 37
    endloop
  endfacet
  facet normal 0.929341 -0.369223 0
    outer loop
      vertex 6.48965 8.57172 41
      vertex 6.63539 8.93855 37
      vertex 6.63539 8.93855 41
    endloop
  endfacet
  facet normal 0.929341 -0.369223 0
    outer loop
      vertex 6.63539 8.93855 37
      vertex 6.48965 8.57172 41
      vertex 6.48965 8.57172 37
    endloop
  endfacet
  facet normal -0.906314 -0.422604 0
    outer loop
      vertex 9.74544 8.66645 37
      vertex 9.57863 9.02419 41
      vertex 9.57863 9.02419 37
    endloop
  endfacet
  facet normal -0.906314 -0.422604 0
    outer loop
      vertex 9.57863 9.02419 41
      vertex 9.74544 8.66645 37
      vertex 9.74544 8.66645 41
    endloop
  endfacet
  facet normal -0.202222 -0.97934 0
    outer loop
      vertex 8.27989 9.82526 37
      vertex 8.66645 9.74544 41
      vertex 8.27989 9.82526 41
    endloop
  endfacet
  facet normal -0.202222 -0.97934 -0
    outer loop
      vertex 8.66645 9.74544 41
      vertex 8.27989 9.82526 37
      vertex 8.66645 9.74544 37
    endloop
  endfacet
  facet normal -0.422604 -0.906314 0
    outer loop
      vertex 8.66645 9.74544 37
      vertex 9.02419 9.57863 41
      vertex 8.66645 9.74544 41
    endloop
  endfacet
  facet normal -0.422604 -0.906314 -0
    outer loop
      vertex 9.02419 9.57863 41
      vertex 8.66645 9.74544 37
      vertex 9.02419 9.57863 37
    endloop
  endfacet
  facet normal 0.474595 -0.880204 0
    outer loop
      vertex 7.15665 9.52429 37
      vertex 7.50408 9.71162 41
      vertex 7.15665 9.52429 41
    endloop
  endfacet
  facet normal 0.474595 -0.880204 0
    outer loop
      vertex 7.50408 9.71162 41
      vertex 7.15665 9.52429 37
      vertex 7.50408 9.71162 37
    endloop
  endfacet
  facet normal 0.996195 0.0871522 0
    outer loop
      vertex 6.46685 7.78796 41
      vertex 6.43245 8.18117 37
      vertex 6.43245 8.18117 41
    endloop
  endfacet
  facet normal 0.996195 0.0871522 0
    outer loop
      vertex 6.43245 8.18117 37
      vertex 6.46685 7.78796 41
      vertex 6.46685 7.78796 37
    endloop
  endfacet
  facet normal 0.851113 0.524982 0
    outer loop
      vertex 6.79822 7.07733 41
      vertex 6.591 7.41328 37
      vertex 6.591 7.41328 41
    endloop
  endfacet
  facet normal 0.851113 0.524982 0
    outer loop
      vertex 6.591 7.41328 37
      vertex 6.79822 7.07733 41
      vertex 6.79822 7.07733 37
    endloop
  endfacet
  facet normal 0.819162 -0.573563 0
    outer loop
      vertex 6.63539 8.93855 41
      vertex 6.86178 9.26188 37
      vertex 6.86178 9.26188 41
    endloop
  endfacet
  facet normal 0.819162 -0.573563 0
    outer loop
      vertex 6.86178 9.26188 37
      vertex 6.63539 8.93855 41
      vertex 6.63539 8.93855 37
    endloop
  endfacet
  facet normal -0.78441 -0.620242 0
    outer loop
      vertex 9.57863 9.02419 37
      vertex 9.33381 9.33381 41
      vertex 9.33381 9.33381 37
    endloop
  endfacet
  facet normal -0.78441 -0.620242 0
    outer loop
      vertex 9.33381 9.33381 41
      vertex 9.57863 9.02419 37
      vertex 9.57863 9.02419 41
    endloop
  endfacet
  facet normal 0.949247 0.314532 0
    outer loop
      vertex 6.591 7.41328 41
      vertex 6.46685 7.78796 37
      vertex 6.46685 7.78796 41
    endloop
  endfacet
  facet normal 0.949247 0.314532 0
    outer loop
      vertex 6.46685 7.78796 37
      vertex 6.591 7.41328 41
      vertex 6.591 7.41328 37
    endloop
  endfacet
  facet normal 0.707107 0.707107 0
    outer loop
      vertex 7.07733 6.79822 41
      vertex 6.79822 7.07733 37
      vertex 6.79822 7.07733 41
    endloop
  endfacet
  facet normal 0.707107 0.707107 0
    outer loop
      vertex 6.79822 7.07733 37
      vertex 7.07733 6.79822 41
      vertex 7.07733 6.79822 37
    endloop
  endfacet
  facet normal -0.999577 0.0290841 0
    outer loop
      vertex 9.81378 7.88534 37
      vertex 9.82526 8.27989 41
      vertex 9.82526 8.27989 37
    endloop
  endfacet
  facet normal -0.999577 0.0290841 0
    outer loop
      vertex 9.82526 8.27989 41
      vertex 9.81378 7.88534 37
      vertex 9.81378 7.88534 41
    endloop
  endfacet
  facet normal -0.97934 -0.202222 0
    outer loop
      vertex 9.82526 8.27989 37
      vertex 9.74544 8.66645 41
      vertex 9.74544 8.66645 37
    endloop
  endfacet
  facet normal -0.97934 -0.202222 0
    outer loop
      vertex 9.74544 8.66645 41
      vertex 9.82526 8.27989 37
      vertex 9.82526 8.27989 41
    endloop
  endfacet
  facet normal -0.144914 0.989444 0
    outer loop
      vertex 8.57172 6.48965 37
      vertex 8.18117 6.43245 41
      vertex 8.57172 6.48965 41
    endloop
  endfacet
  facet normal -0.144914 0.989444 0
    outer loop
      vertex 8.18117 6.43245 41
      vertex 8.57172 6.48965 37
      vertex 8.18117 6.43245 37
    endloop
  endfacet
  facet normal 0.0871522 0.996195 -0
    outer loop
      vertex 8.18117 6.43245 37
      vertex 7.78796 6.46685 41
      vertex 8.18117 6.43245 41
    endloop
  endfacet
  facet normal 0.0871522 0.996195 0
    outer loop
      vertex 7.78796 6.46685 41
      vertex 8.18117 6.43245 37
      vertex 7.78796 6.46685 37
    endloop
  endfacet
  facet normal 0.524982 0.851113 -0
    outer loop
      vertex 7.41328 6.591 37
      vertex 7.07733 6.79822 41
      vertex 7.41328 6.591 41
    endloop
  endfacet
  facet normal 0.524982 0.851113 0
    outer loop
      vertex 7.07733 6.79822 41
      vertex 7.41328 6.591 37
      vertex 7.07733 6.79822 37
    endloop
  endfacet
  facet normal -0.965925 0.258823 0
    outer loop
      vertex 9.71162 7.50408 37
      vertex 9.81378 7.88534 41
      vertex 9.81378 7.88534 37
    endloop
  endfacet
  facet normal -0.965925 0.258823 0
    outer loop
      vertex 9.81378 7.88534 41
      vertex 9.71162 7.50408 37
      vertex 9.71162 7.50408 41
    endloop
  endfacet
  facet normal 0.314532 0.949247 -0
    outer loop
      vertex 7.78796 6.46685 37
      vertex 7.41328 6.591 41
      vertex 7.78796 6.46685 41
    endloop
  endfacet
  facet normal 0.314532 0.949247 0
    outer loop
      vertex 7.41328 6.591 41
      vertex 7.78796 6.46685 37
      vertex 7.41328 6.591 37
    endloop
  endfacet
  facet normal -0.369223 0.929341 0
    outer loop
      vertex 8.93855 6.63539 37
      vertex 8.57172 6.48965 41
      vertex 8.93855 6.63539 41
    endloop
  endfacet
  facet normal -0.369223 0.929341 0
    outer loop
      vertex 8.57172 6.48965 41
      vertex 8.93855 6.63539 37
      vertex 8.57172 6.48965 37
    endloop
  endfacet
  facet normal -0.573563 0.819162 0
    outer loop
      vertex 9.26188 6.86178 37
      vertex 8.93855 6.63539 41
      vertex 9.26188 6.86178 41
    endloop
  endfacet
  facet normal -0.573563 0.819162 0
    outer loop
      vertex 8.93855 6.63539 41
      vertex 9.26188 6.86178 37
      vertex 8.93855 6.63539 37
    endloop
  endfacet
  facet normal 0.78441 -0.620242 0
    outer loop
      vertex -9.57863 9.02419 41
      vertex -9.33381 9.33381 37
      vertex -9.33381 9.33381 41
    endloop
  endfacet
  facet normal 0.78441 -0.620242 0
    outer loop
      vertex -9.33381 9.33381 37
      vertex -9.57863 9.02419 41
      vertex -9.57863 9.02419 37
    endloop
  endfacet
  facet normal 0 0 1
    outer loop
      vertex -6.48965 8.57172 37
      vertex -6.46685 7.78796 37
      vertex -6.43245 8.18117 37
    endloop
  endfacet
  facet normal 0 0 1
    outer loop
      vertex -6.48965 8.57172 37
      vertex -6.591 7.41328 37
      vertex -6.46685 7.78796 37
    endloop
  endfacet
  facet normal 0 0 1
    outer loop
      vertex -6.63539 8.93855 37
      vertex -6.591 7.41328 37
      vertex -6.48965 8.57172 37
    endloop
  endfacet
  facet normal 0 0 1
    outer loop
      vertex -6.63539 8.93855 37
      vertex -6.79822 7.07733 37
      vertex -6.591 7.41328 37
    endloop
  endfacet
  facet normal 0 0 1
    outer loop
      vertex -6.86178 9.26188 37
      vertex -6.79822 7.07733 37
      vertex -6.63539 8.93855 37
    endloop
  endfacet
  facet normal 0 0 1
    outer loop
      vertex -6.86178 9.26188 37
      vertex -7.07733 6.79822 37
      vertex -6.79822 7.07733 37
    endloop
  endfacet
  facet normal 0 0 1
    outer loop
      vertex -7.15665 9.52429 37
      vertex -7.07733 6.79822 37
      vertex -6.86178 9.26188 37
    endloop
  endfacet
  facet normal 0 0 1
    outer loop
      vertex -7.15665 9.52429 37
      vertex -7.41328 6.591 37
      vertex -7.07733 6.79822 37
    endloop
  endfacet
  facet normal 0 0 1
    outer loop
      vertex -7.50408 9.71162 37
      vertex -7.41328 6.591 37
      vertex -7.15665 9.52429 37
    endloop
  endfacet
  facet normal 0 0 1
    outer loop
      vertex -7.50408 9.71162 37
      vertex -7.78796 6.46685 37
      vertex -7.41328 6.591 37
    endloop
  endfacet
  facet normal 0 0 1
    outer loop
      vertex -7.88534 9.81378 37
      vertex -7.78796 6.46685 37
      vertex -7.50408 9.71162 37
    endloop
  endfacet
  facet normal 0 0 1
    outer loop
      vertex -7.88534 9.81378 37
      vertex -8.18117 6.43245 37
      vertex -7.78796 6.46685 37
    endloop
  endfacet
  facet normal 0 0 1
    outer loop
      vertex -8.27989 9.82526 37
      vertex -8.18117 6.43245 37
      vertex -7.88534 9.81378 37
    endloop
  endfacet
  facet normal 0 0 1
    outer loop
      vertex -8.27989 9.82526 37
      vertex -8.57172 6.48965 37
      vertex -8.18117 6.43245 37
    endloop
  endfacet
  facet normal -0 0 1
    outer loop
      vertex -8.66645 9.74544 37
      vertex -8.57172 6.48965 37
      vertex -8.27989 9.82526 37
    endloop
  endfacet
  facet normal 0 0 1
    outer loop
      vertex -8.66645 9.74544 37
      vertex -8.93855 6.63539 37
      vertex -8.57172 6.48965 37
    endloop
  endfacet
  facet normal -0 0 1
    outer loop
      vertex -9.02419 9.57863 37
      vertex -8.93855 6.63539 37
      vertex -8.66645 9.74544 37
    endloop
  endfacet
  facet normal 0 0 1
    outer loop
      vertex -9.02419 9.57863 37
      vertex -9.26188 6.86178 37
      vertex -8.93855 6.63539 37
    endloop
  endfacet
  facet normal -0 0 1
    outer loop
      vertex -9.33381 9.33381 37
      vertex -9.26188 6.86178 37
      vertex -9.02419 9.57863 37
    endloop
  endfacet
  facet normal 0 0 1
    outer loop
      vertex -9.33381 9.33381 37
      vertex -9.52429 7.15665 37
      vertex -9.26188 6.86178 37
    endloop
  endfacet
  facet normal -0 0 1
    outer loop
      vertex -9.57863 9.02419 37
      vertex -9.52429 7.15665 37
      vertex -9.33381 9.33381 37
    endloop
  endfacet
  facet normal 0 0 1
    outer loop
      vertex -9.57863 9.02419 37
      vertex -9.71162 7.50408 37
      vertex -9.52429 7.15665 37
    endloop
  endfacet
  facet normal -0 0 1
    outer loop
      vertex -9.74544 8.66645 37
      vertex -9.71162 7.50408 37
      vertex -9.57863 9.02419 37
    endloop
  endfacet
  facet normal 0 0 1
    outer loop
      vertex -9.74544 8.66645 37
      vertex -9.81378 7.88534 37
      vertex -9.71162 7.50408 37
    endloop
  endfacet
  facet normal 0 -0 1
    outer loop
      vertex -9.81378 7.88534 37
      vertex -9.74544 8.66645 37
      vertex -9.82526 8.27989 37
    endloop
  endfacet
  facet normal -0.664793 -0.747028 0
    outer loop
      vertex -7.15665 9.52429 37
      vertex -6.86178 9.26188 41
      vertex -7.15665 9.52429 41
    endloop
  endfacet
  facet normal -0.664793 -0.747028 -0
    outer loop
      vertex -6.86178 9.26188 41
      vertex -7.15665 9.52429 37
      vertex -6.86178 9.26188 37
    endloop
  endfacet
  facet normal 0.965925 0.258823 0
    outer loop
      vertex -9.71162 7.50408 41
      vertex -9.81378 7.88534 37
      vertex -9.81378 7.88534 41
    endloop
  endfacet
  facet normal 0.965925 0.258823 0
    outer loop
      vertex -9.81378 7.88534 37
      vertex -9.71162 7.50408 41
      vertex -9.71162 7.50408 37
    endloop
  endfacet
  facet normal 0.422604 -0.906314 0
    outer loop
      vertex -9.02419 9.57863 37
      vertex -8.66645 9.74544 41
      vertex -9.02419 9.57863 41
    endloop
  endfacet
  facet normal 0.422604 -0.906314 0
    outer loop
      vertex -8.66645 9.74544 41
      vertex -9.02419 9.57863 37
      vertex -8.66645 9.74544 37
    endloop
  endfacet
  facet normal 0.97934 -0.202222 0
    outer loop
      vertex -9.82526 8.27989 41
      vertex -9.74544 8.66645 37
      vertex -9.74544 8.66645 41
    endloop
  endfacet
  facet normal 0.97934 -0.202222 0
    outer loop
      vertex -9.74544 8.66645 37
      vertex -9.82526 8.27989 41
      vertex -9.82526 8.27989 37
    endloop
  endfacet
  facet normal 0.906314 -0.422604 0
    outer loop
      vertex -9.74544 8.66645 41
      vertex -9.57863 9.02419 37
      vertex -9.57863 9.02419 41
    endloop
  endfacet
  facet normal 0.906314 -0.422604 0
    outer loop
      vertex -9.57863 9.02419 37
      vertex -9.74544 8.66645 41
      vertex -9.74544 8.66645 37
    endloop
  endfacet
  facet normal 0.999577 0.0290841 0
    outer loop
      vertex -9.81378 7.88534 41
      vertex -9.82526 8.27989 37
      vertex -9.82526 8.27989 41
    endloop
  endfacet
  facet normal 0.999577 0.0290841 0
    outer loop
      vertex -9.82526 8.27989 37
      vertex -9.81378 7.88534 41
      vertex -9.81378 7.88534 37
    endloop
  endfacet
  facet normal 0.880204 0.474595 0
    outer loop
      vertex -9.52429 7.15665 41
      vertex -9.71162 7.50408 37
      vertex -9.71162 7.50408 41
    endloop
  endfacet
  facet normal 0.880204 0.474595 0
    outer loop
      vertex -9.71162 7.50408 37
      vertex -9.52429 7.15665 41
      vertex -9.52429 7.15665 37
    endloop
  endfacet
  facet normal -0.0871522 0.996195 0
    outer loop
      vertex -7.78796 6.46685 37
      vertex -8.18117 6.43245 41
      vertex -7.78796 6.46685 41
    endloop
  endfacet
  facet normal -0.0871522 0.996195 0
    outer loop
      vertex -8.18117 6.43245 41
      vertex -7.78796 6.46685 37
      vertex -8.18117 6.43245 37
    endloop
  endfacet
  facet normal -0.524982 0.851113 0
    outer loop
      vertex -7.07733 6.79822 37
      vertex -7.41328 6.591 41
      vertex -7.07733 6.79822 41
    endloop
  endfacet
  facet normal -0.524982 0.851113 0
    outer loop
      vertex -7.41328 6.591 41
      vertex -7.07733 6.79822 37
      vertex -7.41328 6.591 37
    endloop
  endfacet
  facet normal 0.144914 0.989444 -0
    outer loop
      vertex -8.18117 6.43245 37
      vertex -8.57172 6.48965 41
      vertex -8.18117 6.43245 41
    endloop
  endfacet
  facet normal 0.144914 0.989444 0
    outer loop
      vertex -8.57172 6.48965 41
      vertex -8.18117 6.43245 37
      vertex -8.57172 6.48965 37
    endloop
  endfacet
  facet normal 0.573563 0.819162 -0
    outer loop
      vertex -8.93855 6.63539 37
      vertex -9.26188 6.86178 41
      vertex -8.93855 6.63539 41
    endloop
  endfacet
  facet normal 0.573563 0.819162 0
    outer loop
      vertex -9.26188 6.86178 41
      vertex -8.93855 6.63539 37
      vertex -9.26188 6.86178 37
    endloop
  endfacet
  facet normal 0.620242 -0.78441 0
    outer loop
      vertex -9.33381 9.33381 37
      vertex -9.02419 9.57863 41
      vertex -9.33381 9.33381 41
    endloop
  endfacet
  facet normal 0.620242 -0.78441 0
    outer loop
      vertex -9.02419 9.57863 41
      vertex -9.33381 9.33381 37
      vertex -9.02419 9.57863 37
    endloop
  endfacet
  facet normal -0.0290841 -0.999577 0
    outer loop
      vertex -8.27989 9.82526 37
      vertex -7.88534 9.81378 41
      vertex -8.27989 9.82526 41
    endloop
  endfacet
  facet normal -0.0290841 -0.999577 -0
    outer loop
      vertex -7.88534 9.81378 41
      vertex -8.27989 9.82526 37
      vertex -7.88534 9.81378 37
    endloop
  endfacet
  facet normal -0.474595 -0.880204 0
    outer loop
      vertex -7.50408 9.71162 37
      vertex -7.15665 9.52429 41
      vertex -7.50408 9.71162 41
    endloop
  endfacet
  facet normal -0.474595 -0.880204 -0
    outer loop
      vertex -7.15665 9.52429 41
      vertex -7.50408 9.71162 37
      vertex -7.15665 9.52429 37
    endloop
  endfacet
  facet normal 0.747028 0.664793 0
    outer loop
      vertex -9.26188 6.86178 41
      vertex -9.52429 7.15665 37
      vertex -9.52429 7.15665 41
    endloop
  endfacet
  facet normal 0.747028 0.664793 0
    outer loop
      vertex -9.52429 7.15665 37
      vertex -9.26188 6.86178 41
      vertex -9.26188 6.86178 37
    endloop
  endfacet
  facet normal -0.314532 0.949247 0
    outer loop
      vertex -7.41328 6.591 37
      vertex -7.78796 6.46685 41
      vertex -7.41328 6.591 41
    endloop
  endfacet
  facet normal -0.314532 0.949247 0
    outer loop
      vertex -7.78796 6.46685 41
      vertex -7.41328 6.591 37
      vertex -7.78796 6.46685 37
    endloop
  endfacet
  facet normal -0.707107 0.707107 0
    outer loop
      vertex -7.07733 6.79822 37
      vertex -6.79822 7.07733 41
      vertex -6.79822 7.07733 37
    endloop
  endfacet
  facet normal -0.707107 0.707107 0
    outer loop
      vertex -6.79822 7.07733 41
      vertex -7.07733 6.79822 37
      vertex -7.07733 6.79822 41
    endloop
  endfacet
  facet normal 0.369223 0.929341 -0
    outer loop
      vertex -8.57172 6.48965 37
      vertex -8.93855 6.63539 41
      vertex -8.57172 6.48965 41
    endloop
  endfacet
  facet normal 0.369223 0.929341 0
    outer loop
      vertex -8.93855 6.63539 41
      vertex -8.57172 6.48965 37
      vertex -8.93855 6.63539 37
    endloop
  endfacet
  facet normal 0.202222 -0.97934 0
    outer loop
      vertex -8.66645 9.74544 37
      vertex -8.27989 9.82526 41
      vertex -8.66645 9.74544 41
    endloop
  endfacet
  facet normal 0.202222 -0.97934 0
    outer loop
      vertex -8.27989 9.82526 41
      vertex -8.66645 9.74544 37
      vertex -8.27989 9.82526 37
    endloop
  endfacet
  facet normal -0.996195 0.0871522 0
    outer loop
      vertex -6.46685 7.78796 37
      vertex -6.43245 8.18117 41
      vertex -6.43245 8.18117 37
    endloop
  endfacet
  facet normal -0.996195 0.0871522 0
    outer loop
      vertex -6.43245 8.18117 41
      vertex -6.46685 7.78796 37
      vertex -6.46685 7.78796 41
    endloop
  endfacet
  facet normal -0.819162 -0.573563 0
    outer loop
      vertex -6.63539 8.93855 37
      vertex -6.86178 9.26188 41
      vertex -6.86178 9.26188 37
    endloop
  endfacet
  facet normal -0.819162 -0.573563 0
    outer loop
      vertex -6.86178 9.26188 41
      vertex -6.63539 8.93855 37
      vertex -6.63539 8.93855 41
    endloop
  endfacet
  facet normal -0.989444 -0.144914 0
    outer loop
      vertex -6.43245 8.18117 37
      vertex -6.48965 8.57172 41
      vertex -6.48965 8.57172 37
    endloop
  endfacet
  facet normal -0.989444 -0.144914 0
    outer loop
      vertex -6.48965 8.57172 41
      vertex -6.43245 8.18117 37
      vertex -6.43245 8.18117 41
    endloop
  endfacet
  facet normal -0.949247 0.314532 0
    outer loop
      vertex -6.591 7.41328 37
      vertex -6.46685 7.78796 41
      vertex -6.46685 7.78796 37
    endloop
  endfacet
  facet normal -0.949247 0.314532 0
    outer loop
      vertex -6.46685 7.78796 41
      vertex -6.591 7.41328 37
      vertex -6.591 7.41328 41
    endloop
  endfacet
  facet normal -0.851113 0.524982 0
    outer loop
      vertex -6.79822 7.07733 37
      vertex -6.591 7.41328 41
      vertex -6.591 7.41328 37
    endloop
  endfacet
  facet normal -0.851113 0.524982 0
    outer loop
      vertex -6.591 7.41328 41
      vertex -6.79822 7.07733 37
      vertex -6.79822 7.07733 41
    endloop
  endfacet
  facet normal -0.258823 -0.965925 0
    outer loop
      vertex -7.88534 9.81378 37
      vertex -7.50408 9.71162 41
      vertex -7.88534 9.81378 41
    endloop
  endfacet
  facet normal -0.258823 -0.965925 -0
    outer loop
      vertex -7.50408 9.71162 41
      vertex -7.88534 9.81378 37
      vertex -7.50408 9.71162 37
    endloop
  endfacet
  facet normal -0.929341 -0.369223 0
    outer loop
      vertex -6.48965 8.57172 37
      vertex -6.63539 8.93855 41
      vertex -6.63539 8.93855 37
    endloop
  endfacet
  facet normal -0.929341 -0.369223 0
    outer loop
      vertex -6.63539 8.93855 41
      vertex -6.48965 8.57172 37
      vertex -6.48965 8.57172 41
    endloop
  endfacet
  facet normal 0.620242 0.78441 -0
    outer loop
      vertex -9.02419 -9.57863 37
      vertex -9.33381 -9.33381 41
      vertex -9.02419 -9.57863 41
    endloop
  endfacet
  facet normal 0.620242 0.78441 0
    outer loop
      vertex -9.33381 -9.33381 41
      vertex -9.02419 -9.57863 37
      vertex -9.33381 -9.33381 37
    endloop
  endfacet
  facet normal -0.707107 -0.707107 0
    outer loop
      vertex -6.79822 -7.07733 37
      vertex -7.07733 -6.79822 41
      vertex -7.07733 -6.79822 37
    endloop
  endfacet
  facet normal -0.707107 -0.707107 0
    outer loop
      vertex -7.07733 -6.79822 41
      vertex -6.79822 -7.07733 37
      vertex -6.79822 -7.07733 41
    endloop
  endfacet
  facet normal 0.747028 -0.664793 0
    outer loop
      vertex -9.52429 -7.15665 41
      vertex -9.26188 -6.86178 37
      vertex -9.26188 -6.86178 41
    endloop
  endfacet
  facet normal 0.747028 -0.664793 0
    outer loop
      vertex -9.26188 -6.86178 37
      vertex -9.52429 -7.15665 41
      vertex -9.52429 -7.15665 37
    endloop
  endfacet
  facet normal -0.258823 0.965925 0
    outer loop
      vertex -7.50408 -9.71162 37
      vertex -7.88534 -9.81378 41
      vertex -7.50408 -9.71162 41
    endloop
  endfacet
  facet normal -0.258823 0.965925 0
    outer loop
      vertex -7.88534 -9.81378 41
      vertex -7.50408 -9.71162 37
      vertex -7.88534 -9.81378 37
    endloop
  endfacet
  facet normal 0.422604 0.906314 -0
    outer loop
      vertex -8.66645 -9.74544 37
      vertex -9.02419 -9.57863 41
      vertex -8.66645 -9.74544 41
    endloop
  endfacet
  facet normal 0.422604 0.906314 0
    outer loop
      vertex -9.02419 -9.57863 41
      vertex -8.66645 -9.74544 37
      vertex -9.02419 -9.57863 37
    endloop
  endfacet
  facet normal -0.0290841 0.999577 0
    outer loop
      vertex -7.88534 -9.81378 37
      vertex -8.27989 -9.82526 41
      vertex -7.88534 -9.81378 41
    endloop
  endfacet
  facet normal -0.0290841 0.999577 0
    outer loop
      vertex -8.27989 -9.82526 41
      vertex -7.88534 -9.81378 37
      vertex -8.27989 -9.82526 37
    endloop
  endfacet
  facet normal -0.474595 0.880204 0
    outer loop
      vertex -7.15665 -9.52429 37
      vertex -7.50408 -9.71162 41
      vertex -7.15665 -9.52429 41
    endloop
  endfacet
  facet normal -0.474595 0.880204 0
    outer loop
      vertex -7.50408 -9.71162 41
      vertex -7.15665 -9.52429 37
      vertex -7.50408 -9.71162 37
    endloop
  endfacet
  facet normal -0.949247 -0.314532 0
    outer loop
      vertex -6.46685 -7.78796 37
      vertex -6.591 -7.41328 41
      vertex -6.591 -7.41328 37
    endloop
  endfacet
  facet normal -0.949247 -0.314532 0
    outer loop
      vertex -6.591 -7.41328 41
      vertex -6.46685 -7.78796 37
      vertex -6.46685 -7.78796 41
    endloop
  endfacet
  facet normal -0.996195 -0.0871522 0
    outer loop
      vertex -6.43245 -8.18117 37
      vertex -6.46685 -7.78796 41
      vertex -6.46685 -7.78796 37
    endloop
  endfacet
  facet normal -0.996195 -0.0871522 0
    outer loop
      vertex -6.46685 -7.78796 41
      vertex -6.43245 -8.18117 37
      vertex -6.43245 -8.18117 41
    endloop
  endfacet
  facet normal -0.851113 -0.524982 0
    outer loop
      vertex -6.591 -7.41328 37
      vertex -6.79822 -7.07733 41
      vertex -6.79822 -7.07733 37
    endloop
  endfacet
  facet normal -0.851113 -0.524982 0
    outer loop
      vertex -6.79822 -7.07733 41
      vertex -6.591 -7.41328 37
      vertex -6.591 -7.41328 41
    endloop
  endfacet
  facet normal -0.989444 0.144914 0
    outer loop
      vertex -6.48965 -8.57172 37
      vertex -6.43245 -8.18117 41
      vertex -6.43245 -8.18117 37
    endloop
  endfacet
  facet normal -0.989444 0.144914 0
    outer loop
      vertex -6.43245 -8.18117 41
      vertex -6.48965 -8.57172 37
      vertex -6.48965 -8.57172 41
    endloop
  endfacet
  facet normal -0.819162 0.573563 0
    outer loop
      vertex -6.86178 -9.26188 37
      vertex -6.63539 -8.93855 41
      vertex -6.63539 -8.93855 37
    endloop
  endfacet
  facet normal -0.819162 0.573563 0
    outer loop
      vertex -6.63539 -8.93855 41
      vertex -6.86178 -9.26188 37
      vertex -6.86178 -9.26188 41
    endloop
  endfacet
  facet normal 0.78441 0.620242 0
    outer loop
      vertex -9.33381 -9.33381 41
      vertex -9.57863 -9.02419 37
      vertex -9.57863 -9.02419 41
    endloop
  endfacet
  facet normal 0.78441 0.620242 0
    outer loop
      vertex -9.57863 -9.02419 37
      vertex -9.33381 -9.33381 41
      vertex -9.33381 -9.33381 37
    endloop
  endfacet
  facet normal 0 0 1
    outer loop
      vertex -6.46685 -7.78796 37
      vertex -6.48965 -8.57172 37
      vertex -6.43245 -8.18117 37
    endloop
  endfacet
  facet normal 0 0 1
    outer loop
      vertex -6.591 -7.41328 37
      vertex -6.48965 -8.57172 37
      vertex -6.46685 -7.78796 37
    endloop
  endfacet
  facet normal 0 0 1
    outer loop
      vertex -6.591 -7.41328 37
      vertex -6.63539 -8.93855 37
      vertex -6.48965 -8.57172 37
    endloop
  endfacet
  facet normal 0 0 1
    outer loop
      vertex -6.79822 -7.07733 37
      vertex -6.63539 -8.93855 37
      vertex -6.591 -7.41328 37
    endloop
  endfacet
  facet normal 0 0 1
    outer loop
      vertex -6.79822 -7.07733 37
      vertex -6.86178 -9.26188 37
      vertex -6.63539 -8.93855 37
    endloop
  endfacet
  facet normal 0 0 1
    outer loop
      vertex -7.07733 -6.79822 37
      vertex -6.86178 -9.26188 37
      vertex -6.79822 -7.07733 37
    endloop
  endfacet
  facet normal 0 0 1
    outer loop
      vertex -7.07733 -6.79822 37
      vertex -7.15665 -9.52429 37
      vertex -6.86178 -9.26188 37
    endloop
  endfacet
  facet normal 0 0 1
    outer loop
      vertex -7.41328 -6.591 37
      vertex -7.15665 -9.52429 37
      vertex -7.07733 -6.79822 37
    endloop
  endfacet
  facet normal 0 0 1
    outer loop
      vertex -7.41328 -6.591 37
      vertex -7.50408 -9.71162 37
      vertex -7.15665 -9.52429 37
    endloop
  endfacet
  facet normal 0 0 1
    outer loop
      vertex -7.78796 -6.46685 37
      vertex -7.50408 -9.71162 37
      vertex -7.41328 -6.591 37
    endloop
  endfacet
  facet normal 0 0 1
    outer loop
      vertex -7.78796 -6.46685 37
      vertex -7.88534 -9.81378 37
      vertex -7.50408 -9.71162 37
    endloop
  endfacet
  facet normal 0 0 1
    outer loop
      vertex -8.18117 -6.43245 37
      vertex -7.88534 -9.81378 37
      vertex -7.78796 -6.46685 37
    endloop
  endfacet
  facet normal 0 0 1
    outer loop
      vertex -8.18117 -6.43245 37
      vertex -8.27989 -9.82526 37
      vertex -7.88534 -9.81378 37
    endloop
  endfacet
  facet normal -0 0 1
    outer loop
      vertex -8.57172 -6.48965 37
      vertex -8.27989 -9.82526 37
      vertex -8.18117 -6.43245 37
    endloop
  endfacet
  facet normal 0 0 1
    outer loop
      vertex -8.57172 -6.48965 37
      vertex -8.66645 -9.74544 37
      vertex -8.27989 -9.82526 37
    endloop
  endfacet
  facet normal -0 0 1
    outer loop
      vertex -8.93855 -6.63539 37
      vertex -8.66645 -9.74544 37
      vertex -8.57172 -6.48965 37
    endloop
  endfacet
  facet normal 0 0 1
    outer loop
      vertex -8.93855 -6.63539 37
      vertex -9.02419 -9.57863 37
      vertex -8.66645 -9.74544 37
    endloop
  endfacet
  facet normal -0 0 1
    outer loop
      vertex -9.26188 -6.86178 37
      vertex -9.02419 -9.57863 37
      vertex -8.93855 -6.63539 37
    endloop
  endfacet
  facet normal 0 0 1
    outer loop
      vertex -9.26188 -6.86178 37
      vertex -9.33381 -9.33381 37
      vertex -9.02419 -9.57863 37
    endloop
  endfacet
  facet normal -0 0 1
    outer loop
      vertex -9.52429 -7.15665 37
      vertex -9.33381 -9.33381 37
      vertex -9.26188 -6.86178 37
    endloop
  endfacet
  facet normal 0 0 1
    outer loop
      vertex -9.52429 -7.15665 37
      vertex -9.57863 -9.02419 37
      vertex -9.33381 -9.33381 37
    endloop
  endfacet
  facet normal -0 0 1
    outer loop
      vertex -9.71162 -7.50408 37
      vertex -9.57863 -9.02419 37
      vertex -9.52429 -7.15665 37
    endloop
  endfacet
  facet normal 0 0 1
    outer loop
      vertex -9.71162 -7.50408 37
      vertex -9.74544 -8.66645 37
      vertex -9.57863 -9.02419 37
    endloop
  endfacet
  facet normal -0 0 1
    outer loop
      vertex -9.81378 -7.88534 37
      vertex -9.74544 -8.66645 37
      vertex -9.71162 -7.50408 37
    endloop
  endfacet
  facet normal 0 0 1
    outer loop
      vertex -9.74544 -8.66645 37
      vertex -9.81378 -7.88534 37
      vertex -9.82526 -8.27989 37
    endloop
  endfacet
  facet normal 0.999577 -0.0290841 0
    outer loop
      vertex -9.82526 -8.27989 41
      vertex -9.81378 -7.88534 37
      vertex -9.81378 -7.88534 41
    endloop
  endfacet
  facet normal 0.999577 -0.0290841 0
    outer loop
      vertex -9.81378 -7.88534 37
      vertex -9.82526 -8.27989 41
      vertex -9.82526 -8.27989 37
    endloop
  endfacet
  facet normal 0.880204 -0.474595 0
    outer loop
      vertex -9.71162 -7.50408 41
      vertex -9.52429 -7.15665 37
      vertex -9.52429 -7.15665 41
    endloop
  endfacet
  facet normal 0.880204 -0.474595 0
    outer loop
      vertex -9.52429 -7.15665 37
      vertex -9.71162 -7.50408 41
      vertex -9.71162 -7.50408 37
    endloop
  endfacet
  facet normal 0.202222 0.97934 -0
    outer loop
      vertex -8.27989 -9.82526 37
      vertex -8.66645 -9.74544 41
      vertex -8.27989 -9.82526 41
    endloop
  endfacet
  facet normal 0.202222 0.97934 0
    outer loop
      vertex -8.66645 -9.74544 41
      vertex -8.27989 -9.82526 37
      vertex -8.66645 -9.74544 37
    endloop
  endfacet
  facet normal -0.664793 0.747028 0
    outer loop
      vertex -6.86178 -9.26188 37
      vertex -7.15665 -9.52429 41
      vertex -6.86178 -9.26188 41
    endloop
  endfacet
  facet normal -0.664793 0.747028 0
    outer loop
      vertex -7.15665 -9.52429 41
      vertex -6.86178 -9.26188 37
      vertex -7.15665 -9.52429 37
    endloop
  endfacet
  facet normal -0.929341 0.369223 0
    outer loop
      vertex -6.63539 -8.93855 37
      vertex -6.48965 -8.57172 41
      vertex -6.48965 -8.57172 37
    endloop
  endfacet
  facet normal -0.929341 0.369223 0
    outer loop
      vertex -6.48965 -8.57172 41
      vertex -6.63539 -8.93855 37
      vertex -6.63539 -8.93855 41
    endloop
  endfacet
  facet normal 0.97934 0.202222 0
    outer loop
      vertex -9.74544 -8.66645 41
      vertex -9.82526 -8.27989 37
      vertex -9.82526 -8.27989 41
    endloop
  endfacet
  facet normal 0.97934 0.202222 0
    outer loop
      vertex -9.82526 -8.27989 37
      vertex -9.74544 -8.66645 41
      vertex -9.74544 -8.66645 37
    endloop
  endfacet
  facet normal -0.0871522 -0.996195 0
    outer loop
      vertex -8.18117 -6.43245 37
      vertex -7.78796 -6.46685 41
      vertex -8.18117 -6.43245 41
    endloop
  endfacet
  facet normal -0.0871522 -0.996195 -0
    outer loop
      vertex -7.78796 -6.46685 41
      vertex -8.18117 -6.43245 37
      vertex -7.78796 -6.46685 37
    endloop
  endfacet
  facet normal 0.965925 -0.258823 0
    outer loop
      vertex -9.81378 -7.88534 41
      vertex -9.71162 -7.50408 37
      vertex -9.71162 -7.50408 41
    endloop
  endfacet
  facet normal 0.965925 -0.258823 0
    outer loop
      vertex -9.71162 -7.50408 37
      vertex -9.81378 -7.88534 41
      vertex -9.81378 -7.88534 37
    endloop
  endfacet
  facet normal 0.906314 0.422604 0
    outer loop
      vertex -9.57863 -9.02419 41
      vertex -9.74544 -8.66645 37
      vertex -9.74544 -8.66645 41
    endloop
  endfacet
  facet normal 0.906314 0.422604 0
    outer loop
      vertex -9.74544 -8.66645 37
      vertex -9.57863 -9.02419 41
      vertex -9.57863 -9.02419 37
    endloop
  endfacet
  facet normal 0.573563 -0.819162 0
    outer loop
      vertex -9.26188 -6.86178 37
      vertex -8.93855 -6.63539 41
      vertex -9.26188 -6.86178 41
    endloop
  endfacet
  facet normal 0.573563 -0.819162 0
    outer loop
      vertex -8.93855 -6.63539 41
      vertex -9.26188 -6.86178 37
      vertex -8.93855 -6.63539 37
    endloop
  endfacet
  facet normal -0.314532 -0.949247 0
    outer loop
      vertex -7.78796 -6.46685 37
      vertex -7.41328 -6.591 41
      vertex -7.78796 -6.46685 41
    endloop
  endfacet
  facet normal -0.314532 -0.949247 -0
    outer loop
      vertex -7.41328 -6.591 41
      vertex -7.78796 -6.46685 37
      vertex -7.41328 -6.591 37
    endloop
  endfacet
  facet normal -0.524982 -0.851113 0
    outer loop
      vertex -7.41328 -6.591 37
      vertex -7.07733 -6.79822 41
      vertex -7.41328 -6.591 41
    endloop
  endfacet
  facet normal -0.524982 -0.851113 -0
    outer loop
      vertex -7.07733 -6.79822 41
      vertex -7.41328 -6.591 37
      vertex -7.07733 -6.79822 37
    endloop
  endfacet
  facet normal 0.369223 -0.929341 0
    outer loop
      vertex -8.93855 -6.63539 37
      vertex -8.57172 -6.48965 41
      vertex -8.93855 -6.63539 41
    endloop
  endfacet
  facet normal 0.369223 -0.929341 0
    outer loop
      vertex -8.57172 -6.48965 41
      vertex -8.93855 -6.63539 37
      vertex -8.57172 -6.48965 37
    endloop
  endfacet
  facet normal 0.144914 -0.989444 0
    outer loop
      vertex -8.57172 -6.48965 37
      vertex -8.18117 -6.43245 41
      vertex -8.57172 -6.48965 41
    endloop
  endfacet
  facet normal 0.144914 -0.989444 0
    outer loop
      vertex -8.18117 -6.43245 41
      vertex -8.57172 -6.48965 37
      vertex -8.18117 -6.43245 37
    endloop
  endfacet
  facet normal -0.78441 0.620242 0
    outer loop
      vertex 9.33381 -9.33381 37
      vertex 9.57863 -9.02419 41
      vertex 9.57863 -9.02419 37
    endloop
  endfacet
  facet normal -0.78441 0.620242 0
    outer loop
      vertex 9.57863 -9.02419 41
      vertex 9.33381 -9.33381 37
      vertex 9.33381 -9.33381 41
    endloop
  endfacet
  facet normal 0.707107 -0.707107 0
    outer loop
      vertex 6.79822 -7.07733 41
      vertex 7.07733 -6.79822 37
      vertex 7.07733 -6.79822 41
    endloop
  endfacet
  facet normal 0.707107 -0.707107 0
    outer loop
      vertex 7.07733 -6.79822 37
      vertex 6.79822 -7.07733 41
      vertex 6.79822 -7.07733 37
    endloop
  endfacet
  facet normal -0.747028 -0.664793 0
    outer loop
      vertex 9.52429 -7.15665 37
      vertex 9.26188 -6.86178 41
      vertex 9.26188 -6.86178 37
    endloop
  endfacet
  facet normal -0.747028 -0.664793 0
    outer loop
      vertex 9.26188 -6.86178 41
      vertex 9.52429 -7.15665 37
      vertex 9.52429 -7.15665 41
    endloop
  endfacet
  facet normal 0.664793 0.747028 -0
    outer loop
      vertex 7.15665 -9.52429 37
      vertex 6.86178 -9.26188 41
      vertex 7.15665 -9.52429 41
    endloop
  endfacet
  facet normal 0.664793 0.747028 0
    outer loop
      vertex 6.86178 -9.26188 41
      vertex 7.15665 -9.52429 37
      vertex 6.86178 -9.26188 37
    endloop
  endfacet
  facet normal 0.474595 0.880204 -0
    outer loop
      vertex 7.50408 -9.71162 37
      vertex 7.15665 -9.52429 41
      vertex 7.50408 -9.71162 41
    endloop
  endfacet
  facet normal 0.474595 0.880204 0
    outer loop
      vertex 7.15665 -9.52429 41
      vertex 7.50408 -9.71162 37
      vertex 7.15665 -9.52429 37
    endloop
  endfacet
  facet normal -0.999577 -0.0290841 0
    outer loop
      vertex 9.82526 -8.27989 37
      vertex 9.81378 -7.88534 41
      vertex 9.81378 -7.88534 37
    endloop
  endfacet
  facet normal -0.999577 -0.0290841 0
    outer loop
      vertex 9.81378 -7.88534 41
      vertex 9.82526 -8.27989 37
      vertex 9.82526 -8.27989 41
    endloop
  endfacet
  facet normal -0.965925 -0.258823 0
    outer loop
      vertex 9.81378 -7.88534 37
      vertex 9.71162 -7.50408 41
      vertex 9.71162 -7.50408 37
    endloop
  endfacet
  facet normal -0.965925 -0.258823 0
    outer loop
      vertex 9.71162 -7.50408 41
      vertex 9.81378 -7.88534 37
      vertex 9.81378 -7.88534 41
    endloop
  endfacet
  facet normal -0.144914 -0.989444 0
    outer loop
      vertex 8.18117 -6.43245 37
      vertex 8.57172 -6.48965 41
      vertex 8.18117 -6.43245 41
    endloop
  endfacet
  facet normal -0.144914 -0.989444 -0
    outer loop
      vertex 8.57172 -6.48965 41
      vertex 8.18117 -6.43245 37
      vertex 8.57172 -6.48965 37
    endloop
  endfacet
  facet normal -0.369223 -0.929341 0
    outer loop
      vertex 8.57172 -6.48965 37
      vertex 8.93855 -6.63539 41
      vertex 8.57172 -6.48965 41
    endloop
  endfacet
  facet normal -0.369223 -0.929341 -0
    outer loop
      vertex 8.93855 -6.63539 41
      vertex 8.57172 -6.48965 37
      vertex 8.93855 -6.63539 37
    endloop
  endfacet
  facet normal -0.906314 0.422604 0
    outer loop
      vertex 9.57863 -9.02419 37
      vertex 9.74544 -8.66645 41
      vertex 9.74544 -8.66645 37
    endloop
  endfacet
  facet normal -0.906314 0.422604 0
    outer loop
      vertex 9.74544 -8.66645 41
      vertex 9.57863 -9.02419 37
      vertex 9.57863 -9.02419 41
    endloop
  endfacet
  facet normal -0.880204 -0.474595 0
    outer loop
      vertex 9.71162 -7.50408 37
      vertex 9.52429 -7.15665 41
      vertex 9.52429 -7.15665 37
    endloop
  endfacet
  facet normal -0.880204 -0.474595 0
    outer loop
      vertex 9.52429 -7.15665 41
      vertex 9.71162 -7.50408 37
      vertex 9.71162 -7.50408 41
    endloop
  endfacet
  facet normal 0.314532 -0.949247 0
    outer loop
      vertex 7.41328 -6.591 37
      vertex 7.78796 -6.46685 41
      vertex 7.41328 -6.591 41
    endloop
  endfacet
  facet normal 0.314532 -0.949247 0
    outer loop
      vertex 7.78796 -6.46685 41
      vertex 7.41328 -6.591 37
      vertex 7.78796 -6.46685 37
    endloop
  endfacet
  facet normal 0.0871522 -0.996195 0
    outer loop
      vertex 7.78796 -6.46685 37
      vertex 8.18117 -6.43245 41
      vertex 7.78796 -6.46685 41
    endloop
  endfacet
  facet normal 0.0871522 -0.996195 0
    outer loop
      vertex 8.18117 -6.43245 41
      vertex 7.78796 -6.46685 37
      vertex 8.18117 -6.43245 37
    endloop
  endfacet
  facet normal 0.524982 -0.851113 0
    outer loop
      vertex 7.07733 -6.79822 37
      vertex 7.41328 -6.591 41
      vertex 7.07733 -6.79822 41
    endloop
  endfacet
  facet normal 0.524982 -0.851113 0
    outer loop
      vertex 7.41328 -6.591 41
      vertex 7.07733 -6.79822 37
      vertex 7.41328 -6.591 37
    endloop
  endfacet
  facet normal -0.573563 -0.819162 0
    outer loop
      vertex 8.93855 -6.63539 37
      vertex 9.26188 -6.86178 41
      vertex 8.93855 -6.63539 41
    endloop
  endfacet
  facet normal -0.573563 -0.819162 -0
    outer loop
      vertex 9.26188 -6.86178 41
      vertex 8.93855 -6.63539 37
      vertex 9.26188 -6.86178 37
    endloop
  endfacet
  facet normal -0.620242 0.78441 0
    outer loop
      vertex 9.33381 -9.33381 37
      vertex 9.02419 -9.57863 41
      vertex 9.33381 -9.33381 41
    endloop
  endfacet
  facet normal -0.620242 0.78441 0
    outer loop
      vertex 9.02419 -9.57863 41
      vertex 9.33381 -9.33381 37
      vertex 9.02419 -9.57863 37
    endloop
  endfacet
  facet normal -0.97934 0.202222 0
    outer loop
      vertex 9.74544 -8.66645 37
      vertex 9.82526 -8.27989 41
      vertex 9.82526 -8.27989 37
    endloop
  endfacet
  facet normal -0.97934 0.202222 0
    outer loop
      vertex 9.82526 -8.27989 41
      vertex 9.74544 -8.66645 37
      vertex 9.74544 -8.66645 41
    endloop
  endfacet
  facet normal -0.202222 0.97934 0
    outer loop
      vertex 8.66645 -9.74544 37
      vertex 8.27989 -9.82526 41
      vertex 8.66645 -9.74544 41
    endloop
  endfacet
  facet normal -0.202222 0.97934 0
    outer loop
      vertex 8.27989 -9.82526 41
      vertex 8.66645 -9.74544 37
      vertex 8.27989 -9.82526 37
    endloop
  endfacet
  facet normal 0.996195 -0.0871522 0
    outer loop
      vertex 6.43245 -8.18117 41
      vertex 6.46685 -7.78796 37
      vertex 6.46685 -7.78796 41
    endloop
  endfacet
  facet normal 0.996195 -0.0871522 0
    outer loop
      vertex 6.46685 -7.78796 37
      vertex 6.43245 -8.18117 41
      vertex 6.43245 -8.18117 37
    endloop
  endfacet
  facet normal 0.258823 0.965925 -0
    outer loop
      vertex 7.88534 -9.81378 37
      vertex 7.50408 -9.71162 41
      vertex 7.88534 -9.81378 41
    endloop
  endfacet
  facet normal 0.258823 0.965925 0
    outer loop
      vertex 7.50408 -9.71162 41
      vertex 7.88534 -9.81378 37
      vertex 7.50408 -9.71162 37
    endloop
  endfacet
  facet normal -0.422604 0.906314 0
    outer loop
      vertex 9.02419 -9.57863 37
      vertex 8.66645 -9.74544 41
      vertex 9.02419 -9.57863 41
    endloop
  endfacet
  facet normal -0.422604 0.906314 0
    outer loop
      vertex 8.66645 -9.74544 41
      vertex 9.02419 -9.57863 37
      vertex 8.66645 -9.74544 37
    endloop
  endfacet
  facet normal 0.819162 0.573563 0
    outer loop
      vertex 6.86178 -9.26188 41
      vertex 6.63539 -8.93855 37
      vertex 6.63539 -8.93855 41
    endloop
  endfacet
  facet normal 0.819162 0.573563 0
    outer loop
      vertex 6.63539 -8.93855 37
      vertex 6.86178 -9.26188 41
      vertex 6.86178 -9.26188 37
    endloop
  endfacet
  facet normal 0 0 1
    outer loop
      vertex 9.81378 -7.88534 37
      vertex 9.74544 -8.66645 37
      vertex 9.82526 -8.27989 37
    endloop
  endfacet
  facet normal 0 0 1
    outer loop
      vertex 9.71162 -7.50408 37
      vertex 9.74544 -8.66645 37
      vertex 9.81378 -7.88534 37
    endloop
  endfacet
  facet normal 0 0 1
    outer loop
      vertex 9.71162 -7.50408 37
      vertex 9.57863 -9.02419 37
      vertex 9.74544 -8.66645 37
    endloop
  endfacet
  facet normal 0 0 1
    outer loop
      vertex 9.52429 -7.15665 37
      vertex 9.57863 -9.02419 37
      vertex 9.71162 -7.50408 37
    endloop
  endfacet
  facet normal 0 0 1
    outer loop
      vertex 9.52429 -7.15665 37
      vertex 9.33381 -9.33381 37
      vertex 9.57863 -9.02419 37
    endloop
  endfacet
  facet normal 0 0 1
    outer loop
      vertex 9.26188 -6.86178 37
      vertex 9.33381 -9.33381 37
      vertex 9.52429 -7.15665 37
    endloop
  endfacet
  facet normal 0 0 1
    outer loop
      vertex 9.26188 -6.86178 37
      vertex 9.02419 -9.57863 37
      vertex 9.33381 -9.33381 37
    endloop
  endfacet
  facet normal 0 0 1
    outer loop
      vertex 8.93855 -6.63539 37
      vertex 9.02419 -9.57863 37
      vertex 9.26188 -6.86178 37
    endloop
  endfacet
  facet normal 0 0 1
    outer loop
      vertex 8.93855 -6.63539 37
      vertex 8.66645 -9.74544 37
      vertex 9.02419 -9.57863 37
    endloop
  endfacet
  facet normal 0 0 1
    outer loop
      vertex 8.57172 -6.48965 37
      vertex 8.66645 -9.74544 37
      vertex 8.93855 -6.63539 37
    endloop
  endfacet
  facet normal 0 0 1
    outer loop
      vertex 8.57172 -6.48965 37
      vertex 8.27989 -9.82526 37
      vertex 8.66645 -9.74544 37
    endloop
  endfacet
  facet normal 0 0 1
    outer loop
      vertex 8.18117 -6.43245 37
      vertex 8.27989 -9.82526 37
      vertex 8.57172 -6.48965 37
    endloop
  endfacet
  facet normal 0 0 1
    outer loop
      vertex 8.18117 -6.43245 37
      vertex 7.88534 -9.81378 37
      vertex 8.27989 -9.82526 37
    endloop
  endfacet
  facet normal -0 0 1
    outer loop
      vertex 7.78796 -6.46685 37
      vertex 7.88534 -9.81378 37
      vertex 8.18117 -6.43245 37
    endloop
  endfacet
  facet normal 0 0 1
    outer loop
      vertex 7.78796 -6.46685 37
      vertex 7.50408 -9.71162 37
      vertex 7.88534 -9.81378 37
    endloop
  endfacet
  facet normal -0 0 1
    outer loop
      vertex 7.41328 -6.591 37
      vertex 7.50408 -9.71162 37
      vertex 7.78796 -6.46685 37
    endloop
  endfacet
  facet normal 0 0 1
    outer loop
      vertex 7.41328 -6.591 37
      vertex 7.15665 -9.52429 37
      vertex 7.50408 -9.71162 37
    endloop
  endfacet
  facet normal -0 0 1
    outer loop
      vertex 7.07733 -6.79822 37
      vertex 7.15665 -9.52429 37
      vertex 7.41328 -6.591 37
    endloop
  endfacet
  facet normal 0 0 1
    outer loop
      vertex 7.07733 -6.79822 37
      vertex 6.86178 -9.26188 37
      vertex 7.15665 -9.52429 37
    endloop
  endfacet
  facet normal -0 0 1
    outer loop
      vertex 6.79822 -7.07733 37
      vertex 6.86178 -9.26188 37
      vertex 7.07733 -6.79822 37
    endloop
  endfacet
  facet normal 0 0 1
    outer loop
      vertex 6.79822 -7.07733 37
      vertex 6.63539 -8.93855 37
      vertex 6.86178 -9.26188 37
    endloop
  endfacet
  facet normal -0 0 1
    outer loop
      vertex 6.591 -7.41328 37
      vertex 6.63539 -8.93855 37
      vertex 6.79822 -7.07733 37
    endloop
  endfacet
  facet normal 0 0 1
    outer loop
      vertex 6.591 -7.41328 37
      vertex 6.48965 -8.57172 37
      vertex 6.63539 -8.93855 37
    endloop
  endfacet
  facet normal -0 0 1
    outer loop
      vertex 6.46685 -7.78796 37
      vertex 6.48965 -8.57172 37
      vertex 6.591 -7.41328 37
    endloop
  endfacet
  facet normal 0 0 1
    outer loop
      vertex 6.48965 -8.57172 37
      vertex 6.46685 -7.78796 37
      vertex 6.43245 -8.18117 37
    endloop
  endfacet
  facet normal 0.949247 -0.314532 0
    outer loop
      vertex 6.46685 -7.78796 41
      vertex 6.591 -7.41328 37
      vertex 6.591 -7.41328 41
    endloop
  endfacet
  facet normal 0.949247 -0.314532 0
    outer loop
      vertex 6.591 -7.41328 37
      vertex 6.46685 -7.78796 41
      vertex 6.46685 -7.78796 37
    endloop
  endfacet
  facet normal 0.851113 -0.524982 0
    outer loop
      vertex 6.591 -7.41328 41
      vertex 6.79822 -7.07733 37
      vertex 6.79822 -7.07733 41
    endloop
  endfacet
  facet normal 0.851113 -0.524982 0
    outer loop
      vertex 6.79822 -7.07733 37
      vertex 6.591 -7.41328 41
      vertex 6.591 -7.41328 37
    endloop
  endfacet
  facet normal 0.0290841 0.999577 -0
    outer loop
      vertex 8.27989 -9.82526 37
      vertex 7.88534 -9.81378 41
      vertex 8.27989 -9.82526 41
    endloop
  endfacet
  facet normal 0.0290841 0.999577 0
    outer loop
      vertex 7.88534 -9.81378 41
      vertex 8.27989 -9.82526 37
      vertex 7.88534 -9.81378 37
    endloop
  endfacet
  facet normal 0.929341 0.369223 0
    outer loop
      vertex 6.63539 -8.93855 41
      vertex 6.48965 -8.57172 37
      vertex 6.48965 -8.57172 41
    endloop
  endfacet
  facet normal 0.929341 0.369223 0
    outer loop
      vertex 6.48965 -8.57172 37
      vertex 6.63539 -8.93855 41
      vertex 6.63539 -8.93855 37
    endloop
  endfacet
  facet normal 0.989444 0.144914 0
    outer loop
      vertex 6.48965 -8.57172 41
      vertex 6.43245 -8.18117 37
      vertex 6.43245 -8.18117 41
    endloop
  endfacet
  facet normal 0.989444 0.144914 0
    outer loop
      vertex 6.43245 -8.18117 37
      vertex 6.48965 -8.57172 41
      vertex 6.48965 -8.57172 37
    endloop
  endfacet
  facet normal -0.996913 -0.078512 0
    outer loop
      vertex 43.8 0 2
      vertex 43.7692 0.391086 4
      vertex 43.7692 0.391086 2
    endloop
  endfacet
  facet normal -0.996913 -0.078512 0
    outer loop
      vertex 43.7692 0.391086 4
      vertex 43.8 0 2
      vertex 43.8 0 4
    endloop
  endfacet
  facet normal 0.996913 -0.078512 0
    outer loop
      vertex 38.8 0 4
      vertex 38.8308 0.391086 2
      vertex 38.8308 0.391086 4
    endloop
  endfacet
  facet normal 0.996913 -0.078512 0
    outer loop
      vertex 38.8308 0.391086 2
      vertex 38.8 0 4
      vertex 38.8 0 2
    endloop
  endfacet
  facet normal -0.0784585 -0.996917 0
    outer loop
      vertex 41.3 2.5 2
      vertex 41.6911 2.46922 4
      vertex 41.3 2.5 4
    endloop
  endfacet
  facet normal -0.0784585 -0.996917 -0
    outer loop
      vertex 41.6911 2.46922 4
      vertex 41.3 2.5 2
      vertex 41.6911 2.46922 2
    endloop
  endfacet
  facet normal -0.760508 -0.649329 0
    outer loop
      vertex 43.3225 1.46946 2
      vertex 43.0678 1.76777 4
      vertex 43.0678 1.76777 2
    endloop
  endfacet
  facet normal -0.760508 -0.649329 0
    outer loop
      vertex 43.0678 1.76777 4
      vertex 43.3225 1.46946 2
      vertex 43.3225 1.46946 4
    endloop
  endfacet
  facet normal 0.649445 -0.760409 0
    outer loop
      vertex 39.5322 1.76777 2
      vertex 39.8305 2.02254 4
      vertex 39.5322 1.76777 4
    endloop
  endfacet
  facet normal 0.649445 -0.760409 0
    outer loop
      vertex 39.8305 2.02254 4
      vertex 39.5322 1.76777 2
      vertex 39.8305 2.02254 2
    endloop
  endfacet
  facet normal 0.382613 -0.923909 0
    outer loop
      vertex 40.165 2.22752 2
      vertex 40.5275 2.37764 4
      vertex 40.165 2.22752 4
    endloop
  endfacet
  facet normal 0.382613 -0.923909 0
    outer loop
      vertex 40.5275 2.37764 4
      vertex 40.165 2.22752 2
      vertex 40.5275 2.37764 2
    endloop
  endfacet
  facet normal 0.760508 0.649329 0
    outer loop
      vertex 39.5322 -1.76777 4
      vertex 39.2775 -1.46946 2
      vertex 39.2775 -1.46946 4
    endloop
  endfacet
  facet normal 0.760508 0.649329 0
    outer loop
      vertex 39.2775 -1.46946 2
      vertex 39.5322 -1.76777 4
      vertex 39.5322 -1.76777 2
    endloop
  endfacet
  facet normal -0.923904 -0.382625 0
    outer loop
      vertex 43.6776 0.772542 2
      vertex 43.5275 1.13498 4
      vertex 43.5275 1.13498 2
    endloop
  endfacet
  facet normal -0.923904 -0.382625 0
    outer loop
      vertex 43.5275 1.13498 4
      vertex 43.6776 0.772542 2
      vertex 43.6776 0.772542 4
    endloop
  endfacet
  facet normal -0.972358 -0.233495 0
    outer loop
      vertex 43.7692 0.391086 2
      vertex 43.6776 0.772542 4
      vertex 43.6776 0.772542 2
    endloop
  endfacet
  facet normal -0.972358 -0.233495 0
    outer loop
      vertex 43.6776 0.772542 4
      vertex 43.7692 0.391086 2
      vertex 43.7692 0.391086 4
    endloop
  endfacet
  facet normal -0.852606 -0.522555 0
    outer loop
      vertex 43.5275 1.13498 2
      vertex 43.3225 1.46946 4
      vertex 43.3225 1.46946 2
    endloop
  endfacet
  facet normal -0.852606 -0.522555 0
    outer loop
      vertex 43.3225 1.46946 4
      vertex 43.5275 1.13498 2
      vertex 43.5275 1.13498 4
    endloop
  endfacet
  facet normal -0.522495 -0.852642 0
    outer loop
      vertex 42.435 2.22752 2
      vertex 42.7695 2.02254 4
      vertex 42.435 2.22752 4
    endloop
  endfacet
  facet normal -0.522495 -0.852642 -0
    outer loop
      vertex 42.7695 2.02254 4
      vertex 42.435 2.22752 2
      vertex 42.7695 2.02254 2
    endloop
  endfacet
  facet normal -0.382613 -0.923909 0
    outer loop
      vertex 42.0725 2.37764 2
      vertex 42.435 2.22752 4
      vertex 42.0725 2.37764 4
    endloop
  endfacet
  facet normal -0.382613 -0.923909 -0
    outer loop
      vertex 42.435 2.22752 4
      vertex 42.0725 2.37764 2
      vertex 42.435 2.22752 2
    endloop
  endfacet
  facet normal -0.649445 -0.760409 0
    outer loop
      vertex 42.7695 2.02254 2
      vertex 43.0678 1.76777 4
      vertex 42.7695 2.02254 4
    endloop
  endfacet
  facet normal -0.649445 -0.760409 -0
    outer loop
      vertex 43.0678 1.76777 4
      vertex 42.7695 2.02254 2
      vertex 43.0678 1.76777 2
    endloop
  endfacet
  facet normal 0.852606 -0.522555 0
    outer loop
      vertex 39.0725 1.13498 4
      vertex 39.2775 1.46946 2
      vertex 39.2775 1.46946 4
    endloop
  endfacet
  facet normal 0.852606 -0.522555 0
    outer loop
      vertex 39.2775 1.46946 2
      vertex 39.0725 1.13498 4
      vertex 39.0725 1.13498 2
    endloop
  endfacet
  facet normal 0.760508 -0.649329 0
    outer loop
      vertex 39.2775 1.46946 4
      vertex 39.5322 1.76777 2
      vertex 39.5322 1.76777 4
    endloop
  endfacet
  facet normal 0.760508 -0.649329 0
    outer loop
      vertex 39.5322 1.76777 2
      vertex 39.2775 1.46946 4
      vertex 39.2775 1.46946 2
    endloop
  endfacet
  facet normal 0.923904 -0.382625 0
    outer loop
      vertex 38.9224 0.772542 4
      vertex 39.0725 1.13498 2
      vertex 39.0725 1.13498 4
    endloop
  endfacet
  facet normal 0.923904 -0.382625 0
    outer loop
      vertex 39.0725 1.13498 2
      vertex 38.9224 0.772542 4
      vertex 38.9224 0.772542 2
    endloop
  endfacet
  facet normal 0.522495 -0.852642 0
    outer loop
      vertex 39.8305 2.02254 2
      vertex 40.165 2.22752 4
      vertex 39.8305 2.02254 4
    endloop
  endfacet
  facet normal 0.522495 -0.852642 0
    outer loop
      vertex 40.165 2.22752 4
      vertex 39.8305 2.02254 2
      vertex 40.165 2.22752 2
    endloop
  endfacet
  facet normal 0.0784585 -0.996917 0
    outer loop
      vertex 40.9089 2.46922 2
      vertex 41.3 2.5 4
      vertex 40.9089 2.46922 4
    endloop
  endfacet
  facet normal 0.0784585 -0.996917 0
    outer loop
      vertex 41.3 2.5 4
      vertex 40.9089 2.46922 2
      vertex 41.3 2.5 2
    endloop
  endfacet
  facet normal -0.852606 0.522555 0
    outer loop
      vertex 43.3225 -1.46946 2
      vertex 43.5275 -1.13498 4
      vertex 43.5275 -1.13498 2
    endloop
  endfacet
  facet normal -0.852606 0.522555 0
    outer loop
      vertex 43.5275 -1.13498 4
      vertex 43.3225 -1.46946 2
      vertex 43.3225 -1.46946 4
    endloop
  endfacet
  facet normal -0.522495 0.852642 0
    outer loop
      vertex 42.7695 -2.02254 2
      vertex 42.435 -2.22752 4
      vertex 42.7695 -2.02254 4
    endloop
  endfacet
  facet normal -0.522495 0.852642 0
    outer loop
      vertex 42.435 -2.22752 4
      vertex 42.7695 -2.02254 2
      vertex 42.435 -2.22752 2
    endloop
  endfacet
  facet normal -0.760508 0.649329 0
    outer loop
      vertex 43.0678 -1.76777 2
      vertex 43.3225 -1.46946 4
      vertex 43.3225 -1.46946 2
    endloop
  endfacet
  facet normal -0.760508 0.649329 0
    outer loop
      vertex 43.3225 -1.46946 4
      vertex 43.0678 -1.76777 2
      vertex 43.0678 -1.76777 4
    endloop
  endfacet
  facet normal -0.972358 0.233495 0
    outer loop
      vertex 43.6776 -0.772542 2
      vertex 43.7692 -0.391086 4
      vertex 43.7692 -0.391086 2
    endloop
  endfacet
  facet normal -0.972358 0.233495 0
    outer loop
      vertex 43.7692 -0.391086 4
      vertex 43.6776 -0.772542 2
      vertex 43.6776 -0.772542 4
    endloop
  endfacet
  facet normal 0.382613 0.923909 -0
    outer loop
      vertex 40.5275 -2.37764 2
      vertex 40.165 -2.22752 4
      vertex 40.5275 -2.37764 4
    endloop
  endfacet
  facet normal 0.382613 0.923909 0
    outer loop
      vertex 40.165 -2.22752 4
      vertex 40.5275 -2.37764 2
      vertex 40.165 -2.22752 2
    endloop
  endfacet
  facet normal 0.649445 0.760409 -0
    outer loop
      vertex 39.8305 -2.02254 2
      vertex 39.5322 -1.76777 4
      vertex 39.8305 -2.02254 4
    endloop
  endfacet
  facet normal 0.649445 0.760409 0
    outer loop
      vertex 39.5322 -1.76777 4
      vertex 39.8305 -2.02254 2
      vertex 39.5322 -1.76777 2
    endloop
  endfacet
  facet normal 0.522495 0.852642 -0
    outer loop
      vertex 40.165 -2.22752 2
      vertex 39.8305 -2.02254 4
      vertex 40.165 -2.22752 4
    endloop
  endfacet
  facet normal 0.522495 0.852642 0
    outer loop
      vertex 39.8305 -2.02254 4
      vertex 40.165 -2.22752 2
      vertex 39.8305 -2.02254 2
    endloop
  endfacet
  facet normal 0.852606 0.522555 0
    outer loop
      vertex 39.2775 -1.46946 4
      vertex 39.0725 -1.13498 2
      vertex 39.0725 -1.13498 4
    endloop
  endfacet
  facet normal 0.852606 0.522555 0
    outer loop
      vertex 39.0725 -1.13498 2
      vertex 39.2775 -1.46946 4
      vertex 39.2775 -1.46946 2
    endloop
  endfacet
  facet normal -0.233479 -0.972362 0
    outer loop
      vertex 41.6911 2.46922 2
      vertex 42.0725 2.37764 4
      vertex 41.6911 2.46922 4
    endloop
  endfacet
  facet normal -0.233479 -0.972362 -0
    outer loop
      vertex 42.0725 2.37764 4
      vertex 41.6911 2.46922 2
      vertex 42.0725 2.37764 2
    endloop
  endfacet
  facet normal 0.233479 -0.972362 0
    outer loop
      vertex 40.5275 2.37764 2
      vertex 40.9089 2.46922 4
      vertex 40.5275 2.37764 4
    endloop
  endfacet
  facet normal 0.233479 -0.972362 0
    outer loop
      vertex 40.9089 2.46922 4
      vertex 40.5275 2.37764 2
      vertex 40.9089 2.46922 2
    endloop
  endfacet
  facet normal -0.382613 0.923909 0
    outer loop
      vertex 42.435 -2.22752 2
      vertex 42.0725 -2.37764 4
      vertex 42.435 -2.22752 4
    endloop
  endfacet
  facet normal -0.382613 0.923909 0
    outer loop
      vertex 42.0725 -2.37764 4
      vertex 42.435 -2.22752 2
      vertex 42.0725 -2.37764 2
    endloop
  endfacet
  facet normal -0.0784585 0.996917 0
    outer loop
      vertex 41.6911 -2.46922 2
      vertex 41.3 -2.5 4
      vertex 41.6911 -2.46922 4
    endloop
  endfacet
  facet normal -0.0784585 0.996917 0
    outer loop
      vertex 41.3 -2.5 4
      vertex 41.6911 -2.46922 2
      vertex 41.3 -2.5 2
    endloop
  endfacet
  facet normal -0.233479 0.972362 0
    outer loop
      vertex 42.0725 -2.37764 2
      vertex 41.6911 -2.46922 4
      vertex 42.0725 -2.37764 4
    endloop
  endfacet
  facet normal -0.233479 0.972362 0
    outer loop
      vertex 41.6911 -2.46922 4
      vertex 42.0725 -2.37764 2
      vertex 41.6911 -2.46922 2
    endloop
  endfacet
  facet normal -0.649445 0.760409 0
    outer loop
      vertex 43.0678 -1.76777 2
      vertex 42.7695 -2.02254 4
      vertex 43.0678 -1.76777 4
    endloop
  endfacet
  facet normal -0.649445 0.760409 0
    outer loop
      vertex 42.7695 -2.02254 4
      vertex 43.0678 -1.76777 2
      vertex 42.7695 -2.02254 2
    endloop
  endfacet
  facet normal -0.996913 0.078512 0
    outer loop
      vertex 43.7692 -0.391086 2
      vertex 43.8 0 4
      vertex 43.8 0 2
    endloop
  endfacet
  facet normal -0.996913 0.078512 0
    outer loop
      vertex 43.8 0 4
      vertex 43.7692 -0.391086 2
      vertex 43.7692 -0.391086 4
    endloop
  endfacet
  facet normal 0.233479 0.972362 -0
    outer loop
      vertex 40.9089 -2.46922 2
      vertex 40.5275 -2.37764 4
      vertex 40.9089 -2.46922 4
    endloop
  endfacet
  facet normal 0.233479 0.972362 0
    outer loop
      vertex 40.5275 -2.37764 4
      vertex 40.9089 -2.46922 2
      vertex 40.5275 -2.37764 2
    endloop
  endfacet
  facet normal 0.0784585 0.996917 -0
    outer loop
      vertex 41.3 -2.5 2
      vertex 40.9089 -2.46922 4
      vertex 41.3 -2.5 4
    endloop
  endfacet
  facet normal 0.0784585 0.996917 0
    outer loop
      vertex 40.9089 -2.46922 4
      vertex 41.3 -2.5 2
      vertex 40.9089 -2.46922 2
    endloop
  endfacet
  facet normal 0.923904 0.382625 0
    outer loop
      vertex 39.0725 -1.13498 4
      vertex 38.9224 -0.772542 2
      vertex 38.9224 -0.772542 4
    endloop
  endfacet
  facet normal 0.923904 0.382625 0
    outer loop
      vertex 38.9224 -0.772542 2
      vertex 39.0725 -1.13498 4
      vertex 39.0725 -1.13498 2
    endloop
  endfacet
  facet normal 0.996913 0.078512 0
    outer loop
      vertex 38.8308 -0.391086 4
      vertex 38.8 0 2
      vertex 38.8 0 4
    endloop
  endfacet
  facet normal 0.996913 0.078512 0
    outer loop
      vertex 38.8 0 2
      vertex 38.8308 -0.391086 4
      vertex 38.8308 -0.391086 2
    endloop
  endfacet
  facet normal 0 0 -1
    outer loop
      vertex 43.7692 -0.391086 4
      vertex 43.7692 0.391086 4
      vertex 43.8 0 4
    endloop
  endfacet
  facet normal 0 0 -1
    outer loop
      vertex 43.6776 -0.772542 4
      vertex 43.7692 0.391086 4
      vertex 43.7692 -0.391086 4
    endloop
  endfacet
  facet normal 0 0 -1
    outer loop
      vertex 43.6776 -0.772542 4
      vertex 43.6776 0.772542 4
      vertex 43.7692 0.391086 4
    endloop
  endfacet
  facet normal 0 0 -1
    outer loop
      vertex 43.5275 -1.13498 4
      vertex 43.6776 0.772542 4
      vertex 43.6776 -0.772542 4
    endloop
  endfacet
  facet normal 0 0 -1
    outer loop
      vertex 43.5275 -1.13498 4
      vertex 43.5275 1.13498 4
      vertex 43.6776 0.772542 4
    endloop
  endfacet
  facet normal 0 0 -1
    outer loop
      vertex 43.3225 -1.46946 4
      vertex 43.5275 1.13498 4
      vertex 43.5275 -1.13498 4
    endloop
  endfacet
  facet normal 0 0 -1
    outer loop
      vertex 43.3225 -1.46946 4
      vertex 43.3225 1.46946 4
      vertex 43.5275 1.13498 4
    endloop
  endfacet
  facet normal 0 0 -1
    outer loop
      vertex 43.0678 -1.76777 4
      vertex 43.3225 1.46946 4
      vertex 43.3225 -1.46946 4
    endloop
  endfacet
  facet normal 0 0 -1
    outer loop
      vertex 43.0678 -1.76777 4
      vertex 43.0678 1.76777 4
      vertex 43.3225 1.46946 4
    endloop
  endfacet
  facet normal 0 0 -1
    outer loop
      vertex 42.7695 -2.02254 4
      vertex 43.0678 1.76777 4
      vertex 43.0678 -1.76777 4
    endloop
  endfacet
  facet normal 0 0 -1
    outer loop
      vertex 42.7695 -2.02254 4
      vertex 42.7695 2.02254 4
      vertex 43.0678 1.76777 4
    endloop
  endfacet
  facet normal 0 0 -1
    outer loop
      vertex 42.435 -2.22752 4
      vertex 42.7695 2.02254 4
      vertex 42.7695 -2.02254 4
    endloop
  endfacet
  facet normal 0 0 -1
    outer loop
      vertex 42.435 -2.22752 4
      vertex 42.435 2.22752 4
      vertex 42.7695 2.02254 4
    endloop
  endfacet
  facet normal 0 0 -1
    outer loop
      vertex 42.0725 -2.37764 4
      vertex 42.435 2.22752 4
      vertex 42.435 -2.22752 4
    endloop
  endfacet
  facet normal 0 0 -1
    outer loop
      vertex 42.0725 -2.37764 4
      vertex 42.0725 2.37764 4
      vertex 42.435 2.22752 4
    endloop
  endfacet
  facet normal 0 0 -1
    outer loop
      vertex 41.6911 -2.46922 4
      vertex 42.0725 2.37764 4
      vertex 42.0725 -2.37764 4
    endloop
  endfacet
  facet normal 0 0 -1
    outer loop
      vertex 41.6911 -2.46922 4
      vertex 41.6911 2.46922 4
      vertex 42.0725 2.37764 4
    endloop
  endfacet
  facet normal 0 0 -1
    outer loop
      vertex 41.3 -2.5 4
      vertex 41.6911 2.46922 4
      vertex 41.6911 -2.46922 4
    endloop
  endfacet
  facet normal 0 0 -1
    outer loop
      vertex 41.3 -2.5 4
      vertex 41.3 2.5 4
      vertex 41.6911 2.46922 4
    endloop
  endfacet
  facet normal 0 0 -1
    outer loop
      vertex 40.9089 -2.46922 4
      vertex 41.3 2.5 4
      vertex 41.3 -2.5 4
    endloop
  endfacet
  facet normal 0 0 -1
    outer loop
      vertex 40.9089 -2.46922 4
      vertex 40.9089 2.46922 4
      vertex 41.3 2.5 4
    endloop
  endfacet
  facet normal 0 0 -1
    outer loop
      vertex 40.5275 -2.37764 4
      vertex 40.9089 2.46922 4
      vertex 40.9089 -2.46922 4
    endloop
  endfacet
  facet normal 0 0 -1
    outer loop
      vertex 40.5275 -2.37764 4
      vertex 40.5275 2.37764 4
      vertex 40.9089 2.46922 4
    endloop
  endfacet
  facet normal 0 0 -1
    outer loop
      vertex 40.165 -2.22752 4
      vertex 40.5275 2.37764 4
      vertex 40.5275 -2.37764 4
    endloop
  endfacet
  facet normal 0 0 -1
    outer loop
      vertex 40.165 -2.22752 4
      vertex 40.165 2.22752 4
      vertex 40.5275 2.37764 4
    endloop
  endfacet
  facet normal 0 0 -1
    outer loop
      vertex 39.8305 -2.02254 4
      vertex 40.165 2.22752 4
      vertex 40.165 -2.22752 4
    endloop
  endfacet
  facet normal 0 0 -1
    outer loop
      vertex 39.8305 -2.02254 4
      vertex 39.8305 2.02254 4
      vertex 40.165 2.22752 4
    endloop
  endfacet
  facet normal 0 0 -1
    outer loop
      vertex 39.5322 -1.76777 4
      vertex 39.8305 2.02254 4
      vertex 39.8305 -2.02254 4
    endloop
  endfacet
  facet normal 0 0 -1
    outer loop
      vertex 39.5322 -1.76777 4
      vertex 39.5322 1.76777 4
      vertex 39.8305 2.02254 4
    endloop
  endfacet
  facet normal 0 0 -1
    outer loop
      vertex 39.2775 -1.46946 4
      vertex 39.5322 1.76777 4
      vertex 39.5322 -1.76777 4
    endloop
  endfacet
  facet normal 0 0 -1
    outer loop
      vertex 39.2775 -1.46946 4
      vertex 39.2775 1.46946 4
      vertex 39.5322 1.76777 4
    endloop
  endfacet
  facet normal 0 0 -1
    outer loop
      vertex 39.0725 -1.13498 4
      vertex 39.2775 1.46946 4
      vertex 39.2775 -1.46946 4
    endloop
  endfacet
  facet normal 0 0 -1
    outer loop
      vertex 39.0725 -1.13498 4
      vertex 39.0725 1.13498 4
      vertex 39.2775 1.46946 4
    endloop
  endfacet
  facet normal 0 0 -1
    outer loop
      vertex 38.9224 -0.772542 4
      vertex 39.0725 1.13498 4
      vertex 39.0725 -1.13498 4
    endloop
  endfacet
  facet normal 0 0 -1
    outer loop
      vertex 38.9224 -0.772542 4
      vertex 38.9224 0.772542 4
      vertex 39.0725 1.13498 4
    endloop
  endfacet
  facet normal 0 0 -1
    outer loop
      vertex 38.8308 -0.391086 4
      vertex 38.9224 0.772542 4
      vertex 38.9224 -0.772542 4
    endloop
  endfacet
  facet normal 0 0 -1
    outer loop
      vertex 38.8308 -0.391086 4
      vertex 38.8308 0.391086 4
      vertex 38.9224 0.772542 4
    endloop
  endfacet
  facet normal 0 -0 -1
    outer loop
      vertex 38.8308 0.391086 4
      vertex 38.8308 -0.391086 4
      vertex 38.8 0 4
    endloop
  endfacet
  facet normal 0.972358 -0.233495 0
    outer loop
      vertex 38.8308 0.391086 4
      vertex 38.9224 0.772542 2
      vertex 38.9224 0.772542 4
    endloop
  endfacet
  facet normal 0.972358 -0.233495 0
    outer loop
      vertex 38.9224 0.772542 2
      vertex 38.8308 0.391086 4
      vertex 38.8308 0.391086 2
    endloop
  endfacet
  facet normal -0.923904 0.382625 0
    outer loop
      vertex 43.5275 -1.13498 2
      vertex 43.6776 -0.772542 4
      vertex 43.6776 -0.772542 2
    endloop
  endfacet
  facet normal -0.923904 0.382625 0
    outer loop
      vertex 43.6776 -0.772542 4
      vertex 43.5275 -1.13498 2
      vertex 43.5275 -1.13498 4
    endloop
  endfacet
  facet normal 0.972358 0.233495 0
    outer loop
      vertex 38.9224 -0.772542 4
      vertex 38.8308 -0.391086 2
      vertex 38.8308 -0.391086 4
    endloop
  endfacet
  facet normal 0.972358 0.233495 0
    outer loop
      vertex 38.8308 -0.391086 2
      vertex 38.9224 -0.772542 4
      vertex 38.9224 -0.772542 2
    endloop
  endfacet
  facet normal -0.824124 -0.56641 0
    outer loop
      vertex 37.9319 21.9 2
      vertex 37.7097 22.2233 4
      vertex 37.7097 22.2233 2
    endloop
  endfacet
  facet normal -0.824124 -0.56641 0
    outer loop
      vertex 37.7097 22.2233 4
      vertex 37.9319 21.9 2
      vertex 37.9319 21.9 4
    endloop
  endfacet
  facet normal 0.430517 -0.902582 0
    outer loop
      vertex 34.5168 22.8151 2
      vertex 34.8709 22.984 4
      vertex 34.5168 22.8151 4
    endloop
  endfacet
  facet normal 0.430517 -0.902582 0
    outer loop
      vertex 34.8709 22.984 4
      vertex 34.5168 22.8151 2
      vertex 34.8709 22.984 2
    endloop
  endfacet
  facet normal -0.182272 -0.983248 0
    outer loop
      vertex 36.0282 23.1363 2
      vertex 36.4139 23.0648 4
      vertex 36.0282 23.1363 4
    endloop
  endfacet
  facet normal -0.182272 -0.983248 -0
    outer loop
      vertex 36.4139 23.0648 4
      vertex 36.0282 23.1363 2
      vertex 36.4139 23.0648 2
    endloop
  endfacet
  facet normal 0.942604 -0.333913 0
    outer loop
      vertex 33.352 21.297 4
      vertex 33.483 21.6668 2
      vertex 33.483 21.6668 4
    endloop
  endfacet
  facet normal 0.942604 -0.333913 0
    outer loop
      vertex 33.483 21.6668 2
      vertex 33.352 21.297 4
      vertex 33.352 21.297 2
    endloop
  endfacet
  facet normal 0.688515 -0.725222 0
    outer loop
      vertex 33.909 22.3228 2
      vertex 34.1935 22.5929 4
      vertex 33.909 22.3228 4
    endloop
  endfacet
  facet normal 0.688515 -0.725222 0
    outer loop
      vertex 34.1935 22.5929 4
      vertex 33.909 22.3228 2
      vertex 34.1935 22.5929 2
    endloop
  endfacet
  facet normal -0.477244 -0.878771 0
    outer loop
      vertex 36.7837 22.9339 2
      vertex 37.1284 22.7467 4
      vertex 36.7837 22.9339 4
    endloop
  endfacet
  facet normal -0.477244 -0.878771 -0
    outer loop
      vertex 37.1284 22.7467 4
      vertex 36.7837 22.9339 2
      vertex 37.1284 22.7467 2
    endloop
  endfacet
  facet normal -0.333687 -0.942684 0
    outer loop
      vertex 36.4139 23.0648 2
      vertex 36.7837 22.9339 4
      vertex 36.4139 23.0648 4
    endloop
  endfacet
  facet normal -0.333687 -0.942684 -0
    outer loop
      vertex 36.7837 22.9339 4
      vertex 36.4139 23.0648 2
      vertex 36.7837 22.9339 2
    endloop
  endfacet
  facet normal 0.130527 -0.991445 0
    outer loop
      vertex 35.2471 23.0954 2
      vertex 35.636 23.1466 4
      vertex 35.2471 23.0954 4
    endloop
  endfacet
  facet normal 0.130527 -0.991445 0
    outer loop
      vertex 35.636 23.1466 4
      vertex 35.2471 23.0954 2
      vertex 35.636 23.1466 2
    endloop
  endfacet
  facet normal 0.283932 -0.958844 0
    outer loop
      vertex 34.8709 22.984 2
      vertex 35.2471 23.0954 4
      vertex 34.8709 22.984 4
    endloop
  endfacet
  facet normal 0.283932 -0.958844 0
    outer loop
      vertex 35.2471 23.0954 4
      vertex 34.8709 22.984 2
      vertex 35.2471 23.0954 2
    endloop
  endfacet
  facet normal -0.0262531 -0.999655 0
    outer loop
      vertex 35.636 23.1466 2
      vertex 36.0282 23.1363 4
      vertex 35.636 23.1466 4
    endloop
  endfacet
  facet normal -0.0262531 -0.999655 -0
    outer loop
      vertex 36.0282 23.1363 4
      vertex 35.636 23.1466 2
      vertex 36.0282 23.1363 2
    endloop
  endfacet
  facet normal 0.999662 -0.026005 0
    outer loop
      vertex 33.2703 20.5192 4
      vertex 33.2805 20.9113 2
      vertex 33.2805 20.9113 4
    endloop
  endfacet
  facet normal 0.999662 -0.026005 0
    outer loop
      vertex 33.2805 20.9113 2
      vertex 33.2703 20.5192 4
      vertex 33.2703 20.5192 2
    endloop
  endfacet
  facet normal 0.983248 -0.182272 0
    outer loop
      vertex 33.2805 20.9113 4
      vertex 33.352 21.297 2
      vertex 33.352 21.297 4
    endloop
  endfacet
  facet normal 0.983248 -0.182272 0
    outer loop
      vertex 33.352 21.297 2
      vertex 33.2805 20.9113 4
      vertex 33.2805 20.9113 2
    endloop
  endfacet
  facet normal 0.958824 0.284002 0
    outer loop
      vertex 33.4329 19.7541 4
      vertex 33.3215 20.1302 2
      vertex 33.3215 20.1302 4
    endloop
  endfacet
  facet normal 0.958824 0.284002 0
    outer loop
      vertex 33.3215 20.1302 2
      vertex 33.4329 19.7541 4
      vertex 33.4329 19.7541 2
    endloop
  endfacet
  facet normal 0.878829 -0.477137 0
    outer loop
      vertex 33.483 21.6668 4
      vertex 33.6702 22.0116 2
      vertex 33.6702 22.0116 4
    endloop
  endfacet
  facet normal 0.878829 -0.477137 0
    outer loop
      vertex 33.6702 22.0116 2
      vertex 33.483 21.6668 4
      vertex 33.483 21.6668 2
    endloop
  endfacet
  facet normal 0.56641 -0.824124 0
    outer loop
      vertex 34.1935 22.5929 2
      vertex 34.5168 22.8151 4
      vertex 34.1935 22.5929 4
    endloop
  endfacet
  facet normal 0.56641 -0.824124 0
    outer loop
      vertex 34.5168 22.8151 4
      vertex 34.1935 22.5929 2
      vertex 34.5168 22.8151 2
    endloop
  endfacet
  facet normal -0.902582 -0.430517 0
    outer loop
      vertex 38.1008 21.5459 2
      vertex 37.9319 21.9 4
      vertex 37.9319 21.9 2
    endloop
  endfacet
  facet normal -0.902582 -0.430517 0
    outer loop
      vertex 37.9319 21.9 4
      vertex 38.1008 21.5459 2
      vertex 38.1008 21.5459 4
    endloop
  endfacet
  facet normal -0.430616 0.902535 0
    outer loop
      vertex 37.0168 18.4849 2
      vertex 36.6628 18.316 4
      vertex 37.0168 18.4849 4
    endloop
  endfacet
  facet normal -0.430616 0.902535 0
    outer loop
      vertex 36.6628 18.316 4
      vertex 37.0168 18.4849 2
      vertex 36.6628 18.316 2
    endloop
  endfacet
  facet normal -0.608651 -0.793438 0
    outer loop
      vertex 37.1284 22.7467 2
      vertex 37.4397 22.5079 4
      vertex 37.1284 22.7467 4
    endloop
  endfacet
  facet normal -0.608651 -0.793438 -0
    outer loop
      vertex 37.4397 22.5079 4
      vertex 37.1284 22.7467 2
      vertex 37.4397 22.5079 2
    endloop
  endfacet
  facet normal -0.72547 -0.688254 0
    outer loop
      vertex 37.7097 22.2233 2
      vertex 37.4397 22.5079 4
      vertex 37.4397 22.5079 2
    endloop
  endfacet
  facet normal -0.72547 -0.688254 0
    outer loop
      vertex 37.4397 22.5079 4
      vertex 37.7097 22.2233 2
      vertex 37.7097 22.2233 4
    endloop
  endfacet
  facet normal 0.902582 0.430517 0
    outer loop
      vertex 33.6018 19.4 4
      vertex 33.4329 19.7541 2
      vertex 33.4329 19.7541 4
    endloop
  endfacet
  facet normal 0.902582 0.430517 0
    outer loop
      vertex 33.4329 19.7541 2
      vertex 33.6018 19.4 4
      vertex 33.6018 19.4 2
    endloop
  endfacet
  facet normal -0.958824 -0.284002 0
    outer loop
      vertex 38.2122 21.1698 2
      vertex 38.1008 21.5459 4
      vertex 38.1008 21.5459 2
    endloop
  endfacet
  facet normal -0.958824 -0.284002 0
    outer loop
      vertex 38.1008 21.5459 4
      vertex 38.2122 21.1698 2
      vertex 38.2122 21.1698 4
    endloop
  endfacet
  facet normal 0.608651 0.793438 -0
    outer loop
      vertex 34.4053 18.5533 2
      vertex 34.094 18.7921 4
      vertex 34.4053 18.5533 4
    endloop
  endfacet
  facet normal 0.608651 0.793438 0
    outer loop
      vertex 34.094 18.7921 4
      vertex 34.4053 18.5533 2
      vertex 34.094 18.7921 2
    endloop
  endfacet
  facet normal 0.824124 0.56641 0
    outer loop
      vertex 33.824 19.0767 4
      vertex 33.6018 19.4 2
      vertex 33.6018 19.4 4
    endloop
  endfacet
  facet normal 0.824124 0.56641 0
    outer loop
      vertex 33.6018 19.4 2
      vertex 33.824 19.0767 4
      vertex 33.824 19.0767 2
    endloop
  endfacet
  facet normal -0.688388 0.725343 0
    outer loop
      vertex 37.6247 18.9772 2
      vertex 37.3401 18.7071 4
      vertex 37.6247 18.9772 4
    endloop
  endfacet
  facet normal -0.688388 0.725343 0
    outer loop
      vertex 37.3401 18.7071 4
      vertex 37.6247 18.9772 2
      vertex 37.3401 18.7071 2
    endloop
  endfacet
  facet normal 0.991449 0.130494 0
    outer loop
      vertex 33.3215 20.1302 4
      vertex 33.2703 20.5192 2
      vertex 33.2703 20.5192 4
    endloop
  endfacet
  facet normal 0.991449 0.130494 0
    outer loop
      vertex 33.2703 20.5192 2
      vertex 33.3215 20.1302 4
      vertex 33.3215 20.1302 2
    endloop
  endfacet
  facet normal 0 0 -1
    outer loop
      vertex 38.2532 20.3887 4
      vertex 38.2122 21.1698 4
      vertex 38.2634 20.7808 4
    endloop
  endfacet
  facet normal 0 0 -1
    outer loop
      vertex 38.1817 20.003 4
      vertex 38.2122 21.1698 4
      vertex 38.2532 20.3887 4
    endloop
  endfacet
  facet normal 0 0 -1
    outer loop
      vertex 38.1817 20.003 4
      vertex 38.1008 21.5459 4
      vertex 38.2122 21.1698 4
    endloop
  endfacet
  facet normal 0 0 -1
    outer loop
      vertex 38.0507 19.6332 4
      vertex 38.1008 21.5459 4
      vertex 38.1817 20.003 4
    endloop
  endfacet
  facet normal 0 0 -1
    outer loop
      vertex 38.0507 19.6332 4
      vertex 37.9319 21.9 4
      vertex 38.1008 21.5459 4
    endloop
  endfacet
  facet normal 0 0 -1
    outer loop
      vertex 37.8635 19.2884 4
      vertex 37.9319 21.9 4
      vertex 38.0507 19.6332 4
    endloop
  endfacet
  facet normal 0 0 -1
    outer loop
      vertex 37.8635 19.2884 4
      vertex 37.7097 22.2233 4
      vertex 37.9319 21.9 4
    endloop
  endfacet
  facet normal 0 0 -1
    outer loop
      vertex 37.6247 18.9772 4
      vertex 37.7097 22.2233 4
      vertex 37.8635 19.2884 4
    endloop
  endfacet
  facet normal 0 0 -1
    outer loop
      vertex 37.6247 18.9772 4
      vertex 37.4397 22.5079 4
      vertex 37.7097 22.2233 4
    endloop
  endfacet
  facet normal 0 0 -1
    outer loop
      vertex 37.3401 18.7071 4
      vertex 37.4397 22.5079 4
      vertex 37.6247 18.9772 4
    endloop
  endfacet
  facet normal 0 0 -1
    outer loop
      vertex 37.3401 18.7071 4
      vertex 37.1284 22.7467 4
      vertex 37.4397 22.5079 4
    endloop
  endfacet
  facet normal 0 0 -1
    outer loop
      vertex 37.0168 18.4849 4
      vertex 37.1284 22.7467 4
      vertex 37.3401 18.7071 4
    endloop
  endfacet
  facet normal 0 0 -1
    outer loop
      vertex 37.0168 18.4849 4
      vertex 36.7837 22.9339 4
      vertex 37.1284 22.7467 4
    endloop
  endfacet
  facet normal 0 0 -1
    outer loop
      vertex 36.6628 18.316 4
      vertex 36.7837 22.9339 4
      vertex 37.0168 18.4849 4
    endloop
  endfacet
  facet normal 0 0 -1
    outer loop
      vertex 36.6628 18.316 4
      vertex 36.4139 23.0648 4
      vertex 36.7837 22.9339 4
    endloop
  endfacet
  facet normal 0 0 -1
    outer loop
      vertex 36.2866 18.2046 4
      vertex 36.4139 23.0648 4
      vertex 36.6628 18.316 4
    endloop
  endfacet
  facet normal 0 0 -1
    outer loop
      vertex 36.2866 18.2046 4
      vertex 36.0282 23.1363 4
      vertex 36.4139 23.0648 4
    endloop
  endfacet
  facet normal 0 0 -1
    outer loop
      vertex 35.8977 18.1534 4
      vertex 36.0282 23.1363 4
      vertex 36.2866 18.2046 4
    endloop
  endfacet
  facet normal 0 0 -1
    outer loop
      vertex 35.8977 18.1534 4
      vertex 35.636 23.1466 4
      vertex 36.0282 23.1363 4
    endloop
  endfacet
  facet normal 0 0 -1
    outer loop
      vertex 35.5055 18.1637 4
      vertex 35.636 23.1466 4
      vertex 35.8977 18.1534 4
    endloop
  endfacet
  facet normal 0 0 -1
    outer loop
      vertex 35.5055 18.1637 4
      vertex 35.2471 23.0954 4
      vertex 35.636 23.1466 4
    endloop
  endfacet
  facet normal 0 0 -1
    outer loop
      vertex 35.1198 18.2352 4
      vertex 35.2471 23.0954 4
      vertex 35.5055 18.1637 4
    endloop
  endfacet
  facet normal 0 0 -1
    outer loop
      vertex 35.1198 18.2352 4
      vertex 34.8709 22.984 4
      vertex 35.2471 23.0954 4
    endloop
  endfacet
  facet normal 0 0 -1
    outer loop
      vertex 34.75 18.3661 4
      vertex 34.8709 22.984 4
      vertex 35.1198 18.2352 4
    endloop
  endfacet
  facet normal 0 0 -1
    outer loop
      vertex 34.75 18.3661 4
      vertex 34.5168 22.8151 4
      vertex 34.8709 22.984 4
    endloop
  endfacet
  facet normal 0 0 -1
    outer loop
      vertex 34.4053 18.5533 4
      vertex 34.5168 22.8151 4
      vertex 34.75 18.3661 4
    endloop
  endfacet
  facet normal 0 0 -1
    outer loop
      vertex 34.4053 18.5533 4
      vertex 34.1935 22.5929 4
      vertex 34.5168 22.8151 4
    endloop
  endfacet
  facet normal 0 0 -1
    outer loop
      vertex 34.094 18.7921 4
      vertex 34.1935 22.5929 4
      vertex 34.4053 18.5533 4
    endloop
  endfacet
  facet normal 0 0 -1
    outer loop
      vertex 34.094 18.7921 4
      vertex 33.909 22.3228 4
      vertex 34.1935 22.5929 4
    endloop
  endfacet
  facet normal 0 0 -1
    outer loop
      vertex 33.824 19.0767 4
      vertex 33.909 22.3228 4
      vertex 34.094 18.7921 4
    endloop
  endfacet
  facet normal 0 0 -1
    outer loop
      vertex 33.824 19.0767 4
      vertex 33.6702 22.0116 4
      vertex 33.909 22.3228 4
    endloop
  endfacet
  facet normal 0 0 -1
    outer loop
      vertex 33.6018 19.4 4
      vertex 33.6702 22.0116 4
      vertex 33.824 19.0767 4
    endloop
  endfacet
  facet normal 0 0 -1
    outer loop
      vertex 33.6018 19.4 4
      vertex 33.483 21.6668 4
      vertex 33.6702 22.0116 4
    endloop
  endfacet
  facet normal 0 0 -1
    outer loop
      vertex 33.4329 19.7541 4
      vertex 33.483 21.6668 4
      vertex 33.6018 19.4 4
    endloop
  endfacet
  facet normal 0 0 -1
    outer loop
      vertex 33.4329 19.7541 4
      vertex 33.352 21.297 4
      vertex 33.483 21.6668 4
    endloop
  endfacet
  facet normal 0 0 -1
    outer loop
      vertex 33.3215 20.1302 4
      vertex 33.352 21.297 4
      vertex 33.4329 19.7541 4
    endloop
  endfacet
  facet normal 0 0 -1
    outer loop
      vertex 33.3215 20.1302 4
      vertex 33.2805 20.9113 4
      vertex 33.352 21.297 4
    endloop
  endfacet
  facet normal 0 -0 -1
    outer loop
      vertex 33.2805 20.9113 4
      vertex 33.3215 20.1302 4
      vertex 33.2703 20.5192 4
    endloop
  endfacet
  facet normal 0.793344 -0.608774 0
    outer loop
      vertex 33.6702 22.0116 4
      vertex 33.909 22.3228 2
      vertex 33.909 22.3228 4
    endloop
  endfacet
  facet normal 0.793344 -0.608774 0
    outer loop
      vertex 33.909 22.3228 2
      vertex 33.6702 22.0116 4
      vertex 33.6702 22.0116 2
    endloop
  endfacet
  facet normal -0.999662 0.026005 0
    outer loop
      vertex 38.2532 20.3887 2
      vertex 38.2634 20.7808 4
      vertex 38.2634 20.7808 2
    endloop
  endfacet
  facet normal -0.999662 0.026005 0
    outer loop
      vertex 38.2634 20.7808 4
      vertex 38.2532 20.3887 2
      vertex 38.2532 20.3887 4
    endloop
  endfacet
  facet normal -0.878829 0.477137 0
    outer loop
      vertex 37.8635 19.2884 2
      vertex 38.0507 19.6332 4
      vertex 38.0507 19.6332 2
    endloop
  endfacet
  facet normal -0.878829 0.477137 0
    outer loop
      vertex 38.0507 19.6332 4
      vertex 37.8635 19.2884 2
      vertex 37.8635 19.2884 4
    endloop
  endfacet
  facet normal -0.983248 0.182272 0
    outer loop
      vertex 38.1817 20.003 2
      vertex 38.2532 20.3887 4
      vertex 38.2532 20.3887 2
    endloop
  endfacet
  facet normal -0.983248 0.182272 0
    outer loop
      vertex 38.2532 20.3887 4
      vertex 38.1817 20.003 2
      vertex 38.1817 20.003 4
    endloop
  endfacet
  facet normal -0.991449 -0.130494 0
    outer loop
      vertex 38.2634 20.7808 2
      vertex 38.2122 21.1698 4
      vertex 38.2122 21.1698 2
    endloop
  endfacet
  facet normal -0.991449 -0.130494 0
    outer loop
      vertex 38.2122 21.1698 4
      vertex 38.2634 20.7808 2
      vertex 38.2634 20.7808 4
    endloop
  endfacet
  facet normal -0.56641 0.824124 0
    outer loop
      vertex 37.3401 18.7071 2
      vertex 37.0168 18.4849 4
      vertex 37.3401 18.7071 4
    endloop
  endfacet
  facet normal -0.56641 0.824124 0
    outer loop
      vertex 37.0168 18.4849 4
      vertex 37.3401 18.7071 2
      vertex 37.0168 18.4849 2
    endloop
  endfacet
  facet normal -0.283932 0.958844 0
    outer loop
      vertex 36.6628 18.316 2
      vertex 36.2866 18.2046 4
      vertex 36.6628 18.316 4
    endloop
  endfacet
  facet normal -0.283932 0.958844 0
    outer loop
      vertex 36.2866 18.2046 4
      vertex 36.6628 18.316 2
      vertex 36.2866 18.2046 2
    endloop
  endfacet
  facet normal 0.333687 0.942684 -0
    outer loop
      vertex 35.1198 18.2352 2
      vertex 34.75 18.3661 4
      vertex 35.1198 18.2352 4
    endloop
  endfacet
  facet normal 0.333687 0.942684 0
    outer loop
      vertex 34.75 18.3661 4
      vertex 35.1198 18.2352 2
      vertex 34.75 18.3661 2
    endloop
  endfacet
  facet normal -0.793344 0.608774 0
    outer loop
      vertex 37.6247 18.9772 2
      vertex 37.8635 19.2884 4
      vertex 37.8635 19.2884 2
    endloop
  endfacet
  facet normal -0.793344 0.608774 0
    outer loop
      vertex 37.8635 19.2884 4
      vertex 37.6247 18.9772 2
      vertex 37.6247 18.9772 4
    endloop
  endfacet
  facet normal -0.942604 0.333913 0
    outer loop
      vertex 38.0507 19.6332 2
      vertex 38.1817 20.003 4
      vertex 38.1817 20.003 2
    endloop
  endfacet
  facet normal -0.942604 0.333913 0
    outer loop
      vertex 38.1817 20.003 4
      vertex 38.0507 19.6332 2
      vertex 38.0507 19.6332 4
    endloop
  endfacet
  facet normal 0.0262531 0.999655 -0
    outer loop
      vertex 35.8977 18.1534 2
      vertex 35.5055 18.1637 4
      vertex 35.8977 18.1534 4
    endloop
  endfacet
  facet normal 0.0262531 0.999655 0
    outer loop
      vertex 35.5055 18.1637 4
      vertex 35.8977 18.1534 2
      vertex 35.5055 18.1637 2
    endloop
  endfacet
  facet normal 0.182272 0.983248 -0
    outer loop
      vertex 35.5055 18.1637 2
      vertex 35.1198 18.2352 4
      vertex 35.5055 18.1637 4
    endloop
  endfacet
  facet normal 0.182272 0.983248 0
    outer loop
      vertex 35.1198 18.2352 4
      vertex 35.5055 18.1637 2
      vertex 35.1198 18.2352 2
    endloop
  endfacet
  facet normal 0.477244 0.878771 -0
    outer loop
      vertex 34.75 18.3661 2
      vertex 34.4053 18.5533 4
      vertex 34.75 18.3661 4
    endloop
  endfacet
  facet normal 0.477244 0.878771 0
    outer loop
      vertex 34.4053 18.5533 4
      vertex 34.75 18.3661 2
      vertex 34.4053 18.5533 2
    endloop
  endfacet
  facet normal 0.72547 0.688254 0
    outer loop
      vertex 34.094 18.7921 4
      vertex 33.824 19.0767 2
      vertex 33.824 19.0767 4
    endloop
  endfacet
  facet normal 0.72547 0.688254 0
    outer loop
      vertex 33.824 19.0767 2
      vertex 34.094 18.7921 4
      vertex 34.094 18.7921 2
    endloop
  endfacet
  facet normal -0.130527 0.991445 0
    outer loop
      vertex 36.2866 18.2046 2
      vertex 35.8977 18.1534 4
      vertex 36.2866 18.2046 4
    endloop
  endfacet
  facet normal -0.130527 0.991445 0
    outer loop
      vertex 35.8977 18.1534 4
      vertex 36.2866 18.2046 2
      vertex 35.8977 18.1534 2
    endloop
  endfacet
  facet normal -0.430517 -0.902582 0
    outer loop
      vertex 21.5459 38.1008 2
      vertex 21.9 37.9319 4
      vertex 21.5459 38.1008 4
    endloop
  endfacet
  facet normal -0.430517 -0.902582 -0
    outer loop
      vertex 21.9 37.9319 4
      vertex 21.5459 38.1008 2
      vertex 21.9 37.9319 2
    endloop
  endfacet
  facet normal 0.902535 -0.430616 0
    outer loop
      vertex 18.316 36.6628 4
      vertex 18.4849 37.0168 2
      vertex 18.4849 37.0168 4
    endloop
  endfacet
  facet normal 0.902535 -0.430616 0
    outer loop
      vertex 18.4849 37.0168 2
      vertex 18.316 36.6628 4
      vertex 18.316 36.6628 2
    endloop
  endfacet
  facet normal 0.333913 -0.942604 0
    outer loop
      vertex 19.6332 38.0507 2
      vertex 20.003 38.1817 4
      vertex 19.6332 38.0507 4
    endloop
  endfacet
  facet normal 0.333913 -0.942604 0
    outer loop
      vertex 20.003 38.1817 4
      vertex 19.6332 38.0507 2
      vertex 20.003 38.1817 2
    endloop
  endfacet
  facet normal 0.991445 -0.130527 0
    outer loop
      vertex 18.1534 35.8977 4
      vertex 18.2046 36.2866 2
      vertex 18.2046 36.2866 4
    endloop
  endfacet
  facet normal 0.991445 -0.130527 0
    outer loop
      vertex 18.2046 36.2866 2
      vertex 18.1534 35.8977 4
      vertex 18.1534 35.8977 2
    endloop
  endfacet
  facet normal -0.130494 -0.991449 0
    outer loop
      vertex 20.7808 38.2634 2
      vertex 21.1698 38.2122 4
      vertex 20.7808 38.2634 4
    endloop
  endfacet
  facet normal -0.130494 -0.991449 -0
    outer loop
      vertex 21.1698 38.2122 4
      vertex 20.7808 38.2634 2
      vertex 21.1698 38.2122 2
    endloop
  endfacet
  facet normal -0.284002 -0.958824 0
    outer loop
      vertex 21.1698 38.2122 2
      vertex 21.5459 38.1008 4
      vertex 21.1698 38.2122 4
    endloop
  endfacet
  facet normal -0.284002 -0.958824 -0
    outer loop
      vertex 21.5459 38.1008 4
      vertex 21.1698 38.2122 2
      vertex 21.5459 38.1008 2
    endloop
  endfacet
  facet normal 0.725343 -0.688388 0
    outer loop
      vertex 18.7071 37.3401 4
      vertex 18.9772 37.6247 2
      vertex 18.9772 37.6247 4
    endloop
  endfacet
  facet normal 0.725343 -0.688388 0
    outer loop
      vertex 18.9772 37.6247 2
      vertex 18.7071 37.3401 4
      vertex 18.7071 37.3401 2
    endloop
  endfacet
  facet normal 0.824124 -0.56641 0
    outer loop
      vertex 18.4849 37.0168 4
      vertex 18.7071 37.3401 2
      vertex 18.7071 37.3401 4
    endloop
  endfacet
  facet normal 0.824124 -0.56641 0
    outer loop
      vertex 18.7071 37.3401 2
      vertex 18.4849 37.0168 4
      vertex 18.4849 37.0168 2
    endloop
  endfacet
  facet normal 0.477137 -0.878829 0
    outer loop
      vertex 19.2884 37.8635 2
      vertex 19.6332 38.0507 4
      vertex 19.2884 37.8635 4
    endloop
  endfacet
  facet normal 0.477137 -0.878829 0
    outer loop
      vertex 19.6332 38.0507 4
      vertex 19.2884 37.8635 2
      vertex 19.6332 38.0507 2
    endloop
  endfacet
  facet normal 0.878771 0.477244 0
    outer loop
      vertex 18.5533 34.4053 4
      vertex 18.3661 34.75 2
      vertex 18.3661 34.75 4
    endloop
  endfacet
  facet normal 0.878771 0.477244 0
    outer loop
      vertex 18.3661 34.75 2
      vertex 18.5533 34.4053 4
      vertex 18.5533 34.4053 2
    endloop
  endfacet
  facet normal 0.688254 0.72547 -0
    outer loop
      vertex 19.0767 33.824 2
      vertex 18.7921 34.094 4
      vertex 19.0767 33.824 4
    endloop
  endfacet
  facet normal 0.688254 0.72547 0
    outer loop
      vertex 18.7921 34.094 4
      vertex 19.0767 33.824 2
      vertex 18.7921 34.094 2
    endloop
  endfacet
  facet normal 0.430517 0.902582 -0
    outer loop
      vertex 19.7541 33.4329 2
      vertex 19.4 33.6018 4
      vertex 19.7541 33.4329 4
    endloop
  endfacet
  facet normal 0.430517 0.902582 0
    outer loop
      vertex 19.4 33.6018 4
      vertex 19.7541 33.4329 2
      vertex 19.4 33.6018 2
    endloop
  endfacet
  facet normal 0.999655 0.0262531 0
    outer loop
      vertex 18.1637 35.5055 4
      vertex 18.1534 35.8977 2
      vertex 18.1534 35.8977 4
    endloop
  endfacet
  facet normal 0.999655 0.0262531 0
    outer loop
      vertex 18.1534 35.8977 2
      vertex 18.1637 35.5055 4
      vertex 18.1637 35.5055 2
    endloop
  endfacet
  facet normal 0.942684 0.333687 0
    outer loop
      vertex 18.3661 34.75 4
      vertex 18.2352 35.1198 2
      vertex 18.2352 35.1198 4
    endloop
  endfacet
  facet normal 0.942684 0.333687 0
    outer loop
      vertex 18.2352 35.1198 2
      vertex 18.3661 34.75 4
      vertex 18.3661 34.75 2
    endloop
  endfacet
  facet normal 0 0 -1
    outer loop
      vertex 23.0954 35.2471 4
      vertex 23.1363 36.0282 4
      vertex 23.1466 35.636 4
    endloop
  endfacet
  facet normal 0 0 -1
    outer loop
      vertex 23.0954 35.2471 4
      vertex 23.0648 36.4139 4
      vertex 23.1363 36.0282 4
    endloop
  endfacet
  facet normal 0 0 -1
    outer loop
      vertex 22.984 34.8709 4
      vertex 23.0648 36.4139 4
      vertex 23.0954 35.2471 4
    endloop
  endfacet
  facet normal 0 0 -1
    outer loop
      vertex 22.984 34.8709 4
      vertex 22.9339 36.7837 4
      vertex 23.0648 36.4139 4
    endloop
  endfacet
  facet normal 0 0 -1
    outer loop
      vertex 22.8151 34.5168 4
      vertex 22.9339 36.7837 4
      vertex 22.984 34.8709 4
    endloop
  endfacet
  facet normal 0 0 -1
    outer loop
      vertex 22.8151 34.5168 4
      vertex 22.7467 37.1284 4
      vertex 22.9339 36.7837 4
    endloop
  endfacet
  facet normal 0 0 -1
    outer loop
      vertex 22.5929 34.1935 4
      vertex 22.7467 37.1284 4
      vertex 22.8151 34.5168 4
    endloop
  endfacet
  facet normal 0 0 -1
    outer loop
      vertex 22.5929 34.1935 4
      vertex 22.5079 37.4397 4
      vertex 22.7467 37.1284 4
    endloop
  endfacet
  facet normal 0 0 -1
    outer loop
      vertex 22.3228 33.909 4
      vertex 22.5079 37.4397 4
      vertex 22.5929 34.1935 4
    endloop
  endfacet
  facet normal 0 0 -1
    outer loop
      vertex 22.3228 33.909 4
      vertex 22.2233 37.7097 4
      vertex 22.5079 37.4397 4
    endloop
  endfacet
  facet normal 0 0 -1
    outer loop
      vertex 22.0116 33.6702 4
      vertex 22.2233 37.7097 4
      vertex 22.3228 33.909 4
    endloop
  endfacet
  facet normal 0 0 -1
    outer loop
      vertex 22.0116 33.6702 4
      vertex 21.9 37.9319 4
      vertex 22.2233 37.7097 4
    endloop
  endfacet
  facet normal 0 0 -1
    outer loop
      vertex 21.6668 33.483 4
      vertex 21.9 37.9319 4
      vertex 22.0116 33.6702 4
    endloop
  endfacet
  facet normal 0 0 -1
    outer loop
      vertex 21.6668 33.483 4
      vertex 21.5459 38.1008 4
      vertex 21.9 37.9319 4
    endloop
  endfacet
  facet normal 0 0 -1
    outer loop
      vertex 21.297 33.352 4
      vertex 21.5459 38.1008 4
      vertex 21.6668 33.483 4
    endloop
  endfacet
  facet normal 0 0 -1
    outer loop
      vertex 21.297 33.352 4
      vertex 21.1698 38.2122 4
      vertex 21.5459 38.1008 4
    endloop
  endfacet
  facet normal 0 0 -1
    outer loop
      vertex 20.9113 33.2805 4
      vertex 21.1698 38.2122 4
      vertex 21.297 33.352 4
    endloop
  endfacet
  facet normal 0 0 -1
    outer loop
      vertex 20.9113 33.2805 4
      vertex 20.7808 38.2634 4
      vertex 21.1698 38.2122 4
    endloop
  endfacet
  facet normal 0 0 -1
    outer loop
      vertex 20.5192 33.2703 4
      vertex 20.7808 38.2634 4
      vertex 20.9113 33.2805 4
    endloop
  endfacet
  facet normal 0 0 -1
    outer loop
      vertex 20.5192 33.2703 4
      vertex 20.3887 38.2532 4
      vertex 20.7808 38.2634 4
    endloop
  endfacet
  facet normal 0 0 -1
    outer loop
      vertex 20.1302 33.3215 4
      vertex 20.3887 38.2532 4
      vertex 20.5192 33.2703 4
    endloop
  endfacet
  facet normal 0 0 -1
    outer loop
      vertex 20.1302 33.3215 4
      vertex 20.003 38.1817 4
      vertex 20.3887 38.2532 4
    endloop
  endfacet
  facet normal 0 0 -1
    outer loop
      vertex 19.7541 33.4329 4
      vertex 20.003 38.1817 4
      vertex 20.1302 33.3215 4
    endloop
  endfacet
  facet normal 0 0 -1
    outer loop
      vertex 19.7541 33.4329 4
      vertex 19.6332 38.0507 4
      vertex 20.003 38.1817 4
    endloop
  endfacet
  facet normal 0 0 -1
    outer loop
      vertex 19.4 33.6018 4
      vertex 19.6332 38.0507 4
      vertex 19.7541 33.4329 4
    endloop
  endfacet
  facet normal 0 0 -1
    outer loop
      vertex 19.4 33.6018 4
      vertex 19.2884 37.8635 4
      vertex 19.6332 38.0507 4
    endloop
  endfacet
  facet normal 0 0 -1
    outer loop
      vertex 19.0767 33.824 4
      vertex 19.2884 37.8635 4
      vertex 19.4 33.6018 4
    endloop
  endfacet
  facet normal 0 0 -1
    outer loop
      vertex 19.0767 33.824 4
      vertex 18.9772 37.6247 4
      vertex 19.2884 37.8635 4
    endloop
  endfacet
  facet normal 0 0 -1
    outer loop
      vertex 18.7921 34.094 4
      vertex 18.9772 37.6247 4
      vertex 19.0767 33.824 4
    endloop
  endfacet
  facet normal 0 0 -1
    outer loop
      vertex 18.7921 34.094 4
      vertex 18.7071 37.3401 4
      vertex 18.9772 37.6247 4
    endloop
  endfacet
  facet normal 0 0 -1
    outer loop
      vertex 18.5533 34.4053 4
      vertex 18.7071 37.3401 4
      vertex 18.7921 34.094 4
    endloop
  endfacet
  facet normal 0 0 -1
    outer loop
      vertex 18.5533 34.4053 4
      vertex 18.4849 37.0168 4
      vertex 18.7071 37.3401 4
    endloop
  endfacet
  facet normal 0 0 -1
    outer loop
      vertex 18.3661 34.75 4
      vertex 18.4849 37.0168 4
      vertex 18.5533 34.4053 4
    endloop
  endfacet
  facet normal 0 0 -1
    outer loop
      vertex 18.3661 34.75 4
      vertex 18.316 36.6628 4
      vertex 18.4849 37.0168 4
    endloop
  endfacet
  facet normal 0 0 -1
    outer loop
      vertex 18.2352 35.1198 4
      vertex 18.316 36.6628 4
      vertex 18.3661 34.75 4
    endloop
  endfacet
  facet normal 0 0 -1
    outer loop
      vertex 18.2352 35.1198 4
      vertex 18.2046 36.2866 4
      vertex 18.316 36.6628 4
    endloop
  endfacet
  facet normal 0 0 -1
    outer loop
      vertex 18.1637 35.5055 4
      vertex 18.2046 36.2866 4
      vertex 18.2352 35.1198 4
    endloop
  endfacet
  facet normal 0 0 -1
    outer loop
      vertex 18.2046 36.2866 4
      vertex 18.1637 35.5055 4
      vertex 18.1534 35.8977 4
    endloop
  endfacet
  facet normal 0.958844 -0.283932 0
    outer loop
      vertex 18.2046 36.2866 4
      vertex 18.316 36.6628 2
      vertex 18.316 36.6628 4
    endloop
  endfacet
  facet normal 0.958844 -0.283932 0
    outer loop
      vertex 18.316 36.6628 2
      vertex 18.2046 36.2866 4
      vertex 18.2046 36.2866 2
    endloop
  endfacet
  facet normal -0.56641 -0.824124 0
    outer loop
      vertex 21.9 37.9319 2
      vertex 22.2233 37.7097 4
      vertex 21.9 37.9319 4
    endloop
  endfacet
  facet normal -0.56641 -0.824124 -0
    outer loop
      vertex 22.2233 37.7097 4
      vertex 21.9 37.9319 2
      vertex 22.2233 37.7097 2
    endloop
  endfacet
  facet normal -0.878771 -0.477244 0
    outer loop
      vertex 22.9339 36.7837 2
      vertex 22.7467 37.1284 4
      vertex 22.7467 37.1284 2
    endloop
  endfacet
  facet normal -0.878771 -0.477244 0
    outer loop
      vertex 22.7467 37.1284 4
      vertex 22.9339 36.7837 2
      vertex 22.9339 36.7837 4
    endloop
  endfacet
  facet normal -0.824124 0.56641 0
    outer loop
      vertex 22.5929 34.1935 2
      vertex 22.8151 34.5168 4
      vertex 22.8151 34.5168 2
    endloop
  endfacet
  facet normal -0.824124 0.56641 0
    outer loop
      vertex 22.8151 34.5168 4
      vertex 22.5929 34.1935 2
      vertex 22.5929 34.1935 4
    endloop
  endfacet
  facet normal -0.958844 0.283932 0
    outer loop
      vertex 22.984 34.8709 2
      vertex 23.0954 35.2471 4
      vertex 23.0954 35.2471 2
    endloop
  endfacet
  facet normal -0.958844 0.283932 0
    outer loop
      vertex 23.0954 35.2471 4
      vertex 22.984 34.8709 2
      vertex 22.984 34.8709 4
    endloop
  endfacet
  facet normal 0.182272 -0.983248 0
    outer loop
      vertex 20.003 38.1817 2
      vertex 20.3887 38.2532 4
      vertex 20.003 38.1817 4
    endloop
  endfacet
  facet normal 0.182272 -0.983248 0
    outer loop
      vertex 20.3887 38.2532 4
      vertex 20.003 38.1817 2
      vertex 20.3887 38.2532 2
    endloop
  endfacet
  facet normal 0.026005 -0.999662 0
    outer loop
      vertex 20.3887 38.2532 2
      vertex 20.7808 38.2634 4
      vertex 20.3887 38.2532 4
    endloop
  endfacet
  facet normal 0.026005 -0.999662 0
    outer loop
      vertex 20.7808 38.2634 4
      vertex 20.3887 38.2532 2
      vertex 20.7808 38.2634 2
    endloop
  endfacet
  facet normal 0.608774 -0.793344 0
    outer loop
      vertex 18.9772 37.6247 2
      vertex 19.2884 37.8635 4
      vertex 18.9772 37.6247 4
    endloop
  endfacet
  facet normal 0.608774 -0.793344 0
    outer loop
      vertex 19.2884 37.8635 4
      vertex 18.9772 37.6247 2
      vertex 19.2884 37.8635 2
    endloop
  endfacet
  facet normal 0.793438 0.608651 0
    outer loop
      vertex 18.7921 34.094 4
      vertex 18.5533 34.4053 2
      vertex 18.5533 34.4053 4
    endloop
  endfacet
  facet normal 0.793438 0.608651 0
    outer loop
      vertex 18.5533 34.4053 2
      vertex 18.7921 34.094 4
      vertex 18.7921 34.094 2
    endloop
  endfacet
  facet normal 0.56641 0.824124 -0
    outer loop
      vertex 19.4 33.6018 2
      vertex 19.0767 33.824 4
      vertex 19.4 33.6018 4
    endloop
  endfacet
  facet normal 0.56641 0.824124 0
    outer loop
      vertex 19.0767 33.824 4
      vertex 19.4 33.6018 2
      vertex 19.0767 33.824 2
    endloop
  endfacet
  facet normal 0.983248 0.182272 0
    outer loop
      vertex 18.2352 35.1198 4
      vertex 18.1637 35.5055 2
      vertex 18.1637 35.5055 4
    endloop
  endfacet
  facet normal 0.983248 0.182272 0
    outer loop
      vertex 18.1637 35.5055 2
      vertex 18.2352 35.1198 4
      vertex 18.2352 35.1198 2
    endloop
  endfacet
  facet normal -0.999655 -0.0262531 0
    outer loop
      vertex 23.1466 35.636 2
      vertex 23.1363 36.0282 4
      vertex 23.1363 36.0282 2
    endloop
  endfacet
  facet normal -0.999655 -0.0262531 0
    outer loop
      vertex 23.1363 36.0282 4
      vertex 23.1466 35.636 2
      vertex 23.1466 35.636 4
    endloop
  endfacet
  facet normal -0.182272 0.983248 0
    outer loop
      vertex 21.297 33.352 2
      vertex 20.9113 33.2805 4
      vertex 21.297 33.352 4
    endloop
  endfacet
  facet normal -0.182272 0.983248 0
    outer loop
      vertex 20.9113 33.2805 4
      vertex 21.297 33.352 2
      vertex 20.9113 33.2805 2
    endloop
  endfacet
  facet normal -0.026005 0.999662 0
    outer loop
      vertex 20.9113 33.2805 2
      vertex 20.5192 33.2703 4
      vertex 20.9113 33.2805 4
    endloop
  endfacet
  facet normal -0.026005 0.999662 0
    outer loop
      vertex 20.5192 33.2703 4
      vertex 20.9113 33.2805 2
      vertex 20.5192 33.2703 2
    endloop
  endfacet
  facet normal -0.991445 0.130527 0
    outer loop
      vertex 23.0954 35.2471 2
      vertex 23.1466 35.636 4
      vertex 23.1466 35.636 2
    endloop
  endfacet
  facet normal -0.991445 0.130527 0
    outer loop
      vertex 23.1466 35.636 4
      vertex 23.0954 35.2471 2
      vertex 23.0954 35.2471 4
    endloop
  endfacet
  facet normal -0.688254 -0.72547 0
    outer loop
      vertex 22.2233 37.7097 2
      vertex 22.5079 37.4397 4
      vertex 22.2233 37.7097 4
    endloop
  endfacet
  facet normal -0.688254 -0.72547 -0
    outer loop
      vertex 22.5079 37.4397 4
      vertex 22.2233 37.7097 2
      vertex 22.5079 37.4397 2
    endloop
  endfacet
  facet normal -0.793438 -0.608651 0
    outer loop
      vertex 22.7467 37.1284 2
      vertex 22.5079 37.4397 4
      vertex 22.5079 37.4397 2
    endloop
  endfacet
  facet normal -0.793438 -0.608651 0
    outer loop
      vertex 22.5079 37.4397 4
      vertex 22.7467 37.1284 2
      vertex 22.7467 37.1284 4
    endloop
  endfacet
  facet normal -0.902582 0.430517 0
    outer loop
      vertex 22.8151 34.5168 2
      vertex 22.984 34.8709 4
      vertex 22.984 34.8709 2
    endloop
  endfacet
  facet normal -0.902582 0.430517 0
    outer loop
      vertex 22.984 34.8709 4
      vertex 22.8151 34.5168 2
      vertex 22.8151 34.5168 4
    endloop
  endfacet
  facet normal -0.725222 0.688515 0
    outer loop
      vertex 22.3228 33.909 2
      vertex 22.5929 34.1935 4
      vertex 22.5929 34.1935 2
    endloop
  endfacet
  facet normal -0.725222 0.688515 0
    outer loop
      vertex 22.5929 34.1935 4
      vertex 22.3228 33.909 2
      vertex 22.3228 33.909 4
    endloop
  endfacet
  facet normal -0.333913 0.942604 0
    outer loop
      vertex 21.6668 33.483 2
      vertex 21.297 33.352 4
      vertex 21.6668 33.483 4
    endloop
  endfacet
  facet normal -0.333913 0.942604 0
    outer loop
      vertex 21.297 33.352 4
      vertex 21.6668 33.483 2
      vertex 21.297 33.352 2
    endloop
  endfacet
  facet normal 0.284002 0.958824 -0
    outer loop
      vertex 20.1302 33.3215 2
      vertex 19.7541 33.4329 4
      vertex 20.1302 33.3215 4
    endloop
  endfacet
  facet normal 0.284002 0.958824 0
    outer loop
      vertex 19.7541 33.4329 4
      vertex 20.1302 33.3215 2
      vertex 19.7541 33.4329 2
    endloop
  endfacet
  facet normal -0.983248 -0.182272 0
    outer loop
      vertex 23.1363 36.0282 2
      vertex 23.0648 36.4139 4
      vertex 23.0648 36.4139 2
    endloop
  endfacet
  facet normal -0.983248 -0.182272 0
    outer loop
      vertex 23.0648 36.4139 4
      vertex 23.1363 36.0282 2
      vertex 23.1363 36.0282 4
    endloop
  endfacet
  facet normal -0.942684 -0.333687 0
    outer loop
      vertex 23.0648 36.4139 2
      vertex 22.9339 36.7837 4
      vertex 22.9339 36.7837 2
    endloop
  endfacet
  facet normal -0.942684 -0.333687 0
    outer loop
      vertex 22.9339 36.7837 4
      vertex 23.0648 36.4139 2
      vertex 23.0648 36.4139 4
    endloop
  endfacet
  facet normal -0.477137 0.878829 0
    outer loop
      vertex 22.0116 33.6702 2
      vertex 21.6668 33.483 4
      vertex 22.0116 33.6702 4
    endloop
  endfacet
  facet normal -0.477137 0.878829 0
    outer loop
      vertex 21.6668 33.483 4
      vertex 22.0116 33.6702 2
      vertex 21.6668 33.483 2
    endloop
  endfacet
  facet normal 0.130494 0.991449 -0
    outer loop
      vertex 20.5192 33.2703 2
      vertex 20.1302 33.3215 4
      vertex 20.5192 33.2703 4
    endloop
  endfacet
  facet normal 0.130494 0.991449 0
    outer loop
      vertex 20.1302 33.3215 4
      vertex 20.5192 33.2703 2
      vertex 20.1302 33.3215 2
    endloop
  endfacet
  facet normal -0.608774 0.793344 0
    outer loop
      vertex 22.3228 33.909 2
      vertex 22.0116 33.6702 4
      vertex 22.3228 33.909 4
    endloop
  endfacet
  facet normal -0.608774 0.793344 0
    outer loop
      vertex 22.0116 33.6702 4
      vertex 22.3228 33.909 2
      vertex 22.0116 33.6702 2
    endloop
  endfacet
  facet normal 0.760409 -0.649445 0
    outer loop
      vertex -2.02254 42.7695 4
      vertex -1.76777 43.0678 2
      vertex -1.76777 43.0678 4
    endloop
  endfacet
  facet normal 0.760409 -0.649445 0
    outer loop
      vertex -1.76777 43.0678 2
      vertex -2.02254 42.7695 4
      vertex -2.02254 42.7695 2
    endloop
  endfacet
  facet normal 0.382625 0.923904 -0
    outer loop
      vertex -0.772542 38.9224 2
      vertex -1.13498 39.0725 4
      vertex -0.772542 38.9224 4
    endloop
  endfacet
  facet normal 0.382625 0.923904 0
    outer loop
      vertex -1.13498 39.0725 4
      vertex -0.772542 38.9224 2
      vertex -1.13498 39.0725 2
    endloop
  endfacet
  facet normal -0.233495 -0.972358 0
    outer loop
      vertex 0.391086 43.7692 2
      vertex 0.772542 43.6776 4
      vertex 0.391086 43.7692 4
    endloop
  endfacet
  facet normal -0.233495 -0.972358 -0
    outer loop
      vertex 0.772542 43.6776 4
      vertex 0.391086 43.7692 2
      vertex 0.772542 43.6776 2
    endloop
  endfacet
  facet normal -0.923909 0.382613 0
    outer loop
      vertex 2.22752 40.165 2
      vertex 2.37764 40.5275 4
      vertex 2.37764 40.5275 2
    endloop
  endfacet
  facet normal -0.923909 0.382613 0
    outer loop
      vertex 2.37764 40.5275 4
      vertex 2.22752 40.165 2
      vertex 2.22752 40.165 4
    endloop
  endfacet
  facet normal -0.760409 -0.649445 0
    outer loop
      vertex 2.02254 42.7695 2
      vertex 1.76777 43.0678 4
      vertex 1.76777 43.0678 2
    endloop
  endfacet
  facet normal -0.760409 -0.649445 0
    outer loop
      vertex 1.76777 43.0678 4
      vertex 2.02254 42.7695 2
      vertex 2.02254 42.7695 4
    endloop
  endfacet
  facet normal -0.382625 -0.923904 0
    outer loop
      vertex 0.772542 43.6776 2
      vertex 1.13498 43.5275 4
      vertex 0.772542 43.6776 4
    endloop
  endfacet
  facet normal -0.382625 -0.923904 -0
    outer loop
      vertex 1.13498 43.5275 4
      vertex 0.772542 43.6776 2
      vertex 1.13498 43.5275 2
    endloop
  endfacet
  facet normal 0.233495 -0.972358 0
    outer loop
      vertex -0.772542 43.6776 2
      vertex -0.391086 43.7692 4
      vertex -0.772542 43.6776 4
    endloop
  endfacet
  facet normal 0.233495 -0.972358 0
    outer loop
      vertex -0.391086 43.7692 4
      vertex -0.772542 43.6776 2
      vertex -0.391086 43.7692 2
    endloop
  endfacet
  facet normal 0.382625 -0.923904 0
    outer loop
      vertex -1.13498 43.5275 2
      vertex -0.772542 43.6776 4
      vertex -1.13498 43.5275 4
    endloop
  endfacet
  facet normal 0.382625 -0.923904 0
    outer loop
      vertex -0.772542 43.6776 4
      vertex -1.13498 43.5275 2
      vertex -0.772542 43.6776 2
    endloop
  endfacet
  facet normal 0.522555 -0.852606 0
    outer loop
      vertex -1.46946 43.3225 2
      vertex -1.13498 43.5275 4
      vertex -1.46946 43.3225 4
    endloop
  endfacet
  facet normal 0.522555 -0.852606 0
    outer loop
      vertex -1.13498 43.5275 4
      vertex -1.46946 43.3225 2
      vertex -1.13498 43.5275 2
    endloop
  endfacet
  facet normal 0.649329 -0.760508 0
    outer loop
      vertex -1.76777 43.0678 2
      vertex -1.46946 43.3225 4
      vertex -1.76777 43.0678 4
    endloop
  endfacet
  facet normal 0.649329 -0.760508 0
    outer loop
      vertex -1.46946 43.3225 4
      vertex -1.76777 43.0678 2
      vertex -1.46946 43.3225 2
    endloop
  endfacet
  facet normal 0.852642 -0.522495 0
    outer loop
      vertex -2.22752 42.435 4
      vertex -2.02254 42.7695 2
      vertex -2.02254 42.7695 4
    endloop
  endfacet
  facet normal 0.852642 -0.522495 0
    outer loop
      vertex -2.02254 42.7695 2
      vertex -2.22752 42.435 4
      vertex -2.22752 42.435 2
    endloop
  endfacet
  facet normal 0.972362 -0.233479 0
    outer loop
      vertex -2.46922 41.6911 4
      vertex -2.37764 42.0725 2
      vertex -2.37764 42.0725 4
    endloop
  endfacet
  facet normal 0.972362 -0.233479 0
    outer loop
      vertex -2.37764 42.0725 2
      vertex -2.46922 41.6911 4
      vertex -2.46922 41.6911 2
    endloop
  endfacet
  facet normal 0.233495 0.972358 -0
    outer loop
      vertex -0.391086 38.8308 2
      vertex -0.772542 38.9224 4
      vertex -0.391086 38.8308 4
    endloop
  endfacet
  facet normal 0.233495 0.972358 0
    outer loop
      vertex -0.772542 38.9224 4
      vertex -0.391086 38.8308 2
      vertex -0.772542 38.9224 2
    endloop
  endfacet
  facet normal 0.649329 0.760508 -0
    outer loop
      vertex -1.46946 39.2775 2
      vertex -1.76777 39.5322 4
      vertex -1.46946 39.2775 4
    endloop
  endfacet
  facet normal 0.649329 0.760508 0
    outer loop
      vertex -1.76777 39.5322 4
      vertex -1.46946 39.2775 2
      vertex -1.76777 39.5322 2
    endloop
  endfacet
  facet normal 0.852642 0.522495 0
    outer loop
      vertex -2.02254 39.8305 4
      vertex -2.22752 40.165 2
      vertex -2.22752 40.165 4
    endloop
  endfacet
  facet normal 0.852642 0.522495 0
    outer loop
      vertex -2.22752 40.165 2
      vertex -2.02254 39.8305 4
      vertex -2.02254 39.8305 2
    endloop
  endfacet
  facet normal -0.923909 -0.382613 0
    outer loop
      vertex 2.37764 42.0725 2
      vertex 2.22752 42.435 4
      vertex 2.22752 42.435 2
    endloop
  endfacet
  facet normal -0.923909 -0.382613 0
    outer loop
      vertex 2.22752 42.435 4
      vertex 2.37764 42.0725 2
      vertex 2.37764 42.0725 4
    endloop
  endfacet
  facet normal -0.852642 -0.522495 0
    outer loop
      vertex 2.22752 42.435 2
      vertex 2.02254 42.7695 4
      vertex 2.02254 42.7695 2
    endloop
  endfacet
  facet normal -0.852642 -0.522495 0
    outer loop
      vertex 2.02254 42.7695 4
      vertex 2.22752 42.435 2
      vertex 2.22752 42.435 4
    endloop
  endfacet
  facet normal -0.649329 -0.760508 0
    outer loop
      vertex 1.46946 43.3225 2
      vertex 1.76777 43.0678 4
      vertex 1.46946 43.3225 4
    endloop
  endfacet
  facet normal -0.649329 -0.760508 -0
    outer loop
      vertex 1.76777 43.0678 4
      vertex 1.46946 43.3225 2
      vertex 1.76777 43.0678 2
    endloop
  endfacet
  facet normal -0.972362 0.233479 0
    outer loop
      vertex 2.37764 40.5275 2
      vertex 2.46922 40.9089 4
      vertex 2.46922 40.9089 2
    endloop
  endfacet
  facet normal -0.972362 0.233479 0
    outer loop
      vertex 2.46922 40.9089 4
      vertex 2.37764 40.5275 2
      vertex 2.37764 40.5275 4
    endloop
  endfacet
  facet normal -0.760409 0.649445 0
    outer loop
      vertex 1.76777 39.5322 2
      vertex 2.02254 39.8305 4
      vertex 2.02254 39.8305 2
    endloop
  endfacet
  facet normal -0.760409 0.649445 0
    outer loop
      vertex 2.02254 39.8305 4
      vertex 1.76777 39.5322 2
      vertex 1.76777 39.5322 4
    endloop
  endfacet
  facet normal -0.522555 0.852606 0
    outer loop
      vertex 1.46946 39.2775 2
      vertex 1.13498 39.0725 4
      vertex 1.46946 39.2775 4
    endloop
  endfacet
  facet normal -0.522555 0.852606 0
    outer loop
      vertex 1.13498 39.0725 4
      vertex 1.46946 39.2775 2
      vertex 1.13498 39.0725 2
    endloop
  endfacet
  facet normal 0.996917 -0.0784585 0
    outer loop
      vertex -2.5 41.3 4
      vertex -2.46922 41.6911 2
      vertex -2.46922 41.6911 4
    endloop
  endfacet
  facet normal 0.996917 -0.0784585 0
    outer loop
      vertex -2.46922 41.6911 2
      vertex -2.5 41.3 4
      vertex -2.5 41.3 2
    endloop
  endfacet
  facet normal 0.923909 -0.382613 0
    outer loop
      vertex -2.37764 42.0725 4
      vertex -2.22752 42.435 2
      vertex -2.22752 42.435 4
    endloop
  endfacet
  facet normal 0.923909 -0.382613 0
    outer loop
      vertex -2.22752 42.435 2
      vertex -2.37764 42.0725 4
      vertex -2.37764 42.0725 2
    endloop
  endfacet
  facet normal 0.078512 0.996913 -0
    outer loop
      vertex 0 38.8 2
      vertex -0.391086 38.8308 4
      vertex 0 38.8 4
    endloop
  endfacet
  facet normal 0.078512 0.996913 0
    outer loop
      vertex -0.391086 38.8308 4
      vertex 0 38.8 2
      vertex -0.391086 38.8308 2
    endloop
  endfacet
  facet normal 0.522555 0.852606 -0
    outer loop
      vertex -1.13498 39.0725 2
      vertex -1.46946 39.2775 4
      vertex -1.13498 39.0725 4
    endloop
  endfacet
  facet normal 0.522555 0.852606 0
    outer loop
      vertex -1.46946 39.2775 4
      vertex -1.13498 39.0725 2
      vertex -1.46946 39.2775 2
    endloop
  endfacet
  facet normal 0.923909 0.382613 0
    outer loop
      vertex -2.22752 40.165 4
      vertex -2.37764 40.5275 2
      vertex -2.37764 40.5275 4
    endloop
  endfacet
  facet normal 0.923909 0.382613 0
    outer loop
      vertex -2.37764 40.5275 2
      vertex -2.22752 40.165 4
      vertex -2.22752 40.165 2
    endloop
  endfacet
  facet normal 0.996917 0.0784585 0
    outer loop
      vertex -2.46922 40.9089 4
      vertex -2.5 41.3 2
      vertex -2.5 41.3 4
    endloop
  endfacet
  facet normal 0.996917 0.0784585 0
    outer loop
      vertex -2.5 41.3 2
      vertex -2.46922 40.9089 4
      vertex -2.46922 40.9089 2
    endloop
  endfacet
  facet normal 0.760409 0.649445 0
    outer loop
      vertex -1.76777 39.5322 4
      vertex -2.02254 39.8305 2
      vertex -2.02254 39.8305 4
    endloop
  endfacet
  facet normal 0.760409 0.649445 0
    outer loop
      vertex -2.02254 39.8305 2
      vertex -1.76777 39.5322 4
      vertex -1.76777 39.5322 2
    endloop
  endfacet
  facet normal 0.078512 -0.996913 0
    outer loop
      vertex -0.391086 43.7692 2
      vertex 0 43.8 4
      vertex -0.391086 43.7692 4
    endloop
  endfacet
  facet normal 0.078512 -0.996913 0
    outer loop
      vertex 0 43.8 4
      vertex -0.391086 43.7692 2
      vertex 0 43.8 2
    endloop
  endfacet
  facet normal -0.078512 -0.996913 0
    outer loop
      vertex 0 43.8 2
      vertex 0.391086 43.7692 4
      vertex 0 43.8 4
    endloop
  endfacet
  facet normal -0.078512 -0.996913 -0
    outer loop
      vertex 0.391086 43.7692 4
      vertex 0 43.8 2
      vertex 0.391086 43.7692 2
    endloop
  endfacet
  facet normal -0.996917 -0.0784585 0
    outer loop
      vertex 2.5 41.3 2
      vertex 2.46922 41.6911 4
      vertex 2.46922 41.6911 2
    endloop
  endfacet
  facet normal -0.996917 -0.0784585 0
    outer loop
      vertex 2.46922 41.6911 4
      vertex 2.5 41.3 2
      vertex 2.5 41.3 4
    endloop
  endfacet
  facet normal -0.972362 -0.233479 0
    outer loop
      vertex 2.46922 41.6911 2
      vertex 2.37764 42.0725 4
      vertex 2.37764 42.0725 2
    endloop
  endfacet
  facet normal -0.972362 -0.233479 0
    outer loop
      vertex 2.37764 42.0725 4
      vertex 2.46922 41.6911 2
      vertex 2.46922 41.6911 4
    endloop
  endfacet
  facet normal -0.522555 -0.852606 0
    outer loop
      vertex 1.13498 43.5275 2
      vertex 1.46946 43.3225 4
      vertex 1.13498 43.5275 4
    endloop
  endfacet
  facet normal -0.522555 -0.852606 -0
    outer loop
      vertex 1.46946 43.3225 4
      vertex 1.13498 43.5275 2
      vertex 1.46946 43.3225 2
    endloop
  endfacet
  facet normal -0.996917 0.0784585 0
    outer loop
      vertex 2.46922 40.9089 2
      vertex 2.5 41.3 4
      vertex 2.5 41.3 2
    endloop
  endfacet
  facet normal -0.996917 0.0784585 0
    outer loop
      vertex 2.5 41.3 4
      vertex 2.46922 40.9089 2
      vertex 2.46922 40.9089 4
    endloop
  endfacet
  facet normal -0.852642 0.522495 0
    outer loop
      vertex 2.02254 39.8305 2
      vertex 2.22752 40.165 4
      vertex 2.22752 40.165 2
    endloop
  endfacet
  facet normal -0.852642 0.522495 0
    outer loop
      vertex 2.22752 40.165 4
      vertex 2.02254 39.8305 2
      vertex 2.02254 39.8305 4
    endloop
  endfacet
  facet normal -0.382625 0.923904 0
    outer loop
      vertex 1.13498 39.0725 2
      vertex 0.772542 38.9224 4
      vertex 1.13498 39.0725 4
    endloop
  endfacet
  facet normal -0.382625 0.923904 0
    outer loop
      vertex 0.772542 38.9224 4
      vertex 1.13498 39.0725 2
      vertex 0.772542 38.9224 2
    endloop
  endfacet
  facet normal -0.078512 0.996913 0
    outer loop
      vertex 0.391086 38.8308 2
      vertex 0 38.8 4
      vertex 0.391086 38.8308 4
    endloop
  endfacet
  facet normal -0.078512 0.996913 0
    outer loop
      vertex 0 38.8 4
      vertex 0.391086 38.8308 2
      vertex 0 38.8 2
    endloop
  endfacet
  facet normal -0.649329 0.760508 0
    outer loop
      vertex 1.76777 39.5322 2
      vertex 1.46946 39.2775 4
      vertex 1.76777 39.5322 4
    endloop
  endfacet
  facet normal -0.649329 0.760508 0
    outer loop
      vertex 1.46946 39.2775 4
      vertex 1.76777 39.5322 2
      vertex 1.46946 39.2775 2
    endloop
  endfacet
  facet normal 0 0 -1
    outer loop
      vertex 2.46922 40.9089 4
      vertex 2.46922 41.6911 4
      vertex 2.5 41.3 4
    endloop
  endfacet
  facet normal 0 0 -1
    outer loop
      vertex 2.37764 40.5275 4
      vertex 2.46922 41.6911 4
      vertex 2.46922 40.9089 4
    endloop
  endfacet
  facet normal 0 0 -1
    outer loop
      vertex 2.37764 40.5275 4
      vertex 2.37764 42.0725 4
      vertex 2.46922 41.6911 4
    endloop
  endfacet
  facet normal 0 0 -1
    outer loop
      vertex 2.22752 40.165 4
      vertex 2.37764 42.0725 4
      vertex 2.37764 40.5275 4
    endloop
  endfacet
  facet normal 0 0 -1
    outer loop
      vertex 2.22752 40.165 4
      vertex 2.22752 42.435 4
      vertex 2.37764 42.0725 4
    endloop
  endfacet
  facet normal 0 0 -1
    outer loop
      vertex 2.02254 39.8305 4
      vertex 2.22752 42.435 4
      vertex 2.22752 40.165 4
    endloop
  endfacet
  facet normal 0 0 -1
    outer loop
      vertex 2.02254 39.8305 4
      vertex 2.02254 42.7695 4
      vertex 2.22752 42.435 4
    endloop
  endfacet
  facet normal 0 0 -1
    outer loop
      vertex 1.76777 39.5322 4
      vertex 2.02254 42.7695 4
      vertex 2.02254 39.8305 4
    endloop
  endfacet
  facet normal 0 0 -1
    outer loop
      vertex 1.76777 39.5322 4
      vertex 1.76777 43.0678 4
      vertex 2.02254 42.7695 4
    endloop
  endfacet
  facet normal 0 0 -1
    outer loop
      vertex 1.46946 39.2775 4
      vertex 1.76777 43.0678 4
      vertex 1.76777 39.5322 4
    endloop
  endfacet
  facet normal 0 0 -1
    outer loop
      vertex 1.46946 39.2775 4
      vertex 1.46946 43.3225 4
      vertex 1.76777 43.0678 4
    endloop
  endfacet
  facet normal 0 0 -1
    outer loop
      vertex 1.13498 39.0725 4
      vertex 1.46946 43.3225 4
      vertex 1.46946 39.2775 4
    endloop
  endfacet
  facet normal 0 0 -1
    outer loop
      vertex 1.13498 39.0725 4
      vertex 1.13498 43.5275 4
      vertex 1.46946 43.3225 4
    endloop
  endfacet
  facet normal 0 0 -1
    outer loop
      vertex 0.772542 38.9224 4
      vertex 1.13498 43.5275 4
      vertex 1.13498 39.0725 4
    endloop
  endfacet
  facet normal 0 0 -1
    outer loop
      vertex 0.772542 38.9224 4
      vertex 0.772542 43.6776 4
      vertex 1.13498 43.5275 4
    endloop
  endfacet
  facet normal 0 0 -1
    outer loop
      vertex 0.391086 38.8308 4
      vertex 0.772542 43.6776 4
      vertex 0.772542 38.9224 4
    endloop
  endfacet
  facet normal 0 0 -1
    outer loop
      vertex 0.391086 38.8308 4
      vertex 0.391086 43.7692 4
      vertex 0.772542 43.6776 4
    endloop
  endfacet
  facet normal 0 0 -1
    outer loop
      vertex 0 38.8 4
      vertex 0.391086 43.7692 4
      vertex 0.391086 38.8308 4
    endloop
  endfacet
  facet normal 0 0 -1
    outer loop
      vertex 0 38.8 4
      vertex 0 43.8 4
      vertex 0.391086 43.7692 4
    endloop
  endfacet
  facet normal 0 0 -1
    outer loop
      vertex -0.391086 38.8308 4
      vertex 0 43.8 4
      vertex 0 38.8 4
    endloop
  endfacet
  facet normal 0 0 -1
    outer loop
      vertex -0.391086 38.8308 4
      vertex -0.391086 43.7692 4
      vertex 0 43.8 4
    endloop
  endfacet
  facet normal 0 0 -1
    outer loop
      vertex -0.772542 38.9224 4
      vertex -0.391086 43.7692 4
      vertex -0.391086 38.8308 4
    endloop
  endfacet
  facet normal 0 0 -1
    outer loop
      vertex -0.772542 38.9224 4
      vertex -0.772542 43.6776 4
      vertex -0.391086 43.7692 4
    endloop
  endfacet
  facet normal 0 0 -1
    outer loop
      vertex -1.13498 39.0725 4
      vertex -0.772542 43.6776 4
      vertex -0.772542 38.9224 4
    endloop
  endfacet
  facet normal 0 0 -1
    outer loop
      vertex -1.13498 39.0725 4
      vertex -1.13498 43.5275 4
      vertex -0.772542 43.6776 4
    endloop
  endfacet
  facet normal 0 0 -1
    outer loop
      vertex -1.46946 39.2775 4
      vertex -1.13498 43.5275 4
      vertex -1.13498 39.0725 4
    endloop
  endfacet
  facet normal 0 0 -1
    outer loop
      vertex -1.46946 39.2775 4
      vertex -1.46946 43.3225 4
      vertex -1.13498 43.5275 4
    endloop
  endfacet
  facet normal 0 0 -1
    outer loop
      vertex -1.76777 39.5322 4
      vertex -1.46946 43.3225 4
      vertex -1.46946 39.2775 4
    endloop
  endfacet
  facet normal 0 0 -1
    outer loop
      vertex -1.76777 39.5322 4
      vertex -1.76777 43.0678 4
      vertex -1.46946 43.3225 4
    endloop
  endfacet
  facet normal 0 0 -1
    outer loop
      vertex -2.02254 39.8305 4
      vertex -1.76777 43.0678 4
      vertex -1.76777 39.5322 4
    endloop
  endfacet
  facet normal 0 0 -1
    outer loop
      vertex -2.02254 39.8305 4
      vertex -2.02254 42.7695 4
      vertex -1.76777 43.0678 4
    endloop
  endfacet
  facet normal 0 0 -1
    outer loop
      vertex -2.22752 40.165 4
      vertex -2.02254 42.7695 4
      vertex -2.02254 39.8305 4
    endloop
  endfacet
  facet normal 0 0 -1
    outer loop
      vertex -2.22752 40.165 4
      vertex -2.22752 42.435 4
      vertex -2.02254 42.7695 4
    endloop
  endfacet
  facet normal 0 0 -1
    outer loop
      vertex -2.37764 40.5275 4
      vertex -2.22752 42.435 4
      vertex -2.22752 40.165 4
    endloop
  endfacet
  facet normal 0 0 -1
    outer loop
      vertex -2.37764 40.5275 4
      vertex -2.37764 42.0725 4
      vertex -2.22752 42.435 4
    endloop
  endfacet
  facet normal 0 0 -1
    outer loop
      vertex -2.46922 40.9089 4
      vertex -2.37764 42.0725 4
      vertex -2.37764 40.5275 4
    endloop
  endfacet
  facet normal 0 0 -1
    outer loop
      vertex -2.46922 40.9089 4
      vertex -2.46922 41.6911 4
      vertex -2.37764 42.0725 4
    endloop
  endfacet
  facet normal 0 -0 -1
    outer loop
      vertex -2.46922 41.6911 4
      vertex -2.46922 40.9089 4
      vertex -2.5 41.3 4
    endloop
  endfacet
  facet normal 0.972362 0.233479 0
    outer loop
      vertex -2.37764 40.5275 4
      vertex -2.46922 40.9089 2
      vertex -2.46922 40.9089 4
    endloop
  endfacet
  facet normal 0.972362 0.233479 0
    outer loop
      vertex -2.46922 40.9089 2
      vertex -2.37764 40.5275 4
      vertex -2.37764 40.5275 2
    endloop
  endfacet
  facet normal -0.233495 0.972358 0
    outer loop
      vertex 0.772542 38.9224 2
      vertex 0.391086 38.8308 4
      vertex 0.772542 38.9224 4
    endloop
  endfacet
  facet normal -0.233495 0.972358 0
    outer loop
      vertex 0.391086 38.8308 4
      vertex 0.772542 38.9224 2
      vertex 0.391086 38.8308 2
    endloop
  endfacet
  facet normal 0.56641 -0.824124 0
    outer loop
      vertex -22.2233 37.7097 2
      vertex -21.9 37.9319 4
      vertex -22.2233 37.7097 4
    endloop
  endfacet
  facet normal 0.56641 -0.824124 0
    outer loop
      vertex -21.9 37.9319 4
      vertex -22.2233 37.7097 2
      vertex -21.9 37.9319 2
    endloop
  endfacet
  facet normal -0.725343 -0.688388 0
    outer loop
      vertex -18.7071 37.3401 2
      vertex -18.9772 37.6247 4
      vertex -18.9772 37.6247 2
    endloop
  endfacet
  facet normal -0.725343 -0.688388 0
    outer loop
      vertex -18.9772 37.6247 4
      vertex -18.7071 37.3401 2
      vertex -18.7071 37.3401 4
    endloop
  endfacet
  facet normal 0.983248 -0.182272 0
    outer loop
      vertex -23.1363 36.0282 4
      vertex -23.0648 36.4139 2
      vertex -23.0648 36.4139 4
    endloop
  endfacet
  facet normal 0.983248 -0.182272 0
    outer loop
      vertex -23.0648 36.4139 2
      vertex -23.1363 36.0282 4
      vertex -23.1363 36.0282 2
    endloop
  endfacet
  facet normal 0.878771 -0.477244 0
    outer loop
      vertex -22.9339 36.7837 4
      vertex -22.7467 37.1284 2
      vertex -22.7467 37.1284 4
    endloop
  endfacet
  facet normal 0.878771 -0.477244 0
    outer loop
      vertex -22.7467 37.1284 2
      vertex -22.9339 36.7837 4
      vertex -22.9339 36.7837 2
    endloop
  endfacet
  facet normal 0.942684 -0.333687 0
    outer loop
      vertex -23.0648 36.4139 4
      vertex -22.9339 36.7837 2
      vertex -22.9339 36.7837 4
    endloop
  endfacet
  facet normal 0.942684 -0.333687 0
    outer loop
      vertex -22.9339 36.7837 2
      vertex -23.0648 36.4139 4
      vertex -23.0648 36.4139 2
    endloop
  endfacet
  facet normal 0.958844 0.283932 0
    outer loop
      vertex -22.984 34.8709 4
      vertex -23.0954 35.2471 2
      vertex -23.0954 35.2471 4
    endloop
  endfacet
  facet normal 0.958844 0.283932 0
    outer loop
      vertex -23.0954 35.2471 2
      vertex -22.984 34.8709 4
      vertex -22.984 34.8709 2
    endloop
  endfacet
  facet normal 0.999655 -0.0262531 0
    outer loop
      vertex -23.1466 35.636 4
      vertex -23.1363 36.0282 2
      vertex -23.1363 36.0282 4
    endloop
  endfacet
  facet normal 0.999655 -0.0262531 0
    outer loop
      vertex -23.1363 36.0282 2
      vertex -23.1466 35.636 4
      vertex -23.1466 35.636 2
    endloop
  endfacet
  facet normal 0.026005 0.999662 -0
    outer loop
      vertex -20.5192 33.2703 2
      vertex -20.9113 33.2805 4
      vertex -20.5192 33.2703 4
    endloop
  endfacet
  facet normal 0.026005 0.999662 0
    outer loop
      vertex -20.9113 33.2805 4
      vertex -20.5192 33.2703 2
      vertex -20.9113 33.2805 2
    endloop
  endfacet
  facet normal 0.182272 0.983248 -0
    outer loop
      vertex -20.9113 33.2805 2
      vertex -21.297 33.352 4
      vertex -20.9113 33.2805 4
    endloop
  endfacet
  facet normal 0.182272 0.983248 0
    outer loop
      vertex -21.297 33.352 4
      vertex -20.9113 33.2805 2
      vertex -21.297 33.352 2
    endloop
  endfacet
  facet normal -0.284002 0.958824 0
    outer loop
      vertex -19.7541 33.4329 2
      vertex -20.1302 33.3215 4
      vertex -19.7541 33.4329 4
    endloop
  endfacet
  facet normal -0.284002 0.958824 0
    outer loop
      vertex -20.1302 33.3215 4
      vertex -19.7541 33.4329 2
      vertex -20.1302 33.3215 2
    endloop
  endfacet
  facet normal 0.824124 0.56641 0
    outer loop
      vertex -22.5929 34.1935 4
      vertex -22.8151 34.5168 2
      vertex -22.8151 34.5168 4
    endloop
  endfacet
  facet normal 0.824124 0.56641 0
    outer loop
      vertex -22.8151 34.5168 2
      vertex -22.5929 34.1935 4
      vertex -22.5929 34.1935 2
    endloop
  endfacet
  facet normal 0.430517 -0.902582 0
    outer loop
      vertex -21.9 37.9319 2
      vertex -21.5459 38.1008 4
      vertex -21.9 37.9319 4
    endloop
  endfacet
  facet normal 0.430517 -0.902582 0
    outer loop
      vertex -21.5459 38.1008 4
      vertex -21.9 37.9319 2
      vertex -21.5459 38.1008 2
    endloop
  endfacet
  facet normal -0.608774 -0.793344 0
    outer loop
      vertex -19.2884 37.8635 2
      vertex -18.9772 37.6247 4
      vertex -19.2884 37.8635 4
    endloop
  endfacet
  facet normal -0.608774 -0.793344 -0
    outer loop
      vertex -18.9772 37.6247 4
      vertex -19.2884 37.8635 2
      vertex -18.9772 37.6247 2
    endloop
  endfacet
  facet normal 0.793438 -0.608651 0
    outer loop
      vertex -22.7467 37.1284 4
      vertex -22.5079 37.4397 2
      vertex -22.5079 37.4397 4
    endloop
  endfacet
  facet normal 0.793438 -0.608651 0
    outer loop
      vertex -22.5079 37.4397 2
      vertex -22.7467 37.1284 4
      vertex -22.7467 37.1284 2
    endloop
  endfacet
  facet normal 0.688254 -0.72547 0
    outer loop
      vertex -22.5079 37.4397 2
      vertex -22.2233 37.7097 4
      vertex -22.5079 37.4397 4
    endloop
  endfacet
  facet normal 0.688254 -0.72547 0
    outer loop
      vertex -22.2233 37.7097 4
      vertex -22.5079 37.4397 2
      vertex -22.2233 37.7097 2
    endloop
  endfacet
  facet normal 0.902582 0.430517 0
    outer loop
      vertex -22.8151 34.5168 4
      vertex -22.984 34.8709 2
      vertex -22.984 34.8709 4
    endloop
  endfacet
  facet normal 0.902582 0.430517 0
    outer loop
      vertex -22.984 34.8709 2
      vertex -22.8151 34.5168 4
      vertex -22.8151 34.5168 2
    endloop
  endfacet
  facet normal 0.991445 0.130527 0
    outer loop
      vertex -23.0954 35.2471 4
      vertex -23.1466 35.636 2
      vertex -23.1466 35.636 4
    endloop
  endfacet
  facet normal 0.991445 0.130527 0
    outer loop
      vertex -23.1466 35.636 2
      vertex -23.0954 35.2471 4
      vertex -23.0954 35.2471 2
    endloop
  endfacet
  facet normal 0 0 -1
    outer loop
      vertex -18.1637 35.5055 4
      vertex -18.2046 36.2866 4
      vertex -18.1534 35.8977 4
    endloop
  endfacet
  facet normal 0 0 -1
    outer loop
      vertex -18.2352 35.1198 4
      vertex -18.2046 36.2866 4
      vertex -18.1637 35.5055 4
    endloop
  endfacet
  facet normal 0 0 -1
    outer loop
      vertex -18.2352 35.1198 4
      vertex -18.316 36.6628 4
      vertex -18.2046 36.2866 4
    endloop
  endfacet
  facet normal 0 0 -1
    outer loop
      vertex -18.3661 34.75 4
      vertex -18.316 36.6628 4
      vertex -18.2352 35.1198 4
    endloop
  endfacet
  facet normal 0 0 -1
    outer loop
      vertex -18.3661 34.75 4
      vertex -18.4849 37.0168 4
      vertex -18.316 36.6628 4
    endloop
  endfacet
  facet normal 0 0 -1
    outer loop
      vertex -18.5533 34.4053 4
      vertex -18.4849 37.0168 4
      vertex -18.3661 34.75 4
    endloop
  endfacet
  facet normal 0 0 -1
    outer loop
      vertex -18.5533 34.4053 4
      vertex -18.7071 37.3401 4
      vertex -18.4849 37.0168 4
    endloop
  endfacet
  facet normal 0 0 -1
    outer loop
      vertex -18.7921 34.094 4
      vertex -18.7071 37.3401 4
      vertex -18.5533 34.4053 4
    endloop
  endfacet
  facet normal 0 0 -1
    outer loop
      vertex -18.7921 34.094 4
      vertex -18.9772 37.6247 4
      vertex -18.7071 37.3401 4
    endloop
  endfacet
  facet normal 0 0 -1
    outer loop
      vertex -19.0767 33.824 4
      vertex -18.9772 37.6247 4
      vertex -18.7921 34.094 4
    endloop
  endfacet
  facet normal 0 0 -1
    outer loop
      vertex -19.0767 33.824 4
      vertex -19.2884 37.8635 4
      vertex -18.9772 37.6247 4
    endloop
  endfacet
  facet normal 0 0 -1
    outer loop
      vertex -19.4 33.6018 4
      vertex -19.2884 37.8635 4
      vertex -19.0767 33.824 4
    endloop
  endfacet
  facet normal 0 0 -1
    outer loop
      vertex -19.4 33.6018 4
      vertex -19.6332 38.0507 4
      vertex -19.2884 37.8635 4
    endloop
  endfacet
  facet normal 0 0 -1
    outer loop
      vertex -19.7541 33.4329 4
      vertex -19.6332 38.0507 4
      vertex -19.4 33.6018 4
    endloop
  endfacet
  facet normal 0 0 -1
    outer loop
      vertex -19.7541 33.4329 4
      vertex -20.003 38.1817 4
      vertex -19.6332 38.0507 4
    endloop
  endfacet
  facet normal 0 0 -1
    outer loop
      vertex -20.1302 33.3215 4
      vertex -20.003 38.1817 4
      vertex -19.7541 33.4329 4
    endloop
  endfacet
  facet normal 0 0 -1
    outer loop
      vertex -20.1302 33.3215 4
      vertex -20.3887 38.2532 4
      vertex -20.003 38.1817 4
    endloop
  endfacet
  facet normal 0 0 -1
    outer loop
      vertex -20.5192 33.2703 4
      vertex -20.3887 38.2532 4
      vertex -20.1302 33.3215 4
    endloop
  endfacet
  facet normal 0 0 -1
    outer loop
      vertex -20.5192 33.2703 4
      vertex -20.7808 38.2634 4
      vertex -20.3887 38.2532 4
    endloop
  endfacet
  facet normal 0 0 -1
    outer loop
      vertex -20.9113 33.2805 4
      vertex -20.7808 38.2634 4
      vertex -20.5192 33.2703 4
    endloop
  endfacet
  facet normal 0 0 -1
    outer loop
      vertex -20.9113 33.2805 4
      vertex -21.1698 38.2122 4
      vertex -20.7808 38.2634 4
    endloop
  endfacet
  facet normal 0 0 -1
    outer loop
      vertex -21.297 33.352 4
      vertex -21.1698 38.2122 4
      vertex -20.9113 33.2805 4
    endloop
  endfacet
  facet normal 0 0 -1
    outer loop
      vertex -21.297 33.352 4
      vertex -21.5459 38.1008 4
      vertex -21.1698 38.2122 4
    endloop
  endfacet
  facet normal 0 0 -1
    outer loop
      vertex -21.6668 33.483 4
      vertex -21.5459 38.1008 4
      vertex -21.297 33.352 4
    endloop
  endfacet
  facet normal 0 0 -1
    outer loop
      vertex -21.6668 33.483 4
      vertex -21.9 37.9319 4
      vertex -21.5459 38.1008 4
    endloop
  endfacet
  facet normal 0 0 -1
    outer loop
      vertex -22.0116 33.6702 4
      vertex -21.9 37.9319 4
      vertex -21.6668 33.483 4
    endloop
  endfacet
  facet normal 0 0 -1
    outer loop
      vertex -22.0116 33.6702 4
      vertex -22.2233 37.7097 4
      vertex -21.9 37.9319 4
    endloop
  endfacet
  facet normal 0 0 -1
    outer loop
      vertex -22.3228 33.909 4
      vertex -22.2233 37.7097 4
      vertex -22.0116 33.6702 4
    endloop
  endfacet
  facet normal 0 0 -1
    outer loop
      vertex -22.3228 33.909 4
      vertex -22.5079 37.4397 4
      vertex -22.2233 37.7097 4
    endloop
  endfacet
  facet normal 0 0 -1
    outer loop
      vertex -22.5929 34.1935 4
      vertex -22.5079 37.4397 4
      vertex -22.3228 33.909 4
    endloop
  endfacet
  facet normal 0 0 -1
    outer loop
      vertex -22.5929 34.1935 4
      vertex -22.7467 37.1284 4
      vertex -22.5079 37.4397 4
    endloop
  endfacet
  facet normal 0 0 -1
    outer loop
      vertex -22.8151 34.5168 4
      vertex -22.7467 37.1284 4
      vertex -22.5929 34.1935 4
    endloop
  endfacet
  facet normal 0 0 -1
    outer loop
      vertex -22.8151 34.5168 4
      vertex -22.9339 36.7837 4
      vertex -22.7467 37.1284 4
    endloop
  endfacet
  facet normal 0 0 -1
    outer loop
      vertex -22.984 34.8709 4
      vertex -22.9339 36.7837 4
      vertex -22.8151 34.5168 4
    endloop
  endfacet
  facet normal 0 0 -1
    outer loop
      vertex -22.984 34.8709 4
      vertex -23.0648 36.4139 4
      vertex -22.9339 36.7837 4
    endloop
  endfacet
  facet normal 0 0 -1
    outer loop
      vertex -23.0954 35.2471 4
      vertex -23.0648 36.4139 4
      vertex -22.984 34.8709 4
    endloop
  endfacet
  facet normal 0 0 -1
    outer loop
      vertex -23.0954 35.2471 4
      vertex -23.1363 36.0282 4
      vertex -23.0648 36.4139 4
    endloop
  endfacet
  facet normal 0 -0 -1
    outer loop
      vertex -23.1363 36.0282 4
      vertex -23.0954 35.2471 4
      vertex -23.1466 35.636 4
    endloop
  endfacet
  facet normal -0.430517 0.902582 0
    outer loop
      vertex -19.4 33.6018 2
      vertex -19.7541 33.4329 4
      vertex -19.4 33.6018 4
    endloop
  endfacet
  facet normal -0.430517 0.902582 0
    outer loop
      vertex -19.7541 33.4329 4
      vertex -19.4 33.6018 2
      vertex -19.7541 33.4329 2
    endloop
  endfacet
  facet normal 0.333913 0.942604 -0
    outer loop
      vertex -21.297 33.352 2
      vertex -21.6668 33.483 4
      vertex -21.297 33.352 4
    endloop
  endfacet
  facet normal 0.333913 0.942604 0
    outer loop
      vertex -21.6668 33.483 4
      vertex -21.297 33.352 2
      vertex -21.6668 33.483 2
    endloop
  endfacet
  facet normal 0.608774 0.793344 -0
    outer loop
      vertex -22.0116 33.6702 2
      vertex -22.3228 33.909 4
      vertex -22.0116 33.6702 4
    endloop
  endfacet
  facet normal 0.608774 0.793344 0
    outer loop
      vertex -22.3228 33.909 4
      vertex -22.0116 33.6702 2
      vertex -22.3228 33.909 2
    endloop
  endfacet
  facet normal 0.477137 0.878829 -0
    outer loop
      vertex -21.6668 33.483 2
      vertex -22.0116 33.6702 4
      vertex -21.6668 33.483 4
    endloop
  endfacet
  facet normal 0.477137 0.878829 0
    outer loop
      vertex -22.0116 33.6702 4
      vertex -21.6668 33.483 2
      vertex -22.0116 33.6702 2
    endloop
  endfacet
  facet normal 0.725222 0.688515 0
    outer loop
      vertex -22.3228 33.909 4
      vertex -22.5929 34.1935 2
      vertex -22.5929 34.1935 4
    endloop
  endfacet
  facet normal 0.725222 0.688515 0
    outer loop
      vertex -22.5929 34.1935 2
      vertex -22.3228 33.909 4
      vertex -22.3228 33.909 2
    endloop
  endfacet
  facet normal -0.333913 -0.942604 0
    outer loop
      vertex -20.003 38.1817 2
      vertex -19.6332 38.0507 4
      vertex -20.003 38.1817 4
    endloop
  endfacet
  facet normal -0.333913 -0.942604 -0
    outer loop
      vertex -19.6332 38.0507 4
      vertex -20.003 38.1817 2
      vertex -19.6332 38.0507 2
    endloop
  endfacet
  facet normal -0.026005 -0.999662 0
    outer loop
      vertex -20.7808 38.2634 2
      vertex -20.3887 38.2532 4
      vertex -20.7808 38.2634 4
    endloop
  endfacet
  facet normal -0.026005 -0.999662 -0
    outer loop
      vertex -20.3887 38.2532 4
      vertex -20.7808 38.2634 2
      vertex -20.3887 38.2532 2
    endloop
  endfacet
  facet normal 0.284002 -0.958824 0
    outer loop
      vertex -21.5459 38.1008 2
      vertex -21.1698 38.2122 4
      vertex -21.5459 38.1008 4
    endloop
  endfacet
  facet normal 0.284002 -0.958824 0
    outer loop
      vertex -21.1698 38.2122 4
      vertex -21.5459 38.1008 2
      vertex -21.1698 38.2122 2
    endloop
  endfacet
  facet normal -0.793438 0.608651 0
    outer loop
      vertex -18.7921 34.094 2
      vertex -18.5533 34.4053 4
      vertex -18.5533 34.4053 2
    endloop
  endfacet
  facet normal -0.793438 0.608651 0
    outer loop
      vertex -18.5533 34.4053 4
      vertex -18.7921 34.094 2
      vertex -18.7921 34.094 4
    endloop
  endfacet
  facet normal -0.56641 0.824124 0
    outer loop
      vertex -19.0767 33.824 2
      vertex -19.4 33.6018 4
      vertex -19.0767 33.824 4
    endloop
  endfacet
  facet normal -0.56641 0.824124 0
    outer loop
      vertex -19.4 33.6018 4
      vertex -19.0767 33.824 2
      vertex -19.4 33.6018 2
    endloop
  endfacet
  facet normal -0.130494 0.991449 0
    outer loop
      vertex -20.1302 33.3215 2
      vertex -20.5192 33.2703 4
      vertex -20.1302 33.3215 4
    endloop
  endfacet
  facet normal -0.130494 0.991449 0
    outer loop
      vertex -20.5192 33.2703 4
      vertex -20.1302 33.3215 2
      vertex -20.5192 33.2703 2
    endloop
  endfacet
  facet normal -0.477137 -0.878829 0
    outer loop
      vertex -19.6332 38.0507 2
      vertex -19.2884 37.8635 4
      vertex -19.6332 38.0507 4
    endloop
  endfacet
  facet normal -0.477137 -0.878829 -0
    outer loop
      vertex -19.2884 37.8635 4
      vertex -19.6332 38.0507 2
      vertex -19.2884 37.8635 2
    endloop
  endfacet
  facet normal -0.182272 -0.983248 0
    outer loop
      vertex -20.3887 38.2532 2
      vertex -20.003 38.1817 4
      vertex -20.3887 38.2532 4
    endloop
  endfacet
  facet normal -0.182272 -0.983248 -0
    outer loop
      vertex -20.003 38.1817 4
      vertex -20.3887 38.2532 2
      vertex -20.003 38.1817 2
    endloop
  endfacet
  facet normal 0.130494 -0.991449 0
    outer loop
      vertex -21.1698 38.2122 2
      vertex -20.7808 38.2634 4
      vertex -21.1698 38.2122 4
    endloop
  endfacet
  facet normal 0.130494 -0.991449 0
    outer loop
      vertex -20.7808 38.2634 4
      vertex -21.1698 38.2122 2
      vertex -20.7808 38.2634 2
    endloop
  endfacet
  facet normal -0.824124 -0.56641 0
    outer loop
      vertex -18.4849 37.0168 2
      vertex -18.7071 37.3401 4
      vertex -18.7071 37.3401 2
    endloop
  endfacet
  facet normal -0.824124 -0.56641 0
    outer loop
      vertex -18.7071 37.3401 4
      vertex -18.4849 37.0168 2
      vertex -18.4849 37.0168 4
    endloop
  endfacet
  facet normal -0.902535 -0.430616 0
    outer loop
      vertex -18.316 36.6628 2
      vertex -18.4849 37.0168 4
      vertex -18.4849 37.0168 2
    endloop
  endfacet
  facet normal -0.902535 -0.430616 0
    outer loop
      vertex -18.4849 37.0168 4
      vertex -18.316 36.6628 2
      vertex -18.316 36.6628 4
    endloop
  endfacet
  facet normal -0.958844 -0.283932 0
    outer loop
      vertex -18.2046 36.2866 2
      vertex -18.316 36.6628 4
      vertex -18.316 36.6628 2
    endloop
  endfacet
  facet normal -0.958844 -0.283932 0
    outer loop
      vertex -18.316 36.6628 4
      vertex -18.2046 36.2866 2
      vertex -18.2046 36.2866 4
    endloop
  endfacet
  facet normal -0.999655 0.0262531 0
    outer loop
      vertex -18.1637 35.5055 2
      vertex -18.1534 35.8977 4
      vertex -18.1534 35.8977 2
    endloop
  endfacet
  facet normal -0.999655 0.0262531 0
    outer loop
      vertex -18.1534 35.8977 4
      vertex -18.1637 35.5055 2
      vertex -18.1637 35.5055 4
    endloop
  endfacet
  facet normal -0.983248 0.182272 0
    outer loop
      vertex -18.2352 35.1198 2
      vertex -18.1637 35.5055 4
      vertex -18.1637 35.5055 2
    endloop
  endfacet
  facet normal -0.983248 0.182272 0
    outer loop
      vertex -18.1637 35.5055 4
      vertex -18.2352 35.1198 2
      vertex -18.2352 35.1198 4
    endloop
  endfacet
  facet normal -0.942684 0.333687 0
    outer loop
      vertex -18.3661 34.75 2
      vertex -18.2352 35.1198 4
      vertex -18.2352 35.1198 2
    endloop
  endfacet
  facet normal -0.942684 0.333687 0
    outer loop
      vertex -18.2352 35.1198 4
      vertex -18.3661 34.75 2
      vertex -18.3661 34.75 4
    endloop
  endfacet
  facet normal -0.878771 0.477244 0
    outer loop
      vertex -18.5533 34.4053 2
      vertex -18.3661 34.75 4
      vertex -18.3661 34.75 2
    endloop
  endfacet
  facet normal -0.878771 0.477244 0
    outer loop
      vertex -18.3661 34.75 4
      vertex -18.5533 34.4053 2
      vertex -18.5533 34.4053 4
    endloop
  endfacet
  facet normal -0.688254 0.72547 0
    outer loop
      vertex -18.7921 34.094 2
      vertex -19.0767 33.824 4
      vertex -18.7921 34.094 4
    endloop
  endfacet
  facet normal -0.688254 0.72547 0
    outer loop
      vertex -19.0767 33.824 4
      vertex -18.7921 34.094 2
      vertex -19.0767 33.824 2
    endloop
  endfacet
  facet normal -0.991445 -0.130527 0
    outer loop
      vertex -18.1534 35.8977 2
      vertex -18.2046 36.2866 4
      vertex -18.2046 36.2866 2
    endloop
  endfacet
  facet normal -0.991445 -0.130527 0
    outer loop
      vertex -18.2046 36.2866 4
      vertex -18.1534 35.8977 2
      vertex -18.1534 35.8977 4
    endloop
  endfacet
  facet normal 0.902582 -0.430517 0
    outer loop
      vertex -38.1008 21.5459 4
      vertex -37.9319 21.9 2
      vertex -37.9319 21.9 4
    endloop
  endfacet
  facet normal 0.902582 -0.430517 0
    outer loop
      vertex -37.9319 21.9 2
      vertex -38.1008 21.5459 4
      vertex -38.1008 21.5459 2
    endloop
  endfacet
  facet normal 0.991449 -0.130494 0
    outer loop
      vertex -38.2634 20.7808 4
      vertex -38.2122 21.1698 2
      vertex -38.2122 21.1698 4
    endloop
  endfacet
  facet normal 0.991449 -0.130494 0
    outer loop
      vertex -38.2122 21.1698 2
      vertex -38.2634 20.7808 4
      vertex -38.2634 20.7808 2
    endloop
  endfacet
  facet normal 0.958824 -0.284002 0
    outer loop
      vertex -38.2122 21.1698 4
      vertex -38.1008 21.5459 2
      vertex -38.1008 21.5459 4
    endloop
  endfacet
  facet normal 0.958824 -0.284002 0
    outer loop
      vertex -38.1008 21.5459 2
      vertex -38.2122 21.1698 4
      vertex -38.2122 21.1698 2
    endloop
  endfacet
  facet normal 0 0 -1
    outer loop
      vertex -33.3215 20.1302 4
      vertex -33.2805 20.9113 4
      vertex -33.2703 20.5192 4
    endloop
  endfacet
  facet normal 0 0 -1
    outer loop
      vertex -33.3215 20.1302 4
      vertex -33.352 21.297 4
      vertex -33.2805 20.9113 4
    endloop
  endfacet
  facet normal 0 0 -1
    outer loop
      vertex -33.4329 19.7541 4
      vertex -33.352 21.297 4
      vertex -33.3215 20.1302 4
    endloop
  endfacet
  facet normal 0 0 -1
    outer loop
      vertex -33.4329 19.7541 4
      vertex -33.483 21.6668 4
      vertex -33.352 21.297 4
    endloop
  endfacet
  facet normal 0 0 -1
    outer loop
      vertex -33.6018 19.4 4
      vertex -33.483 21.6668 4
      vertex -33.4329 19.7541 4
    endloop
  endfacet
  facet normal 0 0 -1
    outer loop
      vertex -33.6018 19.4 4
      vertex -33.6702 22.0116 4
      vertex -33.483 21.6668 4
    endloop
  endfacet
  facet normal 0 0 -1
    outer loop
      vertex -33.824 19.0767 4
      vertex -33.6702 22.0116 4
      vertex -33.6018 19.4 4
    endloop
  endfacet
  facet normal 0 0 -1
    outer loop
      vertex -33.824 19.0767 4
      vertex -33.909 22.3228 4
      vertex -33.6702 22.0116 4
    endloop
  endfacet
  facet normal 0 0 -1
    outer loop
      vertex -34.094 18.7921 4
      vertex -33.909 22.3228 4
      vertex -33.824 19.0767 4
    endloop
  endfacet
  facet normal 0 0 -1
    outer loop
      vertex -34.094 18.7921 4
      vertex -34.1935 22.5929 4
      vertex -33.909 22.3228 4
    endloop
  endfacet
  facet normal 0 0 -1
    outer loop
      vertex -34.4053 18.5533 4
      vertex -34.1935 22.5929 4
      vertex -34.094 18.7921 4
    endloop
  endfacet
  facet normal 0 0 -1
    outer loop
      vertex -34.4053 18.5533 4
      vertex -34.5168 22.8151 4
      vertex -34.1935 22.5929 4
    endloop
  endfacet
  facet normal 0 0 -1
    outer loop
      vertex -34.75 18.3661 4
      vertex -34.5168 22.8151 4
      vertex -34.4053 18.5533 4
    endloop
  endfacet
  facet normal 0 0 -1
    outer loop
      vertex -34.75 18.3661 4
      vertex -34.8709 22.984 4
      vertex -34.5168 22.8151 4
    endloop
  endfacet
  facet normal 0 0 -1
    outer loop
      vertex -35.1198 18.2352 4
      vertex -34.8709 22.984 4
      vertex -34.75 18.3661 4
    endloop
  endfacet
  facet normal 0 0 -1
    outer loop
      vertex -35.1198 18.2352 4
      vertex -35.2471 23.0954 4
      vertex -34.8709 22.984 4
    endloop
  endfacet
  facet normal 0 0 -1
    outer loop
      vertex -35.5055 18.1637 4
      vertex -35.2471 23.0954 4
      vertex -35.1198 18.2352 4
    endloop
  endfacet
  facet normal 0 0 -1
    outer loop
      vertex -35.5055 18.1637 4
      vertex -35.636 23.1466 4
      vertex -35.2471 23.0954 4
    endloop
  endfacet
  facet normal 0 0 -1
    outer loop
      vertex -35.8977 18.1534 4
      vertex -35.636 23.1466 4
      vertex -35.5055 18.1637 4
    endloop
  endfacet
  facet normal 0 0 -1
    outer loop
      vertex -35.8977 18.1534 4
      vertex -36.0282 23.1363 4
      vertex -35.636 23.1466 4
    endloop
  endfacet
  facet normal 0 0 -1
    outer loop
      vertex -36.2866 18.2046 4
      vertex -36.0282 23.1363 4
      vertex -35.8977 18.1534 4
    endloop
  endfacet
  facet normal 0 0 -1
    outer loop
      vertex -36.2866 18.2046 4
      vertex -36.4139 23.0648 4
      vertex -36.0282 23.1363 4
    endloop
  endfacet
  facet normal 0 0 -1
    outer loop
      vertex -36.6628 18.316 4
      vertex -36.4139 23.0648 4
      vertex -36.2866 18.2046 4
    endloop
  endfacet
  facet normal 0 0 -1
    outer loop
      vertex -36.6628 18.316 4
      vertex -36.7837 22.9339 4
      vertex -36.4139 23.0648 4
    endloop
  endfacet
  facet normal 0 0 -1
    outer loop
      vertex -37.0168 18.4849 4
      vertex -36.7837 22.9339 4
      vertex -36.6628 18.316 4
    endloop
  endfacet
  facet normal 0 0 -1
    outer loop
      vertex -37.0168 18.4849 4
      vertex -37.1284 22.7467 4
      vertex -36.7837 22.9339 4
    endloop
  endfacet
  facet normal 0 0 -1
    outer loop
      vertex -37.3401 18.7071 4
      vertex -37.1284 22.7467 4
      vertex -37.0168 18.4849 4
    endloop
  endfacet
  facet normal 0 0 -1
    outer loop
      vertex -37.3401 18.7071 4
      vertex -37.4397 22.5079 4
      vertex -37.1284 22.7467 4
    endloop
  endfacet
  facet normal 0 0 -1
    outer loop
      vertex -37.6247 18.9772 4
      vertex -37.4397 22.5079 4
      vertex -37.3401 18.7071 4
    endloop
  endfacet
  facet normal 0 0 -1
    outer loop
      vertex -37.6247 18.9772 4
      vertex -37.7097 22.2233 4
      vertex -37.4397 22.5079 4
    endloop
  endfacet
  facet normal 0 0 -1
    outer loop
      vertex -37.8635 19.2884 4
      vertex -37.7097 22.2233 4
      vertex -37.6247 18.9772 4
    endloop
  endfacet
  facet normal 0 0 -1
    outer loop
      vertex -37.8635 19.2884 4
      vertex -37.9319 21.9 4
      vertex -37.7097 22.2233 4
    endloop
  endfacet
  facet normal 0 0 -1
    outer loop
      vertex -38.0507 19.6332 4
      vertex -37.9319 21.9 4
      vertex -37.8635 19.2884 4
    endloop
  endfacet
  facet normal 0 0 -1
    outer loop
      vertex -38.0507 19.6332 4
      vertex -38.1008 21.5459 4
      vertex -37.9319 21.9 4
    endloop
  endfacet
  facet normal 0 0 -1
    outer loop
      vertex -38.1817 20.003 4
      vertex -38.1008 21.5459 4
      vertex -38.0507 19.6332 4
    endloop
  endfacet
  facet normal 0 0 -1
    outer loop
      vertex -38.1817 20.003 4
      vertex -38.2122 21.1698 4
      vertex -38.1008 21.5459 4
    endloop
  endfacet
  facet normal 0 0 -1
    outer loop
      vertex -38.2532 20.3887 4
      vertex -38.2122 21.1698 4
      vertex -38.1817 20.003 4
    endloop
  endfacet
  facet normal 0 0 -1
    outer loop
      vertex -38.2122 21.1698 4
      vertex -38.2532 20.3887 4
      vertex -38.2634 20.7808 4
    endloop
  endfacet
  facet normal 0.56641 0.824124 -0
    outer loop
      vertex -37.0168 18.4849 2
      vertex -37.3401 18.7071 4
      vertex -37.0168 18.4849 4
    endloop
  endfacet
  facet normal 0.56641 0.824124 0
    outer loop
      vertex -37.3401 18.7071 4
      vertex -37.0168 18.4849 2
      vertex -37.3401 18.7071 2
    endloop
  endfacet
  facet normal 0.878829 0.477137 0
    outer loop
      vertex -37.8635 19.2884 4
      vertex -38.0507 19.6332 2
      vertex -38.0507 19.6332 4
    endloop
  endfacet
  facet normal 0.878829 0.477137 0
    outer loop
      vertex -38.0507 19.6332 2
      vertex -37.8635 19.2884 4
      vertex -37.8635 19.2884 2
    endloop
  endfacet
  facet normal -0.477244 0.878771 0
    outer loop
      vertex -34.4053 18.5533 2
      vertex -34.75 18.3661 4
      vertex -34.4053 18.5533 4
    endloop
  endfacet
  facet normal -0.477244 0.878771 0
    outer loop
      vertex -34.75 18.3661 4
      vertex -34.4053 18.5533 2
      vertex -34.75 18.3661 2
    endloop
  endfacet
  facet normal -0.72547 0.688254 0
    outer loop
      vertex -34.094 18.7921 2
      vertex -33.824 19.0767 4
      vertex -33.824 19.0767 2
    endloop
  endfacet
  facet normal -0.72547 0.688254 0
    outer loop
      vertex -33.824 19.0767 4
      vertex -34.094 18.7921 2
      vertex -34.094 18.7921 4
    endloop
  endfacet
  facet normal -0.902582 0.430517 0
    outer loop
      vertex -33.6018 19.4 2
      vertex -33.4329 19.7541 4
      vertex -33.4329 19.7541 2
    endloop
  endfacet
  facet normal -0.902582 0.430517 0
    outer loop
      vertex -33.4329 19.7541 4
      vertex -33.6018 19.4 2
      vertex -33.6018 19.4 4
    endloop
  endfacet
  facet normal -0.0262531 0.999655 0
    outer loop
      vertex -35.5055 18.1637 2
      vertex -35.8977 18.1534 4
      vertex -35.5055 18.1637 4
    endloop
  endfacet
  facet normal -0.0262531 0.999655 0
    outer loop
      vertex -35.8977 18.1534 4
      vertex -35.5055 18.1637 2
      vertex -35.8977 18.1534 2
    endloop
  endfacet
  facet normal -0.333687 0.942684 0
    outer loop
      vertex -34.75 18.3661 2
      vertex -35.1198 18.2352 4
      vertex -34.75 18.3661 4
    endloop
  endfacet
  facet normal -0.333687 0.942684 0
    outer loop
      vertex -35.1198 18.2352 4
      vertex -34.75 18.3661 2
      vertex -35.1198 18.2352 2
    endloop
  endfacet
  facet normal 0.283932 0.958844 -0
    outer loop
      vertex -36.2866 18.2046 2
      vertex -36.6628 18.316 4
      vertex -36.2866 18.2046 4
    endloop
  endfacet
  facet normal 0.283932 0.958844 0
    outer loop
      vertex -36.6628 18.316 4
      vertex -36.2866 18.2046 2
      vertex -36.6628 18.316 2
    endloop
  endfacet
  facet normal 0.824124 -0.56641 0
    outer loop
      vertex -37.9319 21.9 4
      vertex -37.7097 22.2233 2
      vertex -37.7097 22.2233 4
    endloop
  endfacet
  facet normal 0.824124 -0.56641 0
    outer loop
      vertex -37.7097 22.2233 2
      vertex -37.9319 21.9 4
      vertex -37.9319 21.9 2
    endloop
  endfacet
  facet normal 0.477244 -0.878771 0
    outer loop
      vertex -37.1284 22.7467 2
      vertex -36.7837 22.9339 4
      vertex -37.1284 22.7467 4
    endloop
  endfacet
  facet normal 0.477244 -0.878771 0
    outer loop
      vertex -36.7837 22.9339 4
      vertex -37.1284 22.7467 2
      vertex -36.7837 22.9339 2
    endloop
  endfacet
  facet normal 0.942604 0.333913 0
    outer loop
      vertex -38.0507 19.6332 4
      vertex -38.1817 20.003 2
      vertex -38.1817 20.003 4
    endloop
  endfacet
  facet normal 0.942604 0.333913 0
    outer loop
      vertex -38.1817 20.003 2
      vertex -38.0507 19.6332 4
      vertex -38.0507 19.6332 2
    endloop
  endfacet
  facet normal 0.999662 0.026005 0
    outer loop
      vertex -38.2532 20.3887 4
      vertex -38.2634 20.7808 2
      vertex -38.2634 20.7808 4
    endloop
  endfacet
  facet normal 0.999662 0.026005 0
    outer loop
      vertex -38.2634 20.7808 2
      vertex -38.2532 20.3887 4
      vertex -38.2532 20.3887 2
    endloop
  endfacet
  facet normal 0.430616 0.902535 -0
    outer loop
      vertex -36.6628 18.316 2
      vertex -37.0168 18.4849 4
      vertex -36.6628 18.316 4
    endloop
  endfacet
  facet normal 0.430616 0.902535 0
    outer loop
      vertex -37.0168 18.4849 4
      vertex -36.6628 18.316 2
      vertex -37.0168 18.4849 2
    endloop
  endfacet
  facet normal 0.793344 0.608774 0
    outer loop
      vertex -37.6247 18.9772 4
      vertex -37.8635 19.2884 2
      vertex -37.8635 19.2884 4
    endloop
  endfacet
  facet normal 0.793344 0.608774 0
    outer loop
      vertex -37.8635 19.2884 2
      vertex -37.6247 18.9772 4
      vertex -37.6247 18.9772 2
    endloop
  endfacet
  facet normal -0.608651 0.793438 0
    outer loop
      vertex -34.094 18.7921 2
      vertex -34.4053 18.5533 4
      vertex -34.094 18.7921 4
    endloop
  endfacet
  facet normal -0.608651 0.793438 0
    outer loop
      vertex -34.4053 18.5533 4
      vertex -34.094 18.7921 2
      vertex -34.4053 18.5533 2
    endloop
  endfacet
  facet normal -0.824124 0.56641 0
    outer loop
      vertex -33.824 19.0767 2
      vertex -33.6018 19.4 4
      vertex -33.6018 19.4 2
    endloop
  endfacet
  facet normal -0.824124 0.56641 0
    outer loop
      vertex -33.6018 19.4 4
      vertex -33.824 19.0767 2
      vertex -33.824 19.0767 4
    endloop
  endfacet
  facet normal -0.182272 0.983248 0
    outer loop
      vertex -35.1198 18.2352 2
      vertex -35.5055 18.1637 4
      vertex -35.1198 18.2352 4
    endloop
  endfacet
  facet normal -0.182272 0.983248 0
    outer loop
      vertex -35.5055 18.1637 4
      vertex -35.1198 18.2352 2
      vertex -35.5055 18.1637 2
    endloop
  endfacet
  facet normal 0.130527 0.991445 -0
    outer loop
      vertex -35.8977 18.1534 2
      vertex -36.2866 18.2046 4
      vertex -35.8977 18.1534 4
    endloop
  endfacet
  facet normal 0.130527 0.991445 0
    outer loop
      vertex -36.2866 18.2046 4
      vertex -35.8977 18.1534 2
      vertex -36.2866 18.2046 2
    endloop
  endfacet
  facet normal 0.0262531 -0.999655 0
    outer loop
      vertex -36.0282 23.1363 2
      vertex -35.636 23.1466 4
      vertex -36.0282 23.1363 4
    endloop
  endfacet
  facet normal 0.0262531 -0.999655 0
    outer loop
      vertex -35.636 23.1466 4
      vertex -36.0282 23.1363 2
      vertex -35.636 23.1466 2
    endloop
  endfacet
  facet normal -0.999662 -0.026005 0
    outer loop
      vertex -33.2703 20.5192 2
      vertex -33.2805 20.9113 4
      vertex -33.2805 20.9113 2
    endloop
  endfacet
  facet normal -0.999662 -0.026005 0
    outer loop
      vertex -33.2805 20.9113 4
      vertex -33.2703 20.5192 2
      vertex -33.2703 20.5192 4
    endloop
  endfacet
  facet normal -0.130527 -0.991445 0
    outer loop
      vertex -35.636 23.1466 2
      vertex -35.2471 23.0954 4
      vertex -35.636 23.1466 4
    endloop
  endfacet
  facet normal -0.130527 -0.991445 -0
    outer loop
      vertex -35.2471 23.0954 4
      vertex -35.636 23.1466 2
      vertex -35.2471 23.0954 2
    endloop
  endfacet
  facet normal -0.283932 -0.958844 0
    outer loop
      vertex -35.2471 23.0954 2
      vertex -34.8709 22.984 4
      vertex -35.2471 23.0954 4
    endloop
  endfacet
  facet normal -0.283932 -0.958844 -0
    outer loop
      vertex -34.8709 22.984 4
      vertex -35.2471 23.0954 2
      vertex -34.8709 22.984 2
    endloop
  endfacet
  facet normal 0.983248 0.182272 0
    outer loop
      vertex -38.1817 20.003 4
      vertex -38.2532 20.3887 2
      vertex -38.2532 20.3887 4
    endloop
  endfacet
  facet normal 0.983248 0.182272 0
    outer loop
      vertex -38.2532 20.3887 2
      vertex -38.1817 20.003 4
      vertex -38.1817 20.003 2
    endloop
  endfacet
  facet normal 0.688388 0.725343 -0
    outer loop
      vertex -37.3401 18.7071 2
      vertex -37.6247 18.9772 4
      vertex -37.3401 18.7071 4
    endloop
  endfacet
  facet normal 0.688388 0.725343 0
    outer loop
      vertex -37.6247 18.9772 4
      vertex -37.3401 18.7071 2
      vertex -37.6247 18.9772 2
    endloop
  endfacet
  facet normal 0.72547 -0.688254 0
    outer loop
      vertex -37.7097 22.2233 4
      vertex -37.4397 22.5079 2
      vertex -37.4397 22.5079 4
    endloop
  endfacet
  facet normal 0.72547 -0.688254 0
    outer loop
      vertex -37.4397 22.5079 2
      vertex -37.7097 22.2233 4
      vertex -37.7097 22.2233 2
    endloop
  endfacet
  facet normal 0.608651 -0.793438 0
    outer loop
      vertex -37.4397 22.5079 2
      vertex -37.1284 22.7467 4
      vertex -37.4397 22.5079 4
    endloop
  endfacet
  facet normal 0.608651 -0.793438 0
    outer loop
      vertex -37.1284 22.7467 4
      vertex -37.4397 22.5079 2
      vertex -37.1284 22.7467 2
    endloop
  endfacet
  facet normal -0.430517 -0.902582 0
    outer loop
      vertex -34.8709 22.984 2
      vertex -34.5168 22.8151 4
      vertex -34.8709 22.984 4
    endloop
  endfacet
  facet normal -0.430517 -0.902582 -0
    outer loop
      vertex -34.5168 22.8151 4
      vertex -34.8709 22.984 2
      vertex -34.5168 22.8151 2
    endloop
  endfacet
  facet normal -0.56641 -0.824124 0
    outer loop
      vertex -34.5168 22.8151 2
      vertex -34.1935 22.5929 4
      vertex -34.5168 22.8151 4
    endloop
  endfacet
  facet normal -0.56641 -0.824124 -0
    outer loop
      vertex -34.1935 22.5929 4
      vertex -34.5168 22.8151 2
      vertex -34.1935 22.5929 2
    endloop
  endfacet
  facet normal -0.688515 -0.725222 0
    outer loop
      vertex -34.1935 22.5929 2
      vertex -33.909 22.3228 4
      vertex -34.1935 22.5929 4
    endloop
  endfacet
  facet normal -0.688515 -0.725222 -0
    outer loop
      vertex -33.909 22.3228 4
      vertex -34.1935 22.5929 2
      vertex -33.909 22.3228 2
    endloop
  endfacet
  facet normal -0.942604 -0.333913 0
    outer loop
      vertex -33.352 21.297 2
      vertex -33.483 21.6668 4
      vertex -33.483 21.6668 2
    endloop
  endfacet
  facet normal -0.942604 -0.333913 0
    outer loop
      vertex -33.483 21.6668 4
      vertex -33.352 21.297 2
      vertex -33.352 21.297 4
    endloop
  endfacet
  facet normal -0.983248 -0.182272 0
    outer loop
      vertex -33.2805 20.9113 2
      vertex -33.352 21.297 4
      vertex -33.352 21.297 2
    endloop
  endfacet
  facet normal -0.983248 -0.182272 0
    outer loop
      vertex -33.352 21.297 4
      vertex -33.2805 20.9113 2
      vertex -33.2805 20.9113 4
    endloop
  endfacet
  facet normal -0.958824 0.284002 0
    outer loop
      vertex -33.4329 19.7541 2
      vertex -33.3215 20.1302 4
      vertex -33.3215 20.1302 2
    endloop
  endfacet
  facet normal -0.958824 0.284002 0
    outer loop
      vertex -33.3215 20.1302 4
      vertex -33.4329 19.7541 2
      vertex -33.4329 19.7541 4
    endloop
  endfacet
  facet normal 0.182272 -0.983248 0
    outer loop
      vertex -36.4139 23.0648 2
      vertex -36.0282 23.1363 4
      vertex -36.4139 23.0648 4
    endloop
  endfacet
  facet normal 0.182272 -0.983248 0
    outer loop
      vertex -36.0282 23.1363 4
      vertex -36.4139 23.0648 2
      vertex -36.0282 23.1363 2
    endloop
  endfacet
  facet normal 0.333687 -0.942684 0
    outer loop
      vertex -36.7837 22.9339 2
      vertex -36.4139 23.0648 4
      vertex -36.7837 22.9339 4
    endloop
  endfacet
  facet normal 0.333687 -0.942684 0
    outer loop
      vertex -36.4139 23.0648 4
      vertex -36.7837 22.9339 2
      vertex -36.4139 23.0648 2
    endloop
  endfacet
  facet normal -0.878829 -0.477137 0
    outer loop
      vertex -33.483 21.6668 2
      vertex -33.6702 22.0116 4
      vertex -33.6702 22.0116 2
    endloop
  endfacet
  facet normal -0.878829 -0.477137 0
    outer loop
      vertex -33.6702 22.0116 4
      vertex -33.483 21.6668 2
      vertex -33.483 21.6668 4
    endloop
  endfacet
  facet normal -0.991449 0.130494 0
    outer loop
      vertex -33.3215 20.1302 2
      vertex -33.2703 20.5192 4
      vertex -33.2703 20.5192 2
    endloop
  endfacet
  facet normal -0.991449 0.130494 0
    outer loop
      vertex -33.2703 20.5192 4
      vertex -33.3215 20.1302 2
      vertex -33.3215 20.1302 4
    endloop
  endfacet
  facet normal -0.793344 -0.608774 0
    outer loop
      vertex -33.6702 22.0116 2
      vertex -33.909 22.3228 4
      vertex -33.909 22.3228 2
    endloop
  endfacet
  facet normal -0.793344 -0.608774 0
    outer loop
      vertex -33.909 22.3228 4
      vertex -33.6702 22.0116 2
      vertex -33.6702 22.0116 4
    endloop
  endfacet
  facet normal 0.649445 0.760409 -0
    outer loop
      vertex -42.7695 -2.02254 2
      vertex -43.0678 -1.76777 4
      vertex -42.7695 -2.02254 4
    endloop
  endfacet
  facet normal 0.649445 0.760409 0
    outer loop
      vertex -43.0678 -1.76777 4
      vertex -42.7695 -2.02254 2
      vertex -43.0678 -1.76777 2
    endloop
  endfacet
  facet normal -0.923904 0.382625 0
    outer loop
      vertex -39.0725 -1.13498 2
      vertex -38.9224 -0.772542 4
      vertex -38.9224 -0.772542 2
    endloop
  endfacet
  facet normal -0.923904 0.382625 0
    outer loop
      vertex -38.9224 -0.772542 4
      vertex -39.0725 -1.13498 2
      vertex -39.0725 -1.13498 4
    endloop
  endfacet
  facet normal 0.972358 -0.233495 0
    outer loop
      vertex -43.7692 0.391086 4
      vertex -43.6776 0.772542 2
      vertex -43.6776 0.772542 4
    endloop
  endfacet
  facet normal 0.972358 -0.233495 0
    outer loop
      vertex -43.6776 0.772542 2
      vertex -43.7692 0.391086 4
      vertex -43.7692 0.391086 2
    endloop
  endfacet
  facet normal -0.382613 -0.923909 0
    outer loop
      vertex -40.5275 2.37764 2
      vertex -40.165 2.22752 4
      vertex -40.5275 2.37764 4
    endloop
  endfacet
  facet normal -0.382613 -0.923909 -0
    outer loop
      vertex -40.165 2.22752 4
      vertex -40.5275 2.37764 2
      vertex -40.165 2.22752 2
    endloop
  endfacet
  facet normal 0.649445 -0.760409 0
    outer loop
      vertex -43.0678 1.76777 2
      vertex -42.7695 2.02254 4
      vertex -43.0678 1.76777 4
    endloop
  endfacet
  facet normal 0.649445 -0.760409 0
    outer loop
      vertex -42.7695 2.02254 4
      vertex -43.0678 1.76777 2
      vertex -42.7695 2.02254 2
    endloop
  endfacet
  facet normal 0.923904 -0.382625 0
    outer loop
      vertex -43.6776 0.772542 4
      vertex -43.5275 1.13498 2
      vertex -43.5275 1.13498 4
    endloop
  endfacet
  facet normal 0.923904 -0.382625 0
    outer loop
      vertex -43.5275 1.13498 2
      vertex -43.6776 0.772542 4
      vertex -43.6776 0.772542 2
    endloop
  endfacet
  facet normal -0.852606 -0.522555 0
    outer loop
      vertex -39.0725 1.13498 2
      vertex -39.2775 1.46946 4
      vertex -39.2775 1.46946 2
    endloop
  endfacet
  facet normal -0.852606 -0.522555 0
    outer loop
      vertex -39.2775 1.46946 4
      vertex -39.0725 1.13498 2
      vertex -39.0725 1.13498 4
    endloop
  endfacet
  facet normal 0.923904 0.382625 0
    outer loop
      vertex -43.5275 -1.13498 4
      vertex -43.6776 -0.772542 2
      vertex -43.6776 -0.772542 4
    endloop
  endfacet
  facet normal 0.923904 0.382625 0
    outer loop
      vertex -43.6776 -0.772542 2
      vertex -43.5275 -1.13498 4
      vertex -43.5275 -1.13498 2
    endloop
  endfacet
  facet normal 0.972358 0.233495 0
    outer loop
      vertex -43.6776 -0.772542 4
      vertex -43.7692 -0.391086 2
      vertex -43.7692 -0.391086 4
    endloop
  endfacet
  facet normal 0.972358 0.233495 0
    outer loop
      vertex -43.7692 -0.391086 2
      vertex -43.6776 -0.772542 4
      vertex -43.6776 -0.772542 2
    endloop
  endfacet
  facet normal 0.852606 0.522555 0
    outer loop
      vertex -43.3225 -1.46946 4
      vertex -43.5275 -1.13498 2
      vertex -43.5275 -1.13498 4
    endloop
  endfacet
  facet normal 0.852606 0.522555 0
    outer loop
      vertex -43.5275 -1.13498 2
      vertex -43.3225 -1.46946 4
      vertex -43.3225 -1.46946 2
    endloop
  endfacet
  facet normal 0.382613 0.923909 -0
    outer loop
      vertex -42.0725 -2.37764 2
      vertex -42.435 -2.22752 4
      vertex -42.0725 -2.37764 4
    endloop
  endfacet
  facet normal 0.382613 0.923909 0
    outer loop
      vertex -42.435 -2.22752 4
      vertex -42.0725 -2.37764 2
      vertex -42.435 -2.22752 2
    endloop
  endfacet
  facet normal 0.0784585 0.996917 -0
    outer loop
      vertex -41.3 -2.5 2
      vertex -41.6911 -2.46922 4
      vertex -41.3 -2.5 4
    endloop
  endfacet
  facet normal 0.0784585 0.996917 0
    outer loop
      vertex -41.6911 -2.46922 4
      vertex -41.3 -2.5 2
      vertex -41.6911 -2.46922 2
    endloop
  endfacet
  facet normal -0.996913 0.078512 0
    outer loop
      vertex -38.8308 -0.391086 2
      vertex -38.8 0 4
      vertex -38.8 0 2
    endloop
  endfacet
  facet normal -0.996913 0.078512 0
    outer loop
      vertex -38.8 0 4
      vertex -38.8308 -0.391086 2
      vertex -38.8308 -0.391086 4
    endloop
  endfacet
  facet normal -0.760508 0.649329 0
    outer loop
      vertex -39.5322 -1.76777 2
      vertex -39.2775 -1.46946 4
      vertex -39.2775 -1.46946 2
    endloop
  endfacet
  facet normal -0.760508 0.649329 0
    outer loop
      vertex -39.2775 -1.46946 4
      vertex -39.5322 -1.76777 2
      vertex -39.5322 -1.76777 4
    endloop
  endfacet
  facet normal -0.522495 0.852642 0
    outer loop
      vertex -39.8305 -2.02254 2
      vertex -40.165 -2.22752 4
      vertex -39.8305 -2.02254 4
    endloop
  endfacet
  facet normal -0.522495 0.852642 0
    outer loop
      vertex -40.165 -2.22752 4
      vertex -39.8305 -2.02254 2
      vertex -40.165 -2.22752 2
    endloop
  endfacet
  facet normal -0.649445 0.760409 0
    outer loop
      vertex -39.5322 -1.76777 2
      vertex -39.8305 -2.02254 4
      vertex -39.5322 -1.76777 4
    endloop
  endfacet
  facet normal -0.649445 0.760409 0
    outer loop
      vertex -39.8305 -2.02254 4
      vertex -39.5322 -1.76777 2
      vertex -39.8305 -2.02254 2
    endloop
  endfacet
  facet normal 0.233479 -0.972362 0
    outer loop
      vertex -42.0725 2.37764 2
      vertex -41.6911 2.46922 4
      vertex -42.0725 2.37764 4
    endloop
  endfacet
  facet normal 0.233479 -0.972362 0
    outer loop
      vertex -41.6911 2.46922 4
      vertex -42.0725 2.37764 2
      vertex -41.6911 2.46922 2
    endloop
  endfacet
  facet normal 0.382613 -0.923909 0
    outer loop
      vertex -42.435 2.22752 2
      vertex -42.0725 2.37764 4
      vertex -42.435 2.22752 4
    endloop
  endfacet
  facet normal 0.382613 -0.923909 0
    outer loop
      vertex -42.0725 2.37764 4
      vertex -42.435 2.22752 2
      vertex -42.0725 2.37764 2
    endloop
  endfacet
  facet normal 0.522495 -0.852642 0
    outer loop
      vertex -42.7695 2.02254 2
      vertex -42.435 2.22752 4
      vertex -42.7695 2.02254 4
    endloop
  endfacet
  facet normal 0.522495 -0.852642 0
    outer loop
      vertex -42.435 2.22752 4
      vertex -42.7695 2.02254 2
      vertex -42.435 2.22752 2
    endloop
  endfacet
  facet normal 0.760508 -0.649329 0
    outer loop
      vertex -43.3225 1.46946 4
      vertex -43.0678 1.76777 2
      vertex -43.0678 1.76777 4
    endloop
  endfacet
  facet normal 0.760508 -0.649329 0
    outer loop
      vertex -43.0678 1.76777 2
      vertex -43.3225 1.46946 4
      vertex -43.3225 1.46946 2
    endloop
  endfacet
  facet normal -0.649445 -0.760409 0
    outer loop
      vertex -39.8305 2.02254 2
      vertex -39.5322 1.76777 4
      vertex -39.8305 2.02254 4
    endloop
  endfacet
  facet normal -0.649445 -0.760409 -0
    outer loop
      vertex -39.5322 1.76777 4
      vertex -39.8305 2.02254 2
      vertex -39.5322 1.76777 2
    endloop
  endfacet
  facet normal -0.522495 -0.852642 0
    outer loop
      vertex -40.165 2.22752 2
      vertex -39.8305 2.02254 4
      vertex -40.165 2.22752 4
    endloop
  endfacet
  facet normal -0.522495 -0.852642 -0
    outer loop
      vertex -39.8305 2.02254 4
      vertex -40.165 2.22752 2
      vertex -39.8305 2.02254 2
    endloop
  endfacet
  facet normal -0.972358 -0.233495 0
    outer loop
      vertex -38.8308 0.391086 2
      vertex -38.9224 0.772542 4
      vertex -38.9224 0.772542 2
    endloop
  endfacet
  facet normal -0.972358 -0.233495 0
    outer loop
      vertex -38.9224 0.772542 4
      vertex -38.8308 0.391086 2
      vertex -38.8308 0.391086 4
    endloop
  endfacet
  facet normal -0.923904 -0.382625 0
    outer loop
      vertex -38.9224 0.772542 2
      vertex -39.0725 1.13498 4
      vertex -39.0725 1.13498 2
    endloop
  endfacet
  facet normal -0.923904 -0.382625 0
    outer loop
      vertex -39.0725 1.13498 4
      vertex -38.9224 0.772542 2
      vertex -38.9224 0.772542 4
    endloop
  endfacet
  facet normal -0.760508 -0.649329 0
    outer loop
      vertex -39.2775 1.46946 2
      vertex -39.5322 1.76777 4
      vertex -39.5322 1.76777 2
    endloop
  endfacet
  facet normal -0.760508 -0.649329 0
    outer loop
      vertex -39.5322 1.76777 4
      vertex -39.2775 1.46946 2
      vertex -39.2775 1.46946 4
    endloop
  endfacet
  facet normal 0.760508 0.649329 0
    outer loop
      vertex -43.0678 -1.76777 4
      vertex -43.3225 -1.46946 2
      vertex -43.3225 -1.46946 4
    endloop
  endfacet
  facet normal 0.760508 0.649329 0
    outer loop
      vertex -43.3225 -1.46946 2
      vertex -43.0678 -1.76777 4
      vertex -43.0678 -1.76777 2
    endloop
  endfacet
  facet normal 0.522495 0.852642 -0
    outer loop
      vertex -42.435 -2.22752 2
      vertex -42.7695 -2.02254 4
      vertex -42.435 -2.22752 4
    endloop
  endfacet
  facet normal 0.522495 0.852642 0
    outer loop
      vertex -42.7695 -2.02254 4
      vertex -42.435 -2.22752 2
      vertex -42.7695 -2.02254 2
    endloop
  endfacet
  facet normal 0.233479 0.972362 -0
    outer loop
      vertex -41.6911 -2.46922 2
      vertex -42.0725 -2.37764 4
      vertex -41.6911 -2.46922 4
    endloop
  endfacet
  facet normal 0.233479 0.972362 0
    outer loop
      vertex -42.0725 -2.37764 4
      vertex -41.6911 -2.46922 2
      vertex -42.0725 -2.37764 2
    endloop
  endfacet
  facet normal -0.972358 0.233495 0
    outer loop
      vertex -38.9224 -0.772542 2
      vertex -38.8308 -0.391086 4
      vertex -38.8308 -0.391086 2
    endloop
  endfacet
  facet normal -0.972358 0.233495 0
    outer loop
      vertex -38.8308 -0.391086 4
      vertex -38.9224 -0.772542 2
      vertex -38.9224 -0.772542 4
    endloop
  endfacet
  facet normal -0.852606 0.522555 0
    outer loop
      vertex -39.2775 -1.46946 2
      vertex -39.0725 -1.13498 4
      vertex -39.0725 -1.13498 2
    endloop
  endfacet
  facet normal -0.852606 0.522555 0
    outer loop
      vertex -39.0725 -1.13498 4
      vertex -39.2775 -1.46946 2
      vertex -39.2775 -1.46946 4
    endloop
  endfacet
  facet normal -0.0784585 0.996917 0
    outer loop
      vertex -40.9089 -2.46922 2
      vertex -41.3 -2.5 4
      vertex -40.9089 -2.46922 4
    endloop
  endfacet
  facet normal -0.0784585 0.996917 0
    outer loop
      vertex -41.3 -2.5 4
      vertex -40.9089 -2.46922 2
      vertex -41.3 -2.5 2
    endloop
  endfacet
  facet normal -0.382613 0.923909 0
    outer loop
      vertex -40.165 -2.22752 2
      vertex -40.5275 -2.37764 4
      vertex -40.165 -2.22752 4
    endloop
  endfacet
  facet normal -0.382613 0.923909 0
    outer loop
      vertex -40.5275 -2.37764 4
      vertex -40.165 -2.22752 2
      vertex -40.5275 -2.37764 2
    endloop
  endfacet
  facet normal -0.233479 0.972362 0
    outer loop
      vertex -40.5275 -2.37764 2
      vertex -40.9089 -2.46922 4
      vertex -40.5275 -2.37764 4
    endloop
  endfacet
  facet normal -0.233479 0.972362 0
    outer loop
      vertex -40.9089 -2.46922 4
      vertex -40.5275 -2.37764 2
      vertex -40.9089 -2.46922 2
    endloop
  endfacet
  facet normal 0.996913 0.078512 0
    outer loop
      vertex -43.7692 -0.391086 4
      vertex -43.8 0 2
      vertex -43.8 0 4
    endloop
  endfacet
  facet normal 0.996913 0.078512 0
    outer loop
      vertex -43.8 0 2
      vertex -43.7692 -0.391086 4
      vertex -43.7692 -0.391086 2
    endloop
  endfacet
  facet normal 0.996913 -0.078512 0
    outer loop
      vertex -43.8 0 4
      vertex -43.7692 0.391086 2
      vertex -43.7692 0.391086 4
    endloop
  endfacet
  facet normal 0.996913 -0.078512 0
    outer loop
      vertex -43.7692 0.391086 2
      vertex -43.8 0 4
      vertex -43.8 0 2
    endloop
  endfacet
  facet normal 0.0784585 -0.996917 0
    outer loop
      vertex -41.6911 2.46922 2
      vertex -41.3 2.5 4
      vertex -41.6911 2.46922 4
    endloop
  endfacet
  facet normal 0.0784585 -0.996917 0
    outer loop
      vertex -41.3 2.5 4
      vertex -41.6911 2.46922 2
      vertex -41.3 2.5 2
    endloop
  endfacet
  facet normal 0 0 -1
    outer loop
      vertex -38.8308 -0.391086 4
      vertex -38.8308 0.391086 4
      vertex -38.8 0 4
    endloop
  endfacet
  facet normal 0 0 -1
    outer loop
      vertex -38.9224 -0.772542 4
      vertex -38.8308 0.391086 4
      vertex -38.8308 -0.391086 4
    endloop
  endfacet
  facet normal 0 0 -1
    outer loop
      vertex -38.9224 -0.772542 4
      vertex -38.9224 0.772542 4
      vertex -38.8308 0.391086 4
    endloop
  endfacet
  facet normal 0 0 -1
    outer loop
      vertex -39.0725 -1.13498 4
      vertex -38.9224 0.772542 4
      vertex -38.9224 -0.772542 4
    endloop
  endfacet
  facet normal 0 0 -1
    outer loop
      vertex -39.0725 -1.13498 4
      vertex -39.0725 1.13498 4
      vertex -38.9224 0.772542 4
    endloop
  endfacet
  facet normal 0 0 -1
    outer loop
      vertex -39.2775 -1.46946 4
      vertex -39.0725 1.13498 4
      vertex -39.0725 -1.13498 4
    endloop
  endfacet
  facet normal 0 0 -1
    outer loop
      vertex -39.2775 -1.46946 4
      vertex -39.2775 1.46946 4
      vertex -39.0725 1.13498 4
    endloop
  endfacet
  facet normal 0 0 -1
    outer loop
      vertex -39.5322 -1.76777 4
      vertex -39.2775 1.46946 4
      vertex -39.2775 -1.46946 4
    endloop
  endfacet
  facet normal 0 0 -1
    outer loop
      vertex -39.5322 -1.76777 4
      vertex -39.5322 1.76777 4
      vertex -39.2775 1.46946 4
    endloop
  endfacet
  facet normal 0 0 -1
    outer loop
      vertex -39.8305 -2.02254 4
      vertex -39.5322 1.76777 4
      vertex -39.5322 -1.76777 4
    endloop
  endfacet
  facet normal 0 0 -1
    outer loop
      vertex -39.8305 -2.02254 4
      vertex -39.8305 2.02254 4
      vertex -39.5322 1.76777 4
    endloop
  endfacet
  facet normal 0 0 -1
    outer loop
      vertex -40.165 -2.22752 4
      vertex -39.8305 2.02254 4
      vertex -39.8305 -2.02254 4
    endloop
  endfacet
  facet normal 0 0 -1
    outer loop
      vertex -40.165 -2.22752 4
      vertex -40.165 2.22752 4
      vertex -39.8305 2.02254 4
    endloop
  endfacet
  facet normal 0 0 -1
    outer loop
      vertex -40.5275 -2.37764 4
      vertex -40.165 2.22752 4
      vertex -40.165 -2.22752 4
    endloop
  endfacet
  facet normal 0 0 -1
    outer loop
      vertex -40.5275 -2.37764 4
      vertex -40.5275 2.37764 4
      vertex -40.165 2.22752 4
    endloop
  endfacet
  facet normal 0 0 -1
    outer loop
      vertex -40.9089 -2.46922 4
      vertex -40.5275 2.37764 4
      vertex -40.5275 -2.37764 4
    endloop
  endfacet
  facet normal 0 0 -1
    outer loop
      vertex -40.9089 -2.46922 4
      vertex -40.9089 2.46922 4
      vertex -40.5275 2.37764 4
    endloop
  endfacet
  facet normal 0 0 -1
    outer loop
      vertex -41.3 -2.5 4
      vertex -40.9089 2.46922 4
      vertex -40.9089 -2.46922 4
    endloop
  endfacet
  facet normal 0 0 -1
    outer loop
      vertex -41.3 -2.5 4
      vertex -41.3 2.5 4
      vertex -40.9089 2.46922 4
    endloop
  endfacet
  facet normal 0 0 -1
    outer loop
      vertex -41.6911 -2.46922 4
      vertex -41.3 2.5 4
      vertex -41.3 -2.5 4
    endloop
  endfacet
  facet normal 0 0 -1
    outer loop
      vertex -41.6911 -2.46922 4
      vertex -41.6911 2.46922 4
      vertex -41.3 2.5 4
    endloop
  endfacet
  facet normal 0 0 -1
    outer loop
      vertex -42.0725 -2.37764 4
      vertex -41.6911 2.46922 4
      vertex -41.6911 -2.46922 4
    endloop
  endfacet
  facet normal 0 0 -1
    outer loop
      vertex -42.0725 -2.37764 4
      vertex -42.0725 2.37764 4
      vertex -41.6911 2.46922 4
    endloop
  endfacet
  facet normal 0 0 -1
    outer loop
      vertex -42.435 -2.22752 4
      vertex -42.0725 2.37764 4
      vertex -42.0725 -2.37764 4
    endloop
  endfacet
  facet normal 0 0 -1
    outer loop
      vertex -42.435 -2.22752 4
      vertex -42.435 2.22752 4
      vertex -42.0725 2.37764 4
    endloop
  endfacet
  facet normal 0 0 -1
    outer loop
      vertex -42.7695 -2.02254 4
      vertex -42.435 2.22752 4
      vertex -42.435 -2.22752 4
    endloop
  endfacet
  facet normal 0 0 -1
    outer loop
      vertex -42.7695 -2.02254 4
      vertex -42.7695 2.02254 4
      vertex -42.435 2.22752 4
    endloop
  endfacet
  facet normal 0 0 -1
    outer loop
      vertex -43.0678 -1.76777 4
      vertex -42.7695 2.02254 4
      vertex -42.7695 -2.02254 4
    endloop
  endfacet
  facet normal 0 0 -1
    outer loop
      vertex -43.0678 -1.76777 4
      vertex -43.0678 1.76777 4
      vertex -42.7695 2.02254 4
    endloop
  endfacet
  facet normal 0 0 -1
    outer loop
      vertex -43.3225 -1.46946 4
      vertex -43.0678 1.76777 4
      vertex -43.0678 -1.76777 4
    endloop
  endfacet
  facet normal 0 0 -1
    outer loop
      vertex -43.3225 -1.46946 4
      vertex -43.3225 1.46946 4
      vertex -43.0678 1.76777 4
    endloop
  endfacet
  facet normal 0 0 -1
    outer loop
      vertex -43.5275 -1.13498 4
      vertex -43.3225 1.46946 4
      vertex -43.3225 -1.46946 4
    endloop
  endfacet
  facet normal 0 0 -1
    outer loop
      vertex -43.5275 -1.13498 4
      vertex -43.5275 1.13498 4
      vertex -43.3225 1.46946 4
    endloop
  endfacet
  facet normal 0 0 -1
    outer loop
      vertex -43.6776 -0.772542 4
      vertex -43.5275 1.13498 4
      vertex -43.5275 -1.13498 4
    endloop
  endfacet
  facet normal 0 0 -1
    outer loop
      vertex -43.6776 -0.772542 4
      vertex -43.6776 0.772542 4
      vertex -43.5275 1.13498 4
    endloop
  endfacet
  facet normal 0 0 -1
    outer loop
      vertex -43.7692 -0.391086 4
      vertex -43.6776 0.772542 4
      vertex -43.6776 -0.772542 4
    endloop
  endfacet
  facet normal 0 0 -1
    outer loop
      vertex -43.7692 -0.391086 4
      vertex -43.7692 0.391086 4
      vertex -43.6776 0.772542 4
    endloop
  endfacet
  facet normal 0 -0 -1
    outer loop
      vertex -43.7692 0.391086 4
      vertex -43.7692 -0.391086 4
      vertex -43.8 0 4
    endloop
  endfacet
  facet normal 0.852606 -0.522555 0
    outer loop
      vertex -43.5275 1.13498 4
      vertex -43.3225 1.46946 2
      vertex -43.3225 1.46946 4
    endloop
  endfacet
  facet normal 0.852606 -0.522555 0
    outer loop
      vertex -43.3225 1.46946 2
      vertex -43.5275 1.13498 4
      vertex -43.5275 1.13498 2
    endloop
  endfacet
  facet normal -0.0784585 -0.996917 0
    outer loop
      vertex -41.3 2.5 2
      vertex -40.9089 2.46922 4
      vertex -41.3 2.5 4
    endloop
  endfacet
  facet normal -0.0784585 -0.996917 -0
    outer loop
      vertex -40.9089 2.46922 4
      vertex -41.3 2.5 2
      vertex -40.9089 2.46922 2
    endloop
  endfacet
  facet normal -0.996913 -0.078512 0
    outer loop
      vertex -38.8 0 2
      vertex -38.8308 0.391086 4
      vertex -38.8308 0.391086 2
    endloop
  endfacet
  facet normal -0.996913 -0.078512 0
    outer loop
      vertex -38.8308 0.391086 4
      vertex -38.8 0 2
      vertex -38.8 0 4
    endloop
  endfacet
  facet normal -0.233479 -0.972362 0
    outer loop
      vertex -40.9089 2.46922 2
      vertex -40.5275 2.37764 4
      vertex -40.9089 2.46922 4
    endloop
  endfacet
  facet normal -0.233479 -0.972362 -0
    outer loop
      vertex -40.5275 2.37764 4
      vertex -40.9089 2.46922 2
      vertex -40.5275 2.37764 2
    endloop
  endfacet
  facet normal 0.824124 0.56641 0
    outer loop
      vertex -37.7097 -22.2233 4
      vertex -37.9319 -21.9 2
      vertex -37.9319 -21.9 4
    endloop
  endfacet
  facet normal 0.824124 0.56641 0
    outer loop
      vertex -37.9319 -21.9 2
      vertex -37.7097 -22.2233 4
      vertex -37.7097 -22.2233 2
    endloop
  endfacet
  facet normal -0.902582 -0.430517 0
    outer loop
      vertex -33.4329 -19.7541 2
      vertex -33.6018 -19.4 4
      vertex -33.6018 -19.4 2
    endloop
  endfacet
  facet normal -0.902582 -0.430517 0
    outer loop
      vertex -33.6018 -19.4 4
      vertex -33.4329 -19.7541 2
      vertex -33.4329 -19.7541 4
    endloop
  endfacet
  facet normal 0.688388 -0.725343 0
    outer loop
      vertex -37.6247 -18.9772 2
      vertex -37.3401 -18.7071 4
      vertex -37.6247 -18.9772 4
    endloop
  endfacet
  facet normal 0.688388 -0.725343 0
    outer loop
      vertex -37.3401 -18.7071 4
      vertex -37.6247 -18.9772 2
      vertex -37.3401 -18.7071 2
    endloop
  endfacet
  facet normal 0.333687 0.942684 -0
    outer loop
      vertex -36.4139 -23.0648 2
      vertex -36.7837 -22.9339 4
      vertex -36.4139 -23.0648 4
    endloop
  endfacet
  facet normal 0.333687 0.942684 0
    outer loop
      vertex -36.7837 -22.9339 4
      vertex -36.4139 -23.0648 2
      vertex -36.7837 -22.9339 2
    endloop
  endfacet
  facet normal -0.283932 0.958844 0
    outer loop
      vertex -34.8709 -22.984 2
      vertex -35.2471 -23.0954 4
      vertex -34.8709 -22.984 4
    endloop
  endfacet
  facet normal -0.283932 0.958844 0
    outer loop
      vertex -35.2471 -23.0954 4
      vertex -34.8709 -22.984 2
      vertex -35.2471 -23.0954 2
    endloop
  endfacet
  facet normal 0.0262531 0.999655 -0
    outer loop
      vertex -35.636 -23.1466 2
      vertex -36.0282 -23.1363 4
      vertex -35.636 -23.1466 4
    endloop
  endfacet
  facet normal 0.0262531 0.999655 0
    outer loop
      vertex -36.0282 -23.1363 4
      vertex -35.636 -23.1466 2
      vertex -36.0282 -23.1363 2
    endloop
  endfacet
  facet normal -0.999662 0.026005 0
    outer loop
      vertex -33.2805 -20.9113 2
      vertex -33.2703 -20.5192 4
      vertex -33.2703 -20.5192 2
    endloop
  endfacet
  facet normal -0.999662 0.026005 0
    outer loop
      vertex -33.2703 -20.5192 4
      vertex -33.2805 -20.9113 2
      vertex -33.2805 -20.9113 4
    endloop
  endfacet
  facet normal -0.983248 0.182272 0
    outer loop
      vertex -33.352 -21.297 2
      vertex -33.2805 -20.9113 4
      vertex -33.2805 -20.9113 2
    endloop
  endfacet
  facet normal -0.983248 0.182272 0
    outer loop
      vertex -33.2805 -20.9113 4
      vertex -33.352 -21.297 2
      vertex -33.352 -21.297 4
    endloop
  endfacet
  facet normal -0.958824 -0.284002 0
    outer loop
      vertex -33.3215 -20.1302 2
      vertex -33.4329 -19.7541 4
      vertex -33.4329 -19.7541 2
    endloop
  endfacet
  facet normal -0.958824 -0.284002 0
    outer loop
      vertex -33.4329 -19.7541 4
      vertex -33.3215 -20.1302 2
      vertex -33.3215 -20.1302 4
    endloop
  endfacet
  facet normal -0.56641 0.824124 0
    outer loop
      vertex -34.1935 -22.5929 2
      vertex -34.5168 -22.8151 4
      vertex -34.1935 -22.5929 4
    endloop
  endfacet
  facet normal -0.56641 0.824124 0
    outer loop
      vertex -34.5168 -22.8151 4
      vertex -34.1935 -22.5929 2
      vertex -34.5168 -22.8151 2
    endloop
  endfacet
  facet normal -0.72547 -0.688254 0
    outer loop
      vertex -33.824 -19.0767 2
      vertex -34.094 -18.7921 4
      vertex -34.094 -18.7921 2
    endloop
  endfacet
  facet normal -0.72547 -0.688254 0
    outer loop
      vertex -34.094 -18.7921 4
      vertex -33.824 -19.0767 2
      vertex -33.824 -19.0767 4
    endloop
  endfacet
  facet normal 0.72547 0.688254 0
    outer loop
      vertex -37.4397 -22.5079 4
      vertex -37.7097 -22.2233 2
      vertex -37.7097 -22.2233 4
    endloop
  endfacet
  facet normal 0.72547 0.688254 0
    outer loop
      vertex -37.7097 -22.2233 2
      vertex -37.4397 -22.5079 4
      vertex -37.4397 -22.5079 2
    endloop
  endfacet
  facet normal 0.477244 0.878771 -0
    outer loop
      vertex -36.7837 -22.9339 2
      vertex -37.1284 -22.7467 4
      vertex -36.7837 -22.9339 4
    endloop
  endfacet
  facet normal 0.477244 0.878771 0
    outer loop
      vertex -37.1284 -22.7467 4
      vertex -36.7837 -22.9339 2
      vertex -37.1284 -22.7467 2
    endloop
  endfacet
  facet normal 0.182272 0.983248 -0
    outer loop
      vertex -36.0282 -23.1363 2
      vertex -36.4139 -23.0648 4
      vertex -36.0282 -23.1363 4
    endloop
  endfacet
  facet normal 0.182272 0.983248 0
    outer loop
      vertex -36.4139 -23.0648 4
      vertex -36.0282 -23.1363 2
      vertex -36.4139 -23.0648 2
    endloop
  endfacet
  facet normal -0.430517 0.902582 0
    outer loop
      vertex -34.5168 -22.8151 2
      vertex -34.8709 -22.984 4
      vertex -34.5168 -22.8151 4
    endloop
  endfacet
  facet normal -0.430517 0.902582 0
    outer loop
      vertex -34.8709 -22.984 4
      vertex -34.5168 -22.8151 2
      vertex -34.8709 -22.984 2
    endloop
  endfacet
  facet normal -0.130527 0.991445 0
    outer loop
      vertex -35.2471 -23.0954 2
      vertex -35.636 -23.1466 4
      vertex -35.2471 -23.0954 4
    endloop
  endfacet
  facet normal -0.130527 0.991445 0
    outer loop
      vertex -35.636 -23.1466 4
      vertex -35.2471 -23.0954 2
      vertex -35.636 -23.1466 2
    endloop
  endfacet
  facet normal -0.991449 -0.130494 0
    outer loop
      vertex -33.2703 -20.5192 2
      vertex -33.3215 -20.1302 4
      vertex -33.3215 -20.1302 2
    endloop
  endfacet
  facet normal -0.991449 -0.130494 0
    outer loop
      vertex -33.3215 -20.1302 4
      vertex -33.2703 -20.5192 2
      vertex -33.2703 -20.5192 4
    endloop
  endfacet
  facet normal -0.942604 0.333913 0
    outer loop
      vertex -33.483 -21.6668 2
      vertex -33.352 -21.297 4
      vertex -33.352 -21.297 2
    endloop
  endfacet
  facet normal -0.942604 0.333913 0
    outer loop
      vertex -33.352 -21.297 4
      vertex -33.483 -21.6668 2
      vertex -33.483 -21.6668 4
    endloop
  endfacet
  facet normal -0.793344 0.608774 0
    outer loop
      vertex -33.909 -22.3228 2
      vertex -33.6702 -22.0116 4
      vertex -33.6702 -22.0116 2
    endloop
  endfacet
  facet normal -0.793344 0.608774 0
    outer loop
      vertex -33.6702 -22.0116 4
      vertex -33.909 -22.3228 2
      vertex -33.909 -22.3228 4
    endloop
  endfacet
  facet normal -0.878829 0.477137 0
    outer loop
      vertex -33.6702 -22.0116 2
      vertex -33.483 -21.6668 4
      vertex -33.483 -21.6668 2
    endloop
  endfacet
  facet normal -0.878829 0.477137 0
    outer loop
      vertex -33.483 -21.6668 4
      vertex -33.6702 -22.0116 2
      vertex -33.6702 -22.0116 4
    endloop
  endfacet
  facet normal -0.688515 0.725222 0
    outer loop
      vertex -33.909 -22.3228 2
      vertex -34.1935 -22.5929 4
      vertex -33.909 -22.3228 4
    endloop
  endfacet
  facet normal -0.688515 0.725222 0
    outer loop
      vertex -34.1935 -22.5929 4
      vertex -33.909 -22.3228 2
      vertex -34.1935 -22.5929 2
    endloop
  endfacet
  facet normal 0.942604 -0.333913 0
    outer loop
      vertex -38.1817 -20.003 4
      vertex -38.0507 -19.6332 2
      vertex -38.0507 -19.6332 4
    endloop
  endfacet
  facet normal 0.942604 -0.333913 0
    outer loop
      vertex -38.0507 -19.6332 2
      vertex -38.1817 -20.003 4
      vertex -38.1817 -20.003 2
    endloop
  endfacet
  facet normal 0.999662 -0.026005 0
    outer loop
      vertex -38.2634 -20.7808 4
      vertex -38.2532 -20.3887 2
      vertex -38.2532 -20.3887 4
    endloop
  endfacet
  facet normal 0.999662 -0.026005 0
    outer loop
      vertex -38.2532 -20.3887 2
      vertex -38.2634 -20.7808 4
      vertex -38.2634 -20.7808 2
    endloop
  endfacet
  facet normal 0.902582 0.430517 0
    outer loop
      vertex -37.9319 -21.9 4
      vertex -38.1008 -21.5459 2
      vertex -38.1008 -21.5459 4
    endloop
  endfacet
  facet normal 0.902582 0.430517 0
    outer loop
      vertex -38.1008 -21.5459 2
      vertex -37.9319 -21.9 4
      vertex -37.9319 -21.9 2
    endloop
  endfacet
  facet normal -0.608651 -0.793438 0
    outer loop
      vertex -34.4053 -18.5533 2
      vertex -34.094 -18.7921 4
      vertex -34.4053 -18.5533 4
    endloop
  endfacet
  facet normal -0.608651 -0.793438 -0
    outer loop
      vertex -34.094 -18.7921 4
      vertex -34.4053 -18.5533 2
      vertex -34.094 -18.7921 2
    endloop
  endfacet
  facet normal 0.608651 0.793438 -0
    outer loop
      vertex -37.1284 -22.7467 2
      vertex -37.4397 -22.5079 4
      vertex -37.1284 -22.7467 4
    endloop
  endfacet
  facet normal 0.608651 0.793438 0
    outer loop
      vertex -37.4397 -22.5079 4
      vertex -37.1284 -22.7467 2
      vertex -37.4397 -22.5079 2
    endloop
  endfacet
  facet normal 0 0 -1
    outer loop
      vertex -33.2805 -20.9113 4
      vertex -33.3215 -20.1302 4
      vertex -33.2703 -20.5192 4
    endloop
  endfacet
  facet normal 0 0 -1
    outer loop
      vertex -33.352 -21.297 4
      vertex -33.3215 -20.1302 4
      vertex -33.2805 -20.9113 4
    endloop
  endfacet
  facet normal 0 0 -1
    outer loop
      vertex -33.352 -21.297 4
      vertex -33.4329 -19.7541 4
      vertex -33.3215 -20.1302 4
    endloop
  endfacet
  facet normal 0 0 -1
    outer loop
      vertex -33.483 -21.6668 4
      vertex -33.4329 -19.7541 4
      vertex -33.352 -21.297 4
    endloop
  endfacet
  facet normal 0 0 -1
    outer loop
      vertex -33.483 -21.6668 4
      vertex -33.6018 -19.4 4
      vertex -33.4329 -19.7541 4
    endloop
  endfacet
  facet normal 0 0 -1
    outer loop
      vertex -33.6702 -22.0116 4
      vertex -33.6018 -19.4 4
      vertex -33.483 -21.6668 4
    endloop
  endfacet
  facet normal 0 0 -1
    outer loop
      vertex -33.6702 -22.0116 4
      vertex -33.824 -19.0767 4
      vertex -33.6018 -19.4 4
    endloop
  endfacet
  facet normal 0 0 -1
    outer loop
      vertex -33.909 -22.3228 4
      vertex -33.824 -19.0767 4
      vertex -33.6702 -22.0116 4
    endloop
  endfacet
  facet normal 0 0 -1
    outer loop
      vertex -33.909 -22.3228 4
      vertex -34.094 -18.7921 4
      vertex -33.824 -19.0767 4
    endloop
  endfacet
  facet normal 0 0 -1
    outer loop
      vertex -34.1935 -22.5929 4
      vertex -34.094 -18.7921 4
      vertex -33.909 -22.3228 4
    endloop
  endfacet
  facet normal 0 0 -1
    outer loop
      vertex -34.1935 -22.5929 4
      vertex -34.4053 -18.5533 4
      vertex -34.094 -18.7921 4
    endloop
  endfacet
  facet normal 0 0 -1
    outer loop
      vertex -34.5168 -22.8151 4
      vertex -34.4053 -18.5533 4
      vertex -34.1935 -22.5929 4
    endloop
  endfacet
  facet normal 0 0 -1
    outer loop
      vertex -34.5168 -22.8151 4
      vertex -34.75 -18.3661 4
      vertex -34.4053 -18.5533 4
    endloop
  endfacet
  facet normal 0 0 -1
    outer loop
      vertex -34.8709 -22.984 4
      vertex -34.75 -18.3661 4
      vertex -34.5168 -22.8151 4
    endloop
  endfacet
  facet normal 0 0 -1
    outer loop
      vertex -34.8709 -22.984 4
      vertex -35.1198 -18.2352 4
      vertex -34.75 -18.3661 4
    endloop
  endfacet
  facet normal 0 0 -1
    outer loop
      vertex -35.2471 -23.0954 4
      vertex -35.1198 -18.2352 4
      vertex -34.8709 -22.984 4
    endloop
  endfacet
  facet normal 0 0 -1
    outer loop
      vertex -35.2471 -23.0954 4
      vertex -35.5055 -18.1637 4
      vertex -35.1198 -18.2352 4
    endloop
  endfacet
  facet normal 0 0 -1
    outer loop
      vertex -35.636 -23.1466 4
      vertex -35.5055 -18.1637 4
      vertex -35.2471 -23.0954 4
    endloop
  endfacet
  facet normal 0 0 -1
    outer loop
      vertex -35.636 -23.1466 4
      vertex -35.8977 -18.1534 4
      vertex -35.5055 -18.1637 4
    endloop
  endfacet
  facet normal 0 0 -1
    outer loop
      vertex -36.0282 -23.1363 4
      vertex -35.8977 -18.1534 4
      vertex -35.636 -23.1466 4
    endloop
  endfacet
  facet normal 0 0 -1
    outer loop
      vertex -36.0282 -23.1363 4
      vertex -36.2866 -18.2046 4
      vertex -35.8977 -18.1534 4
    endloop
  endfacet
  facet normal 0 0 -1
    outer loop
      vertex -36.4139 -23.0648 4
      vertex -36.2866 -18.2046 4
      vertex -36.0282 -23.1363 4
    endloop
  endfacet
  facet normal 0 0 -1
    outer loop
      vertex -36.4139 -23.0648 4
      vertex -36.6628 -18.316 4
      vertex -36.2866 -18.2046 4
    endloop
  endfacet
  facet normal 0 0 -1
    outer loop
      vertex -36.7837 -22.9339 4
      vertex -36.6628 -18.316 4
      vertex -36.4139 -23.0648 4
    endloop
  endfacet
  facet normal 0 0 -1
    outer loop
      vertex -36.7837 -22.9339 4
      vertex -37.0168 -18.4849 4
      vertex -36.6628 -18.316 4
    endloop
  endfacet
  facet normal 0 0 -1
    outer loop
      vertex -37.1284 -22.7467 4
      vertex -37.0168 -18.4849 4
      vertex -36.7837 -22.9339 4
    endloop
  endfacet
  facet normal 0 0 -1
    outer loop
      vertex -37.1284 -22.7467 4
      vertex -37.3401 -18.7071 4
      vertex -37.0168 -18.4849 4
    endloop
  endfacet
  facet normal 0 0 -1
    outer loop
      vertex -37.4397 -22.5079 4
      vertex -37.3401 -18.7071 4
      vertex -37.1284 -22.7467 4
    endloop
  endfacet
  facet normal 0 0 -1
    outer loop
      vertex -37.4397 -22.5079 4
      vertex -37.6247 -18.9772 4
      vertex -37.3401 -18.7071 4
    endloop
  endfacet
  facet normal 0 0 -1
    outer loop
      vertex -37.7097 -22.2233 4
      vertex -37.6247 -18.9772 4
      vertex -37.4397 -22.5079 4
    endloop
  endfacet
  facet normal 0 0 -1
    outer loop
      vertex -37.7097 -22.2233 4
      vertex -37.8635 -19.2884 4
      vertex -37.6247 -18.9772 4
    endloop
  endfacet
  facet normal 0 0 -1
    outer loop
      vertex -37.9319 -21.9 4
      vertex -37.8635 -19.2884 4
      vertex -37.7097 -22.2233 4
    endloop
  endfacet
  facet normal 0 0 -1
    outer loop
      vertex -37.9319 -21.9 4
      vertex -38.0507 -19.6332 4
      vertex -37.8635 -19.2884 4
    endloop
  endfacet
  facet normal 0 0 -1
    outer loop
      vertex -38.1008 -21.5459 4
      vertex -38.0507 -19.6332 4
      vertex -37.9319 -21.9 4
    endloop
  endfacet
  facet normal 0 0 -1
    outer loop
      vertex -38.1008 -21.5459 4
      vertex -38.1817 -20.003 4
      vertex -38.0507 -19.6332 4
    endloop
  endfacet
  facet normal 0 0 -1
    outer loop
      vertex -38.2122 -21.1698 4
      vertex -38.1817 -20.003 4
      vertex -38.1008 -21.5459 4
    endloop
  endfacet
  facet normal 0 0 -1
    outer loop
      vertex -38.2122 -21.1698 4
      vertex -38.2532 -20.3887 4
      vertex -38.1817 -20.003 4
    endloop
  endfacet
  facet normal 0 -0 -1
    outer loop
      vertex -38.2532 -20.3887 4
      vertex -38.2122 -21.1698 4
      vertex -38.2634 -20.7808 4
    endloop
  endfacet
  facet normal 0.878829 -0.477137 0
    outer loop
      vertex -38.0507 -19.6332 4
      vertex -37.8635 -19.2884 2
      vertex -37.8635 -19.2884 4
    endloop
  endfacet
  facet normal 0.878829 -0.477137 0
    outer loop
      vertex -37.8635 -19.2884 2
      vertex -38.0507 -19.6332 4
      vertex -38.0507 -19.6332 2
    endloop
  endfacet
  facet normal 0.983248 -0.182272 0
    outer loop
      vertex -38.2532 -20.3887 4
      vertex -38.1817 -20.003 2
      vertex -38.1817 -20.003 4
    endloop
  endfacet
  facet normal 0.983248 -0.182272 0
    outer loop
      vertex -38.1817 -20.003 2
      vertex -38.2532 -20.3887 4
      vertex -38.2532 -20.3887 2
    endloop
  endfacet
  facet normal 0.991449 0.130494 0
    outer loop
      vertex -38.2122 -21.1698 4
      vertex -38.2634 -20.7808 2
      vertex -38.2634 -20.7808 4
    endloop
  endfacet
  facet normal 0.991449 0.130494 0
    outer loop
      vertex -38.2634 -20.7808 2
      vertex -38.2122 -21.1698 4
      vertex -38.2122 -21.1698 2
    endloop
  endfacet
  facet normal 0.56641 -0.824124 0
    outer loop
      vertex -37.3401 -18.7071 2
      vertex -37.0168 -18.4849 4
      vertex -37.3401 -18.7071 4
    endloop
  endfacet
  facet normal 0.56641 -0.824124 0
    outer loop
      vertex -37.0168 -18.4849 4
      vertex -37.3401 -18.7071 2
      vertex -37.0168 -18.4849 2
    endloop
  endfacet
  facet normal 0.430616 -0.902535 0
    outer loop
      vertex -37.0168 -18.4849 2
      vertex -36.6628 -18.316 4
      vertex -37.0168 -18.4849 4
    endloop
  endfacet
  facet normal 0.430616 -0.902535 0
    outer loop
      vertex -36.6628 -18.316 4
      vertex -37.0168 -18.4849 2
      vertex -36.6628 -18.316 2
    endloop
  endfacet
  facet normal 0.283932 -0.958844 0
    outer loop
      vertex -36.6628 -18.316 2
      vertex -36.2866 -18.2046 4
      vertex -36.6628 -18.316 4
    endloop
  endfacet
  facet normal 0.283932 -0.958844 0
    outer loop
      vertex -36.2866 -18.2046 4
      vertex -36.6628 -18.316 2
      vertex -36.2866 -18.2046 2
    endloop
  endfacet
  facet normal -0.477244 -0.878771 0
    outer loop
      vertex -34.75 -18.3661 2
      vertex -34.4053 -18.5533 4
      vertex -34.75 -18.3661 4
    endloop
  endfacet
  facet normal -0.477244 -0.878771 -0
    outer loop
      vertex -34.4053 -18.5533 4
      vertex -34.75 -18.3661 2
      vertex -34.4053 -18.5533 2
    endloop
  endfacet
  facet normal -0.824124 -0.56641 0
    outer loop
      vertex -33.6018 -19.4 2
      vertex -33.824 -19.0767 4
      vertex -33.824 -19.0767 2
    endloop
  endfacet
  facet normal -0.824124 -0.56641 0
    outer loop
      vertex -33.824 -19.0767 4
      vertex -33.6018 -19.4 2
      vertex -33.6018 -19.4 4
    endloop
  endfacet
  facet normal 0.793344 -0.608774 0
    outer loop
      vertex -37.8635 -19.2884 4
      vertex -37.6247 -18.9772 2
      vertex -37.6247 -18.9772 4
    endloop
  endfacet
  facet normal 0.793344 -0.608774 0
    outer loop
      vertex -37.6247 -18.9772 2
      vertex -37.8635 -19.2884 4
      vertex -37.8635 -19.2884 2
    endloop
  endfacet
  facet normal 0.958824 0.284002 0
    outer loop
      vertex -38.1008 -21.5459 4
      vertex -38.2122 -21.1698 2
      vertex -38.2122 -21.1698 4
    endloop
  endfacet
  facet normal 0.958824 0.284002 0
    outer loop
      vertex -38.2122 -21.1698 2
      vertex -38.1008 -21.5459 4
      vertex -38.1008 -21.5459 2
    endloop
  endfacet
  facet normal -0.0262531 -0.999655 0
    outer loop
      vertex -35.8977 -18.1534 2
      vertex -35.5055 -18.1637 4
      vertex -35.8977 -18.1534 4
    endloop
  endfacet
  facet normal -0.0262531 -0.999655 -0
    outer loop
      vertex -35.5055 -18.1637 4
      vertex -35.8977 -18.1534 2
      vertex -35.5055 -18.1637 2
    endloop
  endfacet
  facet normal -0.182272 -0.983248 0
    outer loop
      vertex -35.5055 -18.1637 2
      vertex -35.1198 -18.2352 4
      vertex -35.5055 -18.1637 4
    endloop
  endfacet
  facet normal -0.182272 -0.983248 -0
    outer loop
      vertex -35.1198 -18.2352 4
      vertex -35.5055 -18.1637 2
      vertex -35.1198 -18.2352 2
    endloop
  endfacet
  facet normal -0.333687 -0.942684 0
    outer loop
      vertex -35.1198 -18.2352 2
      vertex -34.75 -18.3661 4
      vertex -35.1198 -18.2352 4
    endloop
  endfacet
  facet normal -0.333687 -0.942684 -0
    outer loop
      vertex -34.75 -18.3661 4
      vertex -35.1198 -18.2352 2
      vertex -34.75 -18.3661 2
    endloop
  endfacet
  facet normal 0.130527 -0.991445 0
    outer loop
      vertex -36.2866 -18.2046 2
      vertex -35.8977 -18.1534 4
      vertex -36.2866 -18.2046 4
    endloop
  endfacet
  facet normal 0.130527 -0.991445 0
    outer loop
      vertex -35.8977 -18.1534 4
      vertex -36.2866 -18.2046 2
      vertex -35.8977 -18.1534 2
    endloop
  endfacet
  facet normal 0.430517 0.902582 -0
    outer loop
      vertex -21.5459 -38.1008 2
      vertex -21.9 -37.9319 4
      vertex -21.5459 -38.1008 4
    endloop
  endfacet
  facet normal 0.430517 0.902582 0
    outer loop
      vertex -21.9 -37.9319 4
      vertex -21.5459 -38.1008 2
      vertex -21.9 -37.9319 2
    endloop
  endfacet
  facet normal -0.430517 -0.902582 0
    outer loop
      vertex -19.7541 -33.4329 2
      vertex -19.4 -33.6018 4
      vertex -19.7541 -33.4329 4
    endloop
  endfacet
  facet normal -0.430517 -0.902582 -0
    outer loop
      vertex -19.4 -33.6018 4
      vertex -19.7541 -33.4329 2
      vertex -19.4 -33.6018 2
    endloop
  endfacet
  facet normal -0.942684 -0.333687 0
    outer loop
      vertex -18.2352 -35.1198 2
      vertex -18.3661 -34.75 4
      vertex -18.3661 -34.75 2
    endloop
  endfacet
  facet normal -0.942684 -0.333687 0
    outer loop
      vertex -18.3661 -34.75 4
      vertex -18.2352 -35.1198 2
      vertex -18.2352 -35.1198 4
    endloop
  endfacet
  facet normal 0.284002 0.958824 -0
    outer loop
      vertex -21.1698 -38.2122 2
      vertex -21.5459 -38.1008 4
      vertex -21.1698 -38.2122 4
    endloop
  endfacet
  facet normal 0.284002 0.958824 0
    outer loop
      vertex -21.5459 -38.1008 4
      vertex -21.1698 -38.2122 2
      vertex -21.5459 -38.1008 2
    endloop
  endfacet
  facet normal -0.824124 0.56641 0
    outer loop
      vertex -18.7071 -37.3401 2
      vertex -18.4849 -37.0168 4
      vertex -18.4849 -37.0168 2
    endloop
  endfacet
  facet normal -0.824124 0.56641 0
    outer loop
      vertex -18.4849 -37.0168 4
      vertex -18.7071 -37.3401 2
      vertex -18.7071 -37.3401 4
    endloop
  endfacet
  facet normal -0.477137 0.878829 0
    outer loop
      vertex -19.2884 -37.8635 2
      vertex -19.6332 -38.0507 4
      vertex -19.2884 -37.8635 4
    endloop
  endfacet
  facet normal -0.477137 0.878829 0
    outer loop
      vertex -19.6332 -38.0507 4
      vertex -19.2884 -37.8635 2
      vertex -19.6332 -38.0507 2
    endloop
  endfacet
  facet normal -0.793438 -0.608651 0
    outer loop
      vertex -18.5533 -34.4053 2
      vertex -18.7921 -34.094 4
      vertex -18.7921 -34.094 2
    endloop
  endfacet
  facet normal -0.793438 -0.608651 0
    outer loop
      vertex -18.7921 -34.094 4
      vertex -18.5533 -34.4053 2
      vertex -18.5533 -34.4053 4
    endloop
  endfacet
  facet normal -0.878771 -0.477244 0
    outer loop
      vertex -18.3661 -34.75 2
      vertex -18.5533 -34.4053 4
      vertex -18.5533 -34.4053 2
    endloop
  endfacet
  facet normal -0.878771 -0.477244 0
    outer loop
      vertex -18.5533 -34.4053 4
      vertex -18.3661 -34.75 2
      vertex -18.3661 -34.75 4
    endloop
  endfacet
  facet normal -0.688254 -0.72547 0
    outer loop
      vertex -19.0767 -33.824 2
      vertex -18.7921 -34.094 4
      vertex -19.0767 -33.824 4
    endloop
  endfacet
  facet normal -0.688254 -0.72547 -0
    outer loop
      vertex -18.7921 -34.094 4
      vertex -19.0767 -33.824 2
      vertex -18.7921 -34.094 2
    endloop
  endfacet
  facet normal -0.999655 -0.0262531 0
    outer loop
      vertex -18.1534 -35.8977 2
      vertex -18.1637 -35.5055 4
      vertex -18.1637 -35.5055 2
    endloop
  endfacet
  facet normal -0.999655 -0.0262531 0
    outer loop
      vertex -18.1637 -35.5055 4
      vertex -18.1534 -35.8977 2
      vertex -18.1534 -35.8977 4
    endloop
  endfacet
  facet normal -0.958844 0.283932 0
    outer loop
      vertex -18.316 -36.6628 2
      vertex -18.2046 -36.2866 4
      vertex -18.2046 -36.2866 2
    endloop
  endfacet
  facet normal -0.958844 0.283932 0
    outer loop
      vertex -18.2046 -36.2866 4
      vertex -18.316 -36.6628 2
      vertex -18.316 -36.6628 4
    endloop
  endfacet
  facet normal 0.878771 0.477244 0
    outer loop
      vertex -22.7467 -37.1284 4
      vertex -22.9339 -36.7837 2
      vertex -22.9339 -36.7837 4
    endloop
  endfacet
  facet normal 0.878771 0.477244 0
    outer loop
      vertex -22.9339 -36.7837 2
      vertex -22.7467 -37.1284 4
      vertex -22.7467 -37.1284 2
    endloop
  endfacet
  facet normal 0 0 -1
    outer loop
      vertex -18.2046 -36.2866 4
      vertex -18.1637 -35.5055 4
      vertex -18.1534 -35.8977 4
    endloop
  endfacet
  facet normal 0 0 -1
    outer loop
      vertex -18.2046 -36.2866 4
      vertex -18.2352 -35.1198 4
      vertex -18.1637 -35.5055 4
    endloop
  endfacet
  facet normal 0 0 -1
    outer loop
      vertex -18.316 -36.6628 4
      vertex -18.2352 -35.1198 4
      vertex -18.2046 -36.2866 4
    endloop
  endfacet
  facet normal 0 0 -1
    outer loop
      vertex -18.316 -36.6628 4
      vertex -18.3661 -34.75 4
      vertex -18.2352 -35.1198 4
    endloop
  endfacet
  facet normal 0 0 -1
    outer loop
      vertex -18.4849 -37.0168 4
      vertex -18.3661 -34.75 4
      vertex -18.316 -36.6628 4
    endloop
  endfacet
  facet normal 0 0 -1
    outer loop
      vertex -18.4849 -37.0168 4
      vertex -18.5533 -34.4053 4
      vertex -18.3661 -34.75 4
    endloop
  endfacet
  facet normal 0 0 -1
    outer loop
      vertex -18.7071 -37.3401 4
      vertex -18.5533 -34.4053 4
      vertex -18.4849 -37.0168 4
    endloop
  endfacet
  facet normal 0 0 -1
    outer loop
      vertex -18.7071 -37.3401 4
      vertex -18.7921 -34.094 4
      vertex -18.5533 -34.4053 4
    endloop
  endfacet
  facet normal 0 0 -1
    outer loop
      vertex -18.9772 -37.6247 4
      vertex -18.7921 -34.094 4
      vertex -18.7071 -37.3401 4
    endloop
  endfacet
  facet normal 0 0 -1
    outer loop
      vertex -18.9772 -37.6247 4
      vertex -19.0767 -33.824 4
      vertex -18.7921 -34.094 4
    endloop
  endfacet
  facet normal 0 0 -1
    outer loop
      vertex -19.2884 -37.8635 4
      vertex -19.0767 -33.824 4
      vertex -18.9772 -37.6247 4
    endloop
  endfacet
  facet normal 0 0 -1
    outer loop
      vertex -19.2884 -37.8635 4
      vertex -19.4 -33.6018 4
      vertex -19.0767 -33.824 4
    endloop
  endfacet
  facet normal 0 0 -1
    outer loop
      vertex -19.6332 -38.0507 4
      vertex -19.4 -33.6018 4
      vertex -19.2884 -37.8635 4
    endloop
  endfacet
  facet normal 0 0 -1
    outer loop
      vertex -19.6332 -38.0507 4
      vertex -19.7541 -33.4329 4
      vertex -19.4 -33.6018 4
    endloop
  endfacet
  facet normal 0 0 -1
    outer loop
      vertex -20.003 -38.1817 4
      vertex -19.7541 -33.4329 4
      vertex -19.6332 -38.0507 4
    endloop
  endfacet
  facet normal 0 0 -1
    outer loop
      vertex -20.003 -38.1817 4
      vertex -20.1302 -33.3215 4
      vertex -19.7541 -33.4329 4
    endloop
  endfacet
  facet normal 0 0 -1
    outer loop
      vertex -20.3887 -38.2532 4
      vertex -20.1302 -33.3215 4
      vertex -20.003 -38.1817 4
    endloop
  endfacet
  facet normal 0 0 -1
    outer loop
      vertex -20.3887 -38.2532 4
      vertex -20.5192 -33.2703 4
      vertex -20.1302 -33.3215 4
    endloop
  endfacet
  facet normal 0 0 -1
    outer loop
      vertex -20.7808 -38.2634 4
      vertex -20.5192 -33.2703 4
      vertex -20.3887 -38.2532 4
    endloop
  endfacet
  facet normal 0 0 -1
    outer loop
      vertex -20.7808 -38.2634 4
      vertex -20.9113 -33.2805 4
      vertex -20.5192 -33.2703 4
    endloop
  endfacet
  facet normal 0 0 -1
    outer loop
      vertex -21.1698 -38.2122 4
      vertex -20.9113 -33.2805 4
      vertex -20.7808 -38.2634 4
    endloop
  endfacet
  facet normal 0 0 -1
    outer loop
      vertex -21.1698 -38.2122 4
      vertex -21.297 -33.352 4
      vertex -20.9113 -33.2805 4
    endloop
  endfacet
  facet normal 0 0 -1
    outer loop
      vertex -21.5459 -38.1008 4
      vertex -21.297 -33.352 4
      vertex -21.1698 -38.2122 4
    endloop
  endfacet
  facet normal 0 0 -1
    outer loop
      vertex -21.5459 -38.1008 4
      vertex -21.6668 -33.483 4
      vertex -21.297 -33.352 4
    endloop
  endfacet
  facet normal 0 0 -1
    outer loop
      vertex -21.9 -37.9319 4
      vertex -21.6668 -33.483 4
      vertex -21.5459 -38.1008 4
    endloop
  endfacet
  facet normal 0 0 -1
    outer loop
      vertex -21.9 -37.9319 4
      vertex -22.0116 -33.6702 4
      vertex -21.6668 -33.483 4
    endloop
  endfacet
  facet normal 0 0 -1
    outer loop
      vertex -22.2233 -37.7097 4
      vertex -22.0116 -33.6702 4
      vertex -21.9 -37.9319 4
    endloop
  endfacet
  facet normal 0 0 -1
    outer loop
      vertex -22.2233 -37.7097 4
      vertex -22.3228 -33.909 4
      vertex -22.0116 -33.6702 4
    endloop
  endfacet
  facet normal 0 0 -1
    outer loop
      vertex -22.5079 -37.4397 4
      vertex -22.3228 -33.909 4
      vertex -22.2233 -37.7097 4
    endloop
  endfacet
  facet normal 0 0 -1
    outer loop
      vertex -22.5079 -37.4397 4
      vertex -22.5929 -34.1935 4
      vertex -22.3228 -33.909 4
    endloop
  endfacet
  facet normal 0 0 -1
    outer loop
      vertex -22.7467 -37.1284 4
      vertex -22.5929 -34.1935 4
      vertex -22.5079 -37.4397 4
    endloop
  endfacet
  facet normal 0 0 -1
    outer loop
      vertex -22.7467 -37.1284 4
      vertex -22.8151 -34.5168 4
      vertex -22.5929 -34.1935 4
    endloop
  endfacet
  facet normal 0 0 -1
    outer loop
      vertex -22.9339 -36.7837 4
      vertex -22.8151 -34.5168 4
      vertex -22.7467 -37.1284 4
    endloop
  endfacet
  facet normal 0 0 -1
    outer loop
      vertex -22.9339 -36.7837 4
      vertex -22.984 -34.8709 4
      vertex -22.8151 -34.5168 4
    endloop
  endfacet
  facet normal 0 0 -1
    outer loop
      vertex -23.0648 -36.4139 4
      vertex -22.984 -34.8709 4
      vertex -22.9339 -36.7837 4
    endloop
  endfacet
  facet normal 0 0 -1
    outer loop
      vertex -23.0648 -36.4139 4
      vertex -23.0954 -35.2471 4
      vertex -22.984 -34.8709 4
    endloop
  endfacet
  facet normal 0 0 -1
    outer loop
      vertex -23.1363 -36.0282 4
      vertex -23.0954 -35.2471 4
      vertex -23.0648 -36.4139 4
    endloop
  endfacet
  facet normal 0 0 -1
    outer loop
      vertex -23.0954 -35.2471 4
      vertex -23.1363 -36.0282 4
      vertex -23.1466 -35.636 4
    endloop
  endfacet
  facet normal 0.130494 0.991449 -0
    outer loop
      vertex -20.7808 -38.2634 2
      vertex -21.1698 -38.2122 4
      vertex -20.7808 -38.2634 4
    endloop
  endfacet
  facet normal 0.130494 0.991449 0
    outer loop
      vertex -21.1698 -38.2122 4
      vertex -20.7808 -38.2634 2
      vertex -21.1698 -38.2122 2
    endloop
  endfacet
  facet normal -0.333913 0.942604 0
    outer loop
      vertex -19.6332 -38.0507 2
      vertex -20.003 -38.1817 4
      vertex -19.6332 -38.0507 4
    endloop
  endfacet
  facet normal -0.333913 0.942604 0
    outer loop
      vertex -20.003 -38.1817 4
      vertex -19.6332 -38.0507 2
      vertex -20.003 -38.1817 2
    endloop
  endfacet
  facet normal -0.026005 0.999662 0
    outer loop
      vertex -20.3887 -38.2532 2
      vertex -20.7808 -38.2634 4
      vertex -20.3887 -38.2532 4
    endloop
  endfacet
  facet normal -0.026005 0.999662 0
    outer loop
      vertex -20.7808 -38.2634 4
      vertex -20.3887 -38.2532 2
      vertex -20.7808 -38.2634 2
    endloop
  endfacet
  facet normal -0.902535 0.430616 0
    outer loop
      vertex -18.4849 -37.0168 2
      vertex -18.316 -36.6628 4
      vertex -18.316 -36.6628 2
    endloop
  endfacet
  facet normal -0.902535 0.430616 0
    outer loop
      vertex -18.316 -36.6628 4
      vertex -18.4849 -37.0168 2
      vertex -18.4849 -37.0168 4
    endloop
  endfacet
  facet normal -0.608774 0.793344 0
    outer loop
      vertex -18.9772 -37.6247 2
      vertex -19.2884 -37.8635 4
      vertex -18.9772 -37.6247 4
    endloop
  endfacet
  facet normal -0.608774 0.793344 0
    outer loop
      vertex -19.2884 -37.8635 4
      vertex -18.9772 -37.6247 2
      vertex -19.2884 -37.8635 2
    endloop
  endfacet
  facet normal -0.991445 0.130527 0
    outer loop
      vertex -18.2046 -36.2866 2
      vertex -18.1534 -35.8977 4
      vertex -18.1534 -35.8977 2
    endloop
  endfacet
  facet normal -0.991445 0.130527 0
    outer loop
      vertex -18.1534 -35.8977 4
      vertex -18.2046 -36.2866 2
      vertex -18.2046 -36.2866 4
    endloop
  endfacet
  facet normal 0.999655 0.0262531 0
    outer loop
      vertex -23.1363 -36.0282 4
      vertex -23.1466 -35.636 2
      vertex -23.1466 -35.636 4
    endloop
  endfacet
  facet normal 0.999655 0.0262531 0
    outer loop
      vertex -23.1466 -35.636 2
      vertex -23.1363 -36.0282 4
      vertex -23.1363 -36.0282 2
    endloop
  endfacet
  facet normal 0.56641 0.824124 -0
    outer loop
      vertex -21.9 -37.9319 2
      vertex -22.2233 -37.7097 4
      vertex -21.9 -37.9319 4
    endloop
  endfacet
  facet normal 0.56641 0.824124 0
    outer loop
      vertex -22.2233 -37.7097 4
      vertex -21.9 -37.9319 2
      vertex -22.2233 -37.7097 2
    endloop
  endfacet
  facet normal 0.026005 -0.999662 0
    outer loop
      vertex -20.9113 -33.2805 2
      vertex -20.5192 -33.2703 4
      vertex -20.9113 -33.2805 4
    endloop
  endfacet
  facet normal 0.026005 -0.999662 0
    outer loop
      vertex -20.5192 -33.2703 4
      vertex -20.9113 -33.2805 2
      vertex -20.5192 -33.2703 2
    endloop
  endfacet
  facet normal 0.991445 -0.130527 0
    outer loop
      vertex -23.1466 -35.636 4
      vertex -23.0954 -35.2471 2
      vertex -23.0954 -35.2471 4
    endloop
  endfacet
  facet normal 0.991445 -0.130527 0
    outer loop
      vertex -23.0954 -35.2471 2
      vertex -23.1466 -35.636 4
      vertex -23.1466 -35.636 2
    endloop
  endfacet
  facet normal 0.958844 -0.283932 0
    outer loop
      vertex -23.0954 -35.2471 4
      vertex -22.984 -34.8709 2
      vertex -22.984 -34.8709 4
    endloop
  endfacet
  facet normal 0.958844 -0.283932 0
    outer loop
      vertex -22.984 -34.8709 2
      vertex -23.0954 -35.2471 4
      vertex -23.0954 -35.2471 2
    endloop
  endfacet
  facet normal -0.182272 0.983248 0
    outer loop
      vertex -20.003 -38.1817 2
      vertex -20.3887 -38.2532 4
      vertex -20.003 -38.1817 4
    endloop
  endfacet
  facet normal -0.182272 0.983248 0
    outer loop
      vertex -20.3887 -38.2532 4
      vertex -20.003 -38.1817 2
      vertex -20.3887 -38.2532 2
    endloop
  endfacet
  facet normal -0.725343 0.688388 0
    outer loop
      vertex -18.9772 -37.6247 2
      vertex -18.7071 -37.3401 4
      vertex -18.7071 -37.3401 2
    endloop
  endfacet
  facet normal -0.725343 0.688388 0
    outer loop
      vertex -18.7071 -37.3401 4
      vertex -18.9772 -37.6247 2
      vertex -18.9772 -37.6247 4
    endloop
  endfacet
  facet normal -0.56641 -0.824124 0
    outer loop
      vertex -19.4 -33.6018 2
      vertex -19.0767 -33.824 4
      vertex -19.4 -33.6018 4
    endloop
  endfacet
  facet normal -0.56641 -0.824124 -0
    outer loop
      vertex -19.0767 -33.824 4
      vertex -19.4 -33.6018 2
      vertex -19.0767 -33.824 2
    endloop
  endfacet
  facet normal -0.983248 -0.182272 0
    outer loop
      vertex -18.1637 -35.5055 2
      vertex -18.2352 -35.1198 4
      vertex -18.2352 -35.1198 2
    endloop
  endfacet
  facet normal -0.983248 -0.182272 0
    outer loop
      vertex -18.2352 -35.1198 4
      vertex -18.1637 -35.5055 2
      vertex -18.1637 -35.5055 4
    endloop
  endfacet
  facet normal 0.688254 0.72547 -0
    outer loop
      vertex -22.2233 -37.7097 2
      vertex -22.5079 -37.4397 4
      vertex -22.2233 -37.7097 4
    endloop
  endfacet
  facet normal 0.688254 0.72547 0
    outer loop
      vertex -22.5079 -37.4397 4
      vertex -22.2233 -37.7097 2
      vertex -22.5079 -37.4397 2
    endloop
  endfacet
  facet normal 0.793438 0.608651 0
    outer loop
      vertex -22.5079 -37.4397 4
      vertex -22.7467 -37.1284 2
      vertex -22.7467 -37.1284 4
    endloop
  endfacet
  facet normal 0.793438 0.608651 0
    outer loop
      vertex -22.7467 -37.1284 2
      vertex -22.5079 -37.4397 4
      vertex -22.5079 -37.4397 2
    endloop
  endfacet
  facet normal 0.902582 -0.430517 0
    outer loop
      vertex -22.984 -34.8709 4
      vertex -22.8151 -34.5168 2
      vertex -22.8151 -34.5168 4
    endloop
  endfacet
  facet normal 0.902582 -0.430517 0
    outer loop
      vertex -22.8151 -34.5168 2
      vertex -22.984 -34.8709 4
      vertex -22.984 -34.8709 2
    endloop
  endfacet
  facet normal 0.824124 -0.56641 0
    outer loop
      vertex -22.8151 -34.5168 4
      vertex -22.5929 -34.1935 2
      vertex -22.5929 -34.1935 4
    endloop
  endfacet
  facet normal 0.824124 -0.56641 0
    outer loop
      vertex -22.5929 -34.1935 2
      vertex -22.8151 -34.5168 4
      vertex -22.8151 -34.5168 2
    endloop
  endfacet
  facet normal 0.725222 -0.688515 0
    outer loop
      vertex -22.5929 -34.1935 4
      vertex -22.3228 -33.909 2
      vertex -22.3228 -33.909 4
    endloop
  endfacet
  facet normal 0.725222 -0.688515 0
    outer loop
      vertex -22.3228 -33.909 2
      vertex -22.5929 -34.1935 4
      vertex -22.5929 -34.1935 2
    endloop
  endfacet
  facet normal 0.333913 -0.942604 0
    outer loop
      vertex -21.6668 -33.483 2
      vertex -21.297 -33.352 4
      vertex -21.6668 -33.483 4
    endloop
  endfacet
  facet normal 0.333913 -0.942604 0
    outer loop
      vertex -21.297 -33.352 4
      vertex -21.6668 -33.483 2
      vertex -21.297 -33.352 2
    endloop
  endfacet
  facet normal 0.182272 -0.983248 0
    outer loop
      vertex -21.297 -33.352 2
      vertex -20.9113 -33.2805 4
      vertex -21.297 -33.352 4
    endloop
  endfacet
  facet normal 0.182272 -0.983248 0
    outer loop
      vertex -20.9113 -33.2805 4
      vertex -21.297 -33.352 2
      vertex -20.9113 -33.2805 2
    endloop
  endfacet
  facet normal -0.130494 -0.991449 0
    outer loop
      vertex -20.5192 -33.2703 2
      vertex -20.1302 -33.3215 4
      vertex -20.5192 -33.2703 4
    endloop
  endfacet
  facet normal -0.130494 -0.991449 -0
    outer loop
      vertex -20.1302 -33.3215 4
      vertex -20.5192 -33.2703 2
      vertex -20.1302 -33.3215 2
    endloop
  endfacet
  facet normal -0.284002 -0.958824 0
    outer loop
      vertex -20.1302 -33.3215 2
      vertex -19.7541 -33.4329 4
      vertex -20.1302 -33.3215 4
    endloop
  endfacet
  facet normal -0.284002 -0.958824 -0
    outer loop
      vertex -19.7541 -33.4329 4
      vertex -20.1302 -33.3215 2
      vertex -19.7541 -33.4329 2
    endloop
  endfacet
  facet normal 0.983248 0.182272 0
    outer loop
      vertex -23.0648 -36.4139 4
      vertex -23.1363 -36.0282 2
      vertex -23.1363 -36.0282 4
    endloop
  endfacet
  facet normal 0.983248 0.182272 0
    outer loop
      vertex -23.1363 -36.0282 2
      vertex -23.0648 -36.4139 4
      vertex -23.0648 -36.4139 2
    endloop
  endfacet
  facet normal 0.942684 0.333687 0
    outer loop
      vertex -22.9339 -36.7837 4
      vertex -23.0648 -36.4139 2
      vertex -23.0648 -36.4139 4
    endloop
  endfacet
  facet normal 0.942684 0.333687 0
    outer loop
      vertex -23.0648 -36.4139 2
      vertex -22.9339 -36.7837 4
      vertex -22.9339 -36.7837 2
    endloop
  endfacet
  facet normal 0.608774 -0.793344 0
    outer loop
      vertex -22.3228 -33.909 2
      vertex -22.0116 -33.6702 4
      vertex -22.3228 -33.909 4
    endloop
  endfacet
  facet normal 0.608774 -0.793344 0
    outer loop
      vertex -22.0116 -33.6702 4
      vertex -22.3228 -33.909 2
      vertex -22.0116 -33.6702 2
    endloop
  endfacet
  facet normal 0.477137 -0.878829 0
    outer loop
      vertex -22.0116 -33.6702 2
      vertex -21.6668 -33.483 4
      vertex -22.0116 -33.6702 4
    endloop
  endfacet
  facet normal 0.477137 -0.878829 0
    outer loop
      vertex -21.6668 -33.483 4
      vertex -22.0116 -33.6702 2
      vertex -21.6668 -33.483 2
    endloop
  endfacet
  facet normal -0.078512 0.996913 0
    outer loop
      vertex 0.391086 -43.7692 2
      vertex 0 -43.8 4
      vertex 0.391086 -43.7692 4
    endloop
  endfacet
  facet normal -0.078512 0.996913 0
    outer loop
      vertex 0 -43.8 4
      vertex 0.391086 -43.7692 2
      vertex 0 -43.8 2
    endloop
  endfacet
  facet normal -0.078512 -0.996913 0
    outer loop
      vertex 0 -38.8 2
      vertex 0.391086 -38.8308 4
      vertex 0 -38.8 4
    endloop
  endfacet
  facet normal -0.078512 -0.996913 -0
    outer loop
      vertex 0.391086 -38.8308 4
      vertex 0 -38.8 2
      vertex 0.391086 -38.8308 2
    endloop
  endfacet
  facet normal 0.996917 -0.0784585 0
    outer loop
      vertex -2.5 -41.3 4
      vertex -2.46922 -40.9089 2
      vertex -2.46922 -40.9089 4
    endloop
  endfacet
  facet normal 0.996917 -0.0784585 0
    outer loop
      vertex -2.46922 -40.9089 2
      vertex -2.5 -41.3 4
      vertex -2.5 -41.3 2
    endloop
  endfacet
  facet normal 0.649329 -0.760508 0
    outer loop
      vertex -1.76777 -39.5322 2
      vertex -1.46946 -39.2775 4
      vertex -1.76777 -39.5322 4
    endloop
  endfacet
  facet normal 0.649329 -0.760508 0
    outer loop
      vertex -1.46946 -39.2775 4
      vertex -1.76777 -39.5322 2
      vertex -1.46946 -39.2775 2
    endloop
  endfacet
  facet normal -0.760409 -0.649445 0
    outer loop
      vertex 2.02254 -39.8305 2
      vertex 1.76777 -39.5322 4
      vertex 1.76777 -39.5322 2
    endloop
  endfacet
  facet normal -0.760409 -0.649445 0
    outer loop
      vertex 1.76777 -39.5322 4
      vertex 2.02254 -39.8305 2
      vertex 2.02254 -39.8305 4
    endloop
  endfacet
  facet normal -0.923909 -0.382613 0
    outer loop
      vertex 2.37764 -40.5275 2
      vertex 2.22752 -40.165 4
      vertex 2.22752 -40.165 2
    endloop
  endfacet
  facet normal -0.923909 -0.382613 0
    outer loop
      vertex 2.22752 -40.165 4
      vertex 2.37764 -40.5275 2
      vertex 2.37764 -40.5275 4
    endloop
  endfacet
  facet normal 0.852642 -0.522495 0
    outer loop
      vertex -2.22752 -40.165 4
      vertex -2.02254 -39.8305 2
      vertex -2.02254 -39.8305 4
    endloop
  endfacet
  facet normal 0.852642 -0.522495 0
    outer loop
      vertex -2.02254 -39.8305 2
      vertex -2.22752 -40.165 4
      vertex -2.22752 -40.165 2
    endloop
  endfacet
  facet normal -0.233495 0.972358 0
    outer loop
      vertex 0.772542 -43.6776 2
      vertex 0.391086 -43.7692 4
      vertex 0.772542 -43.6776 4
    endloop
  endfacet
  facet normal -0.233495 0.972358 0
    outer loop
      vertex 0.391086 -43.7692 4
      vertex 0.772542 -43.6776 2
      vertex 0.391086 -43.7692 2
    endloop
  endfacet
  facet normal -0.522555 0.852606 0
    outer loop
      vertex 1.46946 -43.3225 2
      vertex 1.13498 -43.5275 4
      vertex 1.46946 -43.3225 4
    endloop
  endfacet
  facet normal -0.522555 0.852606 0
    outer loop
      vertex 1.13498 -43.5275 4
      vertex 1.46946 -43.3225 2
      vertex 1.13498 -43.5275 2
    endloop
  endfacet
  facet normal -0.923909 0.382613 0
    outer loop
      vertex 2.22752 -42.435 2
      vertex 2.37764 -42.0725 4
      vertex 2.37764 -42.0725 2
    endloop
  endfacet
  facet normal -0.923909 0.382613 0
    outer loop
      vertex 2.37764 -42.0725 4
      vertex 2.22752 -42.435 2
      vertex 2.22752 -42.435 4
    endloop
  endfacet
  facet normal -0.996917 0.0784585 0
    outer loop
      vertex 2.46922 -41.6911 2
      vertex 2.5 -41.3 4
      vertex 2.5 -41.3 2
    endloop
  endfacet
  facet normal -0.996917 0.0784585 0
    outer loop
      vertex 2.5 -41.3 4
      vertex 2.46922 -41.6911 2
      vertex 2.46922 -41.6911 4
    endloop
  endfacet
  facet normal -0.760409 0.649445 0
    outer loop
      vertex 1.76777 -43.0678 2
      vertex 2.02254 -42.7695 4
      vertex 2.02254 -42.7695 2
    endloop
  endfacet
  facet normal -0.760409 0.649445 0
    outer loop
      vertex 2.02254 -42.7695 4
      vertex 1.76777 -43.0678 2
      vertex 1.76777 -43.0678 4
    endloop
  endfacet
  facet normal -0.522555 -0.852606 0
    outer loop
      vertex 1.13498 -39.0725 2
      vertex 1.46946 -39.2775 4
      vertex 1.13498 -39.0725 4
    endloop
  endfacet
  facet normal -0.522555 -0.852606 -0
    outer loop
      vertex 1.46946 -39.2775 4
      vertex 1.13498 -39.0725 2
      vertex 1.46946 -39.2775 2
    endloop
  endfacet
  facet normal -0.649329 -0.760508 0
    outer loop
      vertex 1.46946 -39.2775 2
      vertex 1.76777 -39.5322 4
      vertex 1.46946 -39.2775 4
    endloop
  endfacet
  facet normal -0.649329 -0.760508 -0
    outer loop
      vertex 1.76777 -39.5322 4
      vertex 1.46946 -39.2775 2
      vertex 1.76777 -39.5322 2
    endloop
  endfacet
  facet normal -0.382625 -0.923904 0
    outer loop
      vertex 0.772542 -38.9224 2
      vertex 1.13498 -39.0725 4
      vertex 0.772542 -38.9224 4
    endloop
  endfacet
  facet normal -0.382625 -0.923904 -0
    outer loop
      vertex 1.13498 -39.0725 4
      vertex 0.772542 -38.9224 2
      vertex 1.13498 -39.0725 2
    endloop
  endfacet
  facet normal -0.852642 -0.522495 0
    outer loop
      vertex 2.22752 -40.165 2
      vertex 2.02254 -39.8305 4
      vertex 2.02254 -39.8305 2
    endloop
  endfacet
  facet normal -0.852642 -0.522495 0
    outer loop
      vertex 2.02254 -39.8305 4
      vertex 2.22752 -40.165 2
      vertex 2.22752 -40.165 4
    endloop
  endfacet
  facet normal -0.996917 -0.0784585 0
    outer loop
      vertex 2.5 -41.3 2
      vertex 2.46922 -40.9089 4
      vertex 2.46922 -40.9089 2
    endloop
  endfacet
  facet normal -0.996917 -0.0784585 0
    outer loop
      vertex 2.46922 -40.9089 4
      vertex 2.5 -41.3 2
      vertex 2.5 -41.3 4
    endloop
  endfacet
  facet normal 0.522555 0.852606 -0
    outer loop
      vertex -1.13498 -43.5275 2
      vertex -1.46946 -43.3225 4
      vertex -1.13498 -43.5275 4
    endloop
  endfacet
  facet normal 0.522555 0.852606 0
    outer loop
      vertex -1.46946 -43.3225 4
      vertex -1.13498 -43.5275 2
      vertex -1.46946 -43.3225 2
    endloop
  endfacet
  facet normal 0.852642 0.522495 0
    outer loop
      vertex -2.02254 -42.7695 4
      vertex -2.22752 -42.435 2
      vertex -2.22752 -42.435 4
    endloop
  endfacet
  facet normal 0.852642 0.522495 0
    outer loop
      vertex -2.22752 -42.435 2
      vertex -2.02254 -42.7695 4
      vertex -2.02254 -42.7695 2
    endloop
  endfacet
  facet normal 0.649329 0.760508 -0
    outer loop
      vertex -1.46946 -43.3225 2
      vertex -1.76777 -43.0678 4
      vertex -1.46946 -43.3225 4
    endloop
  endfacet
  facet normal 0.649329 0.760508 0
    outer loop
      vertex -1.76777 -43.0678 4
      vertex -1.46946 -43.3225 2
      vertex -1.76777 -43.0678 2
    endloop
  endfacet
  facet normal 0.233495 0.972358 -0
    outer loop
      vertex -0.391086 -43.7692 2
      vertex -0.772542 -43.6776 4
      vertex -0.391086 -43.7692 4
    endloop
  endfacet
  facet normal 0.233495 0.972358 0
    outer loop
      vertex -0.772542 -43.6776 4
      vertex -0.391086 -43.7692 2
      vertex -0.772542 -43.6776 2
    endloop
  endfacet
  facet normal 0.923909 -0.382613 0
    outer loop
      vertex -2.37764 -40.5275 4
      vertex -2.22752 -40.165 2
      vertex -2.22752 -40.165 4
    endloop
  endfacet
  facet normal 0.923909 -0.382613 0
    outer loop
      vertex -2.22752 -40.165 2
      vertex -2.37764 -40.5275 4
      vertex -2.37764 -40.5275 2
    endloop
  endfacet
  facet normal 0.760409 -0.649445 0
    outer loop
      vertex -2.02254 -39.8305 4
      vertex -1.76777 -39.5322 2
      vertex -1.76777 -39.5322 4
    endloop
  endfacet
  facet normal 0.760409 -0.649445 0
    outer loop
      vertex -1.76777 -39.5322 2
      vertex -2.02254 -39.8305 4
      vertex -2.02254 -39.8305 2
    endloop
  endfacet
  facet normal 0.233495 -0.972358 0
    outer loop
      vertex -0.772542 -38.9224 2
      vertex -0.391086 -38.8308 4
      vertex -0.772542 -38.9224 4
    endloop
  endfacet
  facet normal 0.233495 -0.972358 0
    outer loop
      vertex -0.391086 -38.8308 4
      vertex -0.772542 -38.9224 2
      vertex -0.391086 -38.8308 2
    endloop
  endfacet
  facet normal 0.382625 -0.923904 0
    outer loop
      vertex -1.13498 -39.0725 2
      vertex -0.772542 -38.9224 4
      vertex -1.13498 -39.0725 4
    endloop
  endfacet
  facet normal 0.382625 -0.923904 0
    outer loop
      vertex -0.772542 -38.9224 4
      vertex -1.13498 -39.0725 2
      vertex -0.772542 -38.9224 2
    endloop
  endfacet
  facet normal -0.382625 0.923904 0
    outer loop
      vertex 1.13498 -43.5275 2
      vertex 0.772542 -43.6776 4
      vertex 1.13498 -43.5275 4
    endloop
  endfacet
  facet normal -0.382625 0.923904 0
    outer loop
      vertex 0.772542 -43.6776 4
      vertex 1.13498 -43.5275 2
      vertex 0.772542 -43.6776 2
    endloop
  endfacet
  facet normal -0.649329 0.760508 0
    outer loop
      vertex 1.76777 -43.0678 2
      vertex 1.46946 -43.3225 4
      vertex 1.76777 -43.0678 4
    endloop
  endfacet
  facet normal -0.649329 0.760508 0
    outer loop
      vertex 1.46946 -43.3225 4
      vertex 1.76777 -43.0678 2
      vertex 1.46946 -43.3225 2
    endloop
  endfacet
  facet normal -0.972362 0.233479 0
    outer loop
      vertex 2.37764 -42.0725 2
      vertex 2.46922 -41.6911 4
      vertex 2.46922 -41.6911 2
    endloop
  endfacet
  facet normal -0.972362 0.233479 0
    outer loop
      vertex 2.46922 -41.6911 4
      vertex 2.37764 -42.0725 2
      vertex 2.37764 -42.0725 4
    endloop
  endfacet
  facet normal -0.852642 0.522495 0
    outer loop
      vertex 2.02254 -42.7695 2
      vertex 2.22752 -42.435 4
      vertex 2.22752 -42.435 2
    endloop
  endfacet
  facet normal -0.852642 0.522495 0
    outer loop
      vertex 2.22752 -42.435 4
      vertex 2.02254 -42.7695 2
      vertex 2.02254 -42.7695 4
    endloop
  endfacet
  facet normal -0.972362 -0.233479 0
    outer loop
      vertex 2.46922 -40.9089 2
      vertex 2.37764 -40.5275 4
      vertex 2.37764 -40.5275 2
    endloop
  endfacet
  facet normal -0.972362 -0.233479 0
    outer loop
      vertex 2.37764 -40.5275 4
      vertex 2.46922 -40.9089 2
      vertex 2.46922 -40.9089 4
    endloop
  endfacet
  facet normal 0.078512 0.996913 -0
    outer loop
      vertex 0 -43.8 2
      vertex -0.391086 -43.7692 4
      vertex 0 -43.8 4
    endloop
  endfacet
  facet normal 0.078512 0.996913 0
    outer loop
      vertex -0.391086 -43.7692 4
      vertex 0 -43.8 2
      vertex -0.391086 -43.7692 2
    endloop
  endfacet
  facet normal 0.923909 0.382613 0
    outer loop
      vertex -2.22752 -42.435 4
      vertex -2.37764 -42.0725 2
      vertex -2.37764 -42.0725 4
    endloop
  endfacet
  facet normal 0.923909 0.382613 0
    outer loop
      vertex -2.37764 -42.0725 2
      vertex -2.22752 -42.435 4
      vertex -2.22752 -42.435 2
    endloop
  endfacet
  facet normal 0.996917 0.0784585 0
    outer loop
      vertex -2.46922 -41.6911 4
      vertex -2.5 -41.3 2
      vertex -2.5 -41.3 4
    endloop
  endfacet
  facet normal 0.996917 0.0784585 0
    outer loop
      vertex -2.5 -41.3 2
      vertex -2.46922 -41.6911 4
      vertex -2.46922 -41.6911 2
    endloop
  endfacet
  facet normal 0.972362 0.233479 0
    outer loop
      vertex -2.37764 -42.0725 4
      vertex -2.46922 -41.6911 2
      vertex -2.46922 -41.6911 4
    endloop
  endfacet
  facet normal 0.972362 0.233479 0
    outer loop
      vertex -2.46922 -41.6911 2
      vertex -2.37764 -42.0725 4
      vertex -2.37764 -42.0725 2
    endloop
  endfacet
  facet normal 0.760409 0.649445 0
    outer loop
      vertex -1.76777 -43.0678 4
      vertex -2.02254 -42.7695 2
      vertex -2.02254 -42.7695 4
    endloop
  endfacet
  facet normal 0.760409 0.649445 0
    outer loop
      vertex -2.02254 -42.7695 2
      vertex -1.76777 -43.0678 4
      vertex -1.76777 -43.0678 2
    endloop
  endfacet
  facet normal 0.972362 -0.233479 0
    outer loop
      vertex -2.46922 -40.9089 4
      vertex -2.37764 -40.5275 2
      vertex -2.37764 -40.5275 4
    endloop
  endfacet
  facet normal 0.972362 -0.233479 0
    outer loop
      vertex -2.37764 -40.5275 2
      vertex -2.46922 -40.9089 4
      vertex -2.46922 -40.9089 2
    endloop
  endfacet
  facet normal 0.522555 -0.852606 0
    outer loop
      vertex -1.46946 -39.2775 2
      vertex -1.13498 -39.0725 4
      vertex -1.46946 -39.2775 4
    endloop
  endfacet
  facet normal 0.522555 -0.852606 0
    outer loop
      vertex -1.13498 -39.0725 4
      vertex -1.46946 -39.2775 2
      vertex -1.13498 -39.0725 2
    endloop
  endfacet
  facet normal 0.078512 -0.996913 0
    outer loop
      vertex -0.391086 -38.8308 2
      vertex 0 -38.8 4
      vertex -0.391086 -38.8308 4
    endloop
  endfacet
  facet normal 0.078512 -0.996913 0
    outer loop
      vertex 0 -38.8 4
      vertex -0.391086 -38.8308 2
      vertex 0 -38.8 2
    endloop
  endfacet
  facet normal -0.233495 -0.972358 0
    outer loop
      vertex 0.391086 -38.8308 2
      vertex 0.772542 -38.9224 4
      vertex 0.391086 -38.8308 4
    endloop
  endfacet
  facet normal -0.233495 -0.972358 -0
    outer loop
      vertex 0.772542 -38.9224 4
      vertex 0.391086 -38.8308 2
      vertex 0.772542 -38.9224 2
    endloop
  endfacet
  facet normal 0.382625 0.923904 -0
    outer loop
      vertex -0.772542 -43.6776 2
      vertex -1.13498 -43.5275 4
      vertex -0.772542 -43.6776 4
    endloop
  endfacet
  facet normal 0.382625 0.923904 0
    outer loop
      vertex -1.13498 -43.5275 4
      vertex -0.772542 -43.6776 2
      vertex -1.13498 -43.5275 2
    endloop
  endfacet
  facet normal 0 0 -1
    outer loop
      vertex 2.46922 -41.6911 4
      vertex 2.46922 -40.9089 4
      vertex 2.5 -41.3 4
    endloop
  endfacet
  facet normal 0 0 -1
    outer loop
      vertex 2.37764 -42.0725 4
      vertex 2.46922 -40.9089 4
      vertex 2.46922 -41.6911 4
    endloop
  endfacet
  facet normal 0 0 -1
    outer loop
      vertex 2.37764 -42.0725 4
      vertex 2.37764 -40.5275 4
      vertex 2.46922 -40.9089 4
    endloop
  endfacet
  facet normal 0 0 -1
    outer loop
      vertex 2.22752 -42.435 4
      vertex 2.37764 -40.5275 4
      vertex 2.37764 -42.0725 4
    endloop
  endfacet
  facet normal 0 0 -1
    outer loop
      vertex 2.22752 -42.435 4
      vertex 2.22752 -40.165 4
      vertex 2.37764 -40.5275 4
    endloop
  endfacet
  facet normal 0 0 -1
    outer loop
      vertex 2.02254 -42.7695 4
      vertex 2.22752 -40.165 4
      vertex 2.22752 -42.435 4
    endloop
  endfacet
  facet normal 0 0 -1
    outer loop
      vertex 2.02254 -42.7695 4
      vertex 2.02254 -39.8305 4
      vertex 2.22752 -40.165 4
    endloop
  endfacet
  facet normal 0 0 -1
    outer loop
      vertex 1.76777 -43.0678 4
      vertex 2.02254 -39.8305 4
      vertex 2.02254 -42.7695 4
    endloop
  endfacet
  facet normal 0 0 -1
    outer loop
      vertex 1.76777 -43.0678 4
      vertex 1.76777 -39.5322 4
      vertex 2.02254 -39.8305 4
    endloop
  endfacet
  facet normal 0 0 -1
    outer loop
      vertex 1.46946 -43.3225 4
      vertex 1.76777 -39.5322 4
      vertex 1.76777 -43.0678 4
    endloop
  endfacet
  facet normal 0 0 -1
    outer loop
      vertex 1.46946 -43.3225 4
      vertex 1.46946 -39.2775 4
      vertex 1.76777 -39.5322 4
    endloop
  endfacet
  facet normal 0 0 -1
    outer loop
      vertex 1.13498 -43.5275 4
      vertex 1.46946 -39.2775 4
      vertex 1.46946 -43.3225 4
    endloop
  endfacet
  facet normal 0 0 -1
    outer loop
      vertex 1.13498 -43.5275 4
      vertex 1.13498 -39.0725 4
      vertex 1.46946 -39.2775 4
    endloop
  endfacet
  facet normal 0 0 -1
    outer loop
      vertex 0.772542 -43.6776 4
      vertex 1.13498 -39.0725 4
      vertex 1.13498 -43.5275 4
    endloop
  endfacet
  facet normal 0 0 -1
    outer loop
      vertex 0.772542 -43.6776 4
      vertex 0.772542 -38.9224 4
      vertex 1.13498 -39.0725 4
    endloop
  endfacet
  facet normal 0 0 -1
    outer loop
      vertex 0.391086 -43.7692 4
      vertex 0.772542 -38.9224 4
      vertex 0.772542 -43.6776 4
    endloop
  endfacet
  facet normal 0 0 -1
    outer loop
      vertex 0.391086 -43.7692 4
      vertex 0.391086 -38.8308 4
      vertex 0.772542 -38.9224 4
    endloop
  endfacet
  facet normal 0 0 -1
    outer loop
      vertex 0 -43.8 4
      vertex 0.391086 -38.8308 4
      vertex 0.391086 -43.7692 4
    endloop
  endfacet
  facet normal 0 0 -1
    outer loop
      vertex 0 -43.8 4
      vertex 0 -38.8 4
      vertex 0.391086 -38.8308 4
    endloop
  endfacet
  facet normal 0 0 -1
    outer loop
      vertex -0.391086 -43.7692 4
      vertex 0 -38.8 4
      vertex 0 -43.8 4
    endloop
  endfacet
  facet normal 0 0 -1
    outer loop
      vertex -0.391086 -43.7692 4
      vertex -0.391086 -38.8308 4
      vertex 0 -38.8 4
    endloop
  endfacet
  facet normal 0 0 -1
    outer loop
      vertex -0.772542 -43.6776 4
      vertex -0.391086 -38.8308 4
      vertex -0.391086 -43.7692 4
    endloop
  endfacet
  facet normal 0 0 -1
    outer loop
      vertex -0.772542 -43.6776 4
      vertex -0.772542 -38.9224 4
      vertex -0.391086 -38.8308 4
    endloop
  endfacet
  facet normal 0 0 -1
    outer loop
      vertex -1.13498 -43.5275 4
      vertex -0.772542 -38.9224 4
      vertex -0.772542 -43.6776 4
    endloop
  endfacet
  facet normal 0 0 -1
    outer loop
      vertex -1.13498 -43.5275 4
      vertex -1.13498 -39.0725 4
      vertex -0.772542 -38.9224 4
    endloop
  endfacet
  facet normal 0 0 -1
    outer loop
      vertex -1.46946 -43.3225 4
      vertex -1.13498 -39.0725 4
      vertex -1.13498 -43.5275 4
    endloop
  endfacet
  facet normal 0 0 -1
    outer loop
      vertex -1.46946 -43.3225 4
      vertex -1.46946 -39.2775 4
      vertex -1.13498 -39.0725 4
    endloop
  endfacet
  facet normal 0 0 -1
    outer loop
      vertex -1.76777 -43.0678 4
      vertex -1.46946 -39.2775 4
      vertex -1.46946 -43.3225 4
    endloop
  endfacet
  facet normal 0 0 -1
    outer loop
      vertex -1.76777 -43.0678 4
      vertex -1.76777 -39.5322 4
      vertex -1.46946 -39.2775 4
    endloop
  endfacet
  facet normal 0 0 -1
    outer loop
      vertex -2.02254 -42.7695 4
      vertex -1.76777 -39.5322 4
      vertex -1.76777 -43.0678 4
    endloop
  endfacet
  facet normal 0 0 -1
    outer loop
      vertex -2.02254 -42.7695 4
      vertex -2.02254 -39.8305 4
      vertex -1.76777 -39.5322 4
    endloop
  endfacet
  facet normal 0 0 -1
    outer loop
      vertex -2.22752 -42.435 4
      vertex -2.02254 -39.8305 4
      vertex -2.02254 -42.7695 4
    endloop
  endfacet
  facet normal 0 0 -1
    outer loop
      vertex -2.22752 -42.435 4
      vertex -2.22752 -40.165 4
      vertex -2.02254 -39.8305 4
    endloop
  endfacet
  facet normal 0 0 -1
    outer loop
      vertex -2.37764 -42.0725 4
      vertex -2.22752 -40.165 4
      vertex -2.22752 -42.435 4
    endloop
  endfacet
  facet normal 0 0 -1
    outer loop
      vertex -2.37764 -42.0725 4
      vertex -2.37764 -40.5275 4
      vertex -2.22752 -40.165 4
    endloop
  endfacet
  facet normal 0 0 -1
    outer loop
      vertex -2.46922 -41.6911 4
      vertex -2.37764 -40.5275 4
      vertex -2.37764 -42.0725 4
    endloop
  endfacet
  facet normal 0 0 -1
    outer loop
      vertex -2.46922 -41.6911 4
      vertex -2.46922 -40.9089 4
      vertex -2.37764 -40.5275 4
    endloop
  endfacet
  facet normal 0 -0 -1
    outer loop
      vertex -2.46922 -40.9089 4
      vertex -2.46922 -41.6911 4
      vertex -2.5 -41.3 4
    endloop
  endfacet
  facet normal -0.56641 0.824124 0
    outer loop
      vertex 22.2233 -37.7097 2
      vertex 21.9 -37.9319 4
      vertex 22.2233 -37.7097 4
    endloop
  endfacet
  facet normal -0.56641 0.824124 0
    outer loop
      vertex 21.9 -37.9319 4
      vertex 22.2233 -37.7097 2
      vertex 21.9 -37.9319 2
    endloop
  endfacet
  facet normal 0.430517 -0.902582 0
    outer loop
      vertex 19.4 -33.6018 2
      vertex 19.7541 -33.4329 4
      vertex 19.4 -33.6018 4
    endloop
  endfacet
  facet normal 0.430517 -0.902582 0
    outer loop
      vertex 19.7541 -33.4329 4
      vertex 19.4 -33.6018 2
      vertex 19.7541 -33.4329 2
    endloop
  endfacet
  facet normal -0.902582 -0.430517 0
    outer loop
      vertex 22.984 -34.8709 2
      vertex 22.8151 -34.5168 4
      vertex 22.8151 -34.5168 2
    endloop
  endfacet
  facet normal -0.902582 -0.430517 0
    outer loop
      vertex 22.8151 -34.5168 4
      vertex 22.984 -34.8709 2
      vertex 22.984 -34.8709 4
    endloop
  endfacet
  facet normal -0.333913 -0.942604 0
    outer loop
      vertex 21.297 -33.352 2
      vertex 21.6668 -33.483 4
      vertex 21.297 -33.352 4
    endloop
  endfacet
  facet normal -0.333913 -0.942604 -0
    outer loop
      vertex 21.6668 -33.483 4
      vertex 21.297 -33.352 2
      vertex 21.6668 -33.483 2
    endloop
  endfacet
  facet normal -0.725222 -0.688515 0
    outer loop
      vertex 22.5929 -34.1935 2
      vertex 22.3228 -33.909 4
      vertex 22.3228 -33.909 2
    endloop
  endfacet
  facet normal -0.725222 -0.688515 0
    outer loop
      vertex 22.3228 -33.909 4
      vertex 22.5929 -34.1935 2
      vertex 22.5929 -34.1935 4
    endloop
  endfacet
  facet normal -0.942684 0.333687 0
    outer loop
      vertex 22.9339 -36.7837 2
      vertex 23.0648 -36.4139 4
      vertex 23.0648 -36.4139 2
    endloop
  endfacet
  facet normal -0.942684 0.333687 0
    outer loop
      vertex 23.0648 -36.4139 4
      vertex 22.9339 -36.7837 2
      vertex 22.9339 -36.7837 4
    endloop
  endfacet
  facet normal -0.991445 -0.130527 0
    outer loop
      vertex 23.1466 -35.636 2
      vertex 23.0954 -35.2471 4
      vertex 23.0954 -35.2471 2
    endloop
  endfacet
  facet normal -0.991445 -0.130527 0
    outer loop
      vertex 23.0954 -35.2471 4
      vertex 23.1466 -35.636 2
      vertex 23.1466 -35.636 4
    endloop
  endfacet
  facet normal -0.958844 -0.283932 0
    outer loop
      vertex 23.0954 -35.2471 2
      vertex 22.984 -34.8709 4
      vertex 22.984 -34.8709 2
    endloop
  endfacet
  facet normal -0.958844 -0.283932 0
    outer loop
      vertex 22.984 -34.8709 4
      vertex 23.0954 -35.2471 2
      vertex 23.0954 -35.2471 4
    endloop
  endfacet
  facet normal -0.999655 0.0262531 0
    outer loop
      vertex 23.1363 -36.0282 2
      vertex 23.1466 -35.636 4
      vertex 23.1466 -35.636 2
    endloop
  endfacet
  facet normal -0.999655 0.0262531 0
    outer loop
      vertex 23.1466 -35.636 4
      vertex 23.1363 -36.0282 2
      vertex 23.1363 -36.0282 4
    endloop
  endfacet
  facet normal -0.026005 -0.999662 0
    outer loop
      vertex 20.5192 -33.2703 2
      vertex 20.9113 -33.2805 4
      vertex 20.5192 -33.2703 4
    endloop
  endfacet
  facet normal -0.026005 -0.999662 -0
    outer loop
      vertex 20.9113 -33.2805 4
      vertex 20.5192 -33.2703 2
      vertex 20.9113 -33.2805 2
    endloop
  endfacet
  facet normal -0.182272 -0.983248 0
    outer loop
      vertex 20.9113 -33.2805 2
      vertex 21.297 -33.352 4
      vertex 20.9113 -33.2805 4
    endloop
  endfacet
  facet normal -0.182272 -0.983248 -0
    outer loop
      vertex 21.297 -33.352 4
      vertex 20.9113 -33.2805 2
      vertex 21.297 -33.352 2
    endloop
  endfacet
  facet normal 0.284002 -0.958824 0
    outer loop
      vertex 19.7541 -33.4329 2
      vertex 20.1302 -33.3215 4
      vertex 19.7541 -33.4329 4
    endloop
  endfacet
  facet normal 0.284002 -0.958824 0
    outer loop
      vertex 20.1302 -33.3215 4
      vertex 19.7541 -33.4329 2
      vertex 20.1302 -33.3215 2
    endloop
  endfacet
  facet normal -0.477137 -0.878829 0
    outer loop
      vertex 21.6668 -33.483 2
      vertex 22.0116 -33.6702 4
      vertex 21.6668 -33.483 4
    endloop
  endfacet
  facet normal -0.477137 -0.878829 -0
    outer loop
      vertex 22.0116 -33.6702 4
      vertex 21.6668 -33.483 2
      vertex 22.0116 -33.6702 2
    endloop
  endfacet
  facet normal -0.824124 -0.56641 0
    outer loop
      vertex 22.8151 -34.5168 2
      vertex 22.5929 -34.1935 4
      vertex 22.5929 -34.1935 2
    endloop
  endfacet
  facet normal -0.824124 -0.56641 0
    outer loop
      vertex 22.5929 -34.1935 4
      vertex 22.8151 -34.5168 2
      vertex 22.8151 -34.5168 4
    endloop
  endfacet
  facet normal -0.430517 0.902582 0
    outer loop
      vertex 21.9 -37.9319 2
      vertex 21.5459 -38.1008 4
      vertex 21.9 -37.9319 4
    endloop
  endfacet
  facet normal -0.430517 0.902582 0
    outer loop
      vertex 21.5459 -38.1008 4
      vertex 21.9 -37.9319 2
      vertex 21.5459 -38.1008 2
    endloop
  endfacet
  facet normal 0.902535 0.430616 0
    outer loop
      vertex 18.4849 -37.0168 4
      vertex 18.316 -36.6628 2
      vertex 18.316 -36.6628 4
    endloop
  endfacet
  facet normal 0.902535 0.430616 0
    outer loop
      vertex 18.316 -36.6628 2
      vertex 18.4849 -37.0168 4
      vertex 18.4849 -37.0168 2
    endloop
  endfacet
  facet normal -0.688254 0.72547 0
    outer loop
      vertex 22.5079 -37.4397 2
      vertex 22.2233 -37.7097 4
      vertex 22.5079 -37.4397 4
    endloop
  endfacet
  facet normal -0.688254 0.72547 0
    outer loop
      vertex 22.2233 -37.7097 4
      vertex 22.5079 -37.4397 2
      vertex 22.2233 -37.7097 2
    endloop
  endfacet
  facet normal -0.878771 0.477244 0
    outer loop
      vertex 22.7467 -37.1284 2
      vertex 22.9339 -36.7837 4
      vertex 22.9339 -36.7837 2
    endloop
  endfacet
  facet normal -0.878771 0.477244 0
    outer loop
      vertex 22.9339 -36.7837 4
      vertex 22.7467 -37.1284 2
      vertex 22.7467 -37.1284 4
    endloop
  endfacet
  facet normal -0.983248 0.182272 0
    outer loop
      vertex 23.0648 -36.4139 2
      vertex 23.1363 -36.0282 4
      vertex 23.1363 -36.0282 2
    endloop
  endfacet
  facet normal -0.983248 0.182272 0
    outer loop
      vertex 23.1363 -36.0282 4
      vertex 23.0648 -36.4139 2
      vertex 23.0648 -36.4139 4
    endloop
  endfacet
  facet normal 0.130494 -0.991449 0
    outer loop
      vertex 20.1302 -33.3215 2
      vertex 20.5192 -33.2703 4
      vertex 20.1302 -33.3215 4
    endloop
  endfacet
  facet normal 0.130494 -0.991449 0
    outer loop
      vertex 20.5192 -33.2703 4
      vertex 20.1302 -33.3215 2
      vertex 20.5192 -33.2703 2
    endloop
  endfacet
  facet normal -0.608774 -0.793344 0
    outer loop
      vertex 22.0116 -33.6702 2
      vertex 22.3228 -33.909 4
      vertex 22.0116 -33.6702 4
    endloop
  endfacet
  facet normal -0.608774 -0.793344 -0
    outer loop
      vertex 22.3228 -33.909 4
      vertex 22.0116 -33.6702 2
      vertex 22.3228 -33.909 2
    endloop
  endfacet
  facet normal -0.284002 0.958824 0
    outer loop
      vertex 21.5459 -38.1008 2
      vertex 21.1698 -38.2122 4
      vertex 21.5459 -38.1008 4
    endloop
  endfacet
  facet normal -0.284002 0.958824 0
    outer loop
      vertex 21.1698 -38.2122 4
      vertex 21.5459 -38.1008 2
      vertex 21.1698 -38.2122 2
    endloop
  endfacet
  facet normal 0.725343 0.688388 0
    outer loop
      vertex 18.9772 -37.6247 4
      vertex 18.7071 -37.3401 2
      vertex 18.7071 -37.3401 4
    endloop
  endfacet
  facet normal 0.725343 0.688388 0
    outer loop
      vertex 18.7071 -37.3401 2
      vertex 18.9772 -37.6247 4
      vertex 18.9772 -37.6247 2
    endloop
  endfacet
  facet normal -0.793438 0.608651 0
    outer loop
      vertex 22.5079 -37.4397 2
      vertex 22.7467 -37.1284 4
      vertex 22.7467 -37.1284 2
    endloop
  endfacet
  facet normal -0.793438 0.608651 0
    outer loop
      vertex 22.7467 -37.1284 4
      vertex 22.5079 -37.4397 2
      vertex 22.5079 -37.4397 4
    endloop
  endfacet
  facet normal 0.026005 0.999662 -0
    outer loop
      vertex 20.7808 -38.2634 2
      vertex 20.3887 -38.2532 4
      vertex 20.7808 -38.2634 4
    endloop
  endfacet
  facet normal 0.026005 0.999662 0
    outer loop
      vertex 20.3887 -38.2532 4
      vertex 20.7808 -38.2634 2
      vertex 20.3887 -38.2532 2
    endloop
  endfacet
  facet normal 0.477137 0.878829 -0
    outer loop
      vertex 19.6332 -38.0507 2
      vertex 19.2884 -37.8635 4
      vertex 19.6332 -38.0507 4
    endloop
  endfacet
  facet normal 0.477137 0.878829 0
    outer loop
      vertex 19.2884 -37.8635 4
      vertex 19.6332 -38.0507 2
      vertex 19.2884 -37.8635 2
    endloop
  endfacet
  facet normal 0.182272 0.983248 -0
    outer loop
      vertex 20.3887 -38.2532 2
      vertex 20.003 -38.1817 4
      vertex 20.3887 -38.2532 4
    endloop
  endfacet
  facet normal 0.182272 0.983248 0
    outer loop
      vertex 20.003 -38.1817 4
      vertex 20.3887 -38.2532 2
      vertex 20.003 -38.1817 2
    endloop
  endfacet
  facet normal -0.130494 0.991449 0
    outer loop
      vertex 21.1698 -38.2122 2
      vertex 20.7808 -38.2634 4
      vertex 21.1698 -38.2122 4
    endloop
  endfacet
  facet normal -0.130494 0.991449 0
    outer loop
      vertex 20.7808 -38.2634 4
      vertex 21.1698 -38.2122 2
      vertex 20.7808 -38.2634 2
    endloop
  endfacet
  facet normal 0.824124 0.56641 0
    outer loop
      vertex 18.7071 -37.3401 4
      vertex 18.4849 -37.0168 2
      vertex 18.4849 -37.0168 4
    endloop
  endfacet
  facet normal 0.824124 0.56641 0
    outer loop
      vertex 18.4849 -37.0168 2
      vertex 18.7071 -37.3401 4
      vertex 18.7071 -37.3401 2
    endloop
  endfacet
  facet normal 0.958844 0.283932 0
    outer loop
      vertex 18.316 -36.6628 4
      vertex 18.2046 -36.2866 2
      vertex 18.2046 -36.2866 4
    endloop
  endfacet
  facet normal 0.958844 0.283932 0
    outer loop
      vertex 18.2046 -36.2866 2
      vertex 18.316 -36.6628 4
      vertex 18.316 -36.6628 2
    endloop
  endfacet
  facet normal 0.878771 -0.477244 0
    outer loop
      vertex 18.3661 -34.75 4
      vertex 18.5533 -34.4053 2
      vertex 18.5533 -34.4053 4
    endloop
  endfacet
  facet normal 0.878771 -0.477244 0
    outer loop
      vertex 18.5533 -34.4053 2
      vertex 18.3661 -34.75 4
      vertex 18.3661 -34.75 2
    endloop
  endfacet
  facet normal 0.56641 -0.824124 0
    outer loop
      vertex 19.0767 -33.824 2
      vertex 19.4 -33.6018 4
      vertex 19.0767 -33.824 4
    endloop
  endfacet
  facet normal 0.56641 -0.824124 0
    outer loop
      vertex 19.4 -33.6018 4
      vertex 19.0767 -33.824 2
      vertex 19.4 -33.6018 2
    endloop
  endfacet
  facet normal 0.608774 0.793344 -0
    outer loop
      vertex 19.2884 -37.8635 2
      vertex 18.9772 -37.6247 4
      vertex 19.2884 -37.8635 4
    endloop
  endfacet
  facet normal 0.608774 0.793344 0
    outer loop
      vertex 18.9772 -37.6247 4
      vertex 19.2884 -37.8635 2
      vertex 18.9772 -37.6247 2
    endloop
  endfacet
  facet normal 0.333913 0.942604 -0
    outer loop
      vertex 20.003 -38.1817 2
      vertex 19.6332 -38.0507 4
      vertex 20.003 -38.1817 4
    endloop
  endfacet
  facet normal 0.333913 0.942604 0
    outer loop
      vertex 19.6332 -38.0507 4
      vertex 20.003 -38.1817 2
      vertex 19.6332 -38.0507 2
    endloop
  endfacet
  facet normal 0.999655 -0.0262531 0
    outer loop
      vertex 18.1534 -35.8977 4
      vertex 18.1637 -35.5055 2
      vertex 18.1637 -35.5055 4
    endloop
  endfacet
  facet normal 0.999655 -0.0262531 0
    outer loop
      vertex 18.1637 -35.5055 2
      vertex 18.1534 -35.8977 4
      vertex 18.1534 -35.8977 2
    endloop
  endfacet
  facet normal 0.983248 -0.182272 0
    outer loop
      vertex 18.1637 -35.5055 4
      vertex 18.2352 -35.1198 2
      vertex 18.2352 -35.1198 4
    endloop
  endfacet
  facet normal 0.983248 -0.182272 0
    outer loop
      vertex 18.2352 -35.1198 2
      vertex 18.1637 -35.5055 4
      vertex 18.1637 -35.5055 2
    endloop
  endfacet
  facet normal 0.942684 -0.333687 0
    outer loop
      vertex 18.2352 -35.1198 4
      vertex 18.3661 -34.75 2
      vertex 18.3661 -34.75 4
    endloop
  endfacet
  facet normal 0.942684 -0.333687 0
    outer loop
      vertex 18.3661 -34.75 2
      vertex 18.2352 -35.1198 4
      vertex 18.2352 -35.1198 2
    endloop
  endfacet
  facet normal 0.688254 -0.72547 0
    outer loop
      vertex 18.7921 -34.094 2
      vertex 19.0767 -33.824 4
      vertex 18.7921 -34.094 4
    endloop
  endfacet
  facet normal 0.688254 -0.72547 0
    outer loop
      vertex 19.0767 -33.824 4
      vertex 18.7921 -34.094 2
      vertex 19.0767 -33.824 2
    endloop
  endfacet
  facet normal 0.991445 0.130527 0
    outer loop
      vertex 18.2046 -36.2866 4
      vertex 18.1534 -35.8977 2
      vertex 18.1534 -35.8977 4
    endloop
  endfacet
  facet normal 0.991445 0.130527 0
    outer loop
      vertex 18.1534 -35.8977 2
      vertex 18.2046 -36.2866 4
      vertex 18.2046 -36.2866 2
    endloop
  endfacet
  facet normal 0 0 -1
    outer loop
      vertex 23.1363 -36.0282 4
      vertex 23.0954 -35.2471 4
      vertex 23.1466 -35.636 4
    endloop
  endfacet
  facet normal 0 0 -1
    outer loop
      vertex 23.0648 -36.4139 4
      vertex 23.0954 -35.2471 4
      vertex 23.1363 -36.0282 4
    endloop
  endfacet
  facet normal 0 0 -1
    outer loop
      vertex 23.0648 -36.4139 4
      vertex 22.984 -34.8709 4
      vertex 23.0954 -35.2471 4
    endloop
  endfacet
  facet normal 0 0 -1
    outer loop
      vertex 22.9339 -36.7837 4
      vertex 22.984 -34.8709 4
      vertex 23.0648 -36.4139 4
    endloop
  endfacet
  facet normal 0 0 -1
    outer loop
      vertex 22.9339 -36.7837 4
      vertex 22.8151 -34.5168 4
      vertex 22.984 -34.8709 4
    endloop
  endfacet
  facet normal 0 0 -1
    outer loop
      vertex 22.7467 -37.1284 4
      vertex 22.8151 -34.5168 4
      vertex 22.9339 -36.7837 4
    endloop
  endfacet
  facet normal 0 0 -1
    outer loop
      vertex 22.7467 -37.1284 4
      vertex 22.5929 -34.1935 4
      vertex 22.8151 -34.5168 4
    endloop
  endfacet
  facet normal 0 0 -1
    outer loop
      vertex 22.5079 -37.4397 4
      vertex 22.5929 -34.1935 4
      vertex 22.7467 -37.1284 4
    endloop
  endfacet
  facet normal 0 0 -1
    outer loop
      vertex 22.5079 -37.4397 4
      vertex 22.3228 -33.909 4
      vertex 22.5929 -34.1935 4
    endloop
  endfacet
  facet normal 0 0 -1
    outer loop
      vertex 22.2233 -37.7097 4
      vertex 22.3228 -33.909 4
      vertex 22.5079 -37.4397 4
    endloop
  endfacet
  facet normal 0 0 -1
    outer loop
      vertex 22.2233 -37.7097 4
      vertex 22.0116 -33.6702 4
      vertex 22.3228 -33.909 4
    endloop
  endfacet
  facet normal 0 0 -1
    outer loop
      vertex 21.9 -37.9319 4
      vertex 22.0116 -33.6702 4
      vertex 22.2233 -37.7097 4
    endloop
  endfacet
  facet normal 0 0 -1
    outer loop
      vertex 21.9 -37.9319 4
      vertex 21.6668 -33.483 4
      vertex 22.0116 -33.6702 4
    endloop
  endfacet
  facet normal 0 0 -1
    outer loop
      vertex 21.5459 -38.1008 4
      vertex 21.6668 -33.483 4
      vertex 21.9 -37.9319 4
    endloop
  endfacet
  facet normal 0 0 -1
    outer loop
      vertex 21.5459 -38.1008 4
      vertex 21.297 -33.352 4
      vertex 21.6668 -33.483 4
    endloop
  endfacet
  facet normal 0 0 -1
    outer loop
      vertex 21.1698 -38.2122 4
      vertex 21.297 -33.352 4
      vertex 21.5459 -38.1008 4
    endloop
  endfacet
  facet normal 0 0 -1
    outer loop
      vertex 21.1698 -38.2122 4
      vertex 20.9113 -33.2805 4
      vertex 21.297 -33.352 4
    endloop
  endfacet
  facet normal 0 0 -1
    outer loop
      vertex 20.7808 -38.2634 4
      vertex 20.9113 -33.2805 4
      vertex 21.1698 -38.2122 4
    endloop
  endfacet
  facet normal 0 0 -1
    outer loop
      vertex 20.7808 -38.2634 4
      vertex 20.5192 -33.2703 4
      vertex 20.9113 -33.2805 4
    endloop
  endfacet
  facet normal 0 0 -1
    outer loop
      vertex 20.3887 -38.2532 4
      vertex 20.5192 -33.2703 4
      vertex 20.7808 -38.2634 4
    endloop
  endfacet
  facet normal 0 0 -1
    outer loop
      vertex 20.3887 -38.2532 4
      vertex 20.1302 -33.3215 4
      vertex 20.5192 -33.2703 4
    endloop
  endfacet
  facet normal 0 0 -1
    outer loop
      vertex 20.003 -38.1817 4
      vertex 20.1302 -33.3215 4
      vertex 20.3887 -38.2532 4
    endloop
  endfacet
  facet normal 0 0 -1
    outer loop
      vertex 20.003 -38.1817 4
      vertex 19.7541 -33.4329 4
      vertex 20.1302 -33.3215 4
    endloop
  endfacet
  facet normal 0 0 -1
    outer loop
      vertex 19.6332 -38.0507 4
      vertex 19.7541 -33.4329 4
      vertex 20.003 -38.1817 4
    endloop
  endfacet
  facet normal 0 0 -1
    outer loop
      vertex 19.6332 -38.0507 4
      vertex 19.4 -33.6018 4
      vertex 19.7541 -33.4329 4
    endloop
  endfacet
  facet normal 0 0 -1
    outer loop
      vertex 19.2884 -37.8635 4
      vertex 19.4 -33.6018 4
      vertex 19.6332 -38.0507 4
    endloop
  endfacet
  facet normal 0 0 -1
    outer loop
      vertex 19.2884 -37.8635 4
      vertex 19.0767 -33.824 4
      vertex 19.4 -33.6018 4
    endloop
  endfacet
  facet normal 0 0 -1
    outer loop
      vertex 18.9772 -37.6247 4
      vertex 19.0767 -33.824 4
      vertex 19.2884 -37.8635 4
    endloop
  endfacet
  facet normal 0 0 -1
    outer loop
      vertex 18.9772 -37.6247 4
      vertex 18.7921 -34.094 4
      vertex 19.0767 -33.824 4
    endloop
  endfacet
  facet normal 0 0 -1
    outer loop
      vertex 18.7071 -37.3401 4
      vertex 18.7921 -34.094 4
      vertex 18.9772 -37.6247 4
    endloop
  endfacet
  facet normal 0 0 -1
    outer loop
      vertex 18.7071 -37.3401 4
      vertex 18.5533 -34.4053 4
      vertex 18.7921 -34.094 4
    endloop
  endfacet
  facet normal 0 0 -1
    outer loop
      vertex 18.4849 -37.0168 4
      vertex 18.5533 -34.4053 4
      vertex 18.7071 -37.3401 4
    endloop
  endfacet
  facet normal 0 0 -1
    outer loop
      vertex 18.4849 -37.0168 4
      vertex 18.3661 -34.75 4
      vertex 18.5533 -34.4053 4
    endloop
  endfacet
  facet normal 0 0 -1
    outer loop
      vertex 18.316 -36.6628 4
      vertex 18.3661 -34.75 4
      vertex 18.4849 -37.0168 4
    endloop
  endfacet
  facet normal 0 0 -1
    outer loop
      vertex 18.316 -36.6628 4
      vertex 18.2352 -35.1198 4
      vertex 18.3661 -34.75 4
    endloop
  endfacet
  facet normal 0 0 -1
    outer loop
      vertex 18.2046 -36.2866 4
      vertex 18.2352 -35.1198 4
      vertex 18.316 -36.6628 4
    endloop
  endfacet
  facet normal 0 0 -1
    outer loop
      vertex 18.2046 -36.2866 4
      vertex 18.1637 -35.5055 4
      vertex 18.2352 -35.1198 4
    endloop
  endfacet
  facet normal 0 -0 -1
    outer loop
      vertex 18.1637 -35.5055 4
      vertex 18.2046 -36.2866 4
      vertex 18.1534 -35.8977 4
    endloop
  endfacet
  facet normal 0.793438 -0.608651 0
    outer loop
      vertex 18.5533 -34.4053 4
      vertex 18.7921 -34.094 2
      vertex 18.7921 -34.094 4
    endloop
  endfacet
  facet normal 0.793438 -0.608651 0
    outer loop
      vertex 18.7921 -34.094 2
      vertex 18.5533 -34.4053 4
      vertex 18.5533 -34.4053 2
    endloop
  endfacet
  facet normal -0.902582 0.430517 0
    outer loop
      vertex 37.9319 -21.9 2
      vertex 38.1008 -21.5459 4
      vertex 38.1008 -21.5459 2
    endloop
  endfacet
  facet normal -0.902582 0.430517 0
    outer loop
      vertex 38.1008 -21.5459 4
      vertex 37.9319 -21.9 2
      vertex 37.9319 -21.9 4
    endloop
  endfacet
  facet normal 0.902582 -0.430517 0
    outer loop
      vertex 33.4329 -19.7541 4
      vertex 33.6018 -19.4 2
      vertex 33.6018 -19.4 4
    endloop
  endfacet
  facet normal 0.902582 -0.430517 0
    outer loop
      vertex 33.6018 -19.4 2
      vertex 33.4329 -19.7541 4
      vertex 33.4329 -19.7541 2
    endloop
  endfacet
  facet normal -0.430616 -0.902535 0
    outer loop
      vertex 36.6628 -18.316 2
      vertex 37.0168 -18.4849 4
      vertex 36.6628 -18.316 4
    endloop
  endfacet
  facet normal -0.430616 -0.902535 -0
    outer loop
      vertex 37.0168 -18.4849 4
      vertex 36.6628 -18.316 2
      vertex 37.0168 -18.4849 2
    endloop
  endfacet
  facet normal -0.942604 -0.333913 0
    outer loop
      vertex 38.1817 -20.003 2
      vertex 38.0507 -19.6332 4
      vertex 38.0507 -19.6332 2
    endloop
  endfacet
  facet normal -0.942604 -0.333913 0
    outer loop
      vertex 38.0507 -19.6332 4
      vertex 38.1817 -20.003 2
      vertex 38.1817 -20.003 4
    endloop
  endfacet
  facet normal 0.333687 -0.942684 0
    outer loop
      vertex 34.75 -18.3661 2
      vertex 35.1198 -18.2352 4
      vertex 34.75 -18.3661 4
    endloop
  endfacet
  facet normal 0.333687 -0.942684 0
    outer loop
      vertex 35.1198 -18.2352 4
      vertex 34.75 -18.3661 2
      vertex 35.1198 -18.2352 2
    endloop
  endfacet
  facet normal -0.130527 -0.991445 0
    outer loop
      vertex 35.8977 -18.1534 2
      vertex 36.2866 -18.2046 4
      vertex 35.8977 -18.1534 4
    endloop
  endfacet
  facet normal -0.130527 -0.991445 -0
    outer loop
      vertex 36.2866 -18.2046 4
      vertex 35.8977 -18.1534 2
      vertex 36.2866 -18.2046 2
    endloop
  endfacet
  facet normal -0.958824 0.284002 0
    outer loop
      vertex 38.1008 -21.5459 2
      vertex 38.2122 -21.1698 4
      vertex 38.2122 -21.1698 2
    endloop
  endfacet
  facet normal -0.958824 0.284002 0
    outer loop
      vertex 38.2122 -21.1698 4
      vertex 38.1008 -21.5459 2
      vertex 38.1008 -21.5459 4
    endloop
  endfacet
  facet normal -0.688388 -0.725343 0
    outer loop
      vertex 37.3401 -18.7071 2
      vertex 37.6247 -18.9772 4
      vertex 37.3401 -18.7071 4
    endloop
  endfacet
  facet normal -0.688388 -0.725343 -0
    outer loop
      vertex 37.6247 -18.9772 4
      vertex 37.3401 -18.7071 2
      vertex 37.6247 -18.9772 2
    endloop
  endfacet
  facet normal -0.56641 -0.824124 0
    outer loop
      vertex 37.0168 -18.4849 2
      vertex 37.3401 -18.7071 4
      vertex 37.0168 -18.4849 4
    endloop
  endfacet
  facet normal -0.56641 -0.824124 -0
    outer loop
      vertex 37.3401 -18.7071 4
      vertex 37.0168 -18.4849 2
      vertex 37.3401 -18.7071 2
    endloop
  endfacet
  facet normal -0.878829 -0.477137 0
    outer loop
      vertex 38.0507 -19.6332 2
      vertex 37.8635 -19.2884 4
      vertex 37.8635 -19.2884 2
    endloop
  endfacet
  facet normal -0.878829 -0.477137 0
    outer loop
      vertex 37.8635 -19.2884 4
      vertex 38.0507 -19.6332 2
      vertex 38.0507 -19.6332 4
    endloop
  endfacet
  facet normal 0.608651 -0.793438 0
    outer loop
      vertex 34.094 -18.7921 2
      vertex 34.4053 -18.5533 4
      vertex 34.094 -18.7921 4
    endloop
  endfacet
  facet normal 0.608651 -0.793438 0
    outer loop
      vertex 34.4053 -18.5533 4
      vertex 34.094 -18.7921 2
      vertex 34.4053 -18.5533 2
    endloop
  endfacet
  facet normal 0.477244 -0.878771 0
    outer loop
      vertex 34.4053 -18.5533 2
      vertex 34.75 -18.3661 4
      vertex 34.4053 -18.5533 4
    endloop
  endfacet
  facet normal 0.477244 -0.878771 0
    outer loop
      vertex 34.75 -18.3661 4
      vertex 34.4053 -18.5533 2
      vertex 34.75 -18.3661 2
    endloop
  endfacet
  facet normal 0.72547 -0.688254 0
    outer loop
      vertex 33.824 -19.0767 4
      vertex 34.094 -18.7921 2
      vertex 34.094 -18.7921 4
    endloop
  endfacet
  facet normal 0.72547 -0.688254 0
    outer loop
      vertex 34.094 -18.7921 2
      vertex 33.824 -19.0767 4
      vertex 33.824 -19.0767 2
    endloop
  endfacet
  facet normal 0.0262531 -0.999655 0
    outer loop
      vertex 35.5055 -18.1637 2
      vertex 35.8977 -18.1534 4
      vertex 35.5055 -18.1637 4
    endloop
  endfacet
  facet normal 0.0262531 -0.999655 0
    outer loop
      vertex 35.8977 -18.1534 4
      vertex 35.5055 -18.1637 2
      vertex 35.8977 -18.1534 2
    endloop
  endfacet
  facet normal -0.283932 -0.958844 0
    outer loop
      vertex 36.2866 -18.2046 2
      vertex 36.6628 -18.316 4
      vertex 36.2866 -18.2046 4
    endloop
  endfacet
  facet normal -0.283932 -0.958844 -0
    outer loop
      vertex 36.6628 -18.316 4
      vertex 36.2866 -18.2046 2
      vertex 36.6628 -18.316 2
    endloop
  endfacet
  facet normal -0.824124 0.56641 0
    outer loop
      vertex 37.7097 -22.2233 2
      vertex 37.9319 -21.9 4
      vertex 37.9319 -21.9 2
    endloop
  endfacet
  facet normal -0.824124 0.56641 0
    outer loop
      vertex 37.9319 -21.9 4
      vertex 37.7097 -22.2233 2
      vertex 37.7097 -22.2233 4
    endloop
  endfacet
  facet normal -0.477244 0.878771 0
    outer loop
      vertex 37.1284 -22.7467 2
      vertex 36.7837 -22.9339 4
      vertex 37.1284 -22.7467 4
    endloop
  endfacet
  facet normal -0.477244 0.878771 0
    outer loop
      vertex 36.7837 -22.9339 4
      vertex 37.1284 -22.7467 2
      vertex 36.7837 -22.9339 2
    endloop
  endfacet
  facet normal 0.56641 0.824124 -0
    outer loop
      vertex 34.5168 -22.8151 2
      vertex 34.1935 -22.5929 4
      vertex 34.5168 -22.8151 4
    endloop
  endfacet
  facet normal 0.56641 0.824124 0
    outer loop
      vertex 34.1935 -22.5929 4
      vertex 34.5168 -22.8151 2
      vertex 34.1935 -22.5929 2
    endloop
  endfacet
  facet normal 0.283932 0.958844 -0
    outer loop
      vertex 35.2471 -23.0954 2
      vertex 34.8709 -22.984 4
      vertex 35.2471 -23.0954 4
    endloop
  endfacet
  facet normal 0.283932 0.958844 0
    outer loop
      vertex 34.8709 -22.984 4
      vertex 35.2471 -23.0954 2
      vertex 34.8709 -22.984 2
    endloop
  endfacet
  facet normal -0.991449 0.130494 0
    outer loop
      vertex 38.2122 -21.1698 2
      vertex 38.2634 -20.7808 4
      vertex 38.2634 -20.7808 2
    endloop
  endfacet
  facet normal -0.991449 0.130494 0
    outer loop
      vertex 38.2634 -20.7808 4
      vertex 38.2122 -21.1698 2
      vertex 38.2122 -21.1698 4
    endloop
  endfacet
  facet normal -0.983248 -0.182272 0
    outer loop
      vertex 38.2532 -20.3887 2
      vertex 38.1817 -20.003 4
      vertex 38.1817 -20.003 2
    endloop
  endfacet
  facet normal -0.983248 -0.182272 0
    outer loop
      vertex 38.1817 -20.003 4
      vertex 38.2532 -20.3887 2
      vertex 38.2532 -20.3887 4
    endloop
  endfacet
  facet normal -0.999662 -0.026005 0
    outer loop
      vertex 38.2634 -20.7808 2
      vertex 38.2532 -20.3887 4
      vertex 38.2532 -20.3887 2
    endloop
  endfacet
  facet normal -0.999662 -0.026005 0
    outer loop
      vertex 38.2532 -20.3887 4
      vertex 38.2634 -20.7808 2
      vertex 38.2634 -20.7808 4
    endloop
  endfacet
  facet normal -0.793344 -0.608774 0
    outer loop
      vertex 37.8635 -19.2884 2
      vertex 37.6247 -18.9772 4
      vertex 37.6247 -18.9772 2
    endloop
  endfacet
  facet normal -0.793344 -0.608774 0
    outer loop
      vertex 37.6247 -18.9772 4
      vertex 37.8635 -19.2884 2
      vertex 37.8635 -19.2884 4
    endloop
  endfacet
  facet normal 0.824124 -0.56641 0
    outer loop
      vertex 33.6018 -19.4 4
      vertex 33.824 -19.0767 2
      vertex 33.824 -19.0767 4
    endloop
  endfacet
  facet normal 0.824124 -0.56641 0
    outer loop
      vertex 33.824 -19.0767 2
      vertex 33.6018 -19.4 4
      vertex 33.6018 -19.4 2
    endloop
  endfacet
  facet normal 0.182272 -0.983248 0
    outer loop
      vertex 35.1198 -18.2352 2
      vertex 35.5055 -18.1637 4
      vertex 35.1198 -18.2352 4
    endloop
  endfacet
  facet normal 0.182272 -0.983248 0
    outer loop
      vertex 35.5055 -18.1637 4
      vertex 35.1198 -18.2352 2
      vertex 35.5055 -18.1637 2
    endloop
  endfacet
  facet normal -0.0262531 0.999655 0
    outer loop
      vertex 36.0282 -23.1363 2
      vertex 35.636 -23.1466 4
      vertex 36.0282 -23.1363 4
    endloop
  endfacet
  facet normal -0.0262531 0.999655 0
    outer loop
      vertex 35.636 -23.1466 4
      vertex 36.0282 -23.1363 2
      vertex 35.636 -23.1466 2
    endloop
  endfacet
  facet normal 0.983248 0.182272 0
    outer loop
      vertex 33.352 -21.297 4
      vertex 33.2805 -20.9113 2
      vertex 33.2805 -20.9113 4
    endloop
  endfacet
  facet normal 0.983248 0.182272 0
    outer loop
      vertex 33.2805 -20.9113 2
      vertex 33.352 -21.297 4
      vertex 33.352 -21.297 2
    endloop
  endfacet
  facet normal 0 0 -1
    outer loop
      vertex 38.2122 -21.1698 4
      vertex 38.2532 -20.3887 4
      vertex 38.2634 -20.7808 4
    endloop
  endfacet
  facet normal 0 0 -1
    outer loop
      vertex 38.2122 -21.1698 4
      vertex 38.1817 -20.003 4
      vertex 38.2532 -20.3887 4
    endloop
  endfacet
  facet normal 0 0 -1
    outer loop
      vertex 38.1008 -21.5459 4
      vertex 38.1817 -20.003 4
      vertex 38.2122 -21.1698 4
    endloop
  endfacet
  facet normal 0 0 -1
    outer loop
      vertex 38.1008 -21.5459 4
      vertex 38.0507 -19.6332 4
      vertex 38.1817 -20.003 4
    endloop
  endfacet
  facet normal 0 0 -1
    outer loop
      vertex 37.9319 -21.9 4
      vertex 38.0507 -19.6332 4
      vertex 38.1008 -21.5459 4
    endloop
  endfacet
  facet normal 0 0 -1
    outer loop
      vertex 37.9319 -21.9 4
      vertex 37.8635 -19.2884 4
      vertex 38.0507 -19.6332 4
    endloop
  endfacet
  facet normal 0 0 -1
    outer loop
      vertex 37.7097 -22.2233 4
      vertex 37.8635 -19.2884 4
      vertex 37.9319 -21.9 4
    endloop
  endfacet
  facet normal 0 0 -1
    outer loop
      vertex 37.7097 -22.2233 4
      vertex 37.6247 -18.9772 4
      vertex 37.8635 -19.2884 4
    endloop
  endfacet
  facet normal 0 0 -1
    outer loop
      vertex 37.4397 -22.5079 4
      vertex 37.6247 -18.9772 4
      vertex 37.7097 -22.2233 4
    endloop
  endfacet
  facet normal 0 0 -1
    outer loop
      vertex 37.4397 -22.5079 4
      vertex 37.3401 -18.7071 4
      vertex 37.6247 -18.9772 4
    endloop
  endfacet
  facet normal 0 0 -1
    outer loop
      vertex 37.1284 -22.7467 4
      vertex 37.3401 -18.7071 4
      vertex 37.4397 -22.5079 4
    endloop
  endfacet
  facet normal 0 0 -1
    outer loop
      vertex 37.1284 -22.7467 4
      vertex 37.0168 -18.4849 4
      vertex 37.3401 -18.7071 4
    endloop
  endfacet
  facet normal 0 0 -1
    outer loop
      vertex 36.7837 -22.9339 4
      vertex 37.0168 -18.4849 4
      vertex 37.1284 -22.7467 4
    endloop
  endfacet
  facet normal 0 0 -1
    outer loop
      vertex 36.7837 -22.9339 4
      vertex 36.6628 -18.316 4
      vertex 37.0168 -18.4849 4
    endloop
  endfacet
  facet normal 0 0 -1
    outer loop
      vertex 36.4139 -23.0648 4
      vertex 36.6628 -18.316 4
      vertex 36.7837 -22.9339 4
    endloop
  endfacet
  facet normal 0 0 -1
    outer loop
      vertex 36.4139 -23.0648 4
      vertex 36.2866 -18.2046 4
      vertex 36.6628 -18.316 4
    endloop
  endfacet
  facet normal 0 0 -1
    outer loop
      vertex 36.0282 -23.1363 4
      vertex 36.2866 -18.2046 4
      vertex 36.4139 -23.0648 4
    endloop
  endfacet
  facet normal 0 0 -1
    outer loop
      vertex 36.0282 -23.1363 4
      vertex 35.8977 -18.1534 4
      vertex 36.2866 -18.2046 4
    endloop
  endfacet
  facet normal 0 0 -1
    outer loop
      vertex 35.636 -23.1466 4
      vertex 35.8977 -18.1534 4
      vertex 36.0282 -23.1363 4
    endloop
  endfacet
  facet normal 0 0 -1
    outer loop
      vertex 35.636 -23.1466 4
      vertex 35.5055 -18.1637 4
      vertex 35.8977 -18.1534 4
    endloop
  endfacet
  facet normal 0 0 -1
    outer loop
      vertex 35.2471 -23.0954 4
      vertex 35.5055 -18.1637 4
      vertex 35.636 -23.1466 4
    endloop
  endfacet
  facet normal 0 0 -1
    outer loop
      vertex 35.2471 -23.0954 4
      vertex 35.1198 -18.2352 4
      vertex 35.5055 -18.1637 4
    endloop
  endfacet
  facet normal 0 0 -1
    outer loop
      vertex 34.8709 -22.984 4
      vertex 35.1198 -18.2352 4
      vertex 35.2471 -23.0954 4
    endloop
  endfacet
  facet normal 0 0 -1
    outer loop
      vertex 34.8709 -22.984 4
      vertex 34.75 -18.3661 4
      vertex 35.1198 -18.2352 4
    endloop
  endfacet
  facet normal 0 0 -1
    outer loop
      vertex 34.5168 -22.8151 4
      vertex 34.75 -18.3661 4
      vertex 34.8709 -22.984 4
    endloop
  endfacet
  facet normal 0 0 -1
    outer loop
      vertex 34.5168 -22.8151 4
      vertex 34.4053 -18.5533 4
      vertex 34.75 -18.3661 4
    endloop
  endfacet
  facet normal 0 0 -1
    outer loop
      vertex 34.1935 -22.5929 4
      vertex 34.4053 -18.5533 4
      vertex 34.5168 -22.8151 4
    endloop
  endfacet
  facet normal 0 0 -1
    outer loop
      vertex 34.1935 -22.5929 4
      vertex 34.094 -18.7921 4
      vertex 34.4053 -18.5533 4
    endloop
  endfacet
  facet normal 0 0 -1
    outer loop
      vertex 33.909 -22.3228 4
      vertex 34.094 -18.7921 4
      vertex 34.1935 -22.5929 4
    endloop
  endfacet
  facet normal 0 0 -1
    outer loop
      vertex 33.909 -22.3228 4
      vertex 33.824 -19.0767 4
      vertex 34.094 -18.7921 4
    endloop
  endfacet
  facet normal 0 0 -1
    outer loop
      vertex 33.6702 -22.0116 4
      vertex 33.824 -19.0767 4
      vertex 33.909 -22.3228 4
    endloop
  endfacet
  facet normal 0 0 -1
    outer loop
      vertex 33.6702 -22.0116 4
      vertex 33.6018 -19.4 4
      vertex 33.824 -19.0767 4
    endloop
  endfacet
  facet normal 0 0 -1
    outer loop
      vertex 33.483 -21.6668 4
      vertex 33.6018 -19.4 4
      vertex 33.6702 -22.0116 4
    endloop
  endfacet
  facet normal 0 0 -1
    outer loop
      vertex 33.483 -21.6668 4
      vertex 33.4329 -19.7541 4
      vertex 33.6018 -19.4 4
    endloop
  endfacet
  facet normal 0 0 -1
    outer loop
      vertex 33.352 -21.297 4
      vertex 33.4329 -19.7541 4
      vertex 33.483 -21.6668 4
    endloop
  endfacet
  facet normal 0 0 -1
    outer loop
      vertex 33.352 -21.297 4
      vertex 33.3215 -20.1302 4
      vertex 33.4329 -19.7541 4
    endloop
  endfacet
  facet normal 0 0 -1
    outer loop
      vertex 33.2805 -20.9113 4
      vertex 33.3215 -20.1302 4
      vertex 33.352 -21.297 4
    endloop
  endfacet
  facet normal 0 0 -1
    outer loop
      vertex 33.3215 -20.1302 4
      vertex 33.2805 -20.9113 4
      vertex 33.2703 -20.5192 4
    endloop
  endfacet
  facet normal 0.999662 0.026005 0
    outer loop
      vertex 33.2805 -20.9113 4
      vertex 33.2703 -20.5192 2
      vertex 33.2703 -20.5192 4
    endloop
  endfacet
  facet normal 0.999662 0.026005 0
    outer loop
      vertex 33.2703 -20.5192 2
      vertex 33.2805 -20.9113 4
      vertex 33.2805 -20.9113 2
    endloop
  endfacet
  facet normal 0.130527 0.991445 -0
    outer loop
      vertex 35.636 -23.1466 2
      vertex 35.2471 -23.0954 4
      vertex 35.636 -23.1466 4
    endloop
  endfacet
  facet normal 0.130527 0.991445 0
    outer loop
      vertex 35.2471 -23.0954 4
      vertex 35.636 -23.1466 2
      vertex 35.2471 -23.0954 2
    endloop
  endfacet
  facet normal -0.72547 0.688254 0
    outer loop
      vertex 37.4397 -22.5079 2
      vertex 37.7097 -22.2233 4
      vertex 37.7097 -22.2233 2
    endloop
  endfacet
  facet normal -0.72547 0.688254 0
    outer loop
      vertex 37.7097 -22.2233 4
      vertex 37.4397 -22.5079 2
      vertex 37.4397 -22.5079 4
    endloop
  endfacet
  facet normal -0.608651 0.793438 0
    outer loop
      vertex 37.4397 -22.5079 2
      vertex 37.1284 -22.7467 4
      vertex 37.4397 -22.5079 4
    endloop
  endfacet
  facet normal -0.608651 0.793438 0
    outer loop
      vertex 37.1284 -22.7467 4
      vertex 37.4397 -22.5079 2
      vertex 37.1284 -22.7467 2
    endloop
  endfacet
  facet normal 0.430517 0.902582 -0
    outer loop
      vertex 34.8709 -22.984 2
      vertex 34.5168 -22.8151 4
      vertex 34.8709 -22.984 4
    endloop
  endfacet
  facet normal 0.430517 0.902582 0
    outer loop
      vertex 34.5168 -22.8151 4
      vertex 34.8709 -22.984 2
      vertex 34.5168 -22.8151 2
    endloop
  endfacet
  facet normal 0.688515 0.725222 -0
    outer loop
      vertex 34.1935 -22.5929 2
      vertex 33.909 -22.3228 4
      vertex 34.1935 -22.5929 4
    endloop
  endfacet
  facet normal 0.688515 0.725222 0
    outer loop
      vertex 33.909 -22.3228 4
      vertex 34.1935 -22.5929 2
      vertex 33.909 -22.3228 2
    endloop
  endfacet
  facet normal 0.942604 0.333913 0
    outer loop
      vertex 33.483 -21.6668 4
      vertex 33.352 -21.297 2
      vertex 33.352 -21.297 4
    endloop
  endfacet
  facet normal 0.942604 0.333913 0
    outer loop
      vertex 33.352 -21.297 2
      vertex 33.483 -21.6668 4
      vertex 33.483 -21.6668 2
    endloop
  endfacet
  facet normal 0.991449 -0.130494 0
    outer loop
      vertex 33.2703 -20.5192 4
      vertex 33.3215 -20.1302 2
      vertex 33.3215 -20.1302 4
    endloop
  endfacet
  facet normal 0.991449 -0.130494 0
    outer loop
      vertex 33.3215 -20.1302 2
      vertex 33.2703 -20.5192 4
      vertex 33.2703 -20.5192 2
    endloop
  endfacet
  facet normal 0.958824 -0.284002 0
    outer loop
      vertex 33.3215 -20.1302 4
      vertex 33.4329 -19.7541 2
      vertex 33.4329 -19.7541 4
    endloop
  endfacet
  facet normal 0.958824 -0.284002 0
    outer loop
      vertex 33.4329 -19.7541 2
      vertex 33.3215 -20.1302 4
      vertex 33.3215 -20.1302 2
    endloop
  endfacet
  facet normal -0.182272 0.983248 0
    outer loop
      vertex 36.4139 -23.0648 2
      vertex 36.0282 -23.1363 4
      vertex 36.4139 -23.0648 4
    endloop
  endfacet
  facet normal -0.182272 0.983248 0
    outer loop
      vertex 36.0282 -23.1363 4
      vertex 36.4139 -23.0648 2
      vertex 36.0282 -23.1363 2
    endloop
  endfacet
  facet normal 0.878829 0.477137 0
    outer loop
      vertex 33.6702 -22.0116 4
      vertex 33.483 -21.6668 2
      vertex 33.483 -21.6668 4
    endloop
  endfacet
  facet normal 0.878829 0.477137 0
    outer loop
      vertex 33.483 -21.6668 2
      vertex 33.6702 -22.0116 4
      vertex 33.6702 -22.0116 2
    endloop
  endfacet
  facet normal -0.333687 0.942684 0
    outer loop
      vertex 36.7837 -22.9339 2
      vertex 36.4139 -23.0648 4
      vertex 36.7837 -22.9339 4
    endloop
  endfacet
  facet normal -0.333687 0.942684 0
    outer loop
      vertex 36.4139 -23.0648 4
      vertex 36.7837 -22.9339 2
      vertex 36.4139 -23.0648 2
    endloop
  endfacet
  facet normal 0.793344 0.608774 0
    outer loop
      vertex 33.909 -22.3228 4
      vertex 33.6702 -22.0116 2
      vertex 33.6702 -22.0116 4
    endloop
  endfacet
  facet normal 0.793344 0.608774 0
    outer loop
      vertex 33.6702 -22.0116 2
      vertex 33.909 -22.3228 4
      vertex 33.909 -22.3228 2
    endloop
  endfacet
  facet normal -0.999569 -0.0293456 0
    outer loop
      vertex 6.75 0 30
      vertex 6.73837 0.396141 41
      vertex 6.73837 0.396141 30
    endloop
  endfacet
  facet normal -0.999569 -0.0293456 0
    outer loop
      vertex 6.73837 0.396141 41
      vertex 6.75 0 30
      vertex 6.75 0 41
    endloop
  endfacet
  facet normal 1 -0 0
    outer loop
      vertex -6.74709 -0.198155 41
      vertex -6.74709 0.198155 30
      vertex -6.74709 0.198155 41
    endloop
  endfacet
  facet normal 1 0 0
    outer loop
      vertex -6.74709 0.198155 30
      vertex -6.74709 -0.198155 41
      vertex -6.74709 -0.198155 30
    endloop
  endfacet
  facet normal -0.0146854 -0.999892 0
    outer loop
      vertex -0.0990887 6.74927 30
      vertex 0.29718 6.74345 41
      vertex -0.0990887 6.74927 41
    endloop
  endfacet
  facet normal -0.0146854 -0.999892 -0
    outer loop
      vertex 0.29718 6.74345 41
      vertex -0.0990887 6.74927 30
      vertex 0.29718 6.74345 30
    endloop
  endfacet
  facet normal -0.0146854 0.999892 0
    outer loop
      vertex 0.29718 -6.74345 30
      vertex -0.0990887 -6.74927 41
      vertex 0.29718 -6.74345 41
    endloop
  endfacet
  facet normal -0.0146854 0.999892 0
    outer loop
      vertex -0.0990887 -6.74927 41
      vertex 0.29718 -6.74345 30
      vertex -0.0990887 -6.74927 30
    endloop
  endfacet
  facet normal -0.70189 -0.712286 0
    outer loop
      vertex 4.59462 4.94489 30
      vertex 4.87691 4.66672 41
      vertex 4.59462 4.94489 41
    endloop
  endfacet
  facet normal -0.70189 -0.712286 -0
    outer loop
      vertex 4.87691 4.66672 41
      vertex 4.59462 4.94489 30
      vertex 4.87691 4.66672 30
    endloop
  endfacet
  facet normal 0.722516 -0.691354 0
    outer loop
      vertex -5.0118 4.52154 41
      vertex -4.73781 4.80788 30
      vertex -4.73781 4.80788 41
    endloop
  endfacet
  facet normal 0.722516 -0.691354 0
    outer loop
      vertex -4.73781 4.80788 30
      vertex -5.0118 4.52154 41
      vertex -5.0118 4.52154 30
    endloop
  endfacet
  facet normal 0.386066 -0.922471 0
    outer loop
      vertex -2.78765 6.14748 30
      vertex -2.42207 6.30048 41
      vertex -2.78765 6.14748 41
    endloop
  endfacet
  facet normal 0.386066 -0.922471 0
    outer loop
      vertex -2.42207 6.30048 41
      vertex -2.78765 6.14748 30
      vertex -2.42207 6.30048 30
    endloop
  endfacet
  facet normal -0.904577 -0.426311 0
    outer loop
      vertex 6.18774 2.69711 30
      vertex 6.01879 3.0556 41
      vertex 6.01879 3.0556 30
    endloop
  endfacet
  facet normal -0.904577 -0.426311 0
    outer loop
      vertex 6.01879 3.0556 41
      vertex 6.18774 2.69711 30
      vertex 6.18774 2.69711 41
    endloop
  endfacet
  facet normal -0.41298 -0.91074 0
    outer loop
      vertex 2.60598 6.22666 30
      vertex 2.96692 6.06299 41
      vertex 2.60598 6.22666 41
    endloop
  endfacet
  facet normal -0.41298 -0.91074 -0
    outer loop
      vertex 2.96692 6.06299 41
      vertex 2.60598 6.22666 30
      vertex 2.96692 6.06299 30
    endloop
  endfacet
  facet normal -0.566211 -0.824261 0
    outer loop
      vertex 3.6569 5.67359 30
      vertex 3.98357 5.44919 41
      vertex 3.6569 5.67359 41
    endloop
  endfacet
  facet normal -0.566211 -0.824261 -0
    outer loop
      vertex 3.98357 5.44919 41
      vertex 3.6569 5.67359 30
      vertex 3.98357 5.44919 30
    endloop
  endfacet
  facet normal 0.86357 -0.504229 0
    outer loop
      vertex -5.92649 3.23098 41
      vertex -5.72666 3.57322 30
      vertex -5.72666 3.57322 41
    endloop
  endfacet
  facet normal 0.86357 -0.504229 0
    outer loop
      vertex -5.72666 3.57322 30
      vertex -5.92649 3.23098 41
      vertex -5.92649 3.23098 30
    endloop
  endfacet
  facet normal 0.832477 -0.55406 0
    outer loop
      vertex -5.72666 3.57322 41
      vertex -5.50708 3.90314 30
      vertex -5.50708 3.90314 41
    endloop
  endfacet
  facet normal 0.832477 -0.55406 0
    outer loop
      vertex -5.50708 3.90314 30
      vertex -5.72666 3.57322 41
      vertex -5.72666 3.57322 30
    endloop
  endfacet
  facet normal -0.989244 -0.146272 0
    outer loop
      vertex 6.7035 0.790916 30
      vertex 6.64553 1.18297 41
      vertex 6.64553 1.18297 30
    endloop
  endfacet
  facet normal -0.989244 -0.146272 0
    outer loop
      vertex 6.64553 1.18297 41
      vertex 6.7035 0.790916 30
      vertex 6.7035 0.790916 41
    endloop
  endfacet
  facet normal -0.996122 -0.0879862 0
    outer loop
      vertex 6.73837 0.396141 30
      vertex 6.7035 0.790916 41
      vertex 6.7035 0.790916 30
    endloop
  endfacet
  facet normal -0.996122 -0.0879862 0
    outer loop
      vertex 6.7035 0.790916 41
      vertex 6.73837 0.396141 30
      vertex 6.73837 0.396141 41
    endloop
  endfacet
  facet normal -0.189697 -0.981843 0
    outer loop
      vertex 1.08528 6.66218 30
      vertex 1.4744 6.587 41
      vertex 1.08528 6.66218 41
    endloop
  endfacet
  facet normal -0.189697 -0.981843 -0
    outer loop
      vertex 1.4744 6.587 41
      vertex 1.08528 6.66218 30
      vertex 1.4744 6.587 30
    endloop
  endfacet
  facet normal -0.131741 -0.991284 0
    outer loop
      vertex 0.692426 6.71439 30
      vertex 1.08528 6.66218 41
      vertex 0.692426 6.71439 41
    endloop
  endfacet
  facet normal -0.131741 -0.991284 -0
    outer loop
      vertex 1.08528 6.66218 41
      vertex 0.692426 6.71439 30
      vertex 1.08528 6.66218 30
    endloop
  endfacet
  facet normal -0.61361 -0.789609 0
    outer loop
      vertex 3.98357 5.44919 30
      vertex 4.2965 5.20601 41
      vertex 3.98357 5.44919 41
    endloop
  endfacet
  facet normal -0.61361 -0.789609 -0
    outer loop
      vertex 4.2965 5.20601 41
      vertex 3.98357 5.44919 30
      vertex 4.2965 5.20601 30
    endloop
  endfacet
  facet normal 0.972544 -0.232721 0
    outer loop
      vertex -6.60794 1.37755 41
      vertex -6.51571 1.76298 30
      vertex -6.51571 1.76298 41
    endloop
  endfacet
  facet normal 0.972544 -0.232721 0
    outer loop
      vertex -6.51571 1.76298 30
      vertex -6.60794 1.37755 41
      vertex -6.60794 1.37755 30
    endloop
  endfacet
  facet normal 0.798535 -0.601948 0
    outer loop
      vertex -5.50708 3.90314 41
      vertex -5.26852 4.21961 30
      vertex -5.26852 4.21961 41
    endloop
  endfacet
  facet normal 0.798535 -0.601948 0
    outer loop
      vertex -5.26852 4.21961 30
      vertex -5.50708 3.90314 41
      vertex -5.50708 3.90314 30
    endloop
  endfacet
  facet normal 0.916697 -0.399582 0
    outer loop
      vertex -6.26425 2.5143 41
      vertex -6.10589 2.8776 30
      vertex -6.10589 2.8776 41
    endloop
  endfacet
  facet normal 0.916697 -0.399582 0
    outer loop
      vertex -6.10589 2.8776 30
      vertex -6.26425 2.5143 41
      vertex -6.26425 2.5143 30
    endloop
  endfacet
  facet normal 0.891675 -0.452676 0
    outer loop
      vertex -6.10589 2.8776 41
      vertex -5.92649 3.23098 30
      vertex -5.92649 3.23098 41
    endloop
  endfacet
  facet normal 0.891675 -0.452676 0
    outer loop
      vertex -5.92649 3.23098 30
      vertex -6.10589 2.8776 41
      vertex -6.10589 2.8776 30
    endloop
  endfacet
  facet normal 0.957202 -0.289419 0
    outer loop
      vertex -6.51571 1.76298 41
      vertex -6.40101 2.14233 30
      vertex -6.40101 2.14233 41
    endloop
  endfacet
  facet normal 0.957202 -0.289419 0
    outer loop
      vertex -6.40101 2.14233 30
      vertex -6.51571 1.76298 41
      vertex -6.51571 1.76298 30
    endloop
  endfacet
  facet normal 0.993111 -0.11718 0
    outer loop
      vertex -6.72383 0.593784 41
      vertex -6.67739 0.987367 30
      vertex -6.67739 0.987367 41
    endloop
  endfacet
  facet normal 0.993111 -0.11718 0
    outer loop
      vertex -6.67739 0.987367 30
      vertex -6.72383 0.593784 41
      vertex -6.72383 0.593784 30
    endloop
  endfacet
  facet normal 0.491504 -0.870875 0
    outer loop
      vertex -3.48877 5.77849 30
      vertex -3.14363 5.97328 41
      vertex -3.48877 5.77849 41
    endloop
  endfacet
  facet normal 0.491504 -0.870875 0
    outer loop
      vertex -3.14363 5.97328 41
      vertex -3.48877 5.77849 30
      vertex -3.14363 5.97328 30
    endloop
  endfacet
  facet normal 0.331274 -0.943535 0
    outer loop
      vertex -2.42207 6.30048 30
      vertex -2.04813 6.43177 41
      vertex -2.42207 6.30048 41
    endloop
  endfacet
  facet normal 0.331274 -0.943535 0
    outer loop
      vertex -2.04813 6.43177 41
      vertex -2.42207 6.30048 30
      vertex -2.04813 6.43177 30
    endloop
  endfacet
  facet normal 0.102571 -0.994726 0
    outer loop
      vertex -0.889237 6.69117 30
      vertex -0.495016 6.73182 41
      vertex -0.889237 6.69117 41
    endloop
  endfacet
  facet normal 0.102571 -0.994726 0
    outer loop
      vertex -0.495016 6.73182 41
      vertex -0.889237 6.69117 30
      vertex -0.495016 6.73182 30
    endloop
  endfacet
  facet normal -0.965288 0.261187 0
    outer loop
      vertex 6.46114 -1.95349 30
      vertex 6.56465 -1.57094 41
      vertex 6.56465 -1.57094 30
    endloop
  endfacet
  facet normal -0.965288 0.261187 0
    outer loop
      vertex 6.56465 -1.57094 41
      vertex 6.46114 -1.95349 30
      vertex 6.46114 -1.95349 41
    endloop
  endfacet
  facet normal -0.70189 0.712286 0
    outer loop
      vertex 4.87691 -4.66672 30
      vertex 4.59462 -4.94489 41
      vertex 4.87691 -4.66672 41
    endloop
  endfacet
  facet normal -0.70189 0.712286 0
    outer loop
      vertex 4.59462 -4.94489 41
      vertex 4.87691 -4.66672 30
      vertex 4.59462 -4.94489 30
    endloop
  endfacet
  facet normal -0.815873 0.578232 0
    outer loop
      vertex 5.39013 -4.06313 30
      vertex 5.61929 -3.73979 41
      vertex 5.61929 -3.73979 30
    endloop
  endfacet
  facet normal -0.815873 0.578232 0
    outer loop
      vertex 5.61929 -3.73979 41
      vertex 5.39013 -4.06313 30
      vertex 5.39013 -4.06313 41
    endloop
  endfacet
  facet normal -0.358832 0.933402 0
    outer loop
      vertex 2.60598 -6.22666 30
      vertex 2.23606 -6.36887 41
      vertex 2.60598 -6.22666 41
    endloop
  endfacet
  facet normal -0.358832 0.933402 0
    outer loop
      vertex 2.23606 -6.36887 41
      vertex 2.60598 -6.22666 30
      vertex 2.23606 -6.36887 30
    endloop
  endfacet
  facet normal -0.978954 -0.204082 0
    outer loop
      vertex 6.64553 1.18297 30
      vertex 6.56465 1.57094 41
      vertex 6.56465 1.57094 30
    endloop
  endfacet
  facet normal -0.978954 -0.204082 0
    outer loop
      vertex 6.56465 1.57094 41
      vertex 6.64553 1.18297 30
      vertex 6.64553 1.18297 41
    endloop
  endfacet
  facet normal -0.965288 -0.261187 0
    outer loop
      vertex 6.56465 1.57094 30
      vertex 6.46114 1.95349 41
      vertex 6.46114 1.95349 30
    endloop
  endfacet
  facet normal -0.965288 -0.261187 0
    outer loop
      vertex 6.46114 1.95349 41
      vertex 6.56465 1.57094 30
      vertex 6.56465 1.57094 41
    endloop
  endfacet
  facet normal -0.948302 -0.317371 0
    outer loop
      vertex 6.46114 1.95349 30
      vertex 6.33536 2.32932 41
      vertex 6.33536 2.32932 30
    endloop
  endfacet
  facet normal -0.948302 -0.317371 0
    outer loop
      vertex 6.33536 2.32932 41
      vertex 6.46114 1.95349 30
      vertex 6.46114 1.95349 41
    endloop
  endfacet
  facet normal -0.742496 -0.669851 0
    outer loop
      vertex 5.14238 4.37246 30
      vertex 4.87691 4.66672 41
      vertex 4.87691 4.66672 30
    endloop
  endfacet
  facet normal -0.742496 -0.669851 0
    outer loop
      vertex 4.87691 4.66672 41
      vertex 5.14238 4.37246 30
      vertex 5.14238 4.37246 41
    endloop
  endfacet
  facet normal -0.815873 -0.578232 0
    outer loop
      vertex 5.61929 3.73979 30
      vertex 5.39013 4.06313 41
      vertex 5.39013 4.06313 30
    endloop
  endfacet
  facet normal -0.815873 -0.578232 0
    outer loop
      vertex 5.39013 4.06313 41
      vertex 5.61929 3.73979 30
      vertex 5.61929 3.73979 41
    endloop
  endfacet
  facet normal -0.877998 -0.478665 0
    outer loop
      vertex 6.01879 3.0556 30
      vertex 5.82909 3.40356 41
      vertex 5.82909 3.40356 30
    endloop
  endfacet
  facet normal -0.877998 -0.478665 0
    outer loop
      vertex 5.82909 3.40356 41
      vertex 6.01879 3.0556 30
      vertex 6.01879 3.0556 41
    endloop
  endfacet
  facet normal -0.303421 -0.952856 0
    outer loop
      vertex 1.85843 6.48912 30
      vertex 2.23606 6.36887 41
      vertex 1.85843 6.48912 41
    endloop
  endfacet
  facet normal -0.303421 -0.952856 -0
    outer loop
      vertex 2.23606 6.36887 41
      vertex 1.85843 6.48912 30
      vertex 2.23606 6.36887 30
    endloop
  endfacet
  facet normal -0.24698 -0.969021 0
    outer loop
      vertex 1.4744 6.587 30
      vertex 1.85843 6.48912 41
      vertex 1.4744 6.587 41
    endloop
  endfacet
  facet normal -0.24698 -0.969021 -0
    outer loop
      vertex 1.85843 6.48912 41
      vertex 1.4744 6.587 30
      vertex 1.85843 6.48912 30
    endloop
  endfacet
  facet normal -0.0733259 -0.997308 0
    outer loop
      vertex 0.29718 6.74345 30
      vertex 0.692426 6.71439 41
      vertex 0.29718 6.74345 41
    endloop
  endfacet
  facet normal -0.0733259 -0.997308 -0
    outer loop
      vertex 0.692426 6.71439 41
      vertex 0.29718 6.74345 30
      vertex 0.692426 6.71439 30
    endloop
  endfacet
  facet normal -0.516846 -0.856078 0
    outer loop
      vertex 3.31763 5.87842 30
      vertex 3.6569 5.67359 41
      vertex 3.31763 5.87842 41
    endloop
  endfacet
  facet normal -0.516846 -0.856078 -0
    outer loop
      vertex 3.6569 5.67359 41
      vertex 3.31763 5.87842 30
      vertex 3.6569 5.67359 30
    endloop
  endfacet
  facet normal -0.465718 -0.884933 0
    outer loop
      vertex 2.96692 6.06299 30
      vertex 3.31763 5.87842 41
      vertex 2.96692 6.06299 41
    endloop
  endfacet
  facet normal -0.465718 -0.884933 -0
    outer loop
      vertex 3.31763 5.87842 41
      vertex 2.96692 6.06299 30
      vertex 3.31763 5.87842 30
    endloop
  endfacet
  facet normal -0.658883 -0.752245 0
    outer loop
      vertex 4.2965 5.20601 30
      vertex 4.59462 4.94489 41
      vertex 4.2965 5.20601 41
    endloop
  endfacet
  facet normal -0.658883 -0.752245 -0
    outer loop
      vertex 4.59462 4.94489 41
      vertex 4.2965 5.20601 30
      vertex 4.59462 4.94489 30
    endloop
  endfacet
  facet normal 0.76184 -0.647765 0
    outer loop
      vertex -5.26852 4.21961 41
      vertex -5.0118 4.52154 30
      vertex -5.0118 4.52154 41
    endloop
  endfacet
  facet normal 0.76184 -0.647765 0
    outer loop
      vertex -5.0118 4.52154 30
      vertex -5.26852 4.21961 41
      vertex -5.26852 4.21961 30
    endloop
  endfacet
  facet normal 0.938573 -0.34508 0
    outer loop
      vertex -6.40101 2.14233 41
      vertex -6.26425 2.5143 30
      vertex -6.26425 2.5143 41
    endloop
  endfacet
  facet normal 0.938573 -0.34508 0
    outer loop
      vertex -6.26425 2.5143 30
      vertex -6.40101 2.14233 41
      vertex -6.40101 2.14233 30
    endloop
  endfacet
  facet normal 0.984526 -0.175239 0
    outer loop
      vertex -6.67739 0.987367 41
      vertex -6.60794 1.37755 30
      vertex -6.60794 1.37755 41
    endloop
  endfacet
  facet normal 0.984526 -0.175239 0
    outer loop
      vertex -6.60794 1.37755 30
      vertex -6.67739 0.987367 41
      vertex -6.67739 0.987367 30
    endloop
  endfacet
  facet normal 0.998276 -0.0586911 0
    outer loop
      vertex -6.74709 0.198155 41
      vertex -6.72383 0.593784 30
      vertex -6.72383 0.593784 41
    endloop
  endfacet
  facet normal 0.998276 -0.0586911 0
    outer loop
      vertex -6.72383 0.593784 30
      vertex -6.74709 0.198155 41
      vertex -6.74709 0.198155 30
    endloop
  endfacet
  facet normal 0.590161 -0.807286 0
    outer loop
      vertex -4.14182 5.3299 30
      vertex -3.82188 5.56379 41
      vertex -4.14182 5.3299 41
    endloop
  endfacet
  facet normal 0.590161 -0.807286 0
    outer loop
      vertex -3.82188 5.56379 41
      vertex -4.14182 5.3299 30
      vertex -3.82188 5.56379 30
    endloop
  endfacet
  facet normal 0.439547 -0.89822 0
    outer loop
      vertex -3.14363 5.97328 30
      vertex -2.78765 6.14748 41
      vertex -3.14363 5.97328 41
    endloop
  endfacet
  facet normal 0.439547 -0.89822 0
    outer loop
      vertex -2.78765 6.14748 41
      vertex -3.14363 5.97328 30
      vertex -2.78765 6.14748 30
    endloop
  endfacet
  facet normal 0.541753 -0.840538 0
    outer loop
      vertex -3.82188 5.56379 30
      vertex -3.48877 5.77849 41
      vertex -3.82188 5.56379 41
    endloop
  endfacet
  facet normal 0.541753 -0.840538 0
    outer loop
      vertex -3.48877 5.77849 41
      vertex -3.82188 5.56379 30
      vertex -3.48877 5.77849 30
    endloop
  endfacet
  facet normal 0.636519 -0.771261 0
    outer loop
      vertex -4.44748 5.07764 30
      vertex -4.14182 5.3299 41
      vertex -4.44748 5.07764 41
    endloop
  endfacet
  facet normal 0.636519 -0.771261 0
    outer loop
      vertex -4.14182 5.3299 41
      vertex -4.44748 5.07764 30
      vertex -4.14182 5.3299 30
    endloop
  endfacet
  facet normal 0.218434 -0.975852 0
    outer loop
      vertex -1.66714 6.54088 30
      vertex -1.28039 6.62745 41
      vertex -1.66714 6.54088 41
    endloop
  endfacet
  facet normal 0.218434 -0.975852 0
    outer loop
      vertex -1.28039 6.62745 41
      vertex -1.66714 6.54088 30
      vertex -1.28039 6.62745 30
    endloop
  endfacet
  facet normal 0.044031 -0.99903 0
    outer loop
      vertex -0.495016 6.73182 30
      vertex -0.0990887 6.74927 41
      vertex -0.495016 6.73182 41
    endloop
  endfacet
  facet normal 0.044031 -0.99903 0
    outer loop
      vertex -0.0990887 6.74927 41
      vertex -0.495016 6.73182 30
      vertex -0.0990887 6.74927 30
    endloop
  endfacet
  facet normal -0.999569 0.0293456 0
    outer loop
      vertex 6.73837 -0.396141 30
      vertex 6.75 0 41
      vertex 6.75 0 30
    endloop
  endfacet
  facet normal -0.999569 0.0293456 0
    outer loop
      vertex 6.75 0 41
      vertex 6.73837 -0.396141 30
      vertex 6.73837 -0.396141 41
    endloop
  endfacet
  facet normal -0.877998 0.478665 0
    outer loop
      vertex 5.82909 -3.40356 30
      vertex 6.01879 -3.0556 41
      vertex 6.01879 -3.0556 30
    endloop
  endfacet
  facet normal -0.877998 0.478665 0
    outer loop
      vertex 6.01879 -3.0556 41
      vertex 5.82909 -3.40356 30
      vertex 5.82909 -3.40356 41
    endloop
  endfacet
  facet normal -0.948302 0.317371 0
    outer loop
      vertex 6.33536 -2.32932 30
      vertex 6.46114 -1.95349 41
      vertex 6.46114 -1.95349 30
    endloop
  endfacet
  facet normal -0.948302 0.317371 0
    outer loop
      vertex 6.46114 -1.95349 41
      vertex 6.33536 -2.32932 30
      vertex 6.33536 -2.32932 41
    endloop
  endfacet
  facet normal -0.996122 0.0879862 0
    outer loop
      vertex 6.7035 -0.790916 30
      vertex 6.73837 -0.396141 41
      vertex 6.73837 -0.396141 30
    endloop
  endfacet
  facet normal -0.996122 0.0879862 0
    outer loop
      vertex 6.73837 -0.396141 41
      vertex 6.7035 -0.790916 30
      vertex 6.7035 -0.790916 41
    endloop
  endfacet
  facet normal 0.722516 0.691354 0
    outer loop
      vertex -4.73781 -4.80788 41
      vertex -5.0118 -4.52154 30
      vertex -5.0118 -4.52154 41
    endloop
  endfacet
  facet normal 0.722516 0.691354 0
    outer loop
      vertex -5.0118 -4.52154 30
      vertex -4.73781 -4.80788 41
      vertex -4.73781 -4.80788 30
    endloop
  endfacet
  facet normal 0.972544 0.232721 0
    outer loop
      vertex -6.51571 -1.76298 41
      vertex -6.60794 -1.37755 30
      vertex -6.60794 -1.37755 41
    endloop
  endfacet
  facet normal 0.972544 0.232721 0
    outer loop
      vertex -6.60794 -1.37755 30
      vertex -6.51571 -1.76298 41
      vertex -6.51571 -1.76298 30
    endloop
  endfacet
  facet normal 0.998276 0.0586911 0
    outer loop
      vertex -6.72383 -0.593784 41
      vertex -6.74709 -0.198155 30
      vertex -6.74709 -0.198155 41
    endloop
  endfacet
  facet normal 0.998276 0.0586911 0
    outer loop
      vertex -6.74709 -0.198155 30
      vertex -6.72383 -0.593784 41
      vertex -6.72383 -0.593784 30
    endloop
  endfacet
  facet normal -0.303421 0.952856 0
    outer loop
      vertex 2.23606 -6.36887 30
      vertex 1.85843 -6.48912 41
      vertex 2.23606 -6.36887 41
    endloop
  endfacet
  facet normal -0.303421 0.952856 0
    outer loop
      vertex 1.85843 -6.48912 41
      vertex 2.23606 -6.36887 30
      vertex 1.85843 -6.48912 30
    endloop
  endfacet
  facet normal -0.928038 -0.372487 0
    outer loop
      vertex 6.33536 2.32932 30
      vertex 6.18774 2.69711 41
      vertex 6.18774 2.69711 30
    endloop
  endfacet
  facet normal -0.928038 -0.372487 0
    outer loop
      vertex 6.18774 2.69711 41
      vertex 6.33536 2.32932 30
      vertex 6.33536 2.32932 41
    endloop
  endfacet
  facet normal -0.780517 -0.625135 0
    outer loop
      vertex 5.39013 4.06313 30
      vertex 5.14238 4.37246 41
      vertex 5.14238 4.37246 30
    endloop
  endfacet
  facet normal -0.780517 -0.625135 0
    outer loop
      vertex 5.14238 4.37246 41
      vertex 5.39013 4.06313 30
      vertex 5.39013 4.06313 41
    endloop
  endfacet
  facet normal -0.848388 -0.529375 0
    outer loop
      vertex 5.82909 3.40356 30
      vertex 5.61929 3.73979 41
      vertex 5.61929 3.73979 30
    endloop
  endfacet
  facet normal -0.848388 -0.529375 0
    outer loop
      vertex 5.61929 3.73979 41
      vertex 5.82909 3.40356 30
      vertex 5.82909 3.40356 41
    endloop
  endfacet
  facet normal -0.358832 -0.933402 0
    outer loop
      vertex 2.23606 6.36887 30
      vertex 2.60598 6.22666 41
      vertex 2.23606 6.36887 41
    endloop
  endfacet
  facet normal -0.358832 -0.933402 -0
    outer loop
      vertex 2.60598 6.22666 41
      vertex 2.23606 6.36887 30
      vertex 2.60598 6.22666 30
    endloop
  endfacet
  facet normal 0.680679 -0.732582 0
    outer loop
      vertex -4.73781 4.80788 30
      vertex -4.44748 5.07764 41
      vertex -4.73781 4.80788 41
    endloop
  endfacet
  facet normal 0.680679 -0.732582 0
    outer loop
      vertex -4.44748 5.07764 41
      vertex -4.73781 4.80788 30
      vertex -4.44748 5.07764 30
    endloop
  endfacet
  facet normal 0.275318 -0.961353 0
    outer loop
      vertex -2.04813 6.43177 30
      vertex -1.66714 6.54088 41
      vertex -2.04813 6.43177 41
    endloop
  endfacet
  facet normal 0.275318 -0.961353 0
    outer loop
      vertex -1.66714 6.54088 41
      vertex -2.04813 6.43177 30
      vertex -1.66714 6.54088 30
    endloop
  endfacet
  facet normal 0.160784 -0.98699 0
    outer loop
      vertex -1.28039 6.62745 30
      vertex -0.889237 6.69117 41
      vertex -1.28039 6.62745 41
    endloop
  endfacet
  facet normal 0.160784 -0.98699 0
    outer loop
      vertex -0.889237 6.69117 41
      vertex -1.28039 6.62745 30
      vertex -0.889237 6.69117 30
    endloop
  endfacet
  facet normal -0.978954 0.204082 0
    outer loop
      vertex 6.56465 -1.57094 30
      vertex 6.64553 -1.18297 41
      vertex 6.64553 -1.18297 30
    endloop
  endfacet
  facet normal -0.978954 0.204082 0
    outer loop
      vertex 6.64553 -1.18297 41
      vertex 6.56465 -1.57094 30
      vertex 6.56465 -1.57094 41
    endloop
  endfacet
  facet normal -0.41298 0.91074 0
    outer loop
      vertex 2.96692 -6.06299 30
      vertex 2.60598 -6.22666 41
      vertex 2.96692 -6.06299 41
    endloop
  endfacet
  facet normal -0.41298 0.91074 0
    outer loop
      vertex 2.60598 -6.22666 41
      vertex 2.96692 -6.06299 30
      vertex 2.60598 -6.22666 30
    endloop
  endfacet
  facet normal -0.904577 0.426311 0
    outer loop
      vertex 6.01879 -3.0556 30
      vertex 6.18774 -2.69711 41
      vertex 6.18774 -2.69711 30
    endloop
  endfacet
  facet normal -0.904577 0.426311 0
    outer loop
      vertex 6.18774 -2.69711 41
      vertex 6.01879 -3.0556 30
      vertex 6.01879 -3.0556 41
    endloop
  endfacet
  facet normal -0.928038 0.372487 0
    outer loop
      vertex 6.18774 -2.69711 30
      vertex 6.33536 -2.32932 41
      vertex 6.33536 -2.32932 30
    endloop
  endfacet
  facet normal -0.928038 0.372487 0
    outer loop
      vertex 6.33536 -2.32932 41
      vertex 6.18774 -2.69711 30
      vertex 6.18774 -2.69711 41
    endloop
  endfacet
  facet normal 0.916697 0.399582 0
    outer loop
      vertex -6.10589 -2.8776 41
      vertex -6.26425 -2.5143 30
      vertex -6.26425 -2.5143 41
    endloop
  endfacet
  facet normal 0.916697 0.399582 0
    outer loop
      vertex -6.26425 -2.5143 30
      vertex -6.10589 -2.8776 41
      vertex -6.10589 -2.8776 30
    endloop
  endfacet
  facet normal 0 0 1
    outer loop
      vertex 6.73837 0.396141 30
      vertex 6.73837 -0.396141 30
      vertex 6.75 0 30
    endloop
  endfacet
  facet normal 0 0 1
    outer loop
      vertex 6.7035 0.790916 30
      vertex 6.73837 -0.396141 30
      vertex 6.73837 0.396141 30
    endloop
  endfacet
  facet normal 0 0 1
    outer loop
      vertex 6.7035 0.790916 30
      vertex 6.7035 -0.790916 30
      vertex 6.73837 -0.396141 30
    endloop
  endfacet
  facet normal 0 0 1
    outer loop
      vertex 6.64553 1.18297 30
      vertex 6.7035 -0.790916 30
      vertex 6.7035 0.790916 30
    endloop
  endfacet
  facet normal 0 0 1
    outer loop
      vertex 6.64553 1.18297 30
      vertex 6.64553 -1.18297 30
      vertex 6.7035 -0.790916 30
    endloop
  endfacet
  facet normal 0 0 1
    outer loop
      vertex 6.56465 1.57094 30
      vertex 6.64553 -1.18297 30
      vertex 6.64553 1.18297 30
    endloop
  endfacet
  facet normal 0 0 1
    outer loop
      vertex 6.56465 1.57094 30
      vertex 6.56465 -1.57094 30
      vertex 6.64553 -1.18297 30
    endloop
  endfacet
  facet normal 0 0 1
    outer loop
      vertex 6.46114 1.95349 30
      vertex 6.56465 -1.57094 30
      vertex 6.56465 1.57094 30
    endloop
  endfacet
  facet normal 0 0 1
    outer loop
      vertex 6.46114 1.95349 30
      vertex 6.46114 -1.95349 30
      vertex 6.56465 -1.57094 30
    endloop
  endfacet
  facet normal 0 0 1
    outer loop
      vertex 6.33536 2.32932 30
      vertex 6.46114 -1.95349 30
      vertex 6.46114 1.95349 30
    endloop
  endfacet
  facet normal 0 0 1
    outer loop
      vertex 6.33536 2.32932 30
      vertex 6.33536 -2.32932 30
      vertex 6.46114 -1.95349 30
    endloop
  endfacet
  facet normal 0 0 1
    outer loop
      vertex 6.18774 2.69711 30
      vertex 6.33536 -2.32932 30
      vertex 6.33536 2.32932 30
    endloop
  endfacet
  facet normal 0 0 1
    outer loop
      vertex 6.18774 2.69711 30
      vertex 6.18774 -2.69711 30
      vertex 6.33536 -2.32932 30
    endloop
  endfacet
  facet normal 0 0 1
    outer loop
      vertex 6.01879 3.0556 30
      vertex 6.18774 -2.69711 30
      vertex 6.18774 2.69711 30
    endloop
  endfacet
  facet normal 0 0 1
    outer loop
      vertex 6.01879 3.0556 30
      vertex 6.01879 -3.0556 30
      vertex 6.18774 -2.69711 30
    endloop
  endfacet
  facet normal 0 0 1
    outer loop
      vertex 5.82909 3.40356 30
      vertex 6.01879 -3.0556 30
      vertex 6.01879 3.0556 30
    endloop
  endfacet
  facet normal 0 0 1
    outer loop
      vertex 5.82909 3.40356 30
      vertex 5.82909 -3.40356 30
      vertex 6.01879 -3.0556 30
    endloop
  endfacet
  facet normal 0 0 1
    outer loop
      vertex 5.61929 3.73979 30
      vertex 5.82909 -3.40356 30
      vertex 5.82909 3.40356 30
    endloop
  endfacet
  facet normal 0 0 1
    outer loop
      vertex 5.61929 3.73979 30
      vertex 5.61929 -3.73979 30
      vertex 5.82909 -3.40356 30
    endloop
  endfacet
  facet normal 0 0 1
    outer loop
      vertex 5.39013 4.06313 30
      vertex 5.61929 -3.73979 30
      vertex 5.61929 3.73979 30
    endloop
  endfacet
  facet normal 0 0 1
    outer loop
      vertex 5.39013 4.06313 30
      vertex 5.39013 -4.06313 30
      vertex 5.61929 -3.73979 30
    endloop
  endfacet
  facet normal 0 0 1
    outer loop
      vertex 5.14238 4.37246 30
      vertex 5.39013 -4.06313 30
      vertex 5.39013 4.06313 30
    endloop
  endfacet
  facet normal 0 0 1
    outer loop
      vertex 5.14238 4.37246 30
      vertex 5.14238 -4.37246 30
      vertex 5.39013 -4.06313 30
    endloop
  endfacet
  facet normal 0 0 1
    outer loop
      vertex 4.87691 4.66672 30
      vertex 5.14238 -4.37246 30
      vertex 5.14238 4.37246 30
    endloop
  endfacet
  facet normal 0 0 1
    outer loop
      vertex 4.87691 4.66672 30
      vertex 4.87691 -4.66672 30
      vertex 5.14238 -4.37246 30
    endloop
  endfacet
  facet normal 0 0 1
    outer loop
      vertex 4.59462 4.94489 30
      vertex 4.87691 -4.66672 30
      vertex 4.87691 4.66672 30
    endloop
  endfacet
  facet normal 0 0 1
    outer loop
      vertex 4.59462 4.94489 30
      vertex 4.59462 -4.94489 30
      vertex 4.87691 -4.66672 30
    endloop
  endfacet
  facet normal 0 0 1
    outer loop
      vertex 4.2965 5.20601 30
      vertex 4.59462 -4.94489 30
      vertex 4.59462 4.94489 30
    endloop
  endfacet
  facet normal 0 0 1
    outer loop
      vertex 4.2965 5.20601 30
      vertex 4.2965 -5.20601 30
      vertex 4.59462 -4.94489 30
    endloop
  endfacet
  facet normal 0 0 1
    outer loop
      vertex 3.98357 5.44919 30
      vertex 4.2965 -5.20601 30
      vertex 4.2965 5.20601 30
    endloop
  endfacet
  facet normal 0 0 1
    outer loop
      vertex 3.98357 5.44919 30
      vertex 3.98357 -5.44919 30
      vertex 4.2965 -5.20601 30
    endloop
  endfacet
  facet normal 0 0 1
    outer loop
      vertex 3.6569 5.67359 30
      vertex 3.98357 -5.44919 30
      vertex 3.98357 5.44919 30
    endloop
  endfacet
  facet normal 0 0 1
    outer loop
      vertex 3.6569 5.67359 30
      vertex 3.6569 -5.67359 30
      vertex 3.98357 -5.44919 30
    endloop
  endfacet
  facet normal 0 0 1
    outer loop
      vertex 3.31763 5.87842 30
      vertex 3.6569 -5.67359 30
      vertex 3.6569 5.67359 30
    endloop
  endfacet
  facet normal 0 0 1
    outer loop
      vertex 3.31763 5.87842 30
      vertex 3.31763 -5.87842 30
      vertex 3.6569 -5.67359 30
    endloop
  endfacet
  facet normal 0 0 1
    outer loop
      vertex 2.96692 6.06299 30
      vertex 3.31763 -5.87842 30
      vertex 3.31763 5.87842 30
    endloop
  endfacet
  facet normal 0 0 1
    outer loop
      vertex 2.96692 6.06299 30
      vertex 2.96692 -6.06299 30
      vertex 3.31763 -5.87842 30
    endloop
  endfacet
  facet normal 0 0 1
    outer loop
      vertex 2.60598 6.22666 30
      vertex 2.96692 -6.06299 30
      vertex 2.96692 6.06299 30
    endloop
  endfacet
  facet normal 0 0 1
    outer loop
      vertex 2.60598 6.22666 30
      vertex 2.60598 -6.22666 30
      vertex 2.96692 -6.06299 30
    endloop
  endfacet
  facet normal 0 0 1
    outer loop
      vertex 2.23606 6.36887 30
      vertex 2.60598 -6.22666 30
      vertex 2.60598 6.22666 30
    endloop
  endfacet
  facet normal 0 0 1
    outer loop
      vertex 2.23606 6.36887 30
      vertex 2.23606 -6.36887 30
      vertex 2.60598 -6.22666 30
    endloop
  endfacet
  facet normal 0 0 1
    outer loop
      vertex 1.85843 6.48912 30
      vertex 2.23606 -6.36887 30
      vertex 2.23606 6.36887 30
    endloop
  endfacet
  facet normal 0 0 1
    outer loop
      vertex 1.85843 6.48912 30
      vertex 1.85843 -6.48912 30
      vertex 2.23606 -6.36887 30
    endloop
  endfacet
  facet normal 0 0 1
    outer loop
      vertex 1.4744 6.587 30
      vertex 1.85843 -6.48912 30
      vertex 1.85843 6.48912 30
    endloop
  endfacet
  facet normal 0 0 1
    outer loop
      vertex 1.4744 6.587 30
      vertex 1.4744 -6.587 30
      vertex 1.85843 -6.48912 30
    endloop
  endfacet
  facet normal 0 0 1
    outer loop
      vertex 1.08528 6.66218 30
      vertex 1.4744 -6.587 30
      vertex 1.4744 6.587 30
    endloop
  endfacet
  facet normal 0 0 1
    outer loop
      vertex 1.08528 6.66218 30
      vertex 1.08528 -6.66218 30
      vertex 1.4744 -6.587 30
    endloop
  endfacet
  facet normal 0 0 1
    outer loop
      vertex 0.692426 6.71439 30
      vertex 1.08528 -6.66218 30
      vertex 1.08528 6.66218 30
    endloop
  endfacet
  facet normal 0 0 1
    outer loop
      vertex 0.692426 6.71439 30
      vertex 0.692426 -6.71439 30
      vertex 1.08528 -6.66218 30
    endloop
  endfacet
  facet normal 0 0 1
    outer loop
      vertex 0.29718 6.74345 30
      vertex 0.692426 -6.71439 30
      vertex 0.692426 6.71439 30
    endloop
  endfacet
  facet normal 0 0 1
    outer loop
      vertex 0.29718 6.74345 30
      vertex 0.29718 -6.74345 30
      vertex 0.692426 -6.71439 30
    endloop
  endfacet
  facet normal 0 0 1
    outer loop
      vertex -0.0990887 6.74927 30
      vertex 0.29718 -6.74345 30
      vertex 0.29718 6.74345 30
    endloop
  endfacet
  facet normal 0 0 1
    outer loop
      vertex -0.0990887 6.74927 30
      vertex -0.0990887 -6.74927 30
      vertex 0.29718 -6.74345 30
    endloop
  endfacet
  facet normal -0 0 1
    outer loop
      vertex -0.495016 6.73182 30
      vertex -0.0990887 -6.74927 30
      vertex -0.0990887 6.74927 30
    endloop
  endfacet
  facet normal 0 0 1
    outer loop
      vertex -0.495016 6.73182 30
      vertex -0.495016 -6.73182 30
      vertex -0.0990887 -6.74927 30
    endloop
  endfacet
  facet normal -0 0 1
    outer loop
      vertex -0.889237 6.69117 30
      vertex -0.495016 -6.73182 30
      vertex -0.495016 6.73182 30
    endloop
  endfacet
  facet normal 0 0 1
    outer loop
      vertex -0.889237 6.69117 30
      vertex -0.889237 -6.69117 30
      vertex -0.495016 -6.73182 30
    endloop
  endfacet
  facet normal -0 0 1
    outer loop
      vertex -1.28039 6.62745 30
      vertex -0.889237 -6.69117 30
      vertex -0.889237 6.69117 30
    endloop
  endfacet
  facet normal 0 0 1
    outer loop
      vertex -1.28039 6.62745 30
      vertex -1.28039 -6.62745 30
      vertex -0.889237 -6.69117 30
    endloop
  endfacet
  facet normal -0 0 1
    outer loop
      vertex -1.66714 6.54088 30
      vertex -1.28039 -6.62745 30
      vertex -1.28039 6.62745 30
    endloop
  endfacet
  facet normal 0 0 1
    outer loop
      vertex -1.66714 6.54088 30
      vertex -1.66714 -6.54088 30
      vertex -1.28039 -6.62745 30
    endloop
  endfacet
  facet normal -0 0 1
    outer loop
      vertex -2.04813 6.43177 30
      vertex -1.66714 -6.54088 30
      vertex -1.66714 6.54088 30
    endloop
  endfacet
  facet normal 0 0 1
    outer loop
      vertex -2.04813 6.43177 30
      vertex -2.04813 -6.43177 30
      vertex -1.66714 -6.54088 30
    endloop
  endfacet
  facet normal -0 0 1
    outer loop
      vertex -2.42207 6.30048 30
      vertex -2.04813 -6.43177 30
      vertex -2.04813 6.43177 30
    endloop
  endfacet
  facet normal 0 0 1
    outer loop
      vertex -2.42207 6.30048 30
      vertex -2.42207 -6.30048 30
      vertex -2.04813 -6.43177 30
    endloop
  endfacet
  facet normal -0 0 1
    outer loop
      vertex -2.78765 6.14748 30
      vertex -2.42207 -6.30048 30
      vertex -2.42207 6.30048 30
    endloop
  endfacet
  facet normal 0 0 1
    outer loop
      vertex -2.78765 6.14748 30
      vertex -2.78765 -6.14748 30
      vertex -2.42207 -6.30048 30
    endloop
  endfacet
  facet normal -0 0 1
    outer loop
      vertex -3.14363 5.97328 30
      vertex -2.78765 -6.14748 30
      vertex -2.78765 6.14748 30
    endloop
  endfacet
  facet normal 0 0 1
    outer loop
      vertex -3.14363 5.97328 30
      vertex -3.14363 -5.97328 30
      vertex -2.78765 -6.14748 30
    endloop
  endfacet
  facet normal -0 0 1
    outer loop
      vertex -3.48877 5.77849 30
      vertex -3.14363 -5.97328 30
      vertex -3.14363 5.97328 30
    endloop
  endfacet
  facet normal 0 0 1
    outer loop
      vertex -3.48877 5.77849 30
      vertex -3.48877 -5.77849 30
      vertex -3.14363 -5.97328 30
    endloop
  endfacet
  facet normal -0 0 1
    outer loop
      vertex -3.82188 5.56379 30
      vertex -3.48877 -5.77849 30
      vertex -3.48877 5.77849 30
    endloop
  endfacet
  facet normal 0 0 1
    outer loop
      vertex -3.82188 5.56379 30
      vertex -3.82188 -5.56379 30
      vertex -3.48877 -5.77849 30
    endloop
  endfacet
  facet normal -0 0 1
    outer loop
      vertex -4.14182 5.3299 30
      vertex -3.82188 -5.56379 30
      vertex -3.82188 5.56379 30
    endloop
  endfacet
  facet normal 0 0 1
    outer loop
      vertex -4.14182 5.3299 30
      vertex -4.14182 -5.3299 30
      vertex -3.82188 -5.56379 30
    endloop
  endfacet
  facet normal -0 0 1
    outer loop
      vertex -4.44748 5.07764 30
      vertex -4.14182 -5.3299 30
      vertex -4.14182 5.3299 30
    endloop
  endfacet
  facet normal 0 0 1
    outer loop
      vertex -4.44748 5.07764 30
      vertex -4.44748 -5.07764 30
      vertex -4.14182 -5.3299 30
    endloop
  endfacet
  facet normal -0 0 1
    outer loop
      vertex -4.73781 4.80788 30
      vertex -4.44748 -5.07764 30
      vertex -4.44748 5.07764 30
    endloop
  endfacet
  facet normal 0 0 1
    outer loop
      vertex -4.73781 4.80788 30
      vertex -4.73781 -4.80788 30
      vertex -4.44748 -5.07764 30
    endloop
  endfacet
  facet normal -0 0 1
    outer loop
      vertex -5.0118 4.52154 30
      vertex -4.73781 -4.80788 30
      vertex -4.73781 4.80788 30
    endloop
  endfacet
  facet normal 0 0 1
    outer loop
      vertex -5.0118 4.52154 30
      vertex -5.0118 -4.52154 30
      vertex -4.73781 -4.80788 30
    endloop
  endfacet
  facet normal -0 0 1
    outer loop
      vertex -5.26852 4.21961 30
      vertex -5.0118 -4.52154 30
      vertex -5.0118 4.52154 30
    endloop
  endfacet
  facet normal 0 0 1
    outer loop
      vertex -5.26852 4.21961 30
      vertex -5.26852 -4.21961 30
      vertex -5.0118 -4.52154 30
    endloop
  endfacet
  facet normal -0 0 1
    outer loop
      vertex -5.50708 3.90314 30
      vertex -5.26852 -4.21961 30
      vertex -5.26852 4.21961 30
    endloop
  endfacet
  facet normal 0 0 1
    outer loop
      vertex -5.50708 3.90314 30
      vertex -5.50708 -3.90314 30
      vertex -5.26852 -4.21961 30
    endloop
  endfacet
  facet normal -0 0 1
    outer loop
      vertex -5.72666 3.57322 30
      vertex -5.50708 -3.90314 30
      vertex -5.50708 3.90314 30
    endloop
  endfacet
  facet normal 0 0 1
    outer loop
      vertex -5.72666 3.57322 30
      vertex -5.72666 -3.57322 30
      vertex -5.50708 -3.90314 30
    endloop
  endfacet
  facet normal -0 0 1
    outer loop
      vertex -5.92649 3.23098 30
      vertex -5.72666 -3.57322 30
      vertex -5.72666 3.57322 30
    endloop
  endfacet
  facet normal 0 0 1
    outer loop
      vertex -5.92649 3.23098 30
      vertex -5.92649 -3.23098 30
      vertex -5.72666 -3.57322 30
    endloop
  endfacet
  facet normal -0 0 1
    outer loop
      vertex -6.10589 2.8776 30
      vertex -5.92649 -3.23098 30
      vertex -5.92649 3.23098 30
    endloop
  endfacet
  facet normal 0 0 1
    outer loop
      vertex -6.10589 2.8776 30
      vertex -6.10589 -2.8776 30
      vertex -5.92649 -3.23098 30
    endloop
  endfacet
  facet normal -0 0 1
    outer loop
      vertex -6.26425 2.5143 30
      vertex -6.10589 -2.8776 30
      vertex -6.10589 2.8776 30
    endloop
  endfacet
  facet normal 0 0 1
    outer loop
      vertex -6.26425 2.5143 30
      vertex -6.26425 -2.5143 30
      vertex -6.10589 -2.8776 30
    endloop
  endfacet
  facet normal -0 0 1
    outer loop
      vertex -6.40101 2.14233 30
      vertex -6.26425 -2.5143 30
      vertex -6.26425 2.5143 30
    endloop
  endfacet
  facet normal 0 0 1
    outer loop
      vertex -6.40101 2.14233 30
      vertex -6.40101 -2.14233 30
      vertex -6.26425 -2.5143 30
    endloop
  endfacet
  facet normal -0 0 1
    outer loop
      vertex -6.51571 1.76298 30
      vertex -6.40101 -2.14233 30
      vertex -6.40101 2.14233 30
    endloop
  endfacet
  facet normal 0 0 1
    outer loop
      vertex -6.51571 1.76298 30
      vertex -6.51571 -1.76298 30
      vertex -6.40101 -2.14233 30
    endloop
  endfacet
  facet normal -0 0 1
    outer loop
      vertex -6.60794 1.37755 30
      vertex -6.51571 -1.76298 30
      vertex -6.51571 1.76298 30
    endloop
  endfacet
  facet normal 0 0 1
    outer loop
      vertex -6.60794 1.37755 30
      vertex -6.60794 -1.37755 30
      vertex -6.51571 -1.76298 30
    endloop
  endfacet
  facet normal -0 0 1
    outer loop
      vertex -6.67739 0.987367 30
      vertex -6.60794 -1.37755 30
      vertex -6.60794 1.37755 30
    endloop
  endfacet
  facet normal 0 0 1
    outer loop
      vertex -6.67739 0.987367 30
      vertex -6.67739 -0.987367 30
      vertex -6.60794 -1.37755 30
    endloop
  endfacet
  facet normal -0 0 1
    outer loop
      vertex -6.72383 0.593784 30
      vertex -6.67739 -0.987367 30
      vertex -6.67739 0.987367 30
    endloop
  endfacet
  facet normal 0 0 1
    outer loop
      vertex -6.72383 0.593784 30
      vertex -6.72383 -0.593784 30
      vertex -6.67739 -0.987367 30
    endloop
  endfacet
  facet normal -0 0 1
    outer loop
      vertex -6.74709 0.198155 30
      vertex -6.72383 -0.593784 30
      vertex -6.72383 0.593784 30
    endloop
  endfacet
  facet normal 0 0 1
    outer loop
      vertex -6.72383 -0.593784 30
      vertex -6.74709 0.198155 30
      vertex -6.74709 -0.198155 30
    endloop
  endfacet
  facet normal -0.131741 0.991284 0
    outer loop
      vertex 1.08528 -6.66218 30
      vertex 0.692426 -6.71439 41
      vertex 1.08528 -6.66218 41
    endloop
  endfacet
  facet normal -0.131741 0.991284 0
    outer loop
      vertex 0.692426 -6.71439 41
      vertex 1.08528 -6.66218 30
      vertex 0.692426 -6.71439 30
    endloop
  endfacet
  facet normal -0.0733259 0.997308 0
    outer loop
      vertex 0.692426 -6.71439 30
      vertex 0.29718 -6.74345 41
      vertex 0.692426 -6.71439 41
    endloop
  endfacet
  facet normal -0.0733259 0.997308 0
    outer loop
      vertex 0.29718 -6.74345 41
      vertex 0.692426 -6.71439 30
      vertex 0.29718 -6.74345 30
    endloop
  endfacet
  facet normal -0.989244 0.146272 0
    outer loop
      vertex 6.64553 -1.18297 30
      vertex 6.7035 -0.790916 41
      vertex 6.7035 -0.790916 30
    endloop
  endfacet
  facet normal -0.989244 0.146272 0
    outer loop
      vertex 6.7035 -0.790916 41
      vertex 6.64553 -1.18297 30
      vertex 6.64553 -1.18297 41
    endloop
  endfacet
  facet normal -0.742496 0.669851 0
    outer loop
      vertex 4.87691 -4.66672 30
      vertex 5.14238 -4.37246 41
      vertex 5.14238 -4.37246 30
    endloop
  endfacet
  facet normal -0.742496 0.669851 0
    outer loop
      vertex 5.14238 -4.37246 41
      vertex 4.87691 -4.66672 30
      vertex 4.87691 -4.66672 41
    endloop
  endfacet
  facet normal -0.848388 0.529375 0
    outer loop
      vertex 5.61929 -3.73979 30
      vertex 5.82909 -3.40356 41
      vertex 5.82909 -3.40356 30
    endloop
  endfacet
  facet normal -0.848388 0.529375 0
    outer loop
      vertex 5.82909 -3.40356 41
      vertex 5.61929 -3.73979 30
      vertex 5.61929 -3.73979 41
    endloop
  endfacet
  facet normal -0.566211 0.824261 0
    outer loop
      vertex 3.98357 -5.44919 30
      vertex 3.6569 -5.67359 41
      vertex 3.98357 -5.44919 41
    endloop
  endfacet
  facet normal -0.566211 0.824261 0
    outer loop
      vertex 3.6569 -5.67359 41
      vertex 3.98357 -5.44919 30
      vertex 3.6569 -5.67359 30
    endloop
  endfacet
  facet normal 0.044031 0.99903 -0
    outer loop
      vertex -0.0990887 -6.74927 30
      vertex -0.495016 -6.73182 41
      vertex -0.0990887 -6.74927 41
    endloop
  endfacet
  facet normal 0.044031 0.99903 0
    outer loop
      vertex -0.495016 -6.73182 41
      vertex -0.0990887 -6.74927 30
      vertex -0.495016 -6.73182 30
    endloop
  endfacet
  facet normal 0.331274 0.943535 -0
    outer loop
      vertex -2.04813 -6.43177 30
      vertex -2.42207 -6.30048 41
      vertex -2.04813 -6.43177 41
    endloop
  endfacet
  facet normal 0.331274 0.943535 0
    outer loop
      vertex -2.42207 -6.30048 41
      vertex -2.04813 -6.43177 30
      vertex -2.42207 -6.30048 30
    endloop
  endfacet
  facet normal 0.102571 0.994726 -0
    outer loop
      vertex -0.495016 -6.73182 30
      vertex -0.889237 -6.69117 41
      vertex -0.495016 -6.73182 41
    endloop
  endfacet
  facet normal 0.102571 0.994726 0
    outer loop
      vertex -0.889237 -6.69117 41
      vertex -0.495016 -6.73182 30
      vertex -0.889237 -6.69117 30
    endloop
  endfacet
  facet normal 0.680679 0.732582 -0
    outer loop
      vertex -4.44748 -5.07764 30
      vertex -4.73781 -4.80788 41
      vertex -4.44748 -5.07764 41
    endloop
  endfacet
  facet normal 0.680679 0.732582 0
    outer loop
      vertex -4.73781 -4.80788 41
      vertex -4.44748 -5.07764 30
      vertex -4.73781 -4.80788 30
    endloop
  endfacet
  facet normal 0.798535 0.601948 0
    outer loop
      vertex -5.26852 -4.21961 41
      vertex -5.50708 -3.90314 30
      vertex -5.50708 -3.90314 41
    endloop
  endfacet
  facet normal 0.798535 0.601948 0
    outer loop
      vertex -5.50708 -3.90314 30
      vertex -5.26852 -4.21961 41
      vertex -5.26852 -4.21961 30
    endloop
  endfacet
  facet normal 0.957202 0.289419 0
    outer loop
      vertex -6.40101 -2.14233 41
      vertex -6.51571 -1.76298 30
      vertex -6.51571 -1.76298 41
    endloop
  endfacet
  facet normal 0.957202 0.289419 0
    outer loop
      vertex -6.51571 -1.76298 30
      vertex -6.40101 -2.14233 41
      vertex -6.40101 -2.14233 30
    endloop
  endfacet
  facet normal 0.984526 0.175239 0
    outer loop
      vertex -6.60794 -1.37755 41
      vertex -6.67739 -0.987367 30
      vertex -6.67739 -0.987367 41
    endloop
  endfacet
  facet normal 0.984526 0.175239 0
    outer loop
      vertex -6.67739 -0.987367 30
      vertex -6.60794 -1.37755 41
      vertex -6.60794 -1.37755 30
    endloop
  endfacet
  facet normal 0.993111 0.11718 0
    outer loop
      vertex -6.67739 -0.987367 41
      vertex -6.72383 -0.593784 30
      vertex -6.72383 -0.593784 41
    endloop
  endfacet
  facet normal 0.993111 0.11718 0
    outer loop
      vertex -6.72383 -0.593784 30
      vertex -6.67739 -0.987367 41
      vertex -6.67739 -0.987367 30
    endloop
  endfacet
  facet normal -0.24698 0.969021 0
    outer loop
      vertex 1.85843 -6.48912 30
      vertex 1.4744 -6.587 41
      vertex 1.85843 -6.48912 41
    endloop
  endfacet
  facet normal -0.24698 0.969021 0
    outer loop
      vertex 1.4744 -6.587 41
      vertex 1.85843 -6.48912 30
      vertex 1.4744 -6.587 30
    endloop
  endfacet
  facet normal -0.189697 0.981843 0
    outer loop
      vertex 1.4744 -6.587 30
      vertex 1.08528 -6.66218 41
      vertex 1.4744 -6.587 41
    endloop
  endfacet
  facet normal -0.189697 0.981843 0
    outer loop
      vertex 1.08528 -6.66218 41
      vertex 1.4744 -6.587 30
      vertex 1.08528 -6.66218 30
    endloop
  endfacet
  facet normal -0.780517 0.625135 0
    outer loop
      vertex 5.14238 -4.37246 30
      vertex 5.39013 -4.06313 41
      vertex 5.39013 -4.06313 30
    endloop
  endfacet
  facet normal -0.780517 0.625135 0
    outer loop
      vertex 5.39013 -4.06313 41
      vertex 5.14238 -4.37246 30
      vertex 5.14238 -4.37246 41
    endloop
  endfacet
  facet normal -0.61361 0.789609 0
    outer loop
      vertex 4.2965 -5.20601 30
      vertex 3.98357 -5.44919 41
      vertex 4.2965 -5.20601 41
    endloop
  endfacet
  facet normal -0.61361 0.789609 0
    outer loop
      vertex 3.98357 -5.44919 41
      vertex 4.2965 -5.20601 30
      vertex 3.98357 -5.44919 30
    endloop
  endfacet
  facet normal -0.516846 0.856078 0
    outer loop
      vertex 3.6569 -5.67359 30
      vertex 3.31763 -5.87842 41
      vertex 3.6569 -5.67359 41
    endloop
  endfacet
  facet normal -0.516846 0.856078 0
    outer loop
      vertex 3.31763 -5.87842 41
      vertex 3.6569 -5.67359 30
      vertex 3.31763 -5.87842 30
    endloop
  endfacet
  facet normal -0.465718 0.884933 0
    outer loop
      vertex 3.31763 -5.87842 30
      vertex 2.96692 -6.06299 41
      vertex 3.31763 -5.87842 41
    endloop
  endfacet
  facet normal -0.465718 0.884933 0
    outer loop
      vertex 2.96692 -6.06299 41
      vertex 3.31763 -5.87842 30
      vertex 2.96692 -6.06299 30
    endloop
  endfacet
  facet normal 0.636519 0.771261 -0
    outer loop
      vertex -4.14182 -5.3299 30
      vertex -4.44748 -5.07764 41
      vertex -4.14182 -5.3299 41
    endloop
  endfacet
  facet normal 0.636519 0.771261 0
    outer loop
      vertex -4.44748 -5.07764 41
      vertex -4.14182 -5.3299 30
      vertex -4.44748 -5.07764 30
    endloop
  endfacet
  facet normal 0.439547 0.89822 -0
    outer loop
      vertex -2.78765 -6.14748 30
      vertex -3.14363 -5.97328 41
      vertex -2.78765 -6.14748 41
    endloop
  endfacet
  facet normal 0.439547 0.89822 0
    outer loop
      vertex -3.14363 -5.97328 41
      vertex -2.78765 -6.14748 30
      vertex -3.14363 -5.97328 30
    endloop
  endfacet
  facet normal 0.541753 0.840538 -0
    outer loop
      vertex -3.48877 -5.77849 30
      vertex -3.82188 -5.56379 41
      vertex -3.48877 -5.77849 41
    endloop
  endfacet
  facet normal 0.541753 0.840538 0
    outer loop
      vertex -3.82188 -5.56379 41
      vertex -3.48877 -5.77849 30
      vertex -3.82188 -5.56379 30
    endloop
  endfacet
  facet normal 0.275318 0.961353 -0
    outer loop
      vertex -1.66714 -6.54088 30
      vertex -2.04813 -6.43177 41
      vertex -1.66714 -6.54088 41
    endloop
  endfacet
  facet normal 0.275318 0.961353 0
    outer loop
      vertex -2.04813 -6.43177 41
      vertex -1.66714 -6.54088 30
      vertex -2.04813 -6.43177 30
    endloop
  endfacet
  facet normal 0.218434 0.975852 -0
    outer loop
      vertex -1.28039 -6.62745 30
      vertex -1.66714 -6.54088 41
      vertex -1.28039 -6.62745 41
    endloop
  endfacet
  facet normal 0.218434 0.975852 0
    outer loop
      vertex -1.66714 -6.54088 41
      vertex -1.28039 -6.62745 30
      vertex -1.66714 -6.54088 30
    endloop
  endfacet
  facet normal 0.76184 0.647765 0
    outer loop
      vertex -5.0118 -4.52154 41
      vertex -5.26852 -4.21961 30
      vertex -5.26852 -4.21961 41
    endloop
  endfacet
  facet normal 0.76184 0.647765 0
    outer loop
      vertex -5.26852 -4.21961 30
      vertex -5.0118 -4.52154 41
      vertex -5.0118 -4.52154 30
    endloop
  endfacet
  facet normal 0.832477 0.55406 0
    outer loop
      vertex -5.50708 -3.90314 41
      vertex -5.72666 -3.57322 30
      vertex -5.72666 -3.57322 41
    endloop
  endfacet
  facet normal 0.832477 0.55406 0
    outer loop
      vertex -5.72666 -3.57322 30
      vertex -5.50708 -3.90314 41
      vertex -5.50708 -3.90314 30
    endloop
  endfacet
  facet normal 0.891675 0.452676 0
    outer loop
      vertex -5.92649 -3.23098 41
      vertex -6.10589 -2.8776 30
      vertex -6.10589 -2.8776 41
    endloop
  endfacet
  facet normal 0.891675 0.452676 0
    outer loop
      vertex -6.10589 -2.8776 30
      vertex -5.92649 -3.23098 41
      vertex -5.92649 -3.23098 30
    endloop
  endfacet
  facet normal 0.938573 0.34508 0
    outer loop
      vertex -6.26425 -2.5143 41
      vertex -6.40101 -2.14233 30
      vertex -6.40101 -2.14233 41
    endloop
  endfacet
  facet normal 0.938573 0.34508 0
    outer loop
      vertex -6.40101 -2.14233 30
      vertex -6.26425 -2.5143 41
      vertex -6.26425 -2.5143 30
    endloop
  endfacet
  facet normal -0.658883 0.752245 0
    outer loop
      vertex 4.59462 -4.94489 30
      vertex 4.2965 -5.20601 41
      vertex 4.59462 -4.94489 41
    endloop
  endfacet
  facet normal -0.658883 0.752245 0
    outer loop
      vertex 4.2965 -5.20601 41
      vertex 4.59462 -4.94489 30
      vertex 4.2965 -5.20601 30
    endloop
  endfacet
  facet normal 0.491504 0.870875 -0
    outer loop
      vertex -3.14363 -5.97328 30
      vertex -3.48877 -5.77849 41
      vertex -3.14363 -5.97328 41
    endloop
  endfacet
  facet normal 0.491504 0.870875 0
    outer loop
      vertex -3.48877 -5.77849 41
      vertex -3.14363 -5.97328 30
      vertex -3.48877 -5.77849 30
    endloop
  endfacet
  facet normal 0.590161 0.807286 -0
    outer loop
      vertex -3.82188 -5.56379 30
      vertex -4.14182 -5.3299 41
      vertex -3.82188 -5.56379 41
    endloop
  endfacet
  facet normal 0.590161 0.807286 0
    outer loop
      vertex -4.14182 -5.3299 41
      vertex -3.82188 -5.56379 30
      vertex -4.14182 -5.3299 30
    endloop
  endfacet
  facet normal 0.160784 0.98699 -0
    outer loop
      vertex -0.889237 -6.69117 30
      vertex -1.28039 -6.62745 41
      vertex -0.889237 -6.69117 41
    endloop
  endfacet
  facet normal 0.160784 0.98699 0
    outer loop
      vertex -1.28039 -6.62745 41
      vertex -0.889237 -6.69117 30
      vertex -1.28039 -6.62745 30
    endloop
  endfacet
  facet normal 0.386066 0.922471 -0
    outer loop
      vertex -2.42207 -6.30048 30
      vertex -2.78765 -6.14748 41
      vertex -2.42207 -6.30048 41
    endloop
  endfacet
  facet normal 0.386066 0.922471 0
    outer loop
      vertex -2.78765 -6.14748 41
      vertex -2.42207 -6.30048 30
      vertex -2.78765 -6.14748 30
    endloop
  endfacet
  facet normal 0.86357 0.504229 0
    outer loop
      vertex -5.72666 -3.57322 41
      vertex -5.92649 -3.23098 30
      vertex -5.92649 -3.23098 41
    endloop
  endfacet
  facet normal 0.86357 0.504229 0
    outer loop
      vertex -5.92649 -3.23098 30
      vertex -5.72666 -3.57322 41
      vertex -5.72666 -3.57322 30
    endloop
  endfacet
endsolid OpenSCAD_Model
