solid OpenSCAD_Model
  facet normal -1 0 0
    outer loop
      vertex 25.25 31.9643 -3
      vertex 25.25 38.1955 6
      vertex 25.25 38.1955 -3
    endloop
  endfacet
  facet normal -1 -0 0
    outer loop
      vertex 25.25 38.1955 6
      vertex 25.25 31.9643 -3
      vertex 25.25 31.9643 6
    endloop
  endfacet
  facet normal 1 -0 0
    outer loop
      vertex 29.75 31.9643 6
      vertex 29.75 38.1953 -3
      vertex 29.75 38.1953 6
    endloop
  endfacet
  facet normal 1 0 0
    outer loop
      vertex 29.75 38.1953 -3
      vertex 29.75 31.9643 6
      vertex 29.75 31.9643 -3
    endloop
  endfacet
  facet normal -0.5 0.866025 0
    outer loop
      vertex 22.5088 27.2164 -3
      vertex 17.1126 24.1009 6
      vertex 22.5088 27.2164 6
    endloop
  endfacet
  facet normal -0.5 0.866025 0
    outer loop
      vertex 17.1126 24.1009 6
      vertex 22.5088 27.2164 -3
      vertex 17.1126 24.1009 -3
    endloop
  endfacet
  facet normal 0.499995 -0.866028 0
    outer loop
      vertex 19.3627 20.2039 -3
      vertex 24.7588 23.3193 6
      vertex 19.3627 20.2039 6
    endloop
  endfacet
  facet normal 0.499995 -0.866028 0
    outer loop
      vertex 24.7588 23.3193 6
      vertex 19.3627 20.2039 -3
      vertex 24.7588 23.3193 -3
    endloop
  endfacet
  facet normal 0.499998 0.866026 -0
    outer loop
      vertex 37.8876 24.1008 -3
      vertex 32.4912 27.2164 6
      vertex 37.8876 24.1008 6
    endloop
  endfacet
  facet normal 0.499998 0.866026 0
    outer loop
      vertex 32.4912 27.2164 6
      vertex 37.8876 24.1008 -3
      vertex 32.4912 27.2164 -3
    endloop
  endfacet
  facet normal -0.500002 -0.866024 0
    outer loop
      vertex 30.2412 23.3193 -3
      vertex 35.6379 20.2035 6
      vertex 30.2412 23.3193 6
    endloop
  endfacet
  facet normal -0.500002 -0.866024 -0
    outer loop
      vertex 35.6379 20.2035 6
      vertex 30.2412 23.3193 -3
      vertex 35.6379 20.2035 -3
    endloop
  endfacet
  facet normal -0.688855 -0.724899 0
    outer loop
      vertex 34.9365 35.5102 -3
      vertex 35.1175 35.3382 6
      vertex 34.9365 35.5102 6
    endloop
  endfacet
  facet normal -0.688855 -0.724899 -0
    outer loop
      vertex 35.1175 35.3382 6
      vertex 34.9365 35.5102 -3
      vertex 35.1175 35.3382 -3
    endloop
  endfacet
  facet normal 0.373668 -0.927562 0
    outer loop
      vertex 23.3029 37.592 -3
      vertex 23.5345 37.6853 6
      vertex 23.3029 37.592 6
    endloop
  endfacet
  facet normal 0.373668 -0.927562 0
    outer loop
      vertex 23.5345 37.6853 6
      vertex 23.3029 37.592 -3
      vertex 23.5345 37.6853 -3
    endloop
  endfacet
  facet normal 0.925464 -0.378836 0
    outer loop
      vertex 17.3375 31.5236 6
      vertex 17.4321 31.7547 -3
      vertex 17.4321 31.7547 6
    endloop
  endfacet
  facet normal 0.925464 -0.378836 0
    outer loop
      vertex 17.4321 31.7547 -3
      vertex 17.3375 31.5236 6
      vertex 17.3375 31.5236 -3
    endloop
  endfacet
  facet normal -0.912019 -0.410148 0
    outer loop
      vertex 37.5186 31.8695 -3
      vertex 37.4162 32.0972 6
      vertex 37.4162 32.0972 -3
    endloop
  endfacet
  facet normal -0.912019 -0.410148 0
    outer loop
      vertex 37.4162 32.0972 6
      vertex 37.5186 31.8695 -3
      vertex 37.5186 31.8695 6
    endloop
  endfacet
  facet normal -0.38399 -0.923337 0
    outer loop
      vertex 31.5816 37.6393 -3
      vertex 31.8122 37.5434 6
      vertex 31.5816 37.6393 6
    endloop
  endfacet
  facet normal -0.38399 -0.923337 -0
    outer loop
      vertex 31.8122 37.5434 6
      vertex 31.5816 37.6393 -3
      vertex 31.8122 37.5434 -3
    endloop
  endfacet
  facet normal 0.713287 -0.700872 0
    outer loop
      vertex 19.6184 35.0726 6
      vertex 19.7934 35.2507 -3
      vertex 19.7934 35.2507 6
    endloop
  endfacet
  facet normal 0.713287 -0.700872 0
    outer loop
      vertex 19.7934 35.2507 -3
      vertex 19.6184 35.0726 6
      vertex 19.6184 35.0726 -3
    endloop
  endfacet
  facet normal 0.199197 -0.979959 0
    outer loop
      vertex 25.2072 38.1868 -3
      vertex 25.25 38.1955 6
      vertex 25.2072 38.1868 6
    endloop
  endfacet
  facet normal 0.199197 -0.979959 0
    outer loop
      vertex 25.25 38.1955 6
      vertex 25.2072 38.1868 -3
      vertex 25.25 38.1955 -3
    endloop
  endfacet
  facet normal -0.736689 0.676232 0
    outer loop
      vertex 35.4676 20.0179 -3
      vertex 35.6365 20.2019 6
      vertex 35.6365 20.2019 -3
    endloop
  endfacet
  facet normal -0.736689 0.676232 0
    outer loop
      vertex 35.6365 20.2019 6
      vertex 35.4676 20.0179 -3
      vertex 35.4676 20.0179 6
    endloop
  endfacet
  facet normal 0.697027 0.717045 -0
    outer loop
      vertex 19.9725 19.5752 -3
      vertex 19.7934 19.7493 6
      vertex 19.9725 19.5752 6
    endloop
  endfacet
  facet normal 0.697027 0.717045 0
    outer loop
      vertex 19.7934 19.7493 6
      vertex 19.9725 19.5752 -3
      vertex 19.7934 19.7493 -3
    endloop
  endfacet
  facet normal -0.996819 -0.0796975 0
    outer loop
      vertex 38.4043 28.2486 -3
      vertex 38.3844 28.4975 6
      vertex 38.3844 28.4975 -3
    endloop
  endfacet
  facet normal -0.996819 -0.0796975 0
    outer loop
      vertex 38.3844 28.4975 6
      vertex 38.4043 28.2486 -3
      vertex 38.4043 28.2486 6
    endloop
  endfacet
  facet normal -0.981192 -0.193035 0
    outer loop
      vertex 38.2479 29.4867 -3
      vertex 38.1997 29.7317 6
      vertex 38.1997 29.7317 -3
    endloop
  endfacet
  facet normal -0.981192 -0.193035 0
    outer loop
      vertex 38.1997 29.7317 6
      vertex 38.2479 29.4867 -3
      vertex 38.2479 29.4867 6
    endloop
  endfacet
  facet normal -0.82238 -0.568939 0
    outer loop
      vertex 36.5575 33.6177 -3
      vertex 36.4154 33.8231 6
      vertex 36.4154 33.8231 -3
    endloop
  endfacet
  facet normal -0.82238 -0.568939 0
    outer loop
      vertex 36.4154 33.8231 6
      vertex 36.5575 33.6177 -3
      vertex 36.5575 33.6177 6
    endloop
  endfacet
  facet normal -0.545425 -0.83816 0
    outer loop
      vertex 33.3566 36.7285 -3
      vertex 33.5659 36.5923 6
      vertex 33.3566 36.7285 6
    endloop
  endfacet
  facet normal -0.545425 -0.83816 -0
    outer loop
      vertex 33.5659 36.5923 6
      vertex 33.3566 36.7285 -3
      vertex 33.5659 36.5923 -3
    endloop
  endfacet
  facet normal -0.210015 -0.977698 0
    outer loop
      vertex 29.75 38.1953 -3
      vertex 29.9148 38.1599 6
      vertex 29.75 38.1953 6
    endloop
  endfacet
  facet normal -0.210015 -0.977698 -0
    outer loop
      vertex 29.9148 38.1599 6
      vertex 29.75 38.1953 -3
      vertex 29.9148 38.1599 -3
    endloop
  endfacet
  facet normal 0.999739 -0.0228306 0
    outer loop
      vertex 16.5707 27.6249 6
      vertex 16.5764 27.8745 -3
      vertex 16.5764 27.8745 6
    endloop
  endfacet
  facet normal 0.999739 -0.0228306 0
    outer loop
      vertex 16.5764 27.8745 -3
      vertex 16.5707 27.6249 6
      vertex 16.5707 27.6249 -3
    endloop
  endfacet
  facet normal 0.978914 -0.204274 0
    outer loop
      vertex 16.7755 29.6094 6
      vertex 16.8265 29.8538 -3
      vertex 16.8265 29.8538 6
    endloop
  endfacet
  facet normal 0.978914 -0.204274 0
    outer loop
      vertex 16.8265 29.8538 -3
      vertex 16.7755 29.6094 6
      vertex 16.7755 29.6094 -3
    endloop
  endfacet
  facet normal 0.828584 -0.559865 0
    outer loop
      vertex 18.3732 33.5139 6
      vertex 18.513 33.7208 -3
      vertex 18.513 33.7208 6
    endloop
  endfacet
  facet normal 0.828584 -0.559865 0
    outer loop
      vertex 18.513 33.7208 -3
      vertex 18.3732 33.5139 6
      vertex 18.3732 33.5139 -3
    endloop
  endfacet
  facet normal 0.554885 -0.831927 0
    outer loop
      vertex 21.3306 36.5224 -3
      vertex 21.5384 36.661 6
      vertex 21.3306 36.5224 6
    endloop
  endfacet
  facet normal 0.554885 -0.831927 0
    outer loop
      vertex 21.5384 36.661 6
      vertex 21.3306 36.5224 -3
      vertex 21.5384 36.661 -3
    endloop
  endfacet
  facet normal 0.436126 -0.899886 0
    outer loop
      vertex 22.6215 37.2809 -3
      vertex 22.8462 37.3898 6
      vertex 22.6215 37.2809 6
    endloop
  endfacet
  facet normal 0.436126 -0.899886 0
    outer loop
      vertex 22.8462 37.3898 6
      vertex 22.6215 37.2809 -3
      vertex 22.8462 37.3898 -3
    endloop
  endfacet
  facet normal -0.999933 0.0116132 0
    outer loop
      vertex 38.4271 27.2503 -3
      vertex 38.43 27.5 6
      vertex 38.43 27.5 -3
    endloop
  endfacet
  facet normal -0.999933 0.0116132 0
    outer loop
      vertex 38.43 27.5 6
      vertex 38.4271 27.2503 -3
      vertex 38.4271 27.2503 6
    endloop
  endfacet
  facet normal -0.446413 0.894827 0
    outer loop
      vertex 32.4899 17.7755 -3
      vertex 32.2664 17.664 6
      vertex 32.4899 17.7755 6
    endloop
  endfacet
  facet normal -0.446413 0.894827 0
    outer loop
      vertex 32.2664 17.664 6
      vertex 32.4899 17.7755 -3
      vertex 32.2664 17.664 -3
    endloop
  endfacet
  facet normal 0.0396482 0.999214 -0
    outer loop
      vertex 27.1879 16.5745 -3
      vertex 26.9384 16.5844 6
      vertex 27.1879 16.5745 6
    endloop
  endfacet
  facet normal 0.0396482 0.999214 0
    outer loop
      vertex 26.9384 16.5844 6
      vertex 27.1879 16.5745 -3
      vertex 26.9384 16.5844 -3
    endloop
  endfacet
  facet normal 0.41522 0.909721 -0
    outer loop
      vertex 23.0734 17.5065 -3
      vertex 22.8462 17.6102 6
      vertex 23.0734 17.5065 6
    endloop
  endfacet
  facet normal 0.41522 0.909721 0
    outer loop
      vertex 22.8462 17.6102 6
      vertex 23.0734 17.5065 -3
      vertex 22.8462 17.6102 -3
    endloop
  endfacet
  facet normal 0.993467 0.114123 0
    outer loop
      vertex 16.6562 26.1301 6
      vertex 16.6277 26.3782 -3
      vertex 16.6277 26.3782 6
    endloop
  endfacet
  facet normal 0.993467 0.114123 0
    outer loop
      vertex 16.6277 26.3782 -3
      vertex 16.6562 26.1301 6
      vertex 16.6562 26.1301 -3
    endloop
  endfacet
  facet normal -0.937932 -0.346819 0
    outer loop
      vertex 37.7944 31.173 -3
      vertex 37.7078 31.4072 6
      vertex 37.7078 31.4072 -3
    endloop
  endfacet
  facet normal -0.937932 -0.346819 0
    outer loop
      vertex 37.7078 31.4072 6
      vertex 37.7944 31.173 -3
      vertex 37.7944 31.173 6
    endloop
  endfacet
  facet normal -0.881754 -0.47171 0
    outer loop
      vertex 37.1958 32.5454 -3
      vertex 37.078 32.7656 6
      vertex 37.078 32.7656 -3
    endloop
  endfacet
  facet normal -0.881754 -0.47171 0
    outer loop
      vertex 37.078 32.7656 6
      vertex 37.1958 32.5454 -3
      vertex 37.1958 32.5454 6
    endloop
  endfacet
  facet normal -0.655068 -0.75557 0
    outer loop
      vertex 34.5628 35.8416 -3
      vertex 34.7515 35.678 6
      vertex 34.5628 35.8416 6
    endloop
  endfacet
  facet normal -0.655068 -0.75557 -0
    outer loop
      vertex 34.7515 35.678 6
      vertex 34.5628 35.8416 -3
      vertex 34.7515 35.678 -3
    endloop
  endfacet
  facet normal -0.276307 -0.961069 0
    outer loop
      vertex 30.3992 38.0385 -3
      vertex 30.6392 37.9695 6
      vertex 30.3992 38.0385 6
    endloop
  endfacet
  facet normal -0.276307 -0.961069 -0
    outer loop
      vertex 30.6392 37.9695 6
      vertex 30.3992 38.0385 -3
      vertex 30.6392 37.9695 -3
    endloop
  endfacet
  facet normal 0.995824 -0.0912939 0
    outer loop
      vertex 16.6049 28.3731 6
      vertex 16.6277 28.6218 -3
      vertex 16.6277 28.6218 6
    endloop
  endfacet
  facet normal 0.995824 -0.0912939 0
    outer loop
      vertex 16.6277 28.6218 -3
      vertex 16.6049 28.3731 6
      vertex 16.6049 28.3731 -3
    endloop
  endfacet
  facet normal 0.998958 -0.0456438 0
    outer loop
      vertex 16.5764 27.8745 6
      vertex 16.5878 28.124 -3
      vertex 16.5878 28.124 6
    endloop
  endfacet
  facet normal 0.998958 -0.0456438 0
    outer loop
      vertex 16.5878 28.124 -3
      vertex 16.5764 27.8745 6
      vertex 16.5764 27.8745 -3
    endloop
  endfacet
  facet normal 0.962664 -0.270699 0
    outer loop
      vertex 16.9451 30.3389 6
      vertex 17.0127 30.5793 -3
      vertex 17.0127 30.5793 6
    endloop
  endfacet
  facet normal 0.962664 -0.270699 0
    outer loop
      vertex 17.0127 30.5793 -3
      vertex 16.9451 30.3389 6
      vertex 16.9451 30.3389 -3
    endloop
  endfacet
  facet normal 0.876284 -0.481796 0
    outer loop
      vertex 17.8624 32.6558 6
      vertex 17.9827 32.8746 -3
      vertex 17.9827 32.8746 6
    endloop
  endfacet
  facet normal 0.876284 -0.481796 0
    outer loop
      vertex 17.9827 32.8746 -3
      vertex 17.8624 32.6558 6
      vertex 17.8624 32.6558 -3
    endloop
  endfacet
  facet normal 0.815812 -0.578317 0
    outer loop
      vertex 18.513 33.7208 6
      vertex 18.6574 33.9245 -3
      vertex 18.6574 33.9245 6
    endloop
  endfacet
  facet normal 0.815812 -0.578317 0
    outer loop
      vertex 18.6574 33.9245 -3
      vertex 18.513 33.7208 6
      vertex 18.513 33.7208 -3
    endloop
  endfacet
  facet normal 0.287127 -0.957892 0
    outer loop
      vertex 24.2414 37.933 -3
      vertex 24.4806 38.0047 6
      vertex 24.2414 37.933 6
    endloop
  endfacet
  facet normal 0.287127 -0.957892 0
    outer loop
      vertex 24.4806 38.0047 6
      vertex 24.2414 37.933 -3
      vertex 24.4806 38.0047 -3
    endloop
  endfacet
  facet normal 0.516437 -0.856325 0
    outer loop
      vertex 21.7492 36.7948 -3
      vertex 21.9631 36.9238 6
      vertex 21.7492 36.7948 6
    endloop
  endfacet
  facet normal 0.516437 -0.856325 0
    outer loop
      vertex 21.9631 36.9238 6
      vertex 21.7492 36.7948 -3
      vertex 21.9631 36.9238 -3
    endloop
  endfacet
  facet normal 0.41522 -0.909721 0
    outer loop
      vertex 22.8462 37.3898 -3
      vertex 23.0734 37.4935 6
      vertex 22.8462 37.3898 6
    endloop
  endfacet
  facet normal 0.41522 -0.909721 0
    outer loop
      vertex 23.0734 37.4935 6
      vertex 22.8462 37.3898 -3
      vertex 23.0734 37.4935 -3
    endloop
  endfacet
  facet normal 0.592283 -0.80573 0
    outer loop
      vertex 20.9249 36.2312 -3
      vertex 21.1261 36.3791 6
      vertex 20.9249 36.2312 6
    endloop
  endfacet
  facet normal 0.592283 -0.80573 0
    outer loop
      vertex 21.1261 36.3791 6
      vertex 20.9249 36.2312 -3
      vertex 21.1261 36.3791 -3
    endloop
  endfacet
  facet normal 0.646229 -0.763143 0
    outer loop
      vertex 20.3424 35.7603 -3
      vertex 20.533 35.9217 6
      vertex 20.3424 35.7603 6
    endloop
  endfacet
  facet normal 0.646229 -0.763143 0
    outer loop
      vertex 20.533 35.9217 6
      vertex 20.3424 35.7603 -3
      vertex 20.533 35.9217 -3
    endloop
  endfacet
  facet normal -0.965728 0.259557 0
    outer loop
      vertex 38.0218 24.5407 -3
      vertex 38.0866 24.7818 6
      vertex 38.0866 24.7818 -3
    endloop
  endfacet
  facet normal -0.965728 0.259557 0
    outer loop
      vertex 38.0866 24.7818 6
      vertex 38.0218 24.5407 -3
      vertex 38.0218 24.5407 6
    endloop
  endfacet
  facet normal -0.074093 0.997251 0
    outer loop
      vertex 28.4353 16.6101 -3
      vertex 28.1863 16.5916 6
      vertex 28.4353 16.6101 6
    endloop
  endfacet
  facet normal -0.074093 0.997251 0
    outer loop
      vertex 28.1863 16.5916 6
      vertex 28.4353 16.6101 -3
      vertex 28.1863 16.5916 -3
    endloop
  endfacet
  facet normal -0.119745 0.992805 0
    outer loop
      vertex 28.9318 16.6642 -3
      vertex 28.6839 16.6343 6
      vertex 28.9318 16.6642 6
    endloop
  endfacet
  facet normal -0.119745 0.992805 0
    outer loop
      vertex 28.6839 16.6343 6
      vertex 28.9318 16.6642 -3
      vertex 28.6839 16.6343 -3
    endloop
  endfacet
  facet normal -0.688855 0.724899 0
    outer loop
      vertex 35.1175 19.6618 -3
      vertex 34.9365 19.4898 6
      vertex 35.1175 19.6618 6
    endloop
  endfacet
  facet normal -0.688855 0.724899 0
    outer loop
      vertex 34.9365 19.4898 6
      vertex 35.1175 19.6618 -3
      vertex 34.9365 19.4898 -3
    endloop
  endfacet
  facet normal -0.655068 0.75557 0
    outer loop
      vertex 34.7515 19.322 -3
      vertex 34.5628 19.1584 6
      vertex 34.7515 19.322 6
    endloop
  endfacet
  facet normal -0.655068 0.75557 0
    outer loop
      vertex 34.5628 19.1584 6
      vertex 34.7515 19.322 -3
      vertex 34.5628 19.1584 -3
    endloop
  endfacet
  facet normal -0.564641 0.825337 0
    outer loop
      vertex 33.772 18.5487 -3
      vertex 33.5659 18.4077 6
      vertex 33.772 18.5487 6
    endloop
  endfacet
  facet normal -0.564641 0.825337 0
    outer loop
      vertex 33.5659 18.4077 6
      vertex 33.772 18.5487 -3
      vertex 33.5659 18.4077 -3
    endloop
  endfacet
  facet normal -0.545425 0.83816 0
    outer loop
      vertex 33.5659 18.4077 -3
      vertex 33.3566 18.2715 6
      vertex 33.5659 18.4077 6
    endloop
  endfacet
  facet normal -0.545425 0.83816 0
    outer loop
      vertex 33.3566 18.2715 6
      vertex 33.5659 18.4077 -3
      vertex 33.3566 18.2715 -3
    endloop
  endfacet
  facet normal 0.265082 0.964226 -0
    outer loop
      vertex 24.7214 16.9291 -3
      vertex 24.4806 16.9953 6
      vertex 24.7214 16.9291 6
    endloop
  endfacet
  facet normal 0.265082 0.964226 0
    outer loop
      vertex 24.4806 16.9953 6
      vertex 24.7214 16.9291 -3
      vertex 24.4806 16.9953 -3
    endloop
  endfacet
  facet normal 0.573865 0.81895 -0
    outer loop
      vertex 21.3306 18.4776 -3
      vertex 21.1261 18.6209 6
      vertex 21.3306 18.4776 6
    endloop
  endfacet
  facet normal 0.573865 0.81895 0
    outer loop
      vertex 21.1261 18.6209 6
      vertex 21.3306 18.4776 -3
      vertex 21.1261 18.6209 -3
    endloop
  endfacet
  facet normal 0.592283 0.80573 -0
    outer loop
      vertex 21.1261 18.6209 -3
      vertex 20.9249 18.7688 6
      vertex 21.1261 18.6209 6
    endloop
  endfacet
  facet normal 0.592283 0.80573 0
    outer loop
      vertex 20.9249 18.7688 6
      vertex 21.1261 18.6209 -3
      vertex 20.9249 18.7688 -3
    endloop
  endfacet
  facet normal -0.998359 -0.0572665 0
    outer loop
      vertex 38.4186 27.9993 -3
      vertex 38.4043 28.2486 6
      vertex 38.4043 28.2486 -3
    endloop
  endfacet
  facet normal -0.998359 -0.0572665 0
    outer loop
      vertex 38.4043 28.2486 6
      vertex 38.4186 27.9993 -3
      vertex 38.4186 27.9993 6
    endloop
  endfacet
  facet normal -0.992117 -0.125316 0
    outer loop
      vertex 38.3588 28.7459 -3
      vertex 38.3275 28.9937 6
      vertex 38.3275 28.9937 -3
    endloop
  endfacet
  facet normal -0.992117 -0.125316 0
    outer loop
      vertex 38.3275 28.9937 6
      vertex 38.3588 28.7459 -3
      vertex 38.3588 28.7459 6
    endloop
  endfacet
  facet normal -0.985335 -0.170631 0
    outer loop
      vertex 38.2905 29.2407 -3
      vertex 38.2479 29.4867 6
      vertex 38.2479 29.4867 -3
    endloop
  endfacet
  facet normal -0.985335 -0.170631 0
    outer loop
      vertex 38.2479 29.4867 6
      vertex 38.2905 29.2407 -3
      vertex 38.2905 29.2407 6
    endloop
  endfacet
  facet normal -0.988966 -0.148145 0
    outer loop
      vertex 38.3275 28.9937 -3
      vertex 38.2905 29.2407 6
      vertex 38.2905 29.2407 -3
    endloop
  endfacet
  facet normal -0.988966 -0.148145 0
    outer loop
      vertex 38.2905 29.2407 6
      vertex 38.3275 28.9937 -3
      vertex 38.3275 28.9937 6
    endloop
  endfacet
  facet normal -0.921183 -0.389131 0
    outer loop
      vertex 37.6158 31.6394 -3
      vertex 37.5186 31.8695 6
      vertex 37.5186 31.8695 -3
    endloop
  endfacet
  facet normal -0.921183 -0.389131 0
    outer loop
      vertex 37.5186 31.8695 6
      vertex 37.6158 31.6394 -3
      vertex 37.6158 31.6394 6
    endloop
  endfacet
  facet normal -0.945637 -0.325225 0
    outer loop
      vertex 37.8756 30.9369 -3
      vertex 37.7944 31.173 6
      vertex 37.7944 31.173 -3
    endloop
  endfacet
  facet normal -0.945637 -0.325225 0
    outer loop
      vertex 37.7944 31.173 6
      vertex 37.8756 30.9369 -3
      vertex 37.8756 30.9369 6
    endloop
  endfacet
  facet normal -0.929687 -0.368351 0
    outer loop
      vertex 37.7078 31.4072 -3
      vertex 37.6158 31.6394 6
      vertex 37.6158 31.6394 -3
    endloop
  endfacet
  facet normal -0.929687 -0.368351 0
    outer loop
      vertex 37.6158 31.6394 6
      vertex 37.7078 31.4072 -3
      vertex 37.7078 31.4072 6
    endloop
  endfacet
  facet normal -0.952842 -0.303468 0
    outer loop
      vertex 37.9514 30.6989 -3
      vertex 37.8756 30.9369 6
      vertex 37.8756 30.9369 -3
    endloop
  endfacet
  facet normal -0.952842 -0.303468 0
    outer loop
      vertex 37.8756 30.9369 6
      vertex 37.9514 30.6989 -3
      vertex 37.9514 30.6989 6
    endloop
  endfacet
  facet normal -0.971309 -0.237822 0
    outer loop
      vertex 38.146 29.9756 -3
      vertex 38.0866 30.2182 6
      vertex 38.0866 30.2182 -3
    endloop
  endfacet
  facet normal -0.971309 -0.237822 0
    outer loop
      vertex 38.0866 30.2182 6
      vertex 38.146 29.9756 -3
      vertex 38.146 29.9756 6
    endloop
  endfacet
  facet normal -0.959442 -0.281906 0
    outer loop
      vertex 38.0218 30.4593 -3
      vertex 37.9514 30.6989 6
      vertex 37.9514 30.6989 -3
    endloop
  endfacet
  facet normal -0.959442 -0.281906 0
    outer loop
      vertex 37.9514 30.6989 6
      vertex 38.0218 30.4593 -3
      vertex 38.0218 30.4593 6
    endloop
  endfacet
  facet normal -0.976609 -0.215022 0
    outer loop
      vertex 38.1997 29.7317 -3
      vertex 38.146 29.9756 6
      vertex 38.146 29.9756 -3
    endloop
  endfacet
  facet normal -0.976609 -0.215022 0
    outer loop
      vertex 38.146 29.9756 6
      vertex 38.1997 29.7317 -3
      vertex 38.1997 29.7317 6
    endloop
  endfacet
  facet normal -0.892255 -0.451532 0
    outer loop
      vertex 37.3086 32.3225 -3
      vertex 37.1958 32.5454 6
      vertex 37.1958 32.5454 -3
    endloop
  endfacet
  facet normal -0.892255 -0.451532 0
    outer loop
      vertex 37.1958 32.5454 6
      vertex 37.3086 32.3225 -3
      vertex 37.3086 32.3225 6
    endloop
  endfacet
  facet normal -0.870697 -0.49182 0
    outer loop
      vertex 37.078 32.7656 -3
      vertex 36.9552 32.983 6
      vertex 36.9552 32.983 -3
    endloop
  endfacet
  facet normal -0.870697 -0.49182 0
    outer loop
      vertex 36.9552 32.983 6
      vertex 37.078 32.7656 -3
      vertex 37.078 32.7656 6
    endloop
  endfacet
  facet normal -0.847368 -0.531006 0
    outer loop
      vertex 36.8275 33.1976 -3
      vertex 36.6949 33.4092 6
      vertex 36.6949 33.4092 -3
    endloop
  endfacet
  facet normal -0.847368 -0.531006 0
    outer loop
      vertex 36.6949 33.4092 6
      vertex 36.8275 33.1976 -3
      vertex 36.8275 33.1976 6
    endloop
  endfacet
  facet normal -0.766808 -0.641876 0
    outer loop
      vertex 35.9614 34.4188 -3
      vertex 35.8011 34.6103 6
      vertex 35.8011 34.6103 -3
    endloop
  endfacet
  facet normal -0.766808 -0.641876 0
    outer loop
      vertex 35.8011 34.6103 6
      vertex 35.9614 34.4188 -3
      vertex 35.9614 34.4188 6
    endloop
  endfacet
  facet normal -0.795266 -0.60626 0
    outer loop
      vertex 36.2686 34.0251 -3
      vertex 36.1172 34.2237 6
      vertex 36.1172 34.2237 -3
    endloop
  endfacet
  facet normal -0.795266 -0.60626 0
    outer loop
      vertex 36.1172 34.2237 6
      vertex 36.2686 34.0251 -3
      vertex 36.2686 34.0251 6
    endloop
  endfacet
  facet normal -0.781416 -0.624011 0
    outer loop
      vertex 36.1172 34.2237 -3
      vertex 35.9614 34.4188 6
      vertex 35.9614 34.4188 -3
    endloop
  endfacet
  facet normal -0.781416 -0.624011 0
    outer loop
      vertex 35.9614 34.4188 6
      vertex 36.1172 34.2237 -3
      vertex 36.1172 34.2237 6
    endloop
  endfacet
  facet normal -0.808944 -0.587886 0
    outer loop
      vertex 36.4154 33.8231 -3
      vertex 36.2686 34.0251 6
      vertex 36.2686 34.0251 -3
    endloop
  endfacet
  facet normal -0.808944 -0.587886 0
    outer loop
      vertex 36.2686 34.0251 6
      vertex 36.4154 33.8231 -3
      vertex 36.4154 33.8231 6
    endloop
  endfacet
  facet normal -0.752031 -0.659128 0
    outer loop
      vertex 35.8011 34.6103 -3
      vertex 35.6365 34.7981 6
      vertex 35.6365 34.7981 -3
    endloop
  endfacet
  facet normal -0.752031 -0.659128 0
    outer loop
      vertex 35.6365 34.7981 6
      vertex 35.8011 34.6103 -3
      vertex 35.8011 34.6103 6
    endloop
  endfacet
  facet normal -0.721179 -0.692749 0
    outer loop
      vertex 35.4676 34.9821 -3
      vertex 35.2946 35.1622 6
      vertex 35.2946 35.1622 -3
    endloop
  endfacet
  facet normal -0.721179 -0.692749 0
    outer loop
      vertex 35.2946 35.1622 6
      vertex 35.4676 34.9821 -3
      vertex 35.4676 34.9821 6
    endloop
  endfacet
  facet normal -0.736689 -0.676232 0
    outer loop
      vertex 35.6365 34.7981 -3
      vertex 35.4676 34.9821 6
      vertex 35.4676 34.9821 -3
    endloop
  endfacet
  facet normal -0.736689 -0.676232 0
    outer loop
      vertex 35.4676 34.9821 6
      vertex 35.6365 34.7981 -3
      vertex 35.6365 34.7981 6
    endloop
  endfacet
  facet normal -0.704901 -0.709306 0
    outer loop
      vertex 35.1175 35.3382 -3
      vertex 35.2946 35.1622 6
      vertex 35.1175 35.3382 6
    endloop
  endfacet
  facet normal -0.704901 -0.709306 -0
    outer loop
      vertex 35.2946 35.1622 6
      vertex 35.1175 35.3382 -3
      vertex 35.2946 35.1622 -3
    endloop
  endfacet
  facet normal -0.671835 -0.740701 0
    outer loop
      vertex 34.7515 35.678 -3
      vertex 34.9365 35.5102 6
      vertex 34.7515 35.678 6
    endloop
  endfacet
  facet normal -0.671835 -0.740701 -0
    outer loop
      vertex 34.9365 35.5102 6
      vertex 34.7515 35.678 -3
      vertex 34.9365 35.5102 -3
    endloop
  endfacet
  facet normal -0.601473 -0.798893 0
    outer loop
      vertex 33.9749 36.3057 -3
      vertex 34.1744 36.1555 6
      vertex 33.9749 36.3057 6
    endloop
  endfacet
  facet normal -0.601473 -0.798893 -0
    outer loop
      vertex 34.1744 36.1555 6
      vertex 33.9749 36.3057 -3
      vertex 34.1744 36.1555 -3
    endloop
  endfacet
  facet normal -0.583017 -0.81246 0
    outer loop
      vertex 33.772 36.4513 -3
      vertex 33.9749 36.3057 6
      vertex 33.772 36.4513 6
    endloop
  endfacet
  facet normal -0.583017 -0.81246 -0
    outer loop
      vertex 33.9749 36.3057 6
      vertex 33.772 36.4513 -3
      vertex 33.9749 36.3057 -3
    endloop
  endfacet
  facet normal -0.425778 -0.904828 0
    outer loop
      vertex 32.0405 37.4423 -3
      vertex 32.2664 37.336 6
      vertex 32.0405 37.4423 6
    endloop
  endfacet
  facet normal -0.425778 -0.904828 -0
    outer loop
      vertex 32.2664 37.336 6
      vertex 32.0405 37.4423 -3
      vertex 32.2664 37.336 -3
    endloop
  endfacet
  facet normal -0.446413 -0.894827 0
    outer loop
      vertex 32.2664 37.336 -3
      vertex 32.4899 37.2245 6
      vertex 32.2664 37.336 6
    endloop
  endfacet
  facet normal -0.446413 -0.894827 -0
    outer loop
      vertex 32.4899 37.2245 6
      vertex 32.2664 37.336 -3
      vertex 32.4899 37.2245 -3
    endloop
  endfacet
  facet normal -0.404912 -0.914356 0
    outer loop
      vertex 31.8122 37.5434 -3
      vertex 32.0405 37.4423 6
      vertex 31.8122 37.5434 6
    endloop
  endfacet
  facet normal -0.404912 -0.914356 -0
    outer loop
      vertex 32.0405 37.4423 6
      vertex 31.8122 37.5434 -3
      vertex 32.0405 37.4423 -3
    endloop
  endfacet
  facet normal -0.466489 -0.884527 0
    outer loop
      vertex 32.4899 37.2245 -3
      vertex 32.7108 37.108 6
      vertex 32.4899 37.2245 6
    endloop
  endfacet
  facet normal -0.466489 -0.884527 -0
    outer loop
      vertex 32.7108 37.108 6
      vertex 32.4899 37.2245 -3
      vertex 32.7108 37.108 -3
    endloop
  endfacet
  facet normal -0.506583 -0.862191 0
    outer loop
      vertex 32.9289 36.9864 -3
      vertex 33.1442 36.8599 6
      vertex 32.9289 36.9864 6
    endloop
  endfacet
  facet normal -0.506583 -0.862191 -0
    outer loop
      vertex 33.1442 36.8599 6
      vertex 32.9289 36.9864 -3
      vertex 33.1442 36.8599 -3
    endloop
  endfacet
  facet normal -0.486968 -0.87342 0
    outer loop
      vertex 32.7108 37.108 -3
      vertex 32.9289 36.9864 6
      vertex 32.7108 37.108 6
    endloop
  endfacet
  facet normal -0.486968 -0.87342 -0
    outer loop
      vertex 32.9289 36.9864 6
      vertex 32.7108 37.108 -3
      vertex 32.9289 36.9864 -3
    endloop
  endfacet
  facet normal -0.526106 -0.850419 0
    outer loop
      vertex 33.1442 36.8599 -3
      vertex 33.3566 36.7285 6
      vertex 33.1442 36.8599 6
    endloop
  endfacet
  facet normal -0.526106 -0.850419 -0
    outer loop
      vertex 33.3566 36.7285 6
      vertex 33.1442 36.8599 -3
      vertex 33.3566 36.7285 -3
    endloop
  endfacet
  facet normal -0.341582 -0.939852 0
    outer loop
      vertex 31.1142 37.8152 -3
      vertex 31.3489 37.7299 6
      vertex 31.1142 37.8152 6
    endloop
  endfacet
  facet normal -0.341582 -0.939852 -0
    outer loop
      vertex 31.3489 37.7299 6
      vertex 31.1142 37.8152 -3
      vertex 31.3489 37.7299 -3
    endloop
  endfacet
  facet normal -0.362813 -0.931862 0
    outer loop
      vertex 31.3489 37.7299 -3
      vertex 31.5816 37.6393 6
      vertex 31.3489 37.7299 6
    endloop
  endfacet
  facet normal -0.362813 -0.931862 -0
    outer loop
      vertex 31.5816 37.6393 6
      vertex 31.3489 37.7299 -3
      vertex 31.5816 37.6393 -3
    endloop
  endfacet
  facet normal -0.298275 -0.95448 0
    outer loop
      vertex 30.6392 37.9695 -3
      vertex 30.8776 37.895 6
      vertex 30.6392 37.9695 6
    endloop
  endfacet
  facet normal -0.298275 -0.95448 -0
    outer loop
      vertex 30.8776 37.895 6
      vertex 30.6392 37.9695 -3
      vertex 30.8776 37.895 -3
    endloop
  endfacet
  facet normal -0.31959 -0.947556 0
    outer loop
      vertex 30.8776 37.895 -3
      vertex 31.1142 37.8152 6
      vertex 30.8776 37.895 6
    endloop
  endfacet
  facet normal -0.31959 -0.947556 -0
    outer loop
      vertex 31.1142 37.8152 6
      vertex 30.8776 37.895 -3
      vertex 31.1142 37.8152 -3
    endloop
  endfacet
  facet normal -0.254296 -0.967126 0
    outer loop
      vertex 30.1577 38.102 -3
      vertex 30.3992 38.0385 6
      vertex 30.1577 38.102 6
    endloop
  endfacet
  facet normal -0.254296 -0.967126 -0
    outer loop
      vertex 30.3992 38.0385 6
      vertex 30.1577 38.102 -3
      vertex 30.3992 38.0385 -3
    endloop
  endfacet
  facet normal 1 -0 0
    outer loop
      vertex 16.5707 27.3751 6
      vertex 16.5707 27.6249 -3
      vertex 16.5707 27.6249 6
    endloop
  endfacet
  facet normal 1 0 0
    outer loop
      vertex 16.5707 27.6249 -3
      vertex 16.5707 27.3751 6
      vertex 16.5707 27.3751 -3
    endloop
  endfacet
  facet normal 0.941869 -0.335981 0
    outer loop
      vertex 17.1644 31.0552 6
      vertex 17.2483 31.2904 -3
      vertex 17.2483 31.2904 6
    endloop
  endfacet
  facet normal 0.941869 -0.335981 0
    outer loop
      vertex 17.2483 31.2904 -3
      vertex 17.1644 31.0552 6
      vertex 17.1644 31.0552 -3
    endloop
  endfacet
  facet normal 0.934005 -0.357261 0
    outer loop
      vertex 17.2483 31.2904 6
      vertex 17.3375 31.5236 -3
      vertex 17.3375 31.5236 6
    endloop
  endfacet
  facet normal 0.934005 -0.357261 0
    outer loop
      vertex 17.3375 31.5236 -3
      vertex 17.2483 31.2904 6
      vertex 17.2483 31.2904 -3
    endloop
  endfacet
  facet normal 0.987215 -0.159396 0
    outer loop
      vertex 16.6903 29.1173 6
      vertex 16.7301 29.3638 -3
      vertex 16.7301 29.3638 6
    endloop
  endfacet
  facet normal 0.987215 -0.159396 0
    outer loop
      vertex 16.7301 29.3638 -3
      vertex 16.6903 29.1173 6
      vertex 16.6903 29.1173 -3
    endloop
  endfacet
  facet normal 0.997652 -0.068486 0
    outer loop
      vertex 16.5878 28.124 6
      vertex 16.6049 28.3731 -3
      vertex 16.6049 28.3731 6
    endloop
  endfacet
  facet normal 0.997652 -0.068486 0
    outer loop
      vertex 16.6049 28.3731 -3
      vertex 16.5878 28.124 6
      vertex 16.5878 28.124 -3
    endloop
  endfacet
  facet normal 0.956202 -0.292707 0
    outer loop
      vertex 17.0127 30.5793 6
      vertex 17.0858 30.8181 -3
      vertex 17.0858 30.8181 6
    endloop
  endfacet
  facet normal 0.956202 -0.292707 0
    outer loop
      vertex 17.0858 30.8181 -3
      vertex 17.0127 30.5793 6
      vertex 17.0127 30.5793 -3
    endloop
  endfacet
  facet normal 0.949202 -0.314666 0
    outer loop
      vertex 17.0858 30.8181 6
      vertex 17.1644 31.0552 -3
      vertex 17.1644 31.0552 6
    endloop
  endfacet
  facet normal 0.949202 -0.314666 0
    outer loop
      vertex 17.1644 31.0552 -3
      vertex 17.0858 30.8181 6
      vertex 17.0858 30.8181 -3
    endloop
  endfacet
  facet normal 0.968567 -0.248751 0
    outer loop
      vertex 16.883 30.0971 6
      vertex 16.9451 30.3389 -3
      vertex 16.9451 30.3389 6
    endloop
  endfacet
  facet normal 0.968567 -0.248751 0
    outer loop
      vertex 16.9451 30.3389 -3
      vertex 16.883 30.0971 6
      vertex 16.883 30.0971 -3
    endloop
  endfacet
  facet normal 0.897371 -0.441277 0
    outer loop
      vertex 17.637 32.2102 6
      vertex 17.7472 32.4343 -3
      vertex 17.7472 32.4343 6
    endloop
  endfacet
  facet normal 0.897371 -0.441277 0
    outer loop
      vertex 17.7472 32.4343 -3
      vertex 17.637 32.2102 6
      vertex 17.637 32.2102 -3
    endloop
  endfacet
  facet normal 0.853331 -0.521369 0
    outer loop
      vertex 18.108 33.0907 6
      vertex 18.2382 33.3038 -3
      vertex 18.2382 33.3038 6
    endloop
  endfacet
  facet normal 0.853331 -0.521369 0
    outer loop
      vertex 18.2382 33.3038 -3
      vertex 18.108 33.0907 6
      vertex 18.108 33.0907 -3
    endloop
  endfacet
  facet normal 0.865097 -0.501604 0
    outer loop
      vertex 17.9827 32.8746 6
      vertex 18.108 33.0907 -3
      vertex 18.108 33.0907 6
    endloop
  endfacet
  facet normal 0.865097 -0.501604 0
    outer loop
      vertex 18.108 33.0907 -3
      vertex 17.9827 32.8746 6
      vertex 17.9827 32.8746 -3
    endloop
  endfacet
  facet normal 0.887184 -0.461416 0
    outer loop
      vertex 17.7472 32.4343 6
      vertex 17.8624 32.6558 -3
      vertex 17.8624 32.6558 6
    endloop
  endfacet
  facet normal 0.887184 -0.461416 0
    outer loop
      vertex 17.8624 32.6558 -3
      vertex 17.7472 32.4343 6
      vertex 17.7472 32.4343 -3
    endloop
  endfacet
  facet normal 0.907173 -0.420758 0
    outer loop
      vertex 17.5319 31.9836 6
      vertex 17.637 32.2102 -3
      vertex 17.637 32.2102 6
    endloop
  endfacet
  facet normal 0.907173 -0.420758 0
    outer loop
      vertex 17.637 32.2102 -3
      vertex 17.5319 31.9836 6
      vertex 17.5319 31.9836 -3
    endloop
  endfacet
  facet normal 0.728788 -0.68474 0
    outer loop
      vertex 19.4474 34.8906 6
      vertex 19.6184 35.0726 -3
      vertex 19.6184 35.0726 6
    endloop
  endfacet
  facet normal 0.728788 -0.68474 0
    outer loop
      vertex 19.6184 35.0726 -3
      vertex 19.4474 34.8906 6
      vertex 19.4474 34.8906 -3
    endloop
  endfacet
  facet normal 0.759454 -0.650561 0
    outer loop
      vertex 19.1182 34.515 6
      vertex 19.2807 34.7047 -3
      vertex 19.2807 34.7047 6
    endloop
  endfacet
  facet normal 0.759454 -0.650561 0
    outer loop
      vertex 19.2807 34.7047 -3
      vertex 19.1182 34.515 6
      vertex 19.1182 34.515 -3
    endloop
  endfacet
  facet normal 0.744508 -0.667614 0
    outer loop
      vertex 19.2807 34.7047 6
      vertex 19.4474 34.8906 -3
      vertex 19.4474 34.8906 6
    endloop
  endfacet
  facet normal 0.744508 -0.667614 0
    outer loop
      vertex 19.4474 34.8906 -3
      vertex 19.2807 34.7047 6
      vertex 19.2807 34.7047 -3
    endloop
  endfacet
  facet normal 0.774064 -0.633107 0
    outer loop
      vertex 18.9601 34.3217 6
      vertex 19.1182 34.515 -3
      vertex 19.1182 34.515 6
    endloop
  endfacet
  facet normal 0.774064 -0.633107 0
    outer loop
      vertex 19.1182 34.515 -3
      vertex 18.9601 34.3217 6
      vertex 18.9601 34.3217 -3
    endloop
  endfacet
  facet normal 0.788467 -0.615077 0
    outer loop
      vertex 18.8065 34.1248 6
      vertex 18.9601 34.3217 -3
      vertex 18.9601 34.3217 6
    endloop
  endfacet
  facet normal 0.788467 -0.615077 0
    outer loop
      vertex 18.9601 34.3217 -3
      vertex 18.8065 34.1248 6
      vertex 18.8065 34.1248 -3
    endloop
  endfacet
  facet normal 0.330725 -0.943727 0
    outer loop
      vertex 23.7682 37.7732 -3
      vertex 24.0039 37.8558 6
      vertex 23.7682 37.7732 6
    endloop
  endfacet
  facet normal 0.330725 -0.943727 0
    outer loop
      vertex 24.0039 37.8558 6
      vertex 23.7682 37.7732 -3
      vertex 24.0039 37.8558 -3
    endloop
  endfacet
  facet normal 0.220998 -0.975274 0
    outer loop
      vertex 24.9636 38.1316 -3
      vertex 25.2072 38.1868 6
      vertex 24.9636 38.1316 6
    endloop
  endfacet
  facet normal 0.220998 -0.975274 0
    outer loop
      vertex 25.2072 38.1868 6
      vertex 24.9636 38.1316 -3
      vertex 25.2072 38.1868 -3
    endloop
  endfacet
  facet normal 0.243101 -0.970001 0
    outer loop
      vertex 24.7214 38.0709 -3
      vertex 24.9636 38.1316 6
      vertex 24.7214 38.0709 6
    endloop
  endfacet
  facet normal 0.243101 -0.970001 0
    outer loop
      vertex 24.9636 38.1316 6
      vertex 24.7214 38.0709 -3
      vertex 24.9636 38.1316 -3
    endloop
  endfacet
  facet normal 0.265082 -0.964226 0
    outer loop
      vertex 24.4806 38.0047 -3
      vertex 24.7214 38.0709 6
      vertex 24.4806 38.0047 6
    endloop
  endfacet
  facet normal 0.265082 -0.964226 0
    outer loop
      vertex 24.7214 38.0709 6
      vertex 24.4806 38.0047 -3
      vertex 24.7214 38.0709 -3
    endloop
  endfacet
  facet normal 0.309131 -0.951019 0
    outer loop
      vertex 24.0039 37.8558 -3
      vertex 24.2414 37.933 6
      vertex 24.0039 37.8558 6
    endloop
  endfacet
  facet normal 0.309131 -0.951019 0
    outer loop
      vertex 24.2414 37.933 6
      vertex 24.0039 37.8558 -3
      vertex 24.2414 37.933 -3
    endloop
  endfacet
  facet normal 0.352045 -0.935983 0
    outer loop
      vertex 23.5345 37.6853 -3
      vertex 23.7682 37.7732 6
      vertex 23.5345 37.6853 6
    endloop
  endfacet
  facet normal 0.352045 -0.935983 0
    outer loop
      vertex 23.7682 37.7732 6
      vertex 23.5345 37.6853 -3
      vertex 23.7682 37.7732 -3
    endloop
  endfacet
  facet normal 0.476915 -0.878949 0
    outer loop
      vertex 22.1798 37.0478 -3
      vertex 22.3993 37.1669 6
      vertex 22.1798 37.0478 6
    endloop
  endfacet
  facet normal 0.476915 -0.878949 0
    outer loop
      vertex 22.3993 37.1669 6
      vertex 22.1798 37.0478 -3
      vertex 22.3993 37.1669 -3
    endloop
  endfacet
  facet normal 0.496656 -0.867947 0
    outer loop
      vertex 21.9631 36.9238 -3
      vertex 22.1798 37.0478 6
      vertex 21.9631 36.9238 6
    endloop
  endfacet
  facet normal 0.496656 -0.867947 0
    outer loop
      vertex 22.1798 37.0478 6
      vertex 21.9631 36.9238 -3
      vertex 22.1798 37.0478 -3
    endloop
  endfacet
  facet normal 0.456479 -0.889734 0
    outer loop
      vertex 22.3993 37.1669 -3
      vertex 22.6215 37.2809 6
      vertex 22.3993 37.1669 6
    endloop
  endfacet
  facet normal 0.456479 -0.889734 0
    outer loop
      vertex 22.6215 37.2809 6
      vertex 22.3993 37.1669 -3
      vertex 22.6215 37.2809 -3
    endloop
  endfacet
  facet normal 0.394402 -0.918938 0
    outer loop
      vertex 23.0734 37.4935 -3
      vertex 23.3029 37.592 6
      vertex 23.0734 37.4935 6
    endloop
  endfacet
  facet normal 0.394402 -0.918938 0
    outer loop
      vertex 23.3029 37.592 6
      vertex 23.0734 37.4935 -3
      vertex 23.3029 37.592 -3
    endloop
  endfacet
  facet normal 0.628691 -0.777655 0
    outer loop
      vertex 20.533 35.9217 -3
      vertex 20.7272 36.0787 6
      vertex 20.533 35.9217 6
    endloop
  endfacet
  facet normal 0.628691 -0.777655 0
    outer loop
      vertex 20.7272 36.0787 6
      vertex 20.533 35.9217 -3
      vertex 20.7272 36.0787 -3
    endloop
  endfacet
  facet normal 0.610775 -0.791804 0
    outer loop
      vertex 20.7272 36.0787 -3
      vertex 20.9249 36.2312 6
      vertex 20.7272 36.0787 6
    endloop
  endfacet
  facet normal 0.610775 -0.791804 0
    outer loop
      vertex 20.9249 36.2312 6
      vertex 20.7272 36.0787 -3
      vertex 20.9249 36.2312 -3
    endloop
  endfacet
  facet normal 0.573865 -0.81895 0
    outer loop
      vertex 21.1261 36.3791 -3
      vertex 21.3306 36.5224 6
      vertex 21.1261 36.3791 6
    endloop
  endfacet
  facet normal 0.573865 -0.81895 0
    outer loop
      vertex 21.3306 36.5224 6
      vertex 21.1261 36.3791 -3
      vertex 21.3306 36.5224 -3
    endloop
  endfacet
  facet normal 0.68039 -0.732851 0
    outer loop
      vertex 19.9725 35.4248 -3
      vertex 20.1555 35.5947 6
      vertex 19.9725 35.4248 6
    endloop
  endfacet
  facet normal 0.68039 -0.732851 0
    outer loop
      vertex 20.1555 35.5947 6
      vertex 19.9725 35.4248 -3
      vertex 20.1555 35.5947 -3
    endloop
  endfacet
  facet normal 0.66317 -0.748469 0
    outer loop
      vertex 20.1555 35.5947 -3
      vertex 20.3424 35.7603 6
      vertex 20.1555 35.5947 6
    endloop
  endfacet
  facet normal 0.66317 -0.748469 0
    outer loop
      vertex 20.3424 35.7603 6
      vertex 20.1555 35.5947 -3
      vertex 20.3424 35.7603 -3
    endloop
  endfacet
  facet normal 0.697027 -0.717045 0
    outer loop
      vertex 19.7934 35.2507 -3
      vertex 19.9725 35.4248 6
      vertex 19.7934 35.2507 6
    endloop
  endfacet
  facet normal 0.697027 -0.717045 0
    outer loop
      vertex 19.9725 35.4248 6
      vertex 19.7934 35.2507 -3
      vertex 19.9725 35.4248 -3
    endloop
  endfacet
  facet normal -0.999933 -0.0116132 0
    outer loop
      vertex 38.43 27.5 -3
      vertex 38.4271 27.7497 6
      vertex 38.4271 27.7497 -3
    endloop
  endfacet
  facet normal -0.999933 -0.0116132 0
    outer loop
      vertex 38.4271 27.7497 6
      vertex 38.43 27.5 -3
      vertex 38.43 27.5 6
    endloop
  endfacet
  facet normal -0.028434 0.999596 0
    outer loop
      vertex 27.9369 16.5787 -3
      vertex 27.6873 16.5716 6
      vertex 27.9369 16.5787 6
    endloop
  endfacet
  facet normal -0.028434 0.999596 0
    outer loop
      vertex 27.6873 16.5716 6
      vertex 27.9369 16.5787 -3
      vertex 27.6873 16.5716 -3
    endloop
  endfacet
  facet normal -0.994731 0.102517 0
    outer loop
      vertex 38.3588 26.2541 -3
      vertex 38.3844 26.5025 6
      vertex 38.3844 26.5025 -3
    endloop
  endfacet
  facet normal -0.994731 0.102517 0
    outer loop
      vertex 38.3844 26.5025 6
      vertex 38.3588 26.2541 -3
      vertex 38.3588 26.2541 6
    endloop
  endfacet
  facet normal -0.998359 0.0572665 0
    outer loop
      vertex 38.4043 26.7514 -3
      vertex 38.4186 27.0007 6
      vertex 38.4186 27.0007 -3
    endloop
  endfacet
  facet normal -0.998359 0.0572665 0
    outer loop
      vertex 38.4186 27.0007 6
      vertex 38.4043 26.7514 -3
      vertex 38.4043 26.7514 6
    endloop
  endfacet
  facet normal -0.952832 0.303498 0
    outer loop
      vertex 37.8876 24.1008 -3
      vertex 37.9514 24.3011 6
      vertex 37.9514 24.3011 -3
    endloop
  endfacet
  facet normal -0.952832 0.303498 0
    outer loop
      vertex 37.9514 24.3011 6
      vertex 37.8876 24.1008 -3
      vertex 37.8876 24.1008 6
    endloop
  endfacet
  facet normal -0.976609 0.215022 0
    outer loop
      vertex 38.146 25.0244 -3
      vertex 38.1997 25.2683 6
      vertex 38.1997 25.2683 -3
    endloop
  endfacet
  facet normal -0.976609 0.215022 0
    outer loop
      vertex 38.1997 25.2683 6
      vertex 38.146 25.0244 -3
      vertex 38.146 25.0244 6
    endloop
  endfacet
  facet normal -0.981192 0.193035 0
    outer loop
      vertex 38.1997 25.2683 -3
      vertex 38.2479 25.5133 6
      vertex 38.2479 25.5133 -3
    endloop
  endfacet
  facet normal -0.981192 0.193035 0
    outer loop
      vertex 38.2479 25.5133 6
      vertex 38.1997 25.2683 -3
      vertex 38.1997 25.2683 6
    endloop
  endfacet
  facet normal -0.164983 0.986296 0
    outer loop
      vertex 29.4253 16.7409 -3
      vertex 29.179 16.6997 6
      vertex 29.4253 16.7409 6
    endloop
  endfacet
  facet normal -0.164983 0.986296 0
    outer loop
      vertex 29.179 16.6997 6
      vertex 29.4253 16.7409 -3
      vertex 29.179 16.6997 -3
    endloop
  endfacet
  facet normal -0.187407 0.982282 0
    outer loop
      vertex 29.6706 16.7877 -3
      vertex 29.4253 16.7409 6
      vertex 29.6706 16.7877 6
    endloop
  endfacet
  facet normal -0.187407 0.982282 0
    outer loop
      vertex 29.4253 16.7409 6
      vertex 29.6706 16.7877 -3
      vertex 29.4253 16.7409 -3
    endloop
  endfacet
  facet normal -0.298275 0.95448 0
    outer loop
      vertex 30.8776 17.105 -3
      vertex 30.6392 17.0305 6
      vertex 30.8776 17.105 6
    endloop
  endfacet
  facet normal -0.298275 0.95448 0
    outer loop
      vertex 30.6392 17.0305 6
      vertex 30.8776 17.105 -3
      vertex 30.6392 17.0305 -3
    endloop
  endfacet
  facet normal -0.254296 0.967126 0
    outer loop
      vertex 30.3992 16.9615 -3
      vertex 30.1577 16.898 6
      vertex 30.3992 16.9615 6
    endloop
  endfacet
  facet normal -0.254296 0.967126 0
    outer loop
      vertex 30.1577 16.898 6
      vertex 30.3992 16.9615 -3
      vertex 30.1577 16.898 -3
    endloop
  endfacet
  facet normal -0.209803 0.977744 0
    outer loop
      vertex 29.9148 16.8401 -3
      vertex 29.6706 16.7877 6
      vertex 29.9148 16.8401 6
    endloop
  endfacet
  facet normal -0.209803 0.977744 0
    outer loop
      vertex 29.6706 16.7877 6
      vertex 29.9148 16.8401 -3
      vertex 29.6706 16.7877 -3
    endloop
  endfacet
  facet normal -0.721179 0.692749 0
    outer loop
      vertex 35.2946 19.8378 -3
      vertex 35.4676 20.0179 6
      vertex 35.4676 20.0179 -3
    endloop
  endfacet
  facet normal -0.721179 0.692749 0
    outer loop
      vertex 35.4676 20.0179 6
      vertex 35.2946 19.8378 -3
      vertex 35.2946 19.8378 6
    endloop
  endfacet
  facet normal -0.583017 0.81246 0
    outer loop
      vertex 33.9749 18.6943 -3
      vertex 33.772 18.5487 6
      vertex 33.9749 18.6943 6
    endloop
  endfacet
  facet normal -0.583017 0.81246 0
    outer loop
      vertex 33.772 18.5487 6
      vertex 33.9749 18.6943 -3
      vertex 33.772 18.5487 -3
    endloop
  endfacet
  facet normal -0.601473 0.798893 0
    outer loop
      vertex 34.1744 18.8445 -3
      vertex 33.9749 18.6943 6
      vertex 34.1744 18.8445 6
    endloop
  endfacet
  facet normal -0.601473 0.798893 0
    outer loop
      vertex 33.9749 18.6943 6
      vertex 34.1744 18.8445 -3
      vertex 33.9749 18.6943 -3
    endloop
  endfacet
  facet normal -0.6198 0.78476 0
    outer loop
      vertex 34.3704 18.9993 -3
      vertex 34.1744 18.8445 6
      vertex 34.3704 18.9993 6
    endloop
  endfacet
  facet normal -0.6198 0.78476 0
    outer loop
      vertex 34.1744 18.8445 6
      vertex 34.3704 18.9993 -3
      vertex 34.1744 18.8445 -3
    endloop
  endfacet
  facet normal -0.506583 0.862191 0
    outer loop
      vertex 33.1442 18.1401 -3
      vertex 32.9289 18.0136 6
      vertex 33.1442 18.1401 6
    endloop
  endfacet
  facet normal -0.506583 0.862191 0
    outer loop
      vertex 32.9289 18.0136 6
      vertex 33.1442 18.1401 -3
      vertex 32.9289 18.0136 -3
    endloop
  endfacet
  facet normal -0.486968 0.87342 0
    outer loop
      vertex 32.9289 18.0136 -3
      vertex 32.7108 17.892 6
      vertex 32.9289 18.0136 6
    endloop
  endfacet
  facet normal -0.486968 0.87342 0
    outer loop
      vertex 32.7108 17.892 6
      vertex 32.9289 18.0136 -3
      vertex 32.7108 17.892 -3
    endloop
  endfacet
  facet normal -0.404912 0.914356 0
    outer loop
      vertex 32.0405 17.5577 -3
      vertex 31.8122 17.4566 6
      vertex 32.0405 17.5577 6
    endloop
  endfacet
  facet normal -0.404912 0.914356 0
    outer loop
      vertex 31.8122 17.4566 6
      vertex 32.0405 17.5577 -3
      vertex 31.8122 17.4566 -3
    endloop
  endfacet
  facet normal -0.752577 0.658505 0
    outer loop
      vertex 35.6365 20.2019 -3
      vertex 35.6379 20.2035 6
      vertex 35.6379 20.2035 -3
    endloop
  endfacet
  facet normal -0.752577 0.658505 0
    outer loop
      vertex 35.6379 20.2035 6
      vertex 35.6365 20.2019 -3
      vertex 35.6365 20.2019 6
    endloop
  endfacet
  facet normal -0.00560664 0.999984 0
    outer loop
      vertex 27.6873 16.5716 -3
      vertex 27.4376 16.5702 6
      vertex 27.6873 16.5716 6
    endloop
  endfacet
  facet normal -0.00560664 0.999984 0
    outer loop
      vertex 27.4376 16.5702 6
      vertex 27.6873 16.5716 -3
      vertex 27.4376 16.5702 -3
    endloop
  endfacet
  facet normal 0.373668 0.927562 -0
    outer loop
      vertex 23.5345 17.3147 -3
      vertex 23.3029 17.408 6
      vertex 23.5345 17.3147 6
    endloop
  endfacet
  facet normal 0.373668 0.927562 0
    outer loop
      vertex 23.3029 17.408 6
      vertex 23.5345 17.3147 -3
      vertex 23.3029 17.408 -3
    endloop
  endfacet
  facet normal 0.176206 0.984353 -0
    outer loop
      vertex 25.6977 16.7196 -3
      vertex 25.4519 16.7636 6
      vertex 25.6977 16.7196 6
    endloop
  endfacet
  facet normal 0.176206 0.984353 0
    outer loop
      vertex 25.4519 16.7636 6
      vertex 25.6977 16.7196 -3
      vertex 25.4519 16.7636 -3
    endloop
  endfacet
  facet normal 0.153351 0.988172 -0
    outer loop
      vertex 25.9445 16.6813 -3
      vertex 25.6977 16.7196 6
      vertex 25.9445 16.6813 6
    endloop
  endfacet
  facet normal 0.153351 0.988172 0
    outer loop
      vertex 25.6977 16.7196 6
      vertex 25.9445 16.6813 -3
      vertex 25.6977 16.7196 -3
    endloop
  endfacet
  facet normal 0.131324 0.991339 -0
    outer loop
      vertex 26.1921 16.6485 -3
      vertex 25.9445 16.6813 6
      vertex 26.1921 16.6485 6
    endloop
  endfacet
  facet normal 0.131324 0.991339 0
    outer loop
      vertex 25.9445 16.6813 6
      vertex 26.1921 16.6485 -3
      vertex 25.9445 16.6813 -3
    endloop
  endfacet
  facet normal 0.0856964 0.996321 -0
    outer loop
      vertex 26.6891 16.6001 -3
      vertex 26.4403 16.6215 6
      vertex 26.6891 16.6001 6
    endloop
  endfacet
  facet normal 0.0856964 0.996321 0
    outer loop
      vertex 26.4403 16.6215 6
      vertex 26.6891 16.6001 -3
      vertex 26.4403 16.6215 -3
    endloop
  endfacet
  facet normal 0.330725 0.943727 -0
    outer loop
      vertex 24.0039 17.1442 -3
      vertex 23.7682 17.2268 6
      vertex 24.0039 17.1442 6
    endloop
  endfacet
  facet normal 0.330725 0.943727 0
    outer loop
      vertex 23.7682 17.2268 6
      vertex 24.0039 17.1442 -3
      vertex 23.7682 17.2268 -3
    endloop
  endfacet
  facet normal 0.220998 0.975274 -0
    outer loop
      vertex 25.2072 16.8132 -3
      vertex 24.9636 16.8684 6
      vertex 25.2072 16.8132 6
    endloop
  endfacet
  facet normal 0.220998 0.975274 0
    outer loop
      vertex 24.9636 16.8684 6
      vertex 25.2072 16.8132 -3
      vertex 24.9636 16.8684 -3
    endloop
  endfacet
  facet normal 0.198657 0.980069 -0
    outer loop
      vertex 25.4519 16.7636 -3
      vertex 25.2072 16.8132 6
      vertex 25.4519 16.7636 6
    endloop
  endfacet
  facet normal 0.198657 0.980069 0
    outer loop
      vertex 25.2072 16.8132 6
      vertex 25.4519 16.7636 -3
      vertex 25.2072 16.8132 -3
    endloop
  endfacet
  facet normal 0.394402 0.918938 -0
    outer loop
      vertex 23.3029 17.408 -3
      vertex 23.0734 17.5065 6
      vertex 23.3029 17.408 6
    endloop
  endfacet
  facet normal 0.394402 0.918938 0
    outer loop
      vertex 23.0734 17.5065 6
      vertex 23.3029 17.408 -3
      vertex 23.0734 17.5065 -3
    endloop
  endfacet
  facet normal 0.516437 0.856325 -0
    outer loop
      vertex 21.9631 18.0762 -3
      vertex 21.7492 18.2052 6
      vertex 21.9631 18.0762 6
    endloop
  endfacet
  facet normal 0.516437 0.856325 0
    outer loop
      vertex 21.7492 18.2052 6
      vertex 21.9631 18.0762 -3
      vertex 21.7492 18.2052 -3
    endloop
  endfacet
  facet normal 0.496656 0.867947 -0
    outer loop
      vertex 22.1798 17.9522 -3
      vertex 21.9631 18.0762 6
      vertex 22.1798 17.9522 6
    endloop
  endfacet
  facet normal 0.496656 0.867947 0
    outer loop
      vertex 21.9631 18.0762 6
      vertex 22.1798 17.9522 -3
      vertex 21.9631 18.0762 -3
    endloop
  endfacet
  facet normal 0.456479 0.889734 -0
    outer loop
      vertex 22.6215 17.7191 -3
      vertex 22.3993 17.8331 6
      vertex 22.6215 17.7191 6
    endloop
  endfacet
  facet normal 0.456479 0.889734 0
    outer loop
      vertex 22.3993 17.8331 6
      vertex 22.6215 17.7191 -3
      vertex 22.3993 17.8331 -3
    endloop
  endfacet
  facet normal 0.66317 0.748469 -0
    outer loop
      vertex 20.3424 19.2397 -3
      vertex 20.1555 19.4053 6
      vertex 20.3424 19.2397 6
    endloop
  endfacet
  facet normal 0.66317 0.748469 0
    outer loop
      vertex 20.1555 19.4053 6
      vertex 20.3424 19.2397 -3
      vertex 20.1555 19.4053 -3
    endloop
  endfacet
  facet normal 0.628691 0.777655 -0
    outer loop
      vertex 20.7272 18.9213 -3
      vertex 20.533 19.0783 6
      vertex 20.7272 18.9213 6
    endloop
  endfacet
  facet normal 0.628691 0.777655 0
    outer loop
      vertex 20.533 19.0783 6
      vertex 20.7272 18.9213 -3
      vertex 20.533 19.0783 -3
    endloop
  endfacet
  facet normal 0.956202 0.292707 0
    outer loop
      vertex 17.0858 24.1819 6
      vertex 17.0127 24.4207 -3
      vertex 17.0127 24.4207 6
    endloop
  endfacet
  facet normal 0.956202 0.292707 0
    outer loop
      vertex 17.0127 24.4207 -3
      vertex 17.0858 24.1819 6
      vertex 17.0858 24.1819 -3
    endloop
  endfacet
  facet normal 0.968567 0.248751 0
    outer loop
      vertex 16.9451 24.6611 6
      vertex 16.883 24.9029 -3
      vertex 16.883 24.9029 6
    endloop
  endfacet
  facet normal 0.968567 0.248751 0
    outer loop
      vertex 16.883 24.9029 -3
      vertex 16.9451 24.6611 6
      vertex 16.9451 24.6611 -3
    endloop
  endfacet
  facet normal 0.978914 0.204274 0
    outer loop
      vertex 16.8265 25.1462 6
      vertex 16.7755 25.3906 -3
      vertex 16.7755 25.3906 6
    endloop
  endfacet
  facet normal 0.978914 0.204274 0
    outer loop
      vertex 16.7755 25.3906 -3
      vertex 16.8265 25.1462 6
      vertex 16.8265 25.1462 -3
    endloop
  endfacet
  facet normal 0.997652 0.068486 0
    outer loop
      vertex 16.6049 26.6269 6
      vertex 16.5878 26.876 -3
      vertex 16.5878 26.876 6
    endloop
  endfacet
  facet normal 0.997652 0.068486 0
    outer loop
      vertex 16.5878 26.876 -3
      vertex 16.6049 26.6269 6
      vertex 16.6049 26.6269 -3
    endloop
  endfacet
  facet normal 0.999739 0.0228306 0
    outer loop
      vertex 16.5764 27.1255 6
      vertex 16.5707 27.3751 -3
      vertex 16.5707 27.3751 6
    endloop
  endfacet
  facet normal 0.999739 0.0228306 0
    outer loop
      vertex 16.5707 27.3751 -3
      vertex 16.5764 27.1255 6
      vertex 16.5764 27.1255 -3
    endloop
  endfacet
  facet normal 0.987215 0.159396 0
    outer loop
      vertex 16.7301 25.6362 6
      vertex 16.6903 25.8827 -3
      vertex 16.6903 25.8827 6
    endloop
  endfacet
  facet normal 0.987215 0.159396 0
    outer loop
      vertex 16.6903 25.8827 -3
      vertex 16.7301 25.6362 6
      vertex 16.7301 25.6362 -3
    endloop
  endfacet
  facet normal 0.728788 0.68474 0
    outer loop
      vertex 19.6184 19.9274 6
      vertex 19.4474 20.1094 -3
      vertex 19.4474 20.1094 6
    endloop
  endfacet
  facet normal 0.728788 0.68474 0
    outer loop
      vertex 19.4474 20.1094 -3
      vertex 19.6184 19.9274 6
      vertex 19.6184 19.9274 -3
    endloop
  endfacet
  facet normal -0.994731 -0.102517 0
    outer loop
      vertex 38.3844 28.4975 -3
      vertex 38.3588 28.7459 6
      vertex 38.3588 28.7459 -3
    endloop
  endfacet
  facet normal -0.994731 -0.102517 0
    outer loop
      vertex 38.3588 28.7459 6
      vertex 38.3844 28.4975 -3
      vertex 38.3844 28.4975 6
    endloop
  endfacet
  facet normal -0.965728 -0.259557 0
    outer loop
      vertex 38.0866 30.2182 -3
      vertex 38.0218 30.4593 6
      vertex 38.0218 30.4593 -3
    endloop
  endfacet
  facet normal -0.965728 -0.259557 0
    outer loop
      vertex 38.0218 30.4593 6
      vertex 38.0866 30.2182 -3
      vertex 38.0866 30.2182 6
    endloop
  endfacet
  facet normal -0.902371 -0.430959 0
    outer loop
      vertex 37.4162 32.0972 -3
      vertex 37.3086 32.3225 6
      vertex 37.3086 32.3225 -3
    endloop
  endfacet
  facet normal -0.902371 -0.430959 0
    outer loop
      vertex 37.3086 32.3225 6
      vertex 37.4162 32.0972 -3
      vertex 37.4162 32.0972 6
    endloop
  endfacet
  facet normal -0.834996 -0.550256 0
    outer loop
      vertex 36.6949 33.4092 -3
      vertex 36.5575 33.6177 6
      vertex 36.5575 33.6177 -3
    endloop
  endfacet
  facet normal -0.834996 -0.550256 0
    outer loop
      vertex 36.5575 33.6177 6
      vertex 36.6949 33.4092 -3
      vertex 36.6949 33.4092 6
    endloop
  endfacet
  facet normal -0.85936 -0.511371 0
    outer loop
      vertex 36.9552 32.983 -3
      vertex 36.8275 33.1976 6
      vertex 36.8275 33.1976 -3
    endloop
  endfacet
  facet normal -0.85936 -0.511371 0
    outer loop
      vertex 36.8275 33.1976 6
      vertex 36.9552 32.983 -3
      vertex 36.9552 32.983 6
    endloop
  endfacet
  facet normal -0.6198 -0.78476 0
    outer loop
      vertex 34.1744 36.1555 -3
      vertex 34.3704 36.0007 6
      vertex 34.1744 36.1555 6
    endloop
  endfacet
  facet normal -0.6198 -0.78476 -0
    outer loop
      vertex 34.3704 36.0007 6
      vertex 34.1744 36.1555 -3
      vertex 34.3704 36.0007 -3
    endloop
  endfacet
  facet normal -0.637264 -0.770645 0
    outer loop
      vertex 34.3704 36.0007 -3
      vertex 34.5628 35.8416 6
      vertex 34.3704 36.0007 6
    endloop
  endfacet
  facet normal -0.637264 -0.770645 -0
    outer loop
      vertex 34.5628 35.8416 6
      vertex 34.3704 36.0007 -3
      vertex 34.5628 35.8416 -3
    endloop
  endfacet
  facet normal -0.564641 -0.825337 0
    outer loop
      vertex 33.5659 36.5923 -3
      vertex 33.772 36.4513 6
      vertex 33.5659 36.5923 6
    endloop
  endfacet
  facet normal -0.564641 -0.825337 -0
    outer loop
      vertex 33.772 36.4513 6
      vertex 33.5659 36.5923 -3
      vertex 33.772 36.4513 -3
    endloop
  endfacet
  facet normal -0.231873 -0.972746 0
    outer loop
      vertex 29.9148 38.1599 -3
      vertex 30.1577 38.102 6
      vertex 29.9148 38.1599 6
    endloop
  endfacet
  facet normal -0.231873 -0.972746 -0
    outer loop
      vertex 30.1577 38.102 6
      vertex 29.9148 38.1599 -3
      vertex 30.1577 38.102 -3
    endloop
  endfacet
  facet normal 0.98334 -0.181774 0
    outer loop
      vertex 16.7301 29.3638 6
      vertex 16.7755 29.6094 -3
      vertex 16.7755 29.6094 6
    endloop
  endfacet
  facet normal 0.98334 -0.181774 0
    outer loop
      vertex 16.7755 29.6094 -3
      vertex 16.7301 29.3638 6
      vertex 16.7301 29.3638 -3
    endloop
  endfacet
  facet normal 0.993467 -0.114123 0
    outer loop
      vertex 16.6277 28.6218 6
      vertex 16.6562 28.8699 -3
      vertex 16.6562 28.8699 6
    endloop
  endfacet
  facet normal 0.993467 -0.114123 0
    outer loop
      vertex 16.6562 28.8699 -3
      vertex 16.6277 28.6218 6
      vertex 16.6277 28.6218 -3
    endloop
  endfacet
  facet normal 0.990634 -0.136543 0
    outer loop
      vertex 16.6562 28.8699 6
      vertex 16.6903 29.1173 -3
      vertex 16.6903 29.1173 6
    endloop
  endfacet
  facet normal 0.990634 -0.136543 0
    outer loop
      vertex 16.6903 29.1173 -3
      vertex 16.6562 28.8699 6
      vertex 16.6562 28.8699 -3
    endloop
  endfacet
  facet normal 0.97408 -0.226204 0
    outer loop
      vertex 16.8265 29.8538 6
      vertex 16.883 30.0971 -3
      vertex 16.883 30.0971 6
    endloop
  endfacet
  facet normal 0.97408 -0.226204 0
    outer loop
      vertex 16.883 30.0971 -3
      vertex 16.8265 29.8538 6
      vertex 16.8265 29.8538 -3
    endloop
  endfacet
  facet normal 0.841296 -0.540575 0
    outer loop
      vertex 18.2382 33.3038 6
      vertex 18.3732 33.5139 -3
      vertex 18.3732 33.5139 6
    endloop
  endfacet
  facet normal 0.841296 -0.540575 0
    outer loop
      vertex 18.3732 33.5139 -3
      vertex 18.2382 33.3038 6
      vertex 18.2382 33.3038 -3
    endloop
  endfacet
  facet normal 0.916662 -0.399663 0
    outer loop
      vertex 17.4321 31.7547 6
      vertex 17.5319 31.9836 -3
      vertex 17.5319 31.9836 6
    endloop
  endfacet
  facet normal 0.916662 -0.399663 0
    outer loop
      vertex 17.5319 31.9836 -3
      vertex 17.4321 31.7547 6
      vertex 17.4321 31.7547 -3
    endloop
  endfacet
  facet normal 0.802157 -0.597113 0
    outer loop
      vertex 18.6574 33.9245 6
      vertex 18.8065 34.1248 -3
      vertex 18.8065 34.1248 6
    endloop
  endfacet
  facet normal 0.802157 -0.597113 0
    outer loop
      vertex 18.8065 34.1248 -3
      vertex 18.6574 33.9245 6
      vertex 18.6574 33.9245 -3
    endloop
  endfacet
  facet normal -0.992117 0.125316 0
    outer loop
      vertex 38.3275 26.0063 -3
      vertex 38.3588 26.2541 6
      vertex 38.3588 26.2541 -3
    endloop
  endfacet
  facet normal -0.992117 0.125316 0
    outer loop
      vertex 38.3588 26.2541 6
      vertex 38.3275 26.0063 -3
      vertex 38.3275 26.0063 6
    endloop
  endfacet
  facet normal -0.985335 0.170631 0
    outer loop
      vertex 38.2479 25.5133 -3
      vertex 38.2905 25.7593 6
      vertex 38.2905 25.7593 -3
    endloop
  endfacet
  facet normal -0.985335 0.170631 0
    outer loop
      vertex 38.2905 25.7593 6
      vertex 38.2479 25.5133 -3
      vertex 38.2479 25.5133 6
    endloop
  endfacet
  facet normal -0.988966 0.148145 0
    outer loop
      vertex 38.2905 25.7593 -3
      vertex 38.3275 26.0063 6
      vertex 38.3275 26.0063 -3
    endloop
  endfacet
  facet normal -0.988966 0.148145 0
    outer loop
      vertex 38.3275 26.0063 6
      vertex 38.2905 25.7593 -3
      vertex 38.2905 25.7593 6
    endloop
  endfacet
  facet normal -0.996819 0.0796975 0
    outer loop
      vertex 38.3844 26.5025 -3
      vertex 38.4043 26.7514 6
      vertex 38.4043 26.7514 -3
    endloop
  endfacet
  facet normal -0.996819 0.0796975 0
    outer loop
      vertex 38.4043 26.7514 6
      vertex 38.3844 26.5025 -3
      vertex 38.3844 26.5025 6
    endloop
  endfacet
  facet normal -0.999421 0.0340348 0
    outer loop
      vertex 38.4186 27.0007 -3
      vertex 38.4271 27.2503 6
      vertex 38.4271 27.2503 -3
    endloop
  endfacet
  facet normal -0.999421 0.0340348 0
    outer loop
      vertex 38.4271 27.2503 6
      vertex 38.4186 27.0007 -3
      vertex 38.4186 27.0007 6
    endloop
  endfacet
  facet normal -0.959442 0.281906 0
    outer loop
      vertex 37.9514 24.3011 -3
      vertex 38.0218 24.5407 6
      vertex 38.0218 24.5407 -3
    endloop
  endfacet
  facet normal -0.959442 0.281906 0
    outer loop
      vertex 38.0218 24.5407 6
      vertex 37.9514 24.3011 -3
      vertex 37.9514 24.3011 6
    endloop
  endfacet
  facet normal -0.971309 0.237822 0
    outer loop
      vertex 38.0866 24.7818 -3
      vertex 38.146 25.0244 6
      vertex 38.146 25.0244 -3
    endloop
  endfacet
  facet normal -0.971309 0.237822 0
    outer loop
      vertex 38.146 25.0244 6
      vertex 38.0866 24.7818 -3
      vertex 38.0866 24.7818 6
    endloop
  endfacet
  facet normal -0.0968872 0.995295 0
    outer loop
      vertex 28.6839 16.6343 -3
      vertex 28.4353 16.6101 6
      vertex 28.6839 16.6343 6
    endloop
  endfacet
  facet normal -0.0968872 0.995295 0
    outer loop
      vertex 28.4353 16.6101 6
      vertex 28.6839 16.6343 -3
      vertex 28.4353 16.6101 -3
    endloop
  endfacet
  facet normal -0.14215 0.989845 0
    outer loop
      vertex 29.179 16.6997 -3
      vertex 28.9318 16.6642 6
      vertex 29.179 16.6997 6
    endloop
  endfacet
  facet normal -0.14215 0.989845 0
    outer loop
      vertex 28.9318 16.6642 6
      vertex 29.179 16.6997 -3
      vertex 28.9318 16.6642 -3
    endloop
  endfacet
  facet normal -0.31959 0.947556 0
    outer loop
      vertex 31.1142 17.1848 -3
      vertex 30.8776 17.105 6
      vertex 31.1142 17.1848 6
    endloop
  endfacet
  facet normal -0.31959 0.947556 0
    outer loop
      vertex 30.8776 17.105 6
      vertex 31.1142 17.1848 -3
      vertex 30.8776 17.105 -3
    endloop
  endfacet
  facet normal -0.362813 0.931862 0
    outer loop
      vertex 31.5816 17.3607 -3
      vertex 31.3489 17.2701 6
      vertex 31.5816 17.3607 6
    endloop
  endfacet
  facet normal -0.362813 0.931862 0
    outer loop
      vertex 31.3489 17.2701 6
      vertex 31.5816 17.3607 -3
      vertex 31.3489 17.2701 -3
    endloop
  endfacet
  facet normal -0.341582 0.939852 0
    outer loop
      vertex 31.3489 17.2701 -3
      vertex 31.1142 17.1848 6
      vertex 31.3489 17.2701 6
    endloop
  endfacet
  facet normal -0.341582 0.939852 0
    outer loop
      vertex 31.1142 17.1848 6
      vertex 31.3489 17.2701 -3
      vertex 31.1142 17.1848 -3
    endloop
  endfacet
  facet normal -0.38399 0.923337 0
    outer loop
      vertex 31.8122 17.4566 -3
      vertex 31.5816 17.3607 6
      vertex 31.8122 17.4566 6
    endloop
  endfacet
  facet normal -0.38399 0.923337 0
    outer loop
      vertex 31.5816 17.3607 6
      vertex 31.8122 17.4566 -3
      vertex 31.5816 17.3607 -3
    endloop
  endfacet
  facet normal -0.276307 0.961069 0
    outer loop
      vertex 30.6392 17.0305 -3
      vertex 30.3992 16.9615 6
      vertex 30.6392 17.0305 6
    endloop
  endfacet
  facet normal -0.276307 0.961069 0
    outer loop
      vertex 30.3992 16.9615 6
      vertex 30.6392 17.0305 -3
      vertex 30.3992 16.9615 -3
    endloop
  endfacet
  facet normal -0.231873 0.972746 0
    outer loop
      vertex 30.1577 16.898 -3
      vertex 29.9148 16.8401 6
      vertex 30.1577 16.898 6
    endloop
  endfacet
  facet normal -0.231873 0.972746 0
    outer loop
      vertex 29.9148 16.8401 6
      vertex 30.1577 16.898 -3
      vertex 29.9148 16.8401 -3
    endloop
  endfacet
  facet normal -0.637264 0.770645 0
    outer loop
      vertex 34.5628 19.1584 -3
      vertex 34.3704 18.9993 6
      vertex 34.5628 19.1584 6
    endloop
  endfacet
  facet normal -0.637264 0.770645 0
    outer loop
      vertex 34.3704 18.9993 6
      vertex 34.5628 19.1584 -3
      vertex 34.3704 18.9993 -3
    endloop
  endfacet
  facet normal -0.704901 0.709306 0
    outer loop
      vertex 35.2946 19.8378 -3
      vertex 35.1175 19.6618 6
      vertex 35.2946 19.8378 6
    endloop
  endfacet
  facet normal -0.704901 0.709306 0
    outer loop
      vertex 35.1175 19.6618 6
      vertex 35.2946 19.8378 -3
      vertex 35.1175 19.6618 -3
    endloop
  endfacet
  facet normal -0.526106 0.850419 0
    outer loop
      vertex 33.3566 18.2715 -3
      vertex 33.1442 18.1401 6
      vertex 33.3566 18.2715 6
    endloop
  endfacet
  facet normal -0.526106 0.850419 0
    outer loop
      vertex 33.1442 18.1401 6
      vertex 33.3566 18.2715 -3
      vertex 33.1442 18.1401 -3
    endloop
  endfacet
  facet normal -0.466489 0.884527 0
    outer loop
      vertex 32.7108 17.892 -3
      vertex 32.4899 17.7755 6
      vertex 32.7108 17.892 6
    endloop
  endfacet
  facet normal -0.466489 0.884527 0
    outer loop
      vertex 32.4899 17.7755 6
      vertex 32.7108 17.892 -3
      vertex 32.4899 17.7755 -3
    endloop
  endfacet
  facet normal -0.425778 0.904828 0
    outer loop
      vertex 32.2664 17.664 -3
      vertex 32.0405 17.5577 6
      vertex 32.2664 17.664 6
    endloop
  endfacet
  facet normal -0.425778 0.904828 0
    outer loop
      vertex 32.0405 17.5577 6
      vertex 32.2664 17.664 -3
      vertex 32.0405 17.5577 -3
    endloop
  endfacet
  facet normal 0.0172181 0.999852 -0
    outer loop
      vertex 27.4376 16.5702 -3
      vertex 27.1879 16.5745 6
      vertex 27.4376 16.5702 6
    endloop
  endfacet
  facet normal 0.0172181 0.999852 0
    outer loop
      vertex 27.1879 16.5745 6
      vertex 27.4376 16.5702 -3
      vertex 27.1879 16.5745 -3
    endloop
  endfacet
  facet normal 0.108145 0.994135 -0
    outer loop
      vertex 26.4403 16.6215 -3
      vertex 26.1921 16.6485 6
      vertex 26.4403 16.6215 6
    endloop
  endfacet
  facet normal 0.108145 0.994135 0
    outer loop
      vertex 26.1921 16.6485 6
      vertex 26.4403 16.6215 -3
      vertex 26.1921 16.6485 -3
    endloop
  endfacet
  facet normal 0.0628518 0.998023 -0
    outer loop
      vertex 26.9384 16.5844 -3
      vertex 26.6891 16.6001 6
      vertex 26.9384 16.5844 6
    endloop
  endfacet
  facet normal 0.0628518 0.998023 0
    outer loop
      vertex 26.6891 16.6001 6
      vertex 26.9384 16.5844 -3
      vertex 26.6891 16.6001 -3
    endloop
  endfacet
  facet normal 0.309131 0.951019 -0
    outer loop
      vertex 24.2414 17.067 -3
      vertex 24.0039 17.1442 6
      vertex 24.2414 17.067 6
    endloop
  endfacet
  facet normal 0.309131 0.951019 0
    outer loop
      vertex 24.0039 17.1442 6
      vertex 24.2414 17.067 -3
      vertex 24.0039 17.1442 -3
    endloop
  endfacet
  facet normal 0.352045 0.935983 -0
    outer loop
      vertex 23.7682 17.2268 -3
      vertex 23.5345 17.3147 6
      vertex 23.7682 17.2268 6
    endloop
  endfacet
  facet normal 0.352045 0.935983 0
    outer loop
      vertex 23.5345 17.3147 6
      vertex 23.7682 17.2268 -3
      vertex 23.5345 17.3147 -3
    endloop
  endfacet
  facet normal 0.243101 0.970001 -0
    outer loop
      vertex 24.9636 16.8684 -3
      vertex 24.7214 16.9291 6
      vertex 24.9636 16.8684 6
    endloop
  endfacet
  facet normal 0.243101 0.970001 0
    outer loop
      vertex 24.7214 16.9291 6
      vertex 24.9636 16.8684 -3
      vertex 24.7214 16.9291 -3
    endloop
  endfacet
  facet normal 0.554885 0.831927 -0
    outer loop
      vertex 21.5384 18.339 -3
      vertex 21.3306 18.4776 6
      vertex 21.5384 18.339 6
    endloop
  endfacet
  facet normal 0.554885 0.831927 0
    outer loop
      vertex 21.3306 18.4776 6
      vertex 21.5384 18.339 -3
      vertex 21.3306 18.4776 -3
    endloop
  endfacet
  facet normal 0.53589 0.844288 -0
    outer loop
      vertex 21.7492 18.2052 -3
      vertex 21.5384 18.339 6
      vertex 21.7492 18.2052 6
    endloop
  endfacet
  facet normal 0.53589 0.844288 0
    outer loop
      vertex 21.5384 18.339 6
      vertex 21.7492 18.2052 -3
      vertex 21.5384 18.339 -3
    endloop
  endfacet
  facet normal 0.476915 0.878949 -0
    outer loop
      vertex 22.3993 17.8331 -3
      vertex 22.1798 17.9522 6
      vertex 22.3993 17.8331 6
    endloop
  endfacet
  facet normal 0.476915 0.878949 0
    outer loop
      vertex 22.1798 17.9522 6
      vertex 22.3993 17.8331 -3
      vertex 22.1798 17.9522 -3
    endloop
  endfacet
  facet normal 0.436126 0.899886 -0
    outer loop
      vertex 22.8462 17.6102 -3
      vertex 22.6215 17.7191 6
      vertex 22.8462 17.6102 6
    endloop
  endfacet
  facet normal 0.436126 0.899886 0
    outer loop
      vertex 22.6215 17.7191 6
      vertex 22.8462 17.6102 -3
      vertex 22.6215 17.7191 -3
    endloop
  endfacet
  facet normal 0.68039 0.732851 -0
    outer loop
      vertex 20.1555 19.4053 -3
      vertex 19.9725 19.5752 6
      vertex 20.1555 19.4053 6
    endloop
  endfacet
  facet normal 0.68039 0.732851 0
    outer loop
      vertex 19.9725 19.5752 6
      vertex 20.1555 19.4053 -3
      vertex 19.9725 19.5752 -3
    endloop
  endfacet
  facet normal 0.646229 0.763143 -0
    outer loop
      vertex 20.533 19.0783 -3
      vertex 20.3424 19.2397 6
      vertex 20.533 19.0783 6
    endloop
  endfacet
  facet normal 0.646229 0.763143 0
    outer loop
      vertex 20.3424 19.2397 6
      vertex 20.533 19.0783 -3
      vertex 20.3424 19.2397 -3
    endloop
  endfacet
  facet normal 0.610775 0.791804 -0
    outer loop
      vertex 20.9249 18.7688 -3
      vertex 20.7272 18.9213 6
      vertex 20.9249 18.7688 6
    endloop
  endfacet
  facet normal 0.610775 0.791804 0
    outer loop
      vertex 20.7272 18.9213 6
      vertex 20.9249 18.7688 -3
      vertex 20.7272 18.9213 -3
    endloop
  endfacet
  facet normal 0.949384 0.314117 0
    outer loop
      vertex 17.1126 24.1009 6
      vertex 17.0858 24.1819 -3
      vertex 17.0858 24.1819 6
    endloop
  endfacet
  facet normal 0.949384 0.314117 0
    outer loop
      vertex 17.0858 24.1819 -3
      vertex 17.1126 24.1009 6
      vertex 17.1126 24.1009 -3
    endloop
  endfacet
  facet normal 0.97408 0.226204 0
    outer loop
      vertex 16.883 24.9029 6
      vertex 16.8265 25.1462 -3
      vertex 16.8265 25.1462 6
    endloop
  endfacet
  facet normal 0.97408 0.226204 0
    outer loop
      vertex 16.8265 25.1462 -3
      vertex 16.883 24.9029 6
      vertex 16.883 24.9029 -3
    endloop
  endfacet
  facet normal 0.962664 0.270699 0
    outer loop
      vertex 17.0127 24.4207 6
      vertex 16.9451 24.6611 -3
      vertex 16.9451 24.6611 6
    endloop
  endfacet
  facet normal 0.962664 0.270699 0
    outer loop
      vertex 16.9451 24.6611 -3
      vertex 17.0127 24.4207 6
      vertex 17.0127 24.4207 -3
    endloop
  endfacet
  facet normal 0.998958 0.0456438 0
    outer loop
      vertex 16.5878 26.876 6
      vertex 16.5764 27.1255 -3
      vertex 16.5764 27.1255 6
    endloop
  endfacet
  facet normal 0.998958 0.0456438 0
    outer loop
      vertex 16.5764 27.1255 -3
      vertex 16.5878 26.876 6
      vertex 16.5878 26.876 -3
    endloop
  endfacet
  facet normal 0.995824 0.0912939 0
    outer loop
      vertex 16.6277 26.3782 6
      vertex 16.6049 26.6269 -3
      vertex 16.6049 26.6269 6
    endloop
  endfacet
  facet normal 0.995824 0.0912939 0
    outer loop
      vertex 16.6049 26.6269 -3
      vertex 16.6277 26.3782 6
      vertex 16.6277 26.3782 -3
    endloop
  endfacet
  facet normal 0.990634 0.136543 0
    outer loop
      vertex 16.6903 25.8827 6
      vertex 16.6562 26.1301 -3
      vertex 16.6562 26.1301 6
    endloop
  endfacet
  facet normal 0.990634 0.136543 0
    outer loop
      vertex 16.6562 26.1301 -3
      vertex 16.6903 25.8827 6
      vertex 16.6903 25.8827 -3
    endloop
  endfacet
  facet normal 0.98334 0.181774 0
    outer loop
      vertex 16.7755 25.3906 6
      vertex 16.7301 25.6362 -3
      vertex 16.7301 25.6362 6
    endloop
  endfacet
  facet normal 0.98334 0.181774 0
    outer loop
      vertex 16.7301 25.6362 -3
      vertex 16.7755 25.3906 6
      vertex 16.7755 25.3906 -3
    endloop
  endfacet
  facet normal 0.744664 0.66744 0
    outer loop
      vertex 19.4474 20.1094 6
      vertex 19.3627 20.2039 -3
      vertex 19.3627 20.2039 6
    endloop
  endfacet
  facet normal 0.744664 0.66744 0
    outer loop
      vertex 19.3627 20.2039 -3
      vertex 19.4474 20.1094 6
      vertex 19.4474 20.1094 -3
    endloop
  endfacet
  facet normal 0.713287 0.700872 0
    outer loop
      vertex 19.7934 19.7493 6
      vertex 19.6184 19.9274 -3
      vertex 19.6184 19.9274 6
    endloop
  endfacet
  facet normal 0.713287 0.700872 0
    outer loop
      vertex 19.6184 19.9274 -3
      vertex 19.7934 19.7493 6
      vertex 19.7934 19.7493 -3
    endloop
  endfacet
  facet normal -0.999421 -0.0340348 0
    outer loop
      vertex 38.4271 27.7497 -3
      vertex 38.4186 27.9993 6
      vertex 38.4186 27.9993 -3
    endloop
  endfacet
  facet normal -0.999421 -0.0340348 0
    outer loop
      vertex 38.4186 27.9993 6
      vertex 38.4271 27.7497 -3
      vertex 38.4271 27.7497 6
    endloop
  endfacet
  facet normal 0.53589 -0.844288 0
    outer loop
      vertex 21.5384 36.661 -3
      vertex 21.7492 36.7948 6
      vertex 21.5384 36.661 6
    endloop
  endfacet
  facet normal 0.53589 -0.844288 0
    outer loop
      vertex 21.7492 36.7948 6
      vertex 21.5384 36.661 -3
      vertex 21.7492 36.7948 -3
    endloop
  endfacet
  facet normal -0.0516551 0.998665 0
    outer loop
      vertex 28.1863 16.5916 -3
      vertex 27.9369 16.5787 6
      vertex 28.1863 16.5916 6
    endloop
  endfacet
  facet normal -0.0516551 0.998665 0
    outer loop
      vertex 27.9369 16.5787 6
      vertex 28.1863 16.5916 -3
      vertex 27.9369 16.5787 -3
    endloop
  endfacet
  facet normal -0.671835 0.740701 0
    outer loop
      vertex 34.9365 19.4898 -3
      vertex 34.7515 19.322 6
      vertex 34.9365 19.4898 6
    endloop
  endfacet
  facet normal -0.671835 0.740701 0
    outer loop
      vertex 34.7515 19.322 6
      vertex 34.9365 19.4898 -3
      vertex 34.7515 19.322 -3
    endloop
  endfacet
  facet normal 0.287127 0.957892 -0
    outer loop
      vertex 24.4806 16.9953 -3
      vertex 24.2414 17.067 6
      vertex 24.4806 16.9953 6
    endloop
  endfacet
  facet normal 0.287127 0.957892 0
    outer loop
      vertex 24.2414 17.067 6
      vertex 24.4806 16.9953 -3
      vertex 24.2414 17.067 -3
    endloop
  endfacet
  facet normal 0.866112 0.49985 0
    outer loop
      vertex 31.8911 29.8913 6
      vertex 31.7665 30.1072 -3
      vertex 31.7665 30.1072 6
    endloop
  endfacet
  facet normal 0.866112 0.49985 0
    outer loop
      vertex 31.7665 30.1072 -3
      vertex 31.8911 29.8913 6
      vertex 31.8911 29.8913 -3
    endloop
  endfacet
  facet normal -0.889972 0.456015 0
    outer loop
      vertex 22.9952 29.6694 -3
      vertex 23.1089 29.8913 6
      vertex 23.1089 29.8913 -3
    endloop
  endfacet
  facet normal -0.889972 0.456015 0
    outer loop
      vertex 23.1089 29.8913 6
      vertex 22.9952 29.6694 -3
      vertex 22.9952 29.6694 6
    endloop
  endfacet
  facet normal -0.60378 0.797151 0
    outer loop
      vertex 24.5813 31.5597 -3
      vertex 24.3826 31.4092 6
      vertex 24.5813 31.5597 6
    endloop
  endfacet
  facet normal -0.60378 0.797151 0
    outer loop
      vertex 24.3826 31.4092 6
      vertex 24.5813 31.5597 -3
      vertex 24.3826 31.4092 -3
    endloop
  endfacet
  facet normal 0.839925 0.542702 0
    outer loop
      vertex 31.7665 30.1072 6
      vertex 31.6312 30.3166 -3
      vertex 31.6312 30.3166 6
    endloop
  endfacet
  facet normal 0.839925 0.542702 0
    outer loop
      vertex 31.6312 30.3166 -3
      vertex 31.7665 30.1072 6
      vertex 31.7665 30.1072 -3
    endloop
  endfacet
  facet normal 0.60378 0.797151 -0
    outer loop
      vertex 30.6174 31.4092 -3
      vertex 30.4187 31.5597 6
      vertex 30.6174 31.4092 6
    endloop
  endfacet
  facet normal 0.60378 0.797151 0
    outer loop
      vertex 30.4187 31.5597 6
      vertex 30.6174 31.4092 -3
      vertex 30.4187 31.5597 -3
    endloop
  endfacet
  facet normal 0.478543 0.878064 -0
    outer loop
      vertex 30 31.8301 -3
      vertex 29.7811 31.9494 6
      vertex 30 31.8301 6
    endloop
  endfacet
  facet normal 0.478543 0.878064 0
    outer loop
      vertex 29.7811 31.9494 6
      vertex 30 31.8301 -3
      vertex 29.7811 31.9494 -3
    endloop
  endfacet
  facet normal -0.974916 0.222574 0
    outer loop
      vertex 22.5991 28.4907 -3
      vertex 22.6546 28.7338 6
      vertex 22.6546 28.7338 -3
    endloop
  endfacet
  facet normal -0.974916 0.222574 0
    outer loop
      vertex 22.6546 28.7338 6
      vertex 22.5991 28.4907 -3
      vertex 22.5991 28.4907 6
    endloop
  endfacet
  facet normal -0.992241 0.124331 0
    outer loop
      vertex 22.5248 27.9978 -3
      vertex 22.5558 28.2452 6
      vertex 22.5558 28.2452 -3
    endloop
  endfacet
  facet normal -0.992241 0.124331 0
    outer loop
      vertex 22.5558 28.2452 6
      vertex 22.5248 27.9978 -3
      vertex 22.5248 27.9978 6
    endloop
  endfacet
  facet normal -0.78169 0.623667 0
    outer loop
      vertex 23.5143 30.519 -3
      vertex 23.6698 30.7139 6
      vertex 23.6698 30.7139 -3
    endloop
  endfacet
  facet normal -0.78169 0.623667 0
    outer loop
      vertex 23.6698 30.7139 6
      vertex 23.5143 30.519 -3
      vertex 23.5143 30.519 6
    endloop
  endfacet
  facet normal -0.478543 0.878064 0
    outer loop
      vertex 25.2189 31.9494 -3
      vertex 25 31.8301 6
      vertex 25.2189 31.9494 6
    endloop
  endfacet
  facet normal -0.478543 0.878064 0
    outer loop
      vertex 25 31.8301 6
      vertex 25.2189 31.9494 -3
      vertex 25 31.8301 -3
    endloop
  endfacet
  facet normal 0.999691 -0.0248719 0
    outer loop
      vertex 32.4938 27.2508 6
      vertex 32.5 27.5 -3
      vertex 32.5 27.5 6
    endloop
  endfacet
  facet normal 0.999691 -0.0248719 0
    outer loop
      vertex 32.5 27.5 -3
      vertex 32.4938 27.2508 6
      vertex 32.4938 27.2508 -3
    endloop
  endfacet
  facet normal 0.341743 -0.939793 0
    outer loop
      vertex 29.0924 22.7604 -3
      vertex 29.3267 22.8456 6
      vertex 29.0924 22.7604 6
    endloop
  endfacet
  facet normal 0.341743 -0.939793 0
    outer loop
      vertex 29.3267 22.8456 6
      vertex 29.0924 22.7604 -3
      vertex 29.3267 22.8456 -3
    endloop
  endfacet
  facet normal 0.997213 0.0746104 0
    outer loop
      vertex 32.4938 27.7492 6
      vertex 32.4752 27.9978 -3
      vertex 32.4752 27.9978 6
    endloop
  endfacet
  facet normal 0.997213 0.0746104 0
    outer loop
      vertex 32.4752 27.9978 -3
      vertex 32.4938 27.7492 6
      vertex 32.4938 27.7492 -3
    endloop
  endfacet
  facet normal 0.947918 0.318513 0
    outer loop
      vertex 32.2779 28.9738 6
      vertex 32.1985 29.2101 -3
      vertex 32.1985 29.2101 6
    endloop
  endfacet
  facet normal 0.947918 0.318513 0
    outer loop
      vertex 32.1985 29.2101 -3
      vertex 32.2779 28.9738 6
      vertex 32.2779 28.9738 -3
    endloop
  endfacet
  facet normal 0.992241 0.124331 0
    outer loop
      vertex 32.4752 27.9978 6
      vertex 32.4442 28.2452 -3
      vertex 32.4442 28.2452 6
    endloop
  endfacet
  facet normal 0.992241 0.124331 0
    outer loop
      vertex 32.4442 28.2452 -3
      vertex 32.4752 27.9978 6
      vertex 32.4752 27.9978 -3
    endloop
  endfacet
  facet normal 0.9848 0.173694 0
    outer loop
      vertex 32.4442 28.2452 6
      vertex 32.4009 28.4907 -3
      vertex 32.4009 28.4907 6
    endloop
  endfacet
  facet normal 0.9848 0.173694 0
    outer loop
      vertex 32.4009 28.4907 -3
      vertex 32.4442 28.2452 6
      vertex 32.4442 28.2452 -3
    endloop
  endfacet
  facet normal 0.680143 0.733079 -0
    outer loop
      vertex 30.9912 31.0793 -3
      vertex 30.8084 31.2489 6
      vertex 30.9912 31.0793 6
    endloop
  endfacet
  facet normal 0.680143 0.733079 0
    outer loop
      vertex 30.8084 31.2489 6
      vertex 30.9912 31.0793 -3
      vertex 30.8084 31.2489 -3
    endloop
  endfacet
  facet normal 0.811968 0.583702 0
    outer loop
      vertex 31.6312 30.3166 6
      vertex 31.4857 30.519 -3
      vertex 31.4857 30.519 6
    endloop
  endfacet
  facet normal 0.811968 0.583702 0
    outer loop
      vertex 31.4857 30.519 -3
      vertex 31.6312 30.3166 6
      vertex 31.6312 30.3166 -3
    endloop
  endfacet
  facet normal 0.750037 0.661396 0
    outer loop
      vertex 31.3302 30.7139 6
      vertex 31.1653 30.9009 -3
      vertex 31.1653 30.9009 6
    endloop
  endfacet
  facet normal 0.750037 0.661396 0
    outer loop
      vertex 31.1653 30.9009 -3
      vertex 31.3302 30.7139 6
      vertex 31.3302 30.7139 -3
    endloop
  endfacet
  facet normal 0.563187 0.826329 -0
    outer loop
      vertex 30.4187 31.5597 -3
      vertex 30.2127 31.7001 6
      vertex 30.4187 31.5597 6
    endloop
  endfacet
  facet normal 0.563187 0.826329 0
    outer loop
      vertex 30.2127 31.7001 6
      vertex 30.4187 31.5597 -3
      vertex 30.2127 31.7001 -3
    endloop
  endfacet
  facet normal 0.642863 0.765981 -0
    outer loop
      vertex 30.8084 31.2489 -3
      vertex 30.6174 31.4092 6
      vertex 30.8084 31.2489 6
    endloop
  endfacet
  facet normal 0.642863 0.765981 0
    outer loop
      vertex 30.6174 31.4092 6
      vertex 30.8084 31.2489 -3
      vertex 30.6174 31.4092 -3
    endloop
  endfacet
  facet normal 0.521499 0.853252 -0
    outer loop
      vertex 30.2127 31.7001 -3
      vertex 30 31.8301 6
      vertex 30.2127 31.7001 6
    endloop
  endfacet
  facet normal 0.521499 0.853252 0
    outer loop
      vertex 30 31.8301 6
      vertex 30.2127 31.7001 -3
      vertex 30 31.8301 -3
    endloop
  endfacet
  facet normal -0.999691 0.0248719 0
    outer loop
      vertex 22.5 27.5 -3
      vertex 22.5062 27.7492 6
      vertex 22.5062 27.7492 -3
    endloop
  endfacet
  facet normal -0.999691 0.0248719 0
    outer loop
      vertex 22.5062 27.7492 6
      vertex 22.5 27.5 -3
      vertex 22.5 27.5 6
    endloop
  endfacet
  facet normal -0.930864 0.365367 0
    outer loop
      vertex 22.8015 29.2101 -3
      vertex 22.8926 29.4422 6
      vertex 22.8926 29.4422 -3
    endloop
  endfacet
  facet normal -0.930864 0.365367 0
    outer loop
      vertex 22.8926 29.4422 6
      vertex 22.8015 29.2101 -3
      vertex 22.8015 29.2101 6
    endloop
  endfacet
  facet normal -0.947918 0.318513 0
    outer loop
      vertex 22.7221 28.9738 -3
      vertex 22.8015 29.2101 6
      vertex 22.8015 29.2101 -3
    endloop
  endfacet
  facet normal -0.947918 0.318513 0
    outer loop
      vertex 22.8015 29.2101 6
      vertex 22.7221 28.9738 -3
      vertex 22.7221 28.9738 6
    endloop
  endfacet
  facet normal -0.962651 0.270746 0
    outer loop
      vertex 22.6546 28.7338 -3
      vertex 22.7221 28.9738 6
      vertex 22.7221 28.9738 -3
    endloop
  endfacet
  facet normal -0.962651 0.270746 0
    outer loop
      vertex 22.7221 28.9738 6
      vertex 22.6546 28.7338 -3
      vertex 22.6546 28.7338 6
    endloop
  endfacet
  facet normal -0.9848 0.173694 0
    outer loop
      vertex 22.5558 28.2452 -3
      vertex 22.5991 28.4907 6
      vertex 22.5991 28.4907 -3
    endloop
  endfacet
  facet normal -0.9848 0.173694 0
    outer loop
      vertex 22.5991 28.4907 6
      vertex 22.5558 28.2452 -3
      vertex 22.5558 28.2452 6
    endloop
  endfacet
  facet normal -0.91138 0.411565 0
    outer loop
      vertex 22.8926 29.4422 -3
      vertex 22.9952 29.6694 6
      vertex 22.9952 29.6694 -3
    endloop
  endfacet
  facet normal -0.91138 0.411565 0
    outer loop
      vertex 22.9952 29.6694 6
      vertex 22.8926 29.4422 -3
      vertex 22.8926 29.4422 6
    endloop
  endfacet
  facet normal -0.866112 0.49985 0
    outer loop
      vertex 23.1089 29.8913 -3
      vertex 23.2335 30.1072 6
      vertex 23.2335 30.1072 -3
    endloop
  endfacet
  facet normal -0.866112 0.49985 0
    outer loop
      vertex 23.2335 30.1072 6
      vertex 23.1089 29.8913 -3
      vertex 23.1089 29.8913 6
    endloop
  endfacet
  facet normal -0.811968 0.583702 0
    outer loop
      vertex 23.3688 30.3166 -3
      vertex 23.5143 30.519 6
      vertex 23.5143 30.519 -3
    endloop
  endfacet
  facet normal -0.811968 0.583702 0
    outer loop
      vertex 23.5143 30.519 6
      vertex 23.3688 30.3166 -3
      vertex 23.3688 30.3166 6
    endloop
  endfacet
  facet normal -0.750037 0.661396 0
    outer loop
      vertex 23.6698 30.7139 -3
      vertex 23.8347 30.9009 6
      vertex 23.8347 30.9009 -3
    endloop
  endfacet
  facet normal -0.750037 0.661396 0
    outer loop
      vertex 23.8347 30.9009 6
      vertex 23.6698 30.7139 -3
      vertex 23.6698 30.7139 6
    endloop
  endfacet
  facet normal -0.839925 0.542702 0
    outer loop
      vertex 23.2335 30.1072 -3
      vertex 23.3688 30.3166 6
      vertex 23.3688 30.3166 -3
    endloop
  endfacet
  facet normal -0.839925 0.542702 0
    outer loop
      vertex 23.3688 30.3166 6
      vertex 23.2335 30.1072 -3
      vertex 23.2335 30.1072 6
    endloop
  endfacet
  facet normal -0.521499 0.853252 0
    outer loop
      vertex 25 31.8301 -3
      vertex 24.7873 31.7001 6
      vertex 25 31.8301 6
    endloop
  endfacet
  facet normal -0.521499 0.853252 0
    outer loop
      vertex 24.7873 31.7001 6
      vertex 25 31.8301 -3
      vertex 24.7873 31.7001 -3
    endloop
  endfacet
  facet normal -0.432071 0.90184 0
    outer loop
      vertex 25.25 31.9643 -3
      vertex 25.2189 31.9494 6
      vertex 25.25 31.9643 6
    endloop
  endfacet
  facet normal -0.432071 0.90184 0
    outer loop
      vertex 25.2189 31.9494 6
      vertex 25.25 31.9643 -3
      vertex 25.2189 31.9494 -3
    endloop
  endfacet
  facet normal -0.563187 0.826329 0
    outer loop
      vertex 24.7873 31.7001 -3
      vertex 24.5813 31.5597 6
      vertex 24.7873 31.7001 6
    endloop
  endfacet
  facet normal -0.563187 0.826329 0
    outer loop
      vertex 24.5813 31.5597 6
      vertex 24.7873 31.7001 -3
      vertex 24.5813 31.5597 -3
    endloop
  endfacet
  facet normal -0.642863 0.765981 0
    outer loop
      vertex 24.3826 31.4092 -3
      vertex 24.1916 31.2489 6
      vertex 24.3826 31.4092 6
    endloop
  endfacet
  facet normal -0.642863 0.765981 0
    outer loop
      vertex 24.1916 31.2489 6
      vertex 24.3826 31.4092 -3
      vertex 24.1916 31.2489 -3
    endloop
  endfacet
  facet normal -0.715679 0.698429 0
    outer loop
      vertex 23.8347 30.9009 -3
      vertex 24.0088 31.0793 6
      vertex 24.0088 31.0793 -3
    endloop
  endfacet
  facet normal -0.715679 0.698429 0
    outer loop
      vertex 24.0088 31.0793 6
      vertex 23.8347 30.9009 -3
      vertex 23.8347 30.9009 6
    endloop
  endfacet
  facet normal -0.680143 0.733079 0
    outer loop
      vertex 24.1916 31.2489 -3
      vertex 24.0088 31.0793 6
      vertex 24.1916 31.2489 6
    endloop
  endfacet
  facet normal -0.680143 0.733079 0
    outer loop
      vertex 24.0088 31.0793 6
      vertex 24.1916 31.2489 -3
      vertex 24.0088 31.0793 -3
    endloop
  endfacet
  facet normal 0.999691 0.0248719 0
    outer loop
      vertex 32.5 27.5 6
      vertex 32.4938 27.7492 -3
      vertex 32.4938 27.7492 6
    endloop
  endfacet
  facet normal 0.999691 0.0248719 0
    outer loop
      vertex 32.4938 27.7492 -3
      vertex 32.5 27.5 6
      vertex 32.5 27.5 -3
    endloop
  endfacet
  facet normal 0.962651 0.270746 0
    outer loop
      vertex 32.3454 28.7338 6
      vertex 32.2779 28.9738 -3
      vertex 32.2779 28.9738 6
    endloop
  endfacet
  facet normal 0.962651 0.270746 0
    outer loop
      vertex 32.2779 28.9738 -3
      vertex 32.3454 28.7338 6
      vertex 32.3454 28.7338 -3
    endloop
  endfacet
  facet normal 0.91138 0.411565 0
    outer loop
      vertex 32.1074 29.4422 6
      vertex 32.0048 29.6694 -3
      vertex 32.0048 29.6694 6
    endloop
  endfacet
  facet normal 0.91138 0.411565 0
    outer loop
      vertex 32.0048 29.6694 -3
      vertex 32.1074 29.4422 6
      vertex 32.1074 29.4422 -3
    endloop
  endfacet
  facet normal 0.930864 0.365367 0
    outer loop
      vertex 32.1985 29.2101 6
      vertex 32.1074 29.4422 -3
      vertex 32.1074 29.4422 6
    endloop
  endfacet
  facet normal 0.930864 0.365367 0
    outer loop
      vertex 32.1074 29.4422 -3
      vertex 32.1985 29.2101 6
      vertex 32.1985 29.2101 -3
    endloop
  endfacet
  facet normal 0.974916 0.222574 0
    outer loop
      vertex 32.4009 28.4907 6
      vertex 32.3454 28.7338 -3
      vertex 32.3454 28.7338 6
    endloop
  endfacet
  facet normal 0.974916 0.222574 0
    outer loop
      vertex 32.3454 28.7338 -3
      vertex 32.4009 28.4907 6
      vertex 32.4009 28.4907 -3
    endloop
  endfacet
  facet normal 0.889972 0.456015 0
    outer loop
      vertex 32.0048 29.6694 6
      vertex 31.8911 29.8913 -3
      vertex 31.8911 29.8913 6
    endloop
  endfacet
  facet normal 0.889972 0.456015 0
    outer loop
      vertex 31.8911 29.8913 -3
      vertex 32.0048 29.6694 6
      vertex 32.0048 29.6694 -3
    endloop
  endfacet
  facet normal 0.715679 0.698429 0
    outer loop
      vertex 31.1653 30.9009 6
      vertex 30.9912 31.0793 -3
      vertex 30.9912 31.0793 6
    endloop
  endfacet
  facet normal 0.715679 0.698429 0
    outer loop
      vertex 30.9912 31.0793 -3
      vertex 31.1653 30.9009 6
      vertex 31.1653 30.9009 -3
    endloop
  endfacet
  facet normal 0.78169 0.623667 0
    outer loop
      vertex 31.4857 30.519 6
      vertex 31.3302 30.7139 -3
      vertex 31.3302 30.7139 6
    endloop
  endfacet
  facet normal 0.78169 0.623667 0
    outer loop
      vertex 31.3302 30.7139 -3
      vertex 31.4857 30.519 6
      vertex 31.4857 30.519 -3
    endloop
  endfacet
  facet normal 0.432071 0.90184 -0
    outer loop
      vertex 29.7811 31.9494 -3
      vertex 29.75 31.9643 6
      vertex 29.7811 31.9494 6
    endloop
  endfacet
  facet normal 0.432071 0.90184 0
    outer loop
      vertex 29.75 31.9643 6
      vertex 29.7811 31.9494 -3
      vertex 29.75 31.9643 -3
    endloop
  endfacet
  facet normal -0.997213 0.0746104 0
    outer loop
      vertex 22.5062 27.7492 -3
      vertex 22.5248 27.9978 6
      vertex 22.5248 27.9978 -3
    endloop
  endfacet
  facet normal -0.997213 0.0746104 0
    outer loop
      vertex 22.5248 27.9978 6
      vertex 22.5062 27.7492 -3
      vertex 22.5062 27.7492 6
    endloop
  endfacet
  facet normal -0.999691 -0.0248719 0
    outer loop
      vertex 22.5062 27.2508 -3
      vertex 22.5 27.5 6
      vertex 22.5 27.5 -3
    endloop
  endfacet
  facet normal -0.999691 -0.0248719 0
    outer loop
      vertex 22.5 27.5 6
      vertex 22.5062 27.2508 -3
      vertex 22.5062 27.2508 6
    endloop
  endfacet
  facet normal 0.0497575 -0.998761 0
    outer loop
      vertex 27.6247 22.5016 -3
      vertex 27.8736 22.514 6
      vertex 27.6247 22.5016 6
    endloop
  endfacet
  facet normal 0.0497575 -0.998761 0
    outer loop
      vertex 27.8736 22.514 6
      vertex 27.6247 22.5016 -3
      vertex 27.8736 22.514 -3
    endloop
  endfacet
  facet normal 0.149223 -0.988804 0
    outer loop
      vertex 28.1217 22.5388 -3
      vertex 28.3682 22.576 6
      vertex 28.1217 22.5388 6
    endloop
  endfacet
  facet normal 0.149223 -0.988804 0
    outer loop
      vertex 28.3682 22.576 6
      vertex 28.1217 22.5388 -3
      vertex 28.3682 22.576 -3
    endloop
  endfacet
  facet normal 0.198121 -0.980178 0
    outer loop
      vertex 28.3682 22.576 -3
      vertex 28.6126 22.6254 6
      vertex 28.3682 22.576 6
    endloop
  endfacet
  facet normal 0.198121 -0.980178 0
    outer loop
      vertex 28.6126 22.6254 6
      vertex 28.3682 22.576 -3
      vertex 28.6126 22.6254 -3
    endloop
  endfacet
  facet normal 0.388685 -0.921371 0
    outer loop
      vertex 29.3267 22.8456 -3
      vertex 29.5564 22.9425 6
      vertex 29.3267 22.8456 6
    endloop
  endfacet
  facet normal 0.388685 -0.921371 0
    outer loop
      vertex 29.5564 22.9425 6
      vertex 29.3267 22.8456 -3
      vertex 29.5564 22.9425 -3
    endloop
  endfacet
  facet normal 0.246686 -0.969095 0
    outer loop
      vertex 28.6126 22.6254 -3
      vertex 28.8542 22.6869 6
      vertex 28.6126 22.6254 6
    endloop
  endfacet
  facet normal 0.246686 -0.969095 0
    outer loop
      vertex 28.8542 22.6869 6
      vertex 28.6126 22.6254 -3
      vertex 28.8542 22.6869 -3
    endloop
  endfacet
  facet normal 0.294847 -0.955545 0
    outer loop
      vertex 28.8542 22.6869 -3
      vertex 29.0924 22.7604 6
      vertex 28.8542 22.6869 6
    endloop
  endfacet
  facet normal 0.294847 -0.955545 0
    outer loop
      vertex 29.0924 22.7604 6
      vertex 28.8542 22.6869 -3
      vertex 29.0924 22.7604 -3
    endloop
  endfacet
  facet normal 0.997156 -0.0753664 0
    outer loop
      vertex 32.4912 27.2164 6
      vertex 32.4938 27.2508 -3
      vertex 32.4938 27.2508 6
    endloop
  endfacet
  facet normal 0.997156 -0.0753664 0
    outer loop
      vertex 32.4938 27.2508 -3
      vertex 32.4912 27.2164 6
      vertex 32.4912 27.2164 -3
    endloop
  endfacet
  facet normal 0.433526 -0.901141 0
    outer loop
      vertex 29.5564 22.9425 -3
      vertex 29.7811 23.0506 6
      vertex 29.5564 22.9425 6
    endloop
  endfacet
  facet normal 0.433526 -0.901141 0
    outer loop
      vertex 29.7811 23.0506 6
      vertex 29.5564 22.9425 -3
      vertex 29.7811 23.0506 -3
    endloop
  endfacet
  facet normal 0.478543 -0.878064 0
    outer loop
      vertex 29.7811 23.0506 -3
      vertex 30 23.1699 6
      vertex 29.7811 23.0506 6
    endloop
  endfacet
  facet normal 0.478543 -0.878064 0
    outer loop
      vertex 30 23.1699 6
      vertex 29.7811 23.0506 -3
      vertex 30 23.1699 -3
    endloop
  endfacet
  facet normal 0.562707 -0.826657 0
    outer loop
      vertex 30.2127 23.2999 -3
      vertex 30.2412 23.3193 6
      vertex 30.2127 23.2999 6
    endloop
  endfacet
  facet normal 0.562707 -0.826657 0
    outer loop
      vertex 30.2412 23.3193 6
      vertex 30.2127 23.2999 -3
      vertex 30.2412 23.3193 -3
    endloop
  endfacet
  facet normal -0.388685 -0.921371 0
    outer loop
      vertex 25.4436 22.9425 -3
      vertex 25.6733 22.8456 6
      vertex 25.4436 22.9425 6
    endloop
  endfacet
  facet normal -0.388685 -0.921371 -0
    outer loop
      vertex 25.6733 22.8456 6
      vertex 25.4436 22.9425 -3
      vertex 25.6733 22.8456 -3
    endloop
  endfacet
  facet normal 0 -1 0
    outer loop
      vertex 27.3753 22.5016 -3
      vertex 27.6247 22.5016 6
      vertex 27.3753 22.5016 6
    endloop
  endfacet
  facet normal 0 -1 -0
    outer loop
      vertex 27.6247 22.5016 6
      vertex 27.3753 22.5016 -3
      vertex 27.6247 22.5016 -3
    endloop
  endfacet
  facet normal -0.997156 -0.0753664 0
    outer loop
      vertex 22.5088 27.2164 -3
      vertex 22.5062 27.2508 6
      vertex 22.5062 27.2508 -3
    endloop
  endfacet
  facet normal -0.997156 -0.0753664 0
    outer loop
      vertex 22.5062 27.2508 6
      vertex 22.5088 27.2164 -3
      vertex 22.5088 27.2164 6
    endloop
  endfacet
  facet normal 0.099464 -0.995041 0
    outer loop
      vertex 27.8736 22.514 -3
      vertex 28.1217 22.5388 6
      vertex 27.8736 22.514 6
    endloop
  endfacet
  facet normal 0.099464 -0.995041 0
    outer loop
      vertex 28.1217 22.5388 6
      vertex 27.8736 22.514 -3
      vertex 28.1217 22.5388 -3
    endloop
  endfacet
  facet normal -0.341743 -0.939793 0
    outer loop
      vertex 25.6733 22.8456 -3
      vertex 25.9076 22.7604 6
      vertex 25.6733 22.8456 6
    endloop
  endfacet
  facet normal -0.341743 -0.939793 -0
    outer loop
      vertex 25.9076 22.7604 6
      vertex 25.6733 22.8456 -3
      vertex 25.9076 22.7604 -3
    endloop
  endfacet
  facet normal -0.246686 -0.969095 0
    outer loop
      vertex 26.1458 22.6869 -3
      vertex 26.3874 22.6254 6
      vertex 26.1458 22.6869 6
    endloop
  endfacet
  facet normal -0.246686 -0.969095 -0
    outer loop
      vertex 26.3874 22.6254 6
      vertex 26.1458 22.6869 -3
      vertex 26.3874 22.6254 -3
    endloop
  endfacet
  facet normal -0.149223 -0.988804 0
    outer loop
      vertex 26.6318 22.576 -3
      vertex 26.8783 22.5388 6
      vertex 26.6318 22.576 6
    endloop
  endfacet
  facet normal -0.149223 -0.988804 -0
    outer loop
      vertex 26.8783 22.5388 6
      vertex 26.6318 22.576 -3
      vertex 26.8783 22.5388 -3
    endloop
  endfacet
  facet normal -0.433526 -0.901141 0
    outer loop
      vertex 25.2189 23.0506 -3
      vertex 25.4436 22.9425 6
      vertex 25.2189 23.0506 6
    endloop
  endfacet
  facet normal -0.433526 -0.901141 -0
    outer loop
      vertex 25.4436 22.9425 6
      vertex 25.2189 23.0506 -3
      vertex 25.4436 22.9425 -3
    endloop
  endfacet
  facet normal -0.521499 -0.853252 0
    outer loop
      vertex 24.7873 23.2999 -3
      vertex 25 23.1699 6
      vertex 24.7873 23.2999 6
    endloop
  endfacet
  facet normal -0.521499 -0.853252 -0
    outer loop
      vertex 25 23.1699 6
      vertex 24.7873 23.2999 -3
      vertex 25 23.1699 -3
    endloop
  endfacet
  facet normal -0.562707 -0.826657 0
    outer loop
      vertex 24.7588 23.3193 -3
      vertex 24.7873 23.2999 6
      vertex 24.7588 23.3193 6
    endloop
  endfacet
  facet normal -0.562707 -0.826657 -0
    outer loop
      vertex 24.7873 23.2999 6
      vertex 24.7588 23.3193 -3
      vertex 24.7873 23.2999 -3
    endloop
  endfacet
  facet normal 0.521499 -0.853252 0
    outer loop
      vertex 30 23.1699 -3
      vertex 30.2127 23.2999 6
      vertex 30 23.1699 6
    endloop
  endfacet
  facet normal 0.521499 -0.853252 0
    outer loop
      vertex 30.2127 23.2999 6
      vertex 30 23.1699 -3
      vertex 30.2127 23.2999 -3
    endloop
  endfacet
  facet normal -0.294847 -0.955545 0
    outer loop
      vertex 25.9076 22.7604 -3
      vertex 26.1458 22.6869 6
      vertex 25.9076 22.7604 6
    endloop
  endfacet
  facet normal -0.294847 -0.955545 -0
    outer loop
      vertex 26.1458 22.6869 6
      vertex 25.9076 22.7604 -3
      vertex 26.1458 22.6869 -3
    endloop
  endfacet
  facet normal -0.198121 -0.980178 0
    outer loop
      vertex 26.3874 22.6254 -3
      vertex 26.6318 22.576 6
      vertex 26.3874 22.6254 6
    endloop
  endfacet
  facet normal -0.198121 -0.980178 -0
    outer loop
      vertex 26.6318 22.576 6
      vertex 26.3874 22.6254 -3
      vertex 26.6318 22.576 -3
    endloop
  endfacet
  facet normal -0.099464 -0.995041 0
    outer loop
      vertex 26.8783 22.5388 -3
      vertex 27.1264 22.514 6
      vertex 26.8783 22.5388 6
    endloop
  endfacet
  facet normal -0.099464 -0.995041 -0
    outer loop
      vertex 27.1264 22.514 6
      vertex 26.8783 22.5388 -3
      vertex 27.1264 22.514 -3
    endloop
  endfacet
  facet normal -0.478543 -0.878064 0
    outer loop
      vertex 25 23.1699 -3
      vertex 25.2189 23.0506 6
      vertex 25 23.1699 6
    endloop
  endfacet
  facet normal -0.478543 -0.878064 -0
    outer loop
      vertex 25.2189 23.0506 6
      vertex 25 23.1699 -3
      vertex 25.2189 23.0506 -3
    endloop
  endfacet
  facet normal -0.0497575 -0.998761 0
    outer loop
      vertex 27.1264 22.514 -3
      vertex 27.3753 22.5016 6
      vertex 27.1264 22.514 6
    endloop
  endfacet
  facet normal -0.0497575 -0.998761 -0
    outer loop
      vertex 27.3753 22.5016 6
      vertex 27.1264 22.514 -3
      vertex 27.3753 22.5016 -3
    endloop
  endfacet
  facet normal -0.457339 -0.889292 0
    outer loop
      vertex 37.0749 43.8846 1.2
      vertex 37.2956 43.7711 6
      vertex 37.0749 43.8846 6
    endloop
  endfacet
  facet normal -0.457339 -0.889292 -0
    outer loop
      vertex 37.2956 43.7711 6
      vertex 37.0749 43.8846 1.2
      vertex 37.2956 43.7711 1.2
    endloop
  endfacet
  facet normal 0.989303 -0.145877 0
    outer loop
      vertex 34.7145 42.4441 6
      vertex 34.7507 42.6896 1.2
      vertex 34.7507 42.6896 6
    endloop
  endfacet
  facet normal 0.989303 -0.145877 0
    outer loop
      vertex 34.7507 42.6896 1.2
      vertex 34.7145 42.4441 6
      vertex 34.7145 42.4441 1.2
    endloop
  endfacet
  facet normal -0.997337 0.0729365 0
    outer loop
      vertex 38.0919 42.0725 1.2
      vertex 38.11 42.32 6
      vertex 38.11 42.32 1.2
    endloop
  endfacet
  facet normal -0.997337 0.0729365 0
    outer loop
      vertex 38.11 42.32 6
      vertex 38.0919 42.0725 1.2
      vertex 38.0919 42.0725 6
    endloop
  endfacet
  facet normal 0.109591 0.993977 -0
    outer loop
      vertex 36.3479 40.6211 1.2
      vertex 36.1012 40.6483 6
      vertex 36.3479 40.6211 6
    endloop
  endfacet
  facet normal 0.109591 0.993977 0
    outer loop
      vertex 36.1012 40.6483 6
      vertex 36.3479 40.6211 1.2
      vertex 36.1012 40.6483 1.2
    endloop
  endfacet
  facet normal 0.52088 -0.85363 0
    outer loop
      vertex 35.4208 43.7026 1.2
      vertex 35.6327 43.8319 6
      vertex 35.4208 43.7026 6
    endloop
  endfacet
  facet normal 0.52088 -0.85363 0
    outer loop
      vertex 35.6327 43.8319 6
      vertex 35.4208 43.7026 1.2
      vertex 35.6327 43.8319 1.2
    endloop
  endfacet
  facet normal 0.957615 -0.28805 0
    outer loop
      vertex 34.7507 42.6896 6
      vertex 34.8222 42.9273 1.2
      vertex 34.8222 42.9273 6
    endloop
  endfacet
  facet normal 0.957615 -0.28805 0
    outer loop
      vertex 34.8222 42.9273 1.2
      vertex 34.7507 42.6896 6
      vertex 34.7507 42.6896 1.2
    endloop
  endfacet
  facet normal -0.871963 -0.489572 0
    outer loop
      vertex 37.9493 43.0416 1.2
      vertex 37.8278 43.258 6
      vertex 37.8278 43.258 1.2
    endloop
  endfacet
  facet normal -0.871963 -0.489572 0
    outer loop
      vertex 37.8278 43.258 6
      vertex 37.9493 43.0416 1.2
      vertex 37.9493 43.0416 6
    endloop
  endfacet
  facet normal -0.791409 -0.611287 0
    outer loop
      vertex 37.8278 43.258 1.2
      vertex 37.6761 43.4544 6
      vertex 37.6761 43.4544 1.2
    endloop
  endfacet
  facet normal -0.791409 -0.611287 0
    outer loop
      vertex 37.6761 43.4544 6
      vertex 37.8278 43.258 1.2
      vertex 37.8278 43.258 6
    endloop
  endfacet
  facet normal -0.322748 -0.946485 0
    outer loop
      vertex 36.84 43.9647 1.2
      vertex 37.0749 43.8846 6
      vertex 36.84 43.9647 6
    endloop
  endfacet
  facet normal -0.322748 -0.946485 -0
    outer loop
      vertex 37.0749 43.8846 6
      vertex 36.84 43.9647 1.2
      vertex 37.0749 43.8846 1.2
    endloop
  endfacet
  facet normal 1 -0 0
    outer loop
      vertex 34.7145 42.1959 6
      vertex 34.7145 42.4441 1.2
      vertex 34.7145 42.4441 6
    endloop
  endfacet
  facet normal 1 0 0
    outer loop
      vertex 34.7145 42.4441 1.2
      vertex 34.7145 42.1959 6
      vertex 34.7145 42.1959 1.2
    endloop
  endfacet
  facet normal 0.833905 -0.551908 0
    outer loop
      vertex 34.9275 43.152 6
      vertex 35.0645 43.359 1.2
      vertex 35.0645 43.359 6
    endloop
  endfacet
  facet normal 0.833905 -0.551908 0
    outer loop
      vertex 35.0645 43.359 1.2
      vertex 34.9275 43.152 6
      vertex 34.9275 43.152 1.2
    endloop
  endfacet
  facet normal 0.639907 -0.768452 0
    outer loop
      vertex 35.2301 43.5438 1.2
      vertex 35.4208 43.7026 6
      vertex 35.2301 43.5438 6
    endloop
  endfacet
  facet normal 0.639907 -0.768452 0
    outer loop
      vertex 35.4208 43.7026 6
      vertex 35.2301 43.5438 1.2
      vertex 35.4208 43.7026 1.2
    endloop
  endfacet
  facet normal 0.390902 -0.920432 0
    outer loop
      vertex 35.6327 43.8319 1.2
      vertex 35.8611 43.9289 6
      vertex 35.6327 43.8319 6
    endloop
  endfacet
  facet normal 0.390902 -0.920432 0
    outer loop
      vertex 35.8611 43.9289 6
      vertex 35.6327 43.8319 1.2
      vertex 35.8611 43.9289 1.2
    endloop
  endfacet
  facet normal 0.744735 -0.66736 0
    outer loop
      vertex 35.0645 43.359 6
      vertex 35.2301 43.5438 1.2
      vertex 35.2301 43.5438 6
    endloop
  endfacet
  facet normal 0.744735 -0.66736 0
    outer loop
      vertex 35.2301 43.5438 1.2
      vertex 35.0645 43.359 6
      vertex 35.0645 43.359 1.2
    endloop
  endfacet
  facet normal -0.997337 -0.0729365 0
    outer loop
      vertex 38.11 42.32 1.2
      vertex 38.0919 42.5675 6
      vertex 38.0919 42.5675 1.2
    endloop
  endfacet
  facet normal -0.997337 -0.0729365 0
    outer loop
      vertex 38.0919 42.5675 6
      vertex 38.11 42.32 1.2
      vertex 38.11 42.32 6
    endloop
  endfacet
  facet normal -0.181685 0.983357 0
    outer loop
      vertex 36.84 40.6753 1.2
      vertex 36.5959 40.6302 6
      vertex 36.84 40.6753 6
    endloop
  endfacet
  facet normal -0.181685 0.983357 0
    outer loop
      vertex 36.5959 40.6302 6
      vertex 36.84 40.6753 1.2
      vertex 36.5959 40.6302 1.2
    endloop
  endfacet
  facet normal -0.976054 0.217528 0
    outer loop
      vertex 38.0379 41.8302 1.2
      vertex 38.0919 42.0725 6
      vertex 38.0919 42.0725 1.2
    endloop
  endfacet
  facet normal -0.976054 0.217528 0
    outer loop
      vertex 38.0919 42.0725 6
      vertex 38.0379 41.8302 1.2
      vertex 38.0379 41.8302 6
    endloop
  endfacet
  facet normal -0.0366689 0.999327 0
    outer loop
      vertex 36.5959 40.6302 1.2
      vertex 36.3479 40.6211 6
      vertex 36.5959 40.6302 6
    endloop
  endfacet
  facet normal -0.0366689 0.999327 0
    outer loop
      vertex 36.3479 40.6211 6
      vertex 36.5959 40.6302 1.2
      vertex 36.3479 40.6211 1.2
    endloop
  endfacet
  facet normal 0.52088 0.85363 -0
    outer loop
      vertex 35.6327 40.8081 1.2
      vertex 35.4208 40.9374 6
      vertex 35.6327 40.8081 6
    endloop
  endfacet
  facet normal 0.52088 0.85363 0
    outer loop
      vertex 35.4208 40.9374 6
      vertex 35.6327 40.8081 1.2
      vertex 35.4208 40.9374 1.2
    endloop
  endfacet
  facet normal 0.833905 0.551908 0
    outer loop
      vertex 35.0645 41.281 6
      vertex 34.9275 41.488 1.2
      vertex 34.9275 41.488 6
    endloop
  endfacet
  facet normal 0.833905 0.551908 0
    outer loop
      vertex 34.9275 41.488 1.2
      vertex 35.0645 41.281 6
      vertex 35.0645 41.281 1.2
    endloop
  endfacet
  facet normal 0.989303 0.145877 0
    outer loop
      vertex 34.7507 41.9504 6
      vertex 34.7145 42.1959 1.2
      vertex 34.7145 42.1959 6
    endloop
  endfacet
  facet normal 0.989303 0.145877 0
    outer loop
      vertex 34.7145 42.1959 1.2
      vertex 34.7507 41.9504 6
      vertex 34.7507 41.9504 1.2
    endloop
  endfacet
  facet normal -0.976054 -0.217528 0
    outer loop
      vertex 38.0919 42.5675 1.2
      vertex 38.0379 42.8098 6
      vertex 38.0379 42.8098 1.2
    endloop
  endfacet
  facet normal -0.976054 -0.217528 0
    outer loop
      vertex 38.0379 42.8098 6
      vertex 38.0919 42.5675 1.2
      vertex 38.0919 42.5675 6
    endloop
  endfacet
  facet normal -0.934091 -0.357034 0
    outer loop
      vertex 38.0379 42.8098 1.2
      vertex 37.9493 43.0416 6
      vertex 37.9493 43.0416 1.2
    endloop
  endfacet
  facet normal -0.934091 -0.357034 0
    outer loop
      vertex 37.9493 43.0416 6
      vertex 38.0379 42.8098 1.2
      vertex 38.0379 42.8098 6
    endloop
  endfacet
  facet normal -0.694098 -0.71988 0
    outer loop
      vertex 37.4974 43.6267 1.2
      vertex 37.6761 43.4544 6
      vertex 37.4974 43.6267 6
    endloop
  endfacet
  facet normal -0.694098 -0.71988 -0
    outer loop
      vertex 37.6761 43.4544 6
      vertex 37.4974 43.6267 1.2
      vertex 37.6761 43.4544 1.2
    endloop
  endfacet
  facet normal -0.581924 -0.813243 0
    outer loop
      vertex 37.2956 43.7711 1.2
      vertex 37.4974 43.6267 6
      vertex 37.2956 43.7711 6
    endloop
  endfacet
  facet normal -0.581924 -0.813243 -0
    outer loop
      vertex 37.4974 43.6267 6
      vertex 37.2956 43.7711 1.2
      vertex 37.4974 43.6267 1.2
    endloop
  endfacet
  facet normal 0.109591 -0.993977 0
    outer loop
      vertex 36.1012 43.9917 1.2
      vertex 36.3479 44.0189 6
      vertex 36.1012 43.9917 6
    endloop
  endfacet
  facet normal 0.109591 -0.993977 0
    outer loop
      vertex 36.3479 44.0189 6
      vertex 36.1012 43.9917 1.2
      vertex 36.3479 44.0189 1.2
    endloop
  endfacet
  facet normal -0.181685 -0.983357 0
    outer loop
      vertex 36.5959 44.0098 1.2
      vertex 36.84 43.9647 6
      vertex 36.5959 44.0098 6
    endloop
  endfacet
  facet normal -0.181685 -0.983357 -0
    outer loop
      vertex 36.84 43.9647 6
      vertex 36.5959 44.0098 1.2
      vertex 36.84 43.9647 1.2
    endloop
  endfacet
  facet normal 0.905502 -0.424341 0
    outer loop
      vertex 34.8222 42.9273 6
      vertex 34.9275 43.152 1.2
      vertex 34.9275 43.152 6
    endloop
  endfacet
  facet normal 0.905502 -0.424341 0
    outer loop
      vertex 34.9275 43.152 1.2
      vertex 34.8222 42.9273 6
      vertex 34.8222 42.9273 1.2
    endloop
  endfacet
  facet normal 0.253045 -0.967454 0
    outer loop
      vertex 35.8611 43.9289 1.2
      vertex 36.1012 43.9917 6
      vertex 35.8611 43.9289 6
    endloop
  endfacet
  facet normal 0.253045 -0.967454 0
    outer loop
      vertex 36.1012 43.9917 6
      vertex 35.8611 43.9289 1.2
      vertex 36.1012 43.9917 1.2
    endloop
  endfacet
  facet normal -0.871963 0.489572 0
    outer loop
      vertex 37.8278 41.382 1.2
      vertex 37.9493 41.5984 6
      vertex 37.9493 41.5984 1.2
    endloop
  endfacet
  facet normal -0.871963 0.489572 0
    outer loop
      vertex 37.9493 41.5984 6
      vertex 37.8278 41.382 1.2
      vertex 37.8278 41.382 6
    endloop
  endfacet
  facet normal -0.934091 0.357034 0
    outer loop
      vertex 37.9493 41.5984 1.2
      vertex 38.0379 41.8302 6
      vertex 38.0379 41.8302 1.2
    endloop
  endfacet
  facet normal -0.934091 0.357034 0
    outer loop
      vertex 38.0379 41.8302 6
      vertex 37.9493 41.5984 1.2
      vertex 37.9493 41.5984 6
    endloop
  endfacet
  facet normal -0.322748 0.946485 0
    outer loop
      vertex 37.0749 40.7554 1.2
      vertex 36.84 40.6753 6
      vertex 37.0749 40.7554 6
    endloop
  endfacet
  facet normal -0.322748 0.946485 0
    outer loop
      vertex 36.84 40.6753 6
      vertex 37.0749 40.7554 1.2
      vertex 36.84 40.6753 1.2
    endloop
  endfacet
  facet normal -0.791409 0.611287 0
    outer loop
      vertex 37.6761 41.1856 1.2
      vertex 37.8278 41.382 6
      vertex 37.8278 41.382 1.2
    endloop
  endfacet
  facet normal -0.791409 0.611287 0
    outer loop
      vertex 37.8278 41.382 6
      vertex 37.6761 41.1856 1.2
      vertex 37.6761 41.1856 6
    endloop
  endfacet
  facet normal -0.581924 0.813243 0
    outer loop
      vertex 37.4974 41.0133 1.2
      vertex 37.2956 40.8689 6
      vertex 37.4974 41.0133 6
    endloop
  endfacet
  facet normal -0.581924 0.813243 0
    outer loop
      vertex 37.2956 40.8689 6
      vertex 37.4974 41.0133 1.2
      vertex 37.2956 40.8689 1.2
    endloop
  endfacet
  facet normal 0.390902 0.920432 -0
    outer loop
      vertex 35.8611 40.7111 1.2
      vertex 35.6327 40.8081 6
      vertex 35.8611 40.7111 6
    endloop
  endfacet
  facet normal 0.390902 0.920432 0
    outer loop
      vertex 35.6327 40.8081 6
      vertex 35.8611 40.7111 1.2
      vertex 35.6327 40.8081 1.2
    endloop
  endfacet
  facet normal 0.957615 0.28805 0
    outer loop
      vertex 34.8222 41.7127 6
      vertex 34.7507 41.9504 1.2
      vertex 34.7507 41.9504 6
    endloop
  endfacet
  facet normal 0.957615 0.28805 0
    outer loop
      vertex 34.7507 41.9504 1.2
      vertex 34.8222 41.7127 6
      vertex 34.8222 41.7127 1.2
    endloop
  endfacet
  facet normal 0.744735 0.66736 0
    outer loop
      vertex 35.2301 41.0962 6
      vertex 35.0645 41.281 1.2
      vertex 35.0645 41.281 6
    endloop
  endfacet
  facet normal 0.744735 0.66736 0
    outer loop
      vertex 35.0645 41.281 1.2
      vertex 35.2301 41.0962 6
      vertex 35.2301 41.0962 1.2
    endloop
  endfacet
  facet normal 0.639907 0.768452 -0
    outer loop
      vertex 35.4208 40.9374 1.2
      vertex 35.2301 41.0962 6
      vertex 35.4208 40.9374 6
    endloop
  endfacet
  facet normal 0.639907 0.768452 0
    outer loop
      vertex 35.2301 41.0962 6
      vertex 35.4208 40.9374 1.2
      vertex 35.2301 41.0962 1.2
    endloop
  endfacet
  facet normal -0.0366689 -0.999327 0
    outer loop
      vertex 36.3479 44.0189 1.2
      vertex 36.5959 44.0098 6
      vertex 36.3479 44.0189 6
    endloop
  endfacet
  facet normal -0.0366689 -0.999327 -0
    outer loop
      vertex 36.5959 44.0098 6
      vertex 36.3479 44.0189 1.2
      vertex 36.5959 44.0098 1.2
    endloop
  endfacet
  facet normal -0.457339 0.889292 0
    outer loop
      vertex 37.2956 40.8689 1.2
      vertex 37.0749 40.7554 6
      vertex 37.2956 40.8689 6
    endloop
  endfacet
  facet normal -0.457339 0.889292 0
    outer loop
      vertex 37.0749 40.7554 6
      vertex 37.2956 40.8689 1.2
      vertex 37.0749 40.7554 1.2
    endloop
  endfacet
  facet normal -0.694098 0.71988 0
    outer loop
      vertex 37.6761 41.1856 1.2
      vertex 37.4974 41.0133 6
      vertex 37.6761 41.1856 6
    endloop
  endfacet
  facet normal -0.694098 0.71988 0
    outer loop
      vertex 37.4974 41.0133 6
      vertex 37.6761 41.1856 1.2
      vertex 37.4974 41.0133 1.2
    endloop
  endfacet
  facet normal 0.253045 0.967454 -0
    outer loop
      vertex 36.1012 40.6483 1.2
      vertex 35.8611 40.7111 6
      vertex 36.1012 40.6483 6
    endloop
  endfacet
  facet normal 0.253045 0.967454 0
    outer loop
      vertex 35.8611 40.7111 6
      vertex 36.1012 40.6483 1.2
      vertex 35.8611 40.7111 1.2
    endloop
  endfacet
  facet normal 0.905502 0.424341 0
    outer loop
      vertex 34.9275 41.488 6
      vertex 34.8222 41.7127 1.2
      vertex 34.8222 41.7127 6
    endloop
  endfacet
  facet normal 0.905502 0.424341 0
    outer loop
      vertex 34.8222 41.7127 1.2
      vertex 34.9275 41.488 6
      vertex 34.9275 41.488 1.2
    endloop
  endfacet
  facet normal -0.999181 -0.040464 0
    outer loop
      vertex 39.51 42.32 -3
      vertex 39.4999 42.5694 1.2
      vertex 39.4999 42.5694 -3
    endloop
  endfacet
  facet normal -0.999181 -0.040464 0
    outer loop
      vertex 39.4999 42.5694 1.2
      vertex 39.51 42.32 -3
      vertex 39.51 42.32 1.2
    endloop
  endfacet
  facet normal 0.999181 -0.040464 0
    outer loop
      vertex 33.31 42.32 1.2
      vertex 33.3201 42.5694 -3
      vertex 33.3201 42.5694 1.2
    endloop
  endfacet
  facet normal 0.999181 -0.040464 0
    outer loop
      vertex 33.3201 42.5694 -3
      vertex 33.31 42.32 1.2
      vertex 33.31 42.32 -3
    endloop
  endfacet
  facet normal 0 -1 0
    outer loop
      vertex 36.2852 45.4175 -3
      vertex 36.5348 45.4175 1.2
      vertex 36.2852 45.4175 1.2
    endloop
  endfacet
  facet normal 0 -1 -0
    outer loop
      vertex 36.5348 45.4175 1.2
      vertex 36.2852 45.4175 -3
      vertex 36.5348 45.4175 -3
    endloop
  endfacet
  facet normal 0 1 -0
    outer loop
      vertex 36.5348 39.2225 -3
      vertex 36.2852 39.2225 1.2
      vertex 36.5348 39.2225 1.2
    endloop
  endfacet
  facet normal 0 1 0
    outer loop
      vertex 36.2852 39.2225 1.2
      vertex 36.5348 39.2225 -3
      vertex 36.2852 39.2225 -3
    endloop
  endfacet
  facet normal -0.720987 -0.692949 0
    outer loop
      vertex 38.7304 44.3757 -3
      vertex 38.5574 44.5557 1.2
      vertex 38.5574 44.5557 -3
    endloop
  endfacet
  facet normal -0.720987 -0.692949 0
    outer loop
      vertex 38.5574 44.5557 1.2
      vertex 38.7304 44.3757 -3
      vertex 38.7304 44.3757 1.2
    endloop
  endfacet
  facet normal 0.663369 -0.748293 0
    outer loop
      vertex 34.2626 44.5557 -3
      vertex 34.4494 44.7213 1.2
      vertex 34.2626 44.5557 1.2
    endloop
  endfacet
  facet normal 0.663369 -0.748293 0
    outer loop
      vertex 34.4494 44.7213 1.2
      vertex 34.2626 44.5557 -3
      vertex 34.4494 44.7213 -3
    endloop
  endfacet
  facet normal 0.316468 -0.948603 0
    outer loop
      vertex 35.3107 45.2186 -3
      vertex 35.5475 45.2976 1.2
      vertex 35.3107 45.2186 1.2
    endloop
  endfacet
  facet normal 0.316468 -0.948603 0
    outer loop
      vertex 35.5475 45.2976 1.2
      vertex 35.3107 45.2186 -3
      vertex 35.5475 45.2976 -3
    endloop
  endfacet
  facet normal -0.903452 -0.428689 0
    outer loop
      vertex 39.2619 43.5351 -3
      vertex 39.1549 43.7606 1.2
      vertex 39.1549 43.7606 -3
    endloop
  endfacet
  facet normal -0.903452 -0.428689 0
    outer loop
      vertex 39.1549 43.7606 1.2
      vertex 39.2619 43.5351 -3
      vertex 39.2619 43.5351 1.2
    endloop
  endfacet
  facet normal -0.600769 -0.799423 0
    outer loop
      vertex 38.171 44.8713 -3
      vertex 38.3706 44.7213 1.2
      vertex 38.171 44.8713 1.2
    endloop
  endfacet
  facet normal -0.600769 -0.799423 -0
    outer loop
      vertex 38.3706 44.7213 1.2
      vertex 38.171 44.8713 -3
      vertex 38.3706 44.7213 -3
    endloop
  endfacet
  facet normal 0.823071 -0.567939 0
    outer loop
      vertex 33.7899 43.9768 1.2
      vertex 33.9317 44.1823 -3
      vertex 33.9317 44.1823 1.2
    endloop
  endfacet
  facet normal 0.823071 -0.567939 0
    outer loop
      vertex 33.9317 44.1823 -3
      vertex 33.7899 43.9768 1.2
      vertex 33.7899 43.9768 -3
    endloop
  endfacet
  facet normal 0.774617 -0.63243 0
    outer loop
      vertex 33.9317 44.1823 1.2
      vertex 34.0896 44.3757 -3
      vertex 34.0896 44.3757 1.2
    endloop
  endfacet
  facet normal 0.774617 -0.63243 0
    outer loop
      vertex 34.0896 44.3757 -3
      vertex 33.9317 44.1823 1.2
      vertex 33.9317 44.1823 -3
    endloop
  endfacet
  facet normal 0.16063 -0.987015 0
    outer loop
      vertex 35.7899 45.3573 -3
      vertex 36.0363 45.3974 1.2
      vertex 35.7899 45.3573 1.2
    endloop
  endfacet
  facet normal 0.16063 -0.987015 0
    outer loop
      vertex 36.0363 45.3974 1.2
      vertex 35.7899 45.3573 -3
      vertex 36.0363 45.3974 -3
    endloop
  endfacet
  facet normal -0.934906 0.354896 0
    outer loop
      vertex 39.2619 41.1049 -3
      vertex 39.3505 41.3383 1.2
      vertex 39.3505 41.3383 -3
    endloop
  endfacet
  facet normal -0.934906 0.354896 0
    outer loop
      vertex 39.3505 41.3383 1.2
      vertex 39.2619 41.1049 -3
      vertex 39.2619 41.1049 1.2
    endloop
  endfacet
  facet normal -0.239519 0.970892 0
    outer loop
      vertex 37.2725 39.3424 -3
      vertex 37.0301 39.2826 1.2
      vertex 37.2725 39.3424 1.2
    endloop
  endfacet
  facet normal -0.239519 0.970892 0
    outer loop
      vertex 37.0301 39.2826 1.2
      vertex 37.2725 39.3424 -3
      vertex 37.0301 39.2826 -3
    endloop
  endfacet
  facet normal -0.97974 -0.200274 0
    outer loop
      vertex 39.4699 42.8173 -3
      vertex 39.4199 43.0619 1.2
      vertex 39.4199 43.0619 -3
    endloop
  endfacet
  facet normal -0.97974 -0.200274 0
    outer loop
      vertex 39.4199 43.0619 1.2
      vertex 39.4699 42.8173 -3
      vertex 39.4699 42.8173 1.2
    endloop
  endfacet
  facet normal -0.992757 -0.12014 0
    outer loop
      vertex 39.4999 42.5694 -3
      vertex 39.4699 42.8173 1.2
      vertex 39.4699 42.8173 -3
    endloop
  endfacet
  facet normal -0.992757 -0.12014 0
    outer loop
      vertex 39.4699 42.8173 1.2
      vertex 39.4999 42.5694 -3
      vertex 39.4999 42.5694 1.2
    endloop
  endfacet
  facet normal -0.823071 -0.567939 0
    outer loop
      vertex 39.0301 43.9768 -3
      vertex 38.8883 44.1823 1.2
      vertex 38.8883 44.1823 -3
    endloop
  endfacet
  facet normal -0.823071 -0.567939 0
    outer loop
      vertex 38.8883 44.1823 1.2
      vertex 39.0301 43.9768 -3
      vertex 39.0301 43.9768 1.2
    endloop
  endfacet
  facet normal -0.774617 -0.63243 0
    outer loop
      vertex 38.8883 44.1823 -3
      vertex 38.7304 44.3757 1.2
      vertex 38.7304 44.3757 -3
    endloop
  endfacet
  facet normal -0.774617 -0.63243 0
    outer loop
      vertex 38.7304 44.3757 1.2
      vertex 38.8883 44.1823 -3
      vertex 38.8883 44.1823 1.2
    endloop
  endfacet
  facet normal -0.16063 -0.987015 0
    outer loop
      vertex 36.7837 45.3974 -3
      vertex 37.0301 45.3573 1.2
      vertex 36.7837 45.3974 1.2
    endloop
  endfacet
  facet normal -0.16063 -0.987015 -0
    outer loop
      vertex 37.0301 45.3573 1.2
      vertex 36.7837 45.3974 -3
      vertex 37.0301 45.3573 -3
    endloop
  endfacet
  facet normal -0.316468 -0.948603 0
    outer loop
      vertex 37.2725 45.2976 -3
      vertex 37.5093 45.2186 1.2
      vertex 37.2725 45.2976 1.2
    endloop
  endfacet
  facet normal -0.316468 -0.948603 -0
    outer loop
      vertex 37.5093 45.2186 1.2
      vertex 37.2725 45.2976 -3
      vertex 37.5093 45.2186 -3
    endloop
  endfacet
  facet normal -0.0804933 -0.996755 0
    outer loop
      vertex 36.5348 45.4175 -3
      vertex 36.7837 45.3974 1.2
      vertex 36.5348 45.4175 1.2
    endloop
  endfacet
  facet normal -0.0804933 -0.996755 -0
    outer loop
      vertex 36.7837 45.3974 1.2
      vertex 36.5348 45.4175 -3
      vertex 36.7837 45.3974 -3
    endloop
  endfacet
  facet normal -0.663369 -0.748293 0
    outer loop
      vertex 38.3706 44.7213 -3
      vertex 38.5574 44.5557 1.2
      vertex 38.3706 44.7213 1.2
    endloop
  endfacet
  facet normal -0.663369 -0.748293 -0
    outer loop
      vertex 38.5574 44.5557 1.2
      vertex 38.3706 44.7213 -3
      vertex 38.5574 44.5557 -3
    endloop
  endfacet
  facet normal 0.960581 -0.278 0
    outer loop
      vertex 33.4001 43.0619 1.2
      vertex 33.4695 43.3017 -3
      vertex 33.4695 43.3017 1.2
    endloop
  endfacet
  facet normal 0.960581 -0.278 0
    outer loop
      vertex 33.4695 43.3017 -3
      vertex 33.4001 43.0619 1.2
      vertex 33.4001 43.0619 -3
    endloop
  endfacet
  facet normal 0.903452 -0.428689 0
    outer loop
      vertex 33.5581 43.5351 1.2
      vertex 33.6651 43.7606 -3
      vertex 33.6651 43.7606 1.2
    endloop
  endfacet
  facet normal 0.903452 -0.428689 0
    outer loop
      vertex 33.6651 43.7606 -3
      vertex 33.5581 43.5351 1.2
      vertex 33.5581 43.5351 -3
    endloop
  endfacet
  facet normal 0.97974 -0.200274 0
    outer loop
      vertex 33.3501 42.8173 1.2
      vertex 33.4001 43.0619 -3
      vertex 33.4001 43.0619 1.2
    endloop
  endfacet
  facet normal 0.97974 -0.200274 0
    outer loop
      vertex 33.4001 43.0619 -3
      vertex 33.3501 42.8173 1.2
      vertex 33.3501 42.8173 -3
    endloop
  endfacet
  facet normal 0.464591 -0.885526 0
    outer loop
      vertex 34.86 45.0047 -3
      vertex 35.0811 45.1207 1.2
      vertex 34.86 45.0047 1.2
    endloop
  endfacet
  facet normal 0.464591 -0.885526 0
    outer loop
      vertex 35.0811 45.1207 1.2
      vertex 34.86 45.0047 -3
      vertex 35.0811 45.1207 -3
    endloop
  endfacet
  facet normal 0.534385 -0.845241 0
    outer loop
      vertex 34.649 44.8713 -3
      vertex 34.86 45.0047 1.2
      vertex 34.649 44.8713 1.2
    endloop
  endfacet
  facet normal 0.534385 -0.845241 0
    outer loop
      vertex 34.86 45.0047 1.2
      vertex 34.649 44.8713 -3
      vertex 34.86 45.0047 -3
    endloop
  endfacet
  facet normal 0.239141 -0.970985 0
    outer loop
      vertex 35.5475 45.2976 -3
      vertex 35.7899 45.3573 1.2
      vertex 35.5475 45.2976 1.2
    endloop
  endfacet
  facet normal 0.239141 -0.970985 0
    outer loop
      vertex 35.7899 45.3573 1.2
      vertex 35.5475 45.2976 -3
      vertex 35.7899 45.3573 -3
    endloop
  endfacet
  facet normal 0.0804933 -0.996755 0
    outer loop
      vertex 36.0363 45.3974 -3
      vertex 36.2852 45.4175 1.2
      vertex 36.0363 45.3974 1.2
    endloop
  endfacet
  facet normal 0.0804933 -0.996755 0
    outer loop
      vertex 36.2852 45.4175 1.2
      vertex 36.0363 45.3974 -3
      vertex 36.2852 45.4175 -3
    endloop
  endfacet
  facet normal -0.720987 0.692949 0
    outer loop
      vertex 38.5574 40.0843 -3
      vertex 38.7304 40.2643 1.2
      vertex 38.7304 40.2643 -3
    endloop
  endfacet
  facet normal -0.720987 0.692949 0
    outer loop
      vertex 38.7304 40.2643 1.2
      vertex 38.5574 40.0843 -3
      vertex 38.5574 40.0843 1.2
    endloop
  endfacet
  facet normal -0.0804933 0.996755 0
    outer loop
      vertex 36.7837 39.2426 -3
      vertex 36.5348 39.2225 1.2
      vertex 36.7837 39.2426 1.2
    endloop
  endfacet
  facet normal -0.0804933 0.996755 0
    outer loop
      vertex 36.5348 39.2225 1.2
      vertex 36.7837 39.2426 -3
      vertex 36.5348 39.2225 -3
    endloop
  endfacet
  facet normal -0.391887 0.920013 0
    outer loop
      vertex 37.7389 39.5193 -3
      vertex 37.5093 39.4215 1.2
      vertex 37.7389 39.5193 1.2
    endloop
  endfacet
  facet normal -0.391887 0.920013 0
    outer loop
      vertex 37.5093 39.4215 1.2
      vertex 37.7389 39.5193 -3
      vertex 37.5093 39.4215 -3
    endloop
  endfacet
  facet normal -0.960581 -0.278 0
    outer loop
      vertex 39.4199 43.0619 -3
      vertex 39.3505 43.3017 1.2
      vertex 39.3505 43.3017 -3
    endloop
  endfacet
  facet normal -0.960581 -0.278 0
    outer loop
      vertex 39.3505 43.3017 1.2
      vertex 39.4199 43.0619 -3
      vertex 39.4199 43.0619 1.2
    endloop
  endfacet
  facet normal -0.934906 -0.354896 0
    outer loop
      vertex 39.3505 43.3017 -3
      vertex 39.2619 43.5351 1.2
      vertex 39.2619 43.5351 -3
    endloop
  endfacet
  facet normal -0.934906 -0.354896 0
    outer loop
      vertex 39.2619 43.5351 1.2
      vertex 39.3505 43.3017 -3
      vertex 39.3505 43.3017 1.2
    endloop
  endfacet
  facet normal -0.866066 -0.499931 0
    outer loop
      vertex 39.1549 43.7606 -3
      vertex 39.0301 43.9768 1.2
      vertex 39.0301 43.9768 -3
    endloop
  endfacet
  facet normal -0.866066 -0.499931 0
    outer loop
      vertex 39.0301 43.9768 1.2
      vertex 39.1549 43.7606 -3
      vertex 39.1549 43.7606 1.2
    endloop
  endfacet
  facet normal -0.239141 -0.970985 0
    outer loop
      vertex 37.0301 45.3573 -3
      vertex 37.2725 45.2976 1.2
      vertex 37.0301 45.3573 1.2
    endloop
  endfacet
  facet normal -0.239141 -0.970985 -0
    outer loop
      vertex 37.2725 45.2976 1.2
      vertex 37.0301 45.3573 -3
      vertex 37.2725 45.2976 -3
    endloop
  endfacet
  facet normal -0.392226 -0.919869 0
    outer loop
      vertex 37.5093 45.2186 -3
      vertex 37.7389 45.1207 1.2
      vertex 37.5093 45.2186 1.2
    endloop
  endfacet
  facet normal -0.392226 -0.919869 -0
    outer loop
      vertex 37.7389 45.1207 1.2
      vertex 37.5093 45.2186 -3
      vertex 37.7389 45.1207 -3
    endloop
  endfacet
  facet normal -0.534385 -0.845241 0
    outer loop
      vertex 37.96 45.0047 -3
      vertex 38.171 44.8713 1.2
      vertex 37.96 45.0047 1.2
    endloop
  endfacet
  facet normal -0.534385 -0.845241 -0
    outer loop
      vertex 38.171 44.8713 1.2
      vertex 37.96 45.0047 -3
      vertex 38.171 44.8713 -3
    endloop
  endfacet
  facet normal 0.720987 -0.692949 0
    outer loop
      vertex 34.0896 44.3757 1.2
      vertex 34.2626 44.5557 -3
      vertex 34.2626 44.5557 1.2
    endloop
  endfacet
  facet normal 0.720987 -0.692949 0
    outer loop
      vertex 34.2626 44.5557 -3
      vertex 34.0896 44.3757 1.2
      vertex 34.0896 44.3757 -3
    endloop
  endfacet
  facet normal 0.866066 -0.499931 0
    outer loop
      vertex 33.6651 43.7606 1.2
      vertex 33.7899 43.9768 -3
      vertex 33.7899 43.9768 1.2
    endloop
  endfacet
  facet normal 0.866066 -0.499931 0
    outer loop
      vertex 33.7899 43.9768 -3
      vertex 33.6651 43.7606 1.2
      vertex 33.6651 43.7606 -3
    endloop
  endfacet
  facet normal 0.934906 -0.354896 0
    outer loop
      vertex 33.4695 43.3017 1.2
      vertex 33.5581 43.5351 -3
      vertex 33.5581 43.5351 1.2
    endloop
  endfacet
  facet normal 0.934906 -0.354896 0
    outer loop
      vertex 33.5581 43.5351 -3
      vertex 33.4695 43.3017 1.2
      vertex 33.4695 43.3017 -3
    endloop
  endfacet
  facet normal 0.992757 -0.12014 0
    outer loop
      vertex 33.3201 42.5694 1.2
      vertex 33.3501 42.8173 -3
      vertex 33.3501 42.8173 1.2
    endloop
  endfacet
  facet normal 0.992757 -0.12014 0
    outer loop
      vertex 33.3501 42.8173 -3
      vertex 33.3201 42.5694 1.2
      vertex 33.3201 42.5694 -3
    endloop
  endfacet
  facet normal 0 0 -1
    outer loop
      vertex 38.11 42.32 1.2
      vertex 39.51 42.32 1.2
      vertex 39.4999 42.0706 1.2
    endloop
  endfacet
  facet normal 0 0 -1
    outer loop
      vertex 38.0919 42.0725 1.2
      vertex 39.4999 42.0706 1.2
      vertex 39.4699 41.8227 1.2
    endloop
  endfacet
  facet normal 0 0 -1
    outer loop
      vertex 39.51 42.32 1.2
      vertex 38.11 42.32 1.2
      vertex 39.4999 42.5694 1.2
    endloop
  endfacet
  facet normal 0 0 -1
    outer loop
      vertex 38.0919 42.0725 1.2
      vertex 39.4699 41.8227 1.2
      vertex 39.4199 41.5781 1.2
    endloop
  endfacet
  facet normal 0 0 -1
    outer loop
      vertex 38.0919 42.5675 1.2
      vertex 39.4999 42.5694 1.2
      vertex 38.11 42.32 1.2
    endloop
  endfacet
  facet normal 0 0 -1
    outer loop
      vertex 38.0379 41.8302 1.2
      vertex 39.4199 41.5781 1.2
      vertex 39.3505 41.3383 1.2
    endloop
  endfacet
  facet normal -0 0 -1
    outer loop
      vertex 39.4999 42.5694 1.2
      vertex 38.0919 42.5675 1.2
      vertex 39.4699 42.8173 1.2
    endloop
  endfacet
  facet normal 0 0 -1
    outer loop
      vertex 38.0379 41.8302 1.2
      vertex 39.3505 41.3383 1.2
      vertex 39.2619 41.1049 1.2
    endloop
  endfacet
  facet normal -0 0 -1
    outer loop
      vertex 39.4699 42.8173 1.2
      vertex 38.0919 42.5675 1.2
      vertex 39.4199 43.0619 1.2
    endloop
  endfacet
  facet normal 0 0 -1
    outer loop
      vertex 37.9493 41.5984 1.2
      vertex 39.2619 41.1049 1.2
      vertex 39.1549 40.8794 1.2
    endloop
  endfacet
  facet normal 0 0 -1
    outer loop
      vertex 38.0379 42.8098 1.2
      vertex 39.4199 43.0619 1.2
      vertex 38.0919 42.5675 1.2
    endloop
  endfacet
  facet normal 0 0 -1
    outer loop
      vertex 37.8278 41.382 1.2
      vertex 39.1549 40.8794 1.2
      vertex 39.0301 40.6632 1.2
    endloop
  endfacet
  facet normal -0 0 -1
    outer loop
      vertex 39.4199 43.0619 1.2
      vertex 38.0379 42.8098 1.2
      vertex 39.3505 43.3017 1.2
    endloop
  endfacet
  facet normal 0 0 -1
    outer loop
      vertex 37.8278 41.382 1.2
      vertex 39.0301 40.6632 1.2
      vertex 38.8883 40.4577 1.2
    endloop
  endfacet
  facet normal -0 0 -1
    outer loop
      vertex 39.3505 43.3017 1.2
      vertex 38.0379 42.8098 1.2
      vertex 39.2619 43.5351 1.2
    endloop
  endfacet
  facet normal 0 0 -1
    outer loop
      vertex 37.6761 41.1856 1.2
      vertex 38.8883 40.4577 1.2
      vertex 38.7304 40.2643 1.2
    endloop
  endfacet
  facet normal 0 0 -1
    outer loop
      vertex 37.9493 43.0416 1.2
      vertex 39.2619 43.5351 1.2
      vertex 38.0379 42.8098 1.2
    endloop
  endfacet
  facet normal 0 0 -1
    outer loop
      vertex 37.6761 41.1856 1.2
      vertex 38.7304 40.2643 1.2
      vertex 38.5574 40.0843 1.2
    endloop
  endfacet
  facet normal -0 0 -1
    outer loop
      vertex 39.2619 43.5351 1.2
      vertex 37.9493 43.0416 1.2
      vertex 39.1549 43.7606 1.2
    endloop
  endfacet
  facet normal 0 0 -1
    outer loop
      vertex 37.4974 41.0133 1.2
      vertex 38.5574 40.0843 1.2
      vertex 38.3706 39.9187 1.2
    endloop
  endfacet
  facet normal 0 0 -1
    outer loop
      vertex 37.8278 43.258 1.2
      vertex 39.1549 43.7606 1.2
      vertex 37.9493 43.0416 1.2
    endloop
  endfacet
  facet normal 0 0 -1
    outer loop
      vertex 37.4974 41.0133 1.2
      vertex 38.3706 39.9187 1.2
      vertex 38.171 39.7687 1.2
    endloop
  endfacet
  facet normal -0 0 -1
    outer loop
      vertex 39.1549 43.7606 1.2
      vertex 37.8278 43.258 1.2
      vertex 39.0301 43.9768 1.2
    endloop
  endfacet
  facet normal -0 0 -1
    outer loop
      vertex 39.0301 43.9768 1.2
      vertex 37.8278 43.258 1.2
      vertex 38.8883 44.1823 1.2
    endloop
  endfacet
  facet normal 0 0 -1
    outer loop
      vertex 39.4999 42.0706 1.2
      vertex 38.0919 42.0725 1.2
      vertex 38.11 42.32 1.2
    endloop
  endfacet
  facet normal 0 0 -1
    outer loop
      vertex 39.4199 41.5781 1.2
      vertex 38.0379 41.8302 1.2
      vertex 38.0919 42.0725 1.2
    endloop
  endfacet
  facet normal 0 0 -1
    outer loop
      vertex 37.2956 40.8689 1.2
      vertex 38.171 39.7687 1.2
      vertex 37.96 39.6353 1.2
    endloop
  endfacet
  facet normal 0 0 -1
    outer loop
      vertex 39.2619 41.1049 1.2
      vertex 37.9493 41.5984 1.2
      vertex 38.0379 41.8302 1.2
    endloop
  endfacet
  facet normal 0 0 -1
    outer loop
      vertex 39.1549 40.8794 1.2
      vertex 37.8278 41.382 1.2
      vertex 37.9493 41.5984 1.2
    endloop
  endfacet
  facet normal 0 0 -1
    outer loop
      vertex 37.2956 40.8689 1.2
      vertex 37.96 39.6353 1.2
      vertex 37.7389 39.5193 1.2
    endloop
  endfacet
  facet normal 0 0 -1
    outer loop
      vertex 38.8883 40.4577 1.2
      vertex 37.6761 41.1856 1.2
      vertex 37.8278 41.382 1.2
    endloop
  endfacet
  facet normal 0 0 -1
    outer loop
      vertex 37.0749 40.7554 1.2
      vertex 37.7389 39.5193 1.2
      vertex 37.5093 39.4215 1.2
    endloop
  endfacet
  facet normal 0 0 -1
    outer loop
      vertex 38.5574 40.0843 1.2
      vertex 37.4974 41.0133 1.2
      vertex 37.6761 41.1856 1.2
    endloop
  endfacet
  facet normal 0 0 -1
    outer loop
      vertex 38.171 39.7687 1.2
      vertex 37.2956 40.8689 1.2
      vertex 37.4974 41.0133 1.2
    endloop
  endfacet
  facet normal 0 0 -1
    outer loop
      vertex 36.84 40.6753 1.2
      vertex 37.5093 39.4215 1.2
      vertex 37.2725 39.3424 1.2
    endloop
  endfacet
  facet normal 0 0 -1
    outer loop
      vertex 37.7389 39.5193 1.2
      vertex 37.0749 40.7554 1.2
      vertex 37.2956 40.8689 1.2
    endloop
  endfacet
  facet normal 0 0 -1
    outer loop
      vertex 36.84 40.6753 1.2
      vertex 37.2725 39.3424 1.2
      vertex 37.0301 39.2826 1.2
    endloop
  endfacet
  facet normal 0 0 -1
    outer loop
      vertex 37.5093 39.4215 1.2
      vertex 36.84 40.6753 1.2
      vertex 37.0749 40.7554 1.2
    endloop
  endfacet
  facet normal 0 0 -1
    outer loop
      vertex 36.5959 40.6302 1.2
      vertex 37.0301 39.2826 1.2
      vertex 36.7837 39.2426 1.2
    endloop
  endfacet
  facet normal 0 0 -1
    outer loop
      vertex 37.0301 39.2826 1.2
      vertex 36.5959 40.6302 1.2
      vertex 36.84 40.6753 1.2
    endloop
  endfacet
  facet normal 0 0 -1
    outer loop
      vertex 36.5348 39.2225 1.2
      vertex 36.5959 40.6302 1.2
      vertex 36.7837 39.2426 1.2
    endloop
  endfacet
  facet normal 0 0 -1
    outer loop
      vertex 36.5348 39.2225 1.2
      vertex 36.3479 40.6211 1.2
      vertex 36.5959 40.6302 1.2
    endloop
  endfacet
  facet normal 0 0 -1
    outer loop
      vertex 36.2852 39.2225 1.2
      vertex 36.3479 40.6211 1.2
      vertex 36.5348 39.2225 1.2
    endloop
  endfacet
  facet normal 0 0 -1
    outer loop
      vertex 36.0363 39.2426 1.2
      vertex 36.3479 40.6211 1.2
      vertex 36.2852 39.2225 1.2
    endloop
  endfacet
  facet normal -0 0 -1
    outer loop
      vertex 36.3479 40.6211 1.2
      vertex 36.0363 39.2426 1.2
      vertex 36.1012 40.6483 1.2
    endloop
  endfacet
  facet normal 0 0 -1
    outer loop
      vertex 35.7899 39.2826 1.2
      vertex 36.1012 40.6483 1.2
      vertex 36.0363 39.2426 1.2
    endloop
  endfacet
  facet normal 0 0 -1
    outer loop
      vertex 35.5475 39.3424 1.2
      vertex 36.1012 40.6483 1.2
      vertex 35.7899 39.2826 1.2
    endloop
  endfacet
  facet normal -0 0 -1
    outer loop
      vertex 36.1012 40.6483 1.2
      vertex 35.5475 39.3424 1.2
      vertex 35.8611 40.7111 1.2
    endloop
  endfacet
  facet normal 0 0 -1
    outer loop
      vertex 35.3107 39.4215 1.2
      vertex 35.8611 40.7111 1.2
      vertex 35.5475 39.3424 1.2
    endloop
  endfacet
  facet normal -0 0 -1
    outer loop
      vertex 35.8611 40.7111 1.2
      vertex 35.3107 39.4215 1.2
      vertex 35.6327 40.8081 1.2
    endloop
  endfacet
  facet normal 0 0 -1
    outer loop
      vertex 35.0811 39.5193 1.2
      vertex 35.6327 40.8081 1.2
      vertex 35.3107 39.4215 1.2
    endloop
  endfacet
  facet normal 0 0 -1
    outer loop
      vertex 34.86 39.6353 1.2
      vertex 35.6327 40.8081 1.2
      vertex 35.0811 39.5193 1.2
    endloop
  endfacet
  facet normal -0 0 -1
    outer loop
      vertex 35.6327 40.8081 1.2
      vertex 34.86 39.6353 1.2
      vertex 35.4208 40.9374 1.2
    endloop
  endfacet
  facet normal 0 0 -1
    outer loop
      vertex 34.649 39.7687 1.2
      vertex 35.4208 40.9374 1.2
      vertex 34.86 39.6353 1.2
    endloop
  endfacet
  facet normal 0 0 -1
    outer loop
      vertex 34.4494 39.9187 1.2
      vertex 35.4208 40.9374 1.2
      vertex 34.649 39.7687 1.2
    endloop
  endfacet
  facet normal -0 0 -1
    outer loop
      vertex 35.4208 40.9374 1.2
      vertex 34.4494 39.9187 1.2
      vertex 35.2301 41.0962 1.2
    endloop
  endfacet
  facet normal 0 0 -1
    outer loop
      vertex 34.2626 40.0843 1.2
      vertex 35.2301 41.0962 1.2
      vertex 34.4494 39.9187 1.2
    endloop
  endfacet
  facet normal 0 0 -1
    outer loop
      vertex 34.0896 40.2643 1.2
      vertex 35.2301 41.0962 1.2
      vertex 34.2626 40.0843 1.2
    endloop
  endfacet
  facet normal -0 0 -1
    outer loop
      vertex 35.2301 41.0962 1.2
      vertex 34.0896 40.2643 1.2
      vertex 35.0645 41.281 1.2
    endloop
  endfacet
  facet normal 0 0 -1
    outer loop
      vertex 33.7899 40.6632 1.2
      vertex 35.0645 41.281 1.2
      vertex 33.9317 40.4577 1.2
    endloop
  endfacet
  facet normal 0 0 -1
    outer loop
      vertex 33.9317 40.4577 1.2
      vertex 35.0645 41.281 1.2
      vertex 34.0896 40.2643 1.2
    endloop
  endfacet
  facet normal 0 0 -1
    outer loop
      vertex 37.6761 43.4544 1.2
      vertex 38.8883 44.1823 1.2
      vertex 37.8278 43.258 1.2
    endloop
  endfacet
  facet normal -0 0 -1
    outer loop
      vertex 38.8883 44.1823 1.2
      vertex 37.6761 43.4544 1.2
      vertex 38.7304 44.3757 1.2
    endloop
  endfacet
  facet normal -0 0 -1
    outer loop
      vertex 38.7304 44.3757 1.2
      vertex 37.6761 43.4544 1.2
      vertex 38.5574 44.5557 1.2
    endloop
  endfacet
  facet normal 0 0 -1
    outer loop
      vertex 37.4974 43.6267 1.2
      vertex 38.5574 44.5557 1.2
      vertex 37.6761 43.4544 1.2
    endloop
  endfacet
  facet normal -0 0 -1
    outer loop
      vertex 38.5574 44.5557 1.2
      vertex 37.4974 43.6267 1.2
      vertex 38.3706 44.7213 1.2
    endloop
  endfacet
  facet normal -0 0 -1
    outer loop
      vertex 38.3706 44.7213 1.2
      vertex 37.4974 43.6267 1.2
      vertex 38.171 44.8713 1.2
    endloop
  endfacet
  facet normal 0 0 -1
    outer loop
      vertex 37.2956 43.7711 1.2
      vertex 38.171 44.8713 1.2
      vertex 37.4974 43.6267 1.2
    endloop
  endfacet
  facet normal -0 0 -1
    outer loop
      vertex 38.171 44.8713 1.2
      vertex 37.2956 43.7711 1.2
      vertex 37.96 45.0047 1.2
    endloop
  endfacet
  facet normal -0 0 -1
    outer loop
      vertex 37.96 45.0047 1.2
      vertex 37.2956 43.7711 1.2
      vertex 37.7389 45.1207 1.2
    endloop
  endfacet
  facet normal 0 0 -1
    outer loop
      vertex 37.0749 43.8846 1.2
      vertex 37.7389 45.1207 1.2
      vertex 37.2956 43.7711 1.2
    endloop
  endfacet
  facet normal -0 0 -1
    outer loop
      vertex 37.7389 45.1207 1.2
      vertex 37.0749 43.8846 1.2
      vertex 37.5093 45.2186 1.2
    endloop
  endfacet
  facet normal 0 0 -1
    outer loop
      vertex 36.84 43.9647 1.2
      vertex 37.5093 45.2186 1.2
      vertex 37.0749 43.8846 1.2
    endloop
  endfacet
  facet normal -0 0 -1
    outer loop
      vertex 37.5093 45.2186 1.2
      vertex 36.84 43.9647 1.2
      vertex 37.2725 45.2976 1.2
    endloop
  endfacet
  facet normal -0 0 -1
    outer loop
      vertex 37.2725 45.2976 1.2
      vertex 36.84 43.9647 1.2
      vertex 37.0301 45.3573 1.2
    endloop
  endfacet
  facet normal 0 0 -1
    outer loop
      vertex 36.5959 44.0098 1.2
      vertex 37.0301 45.3573 1.2
      vertex 36.84 43.9647 1.2
    endloop
  endfacet
  facet normal -0 0 -1
    outer loop
      vertex 37.0301 45.3573 1.2
      vertex 36.5959 44.0098 1.2
      vertex 36.7837 45.3974 1.2
    endloop
  endfacet
  facet normal 0 0 -1
    outer loop
      vertex 36.5959 44.0098 1.2
      vertex 36.5348 45.4175 1.2
      vertex 36.7837 45.3974 1.2
    endloop
  endfacet
  facet normal 0 0 -1
    outer loop
      vertex 36.3479 44.0189 1.2
      vertex 36.5348 45.4175 1.2
      vertex 36.5959 44.0098 1.2
    endloop
  endfacet
  facet normal 0 0 -1
    outer loop
      vertex 36.3479 44.0189 1.2
      vertex 36.2852 45.4175 1.2
      vertex 36.5348 45.4175 1.2
    endloop
  endfacet
  facet normal 0 0 -1
    outer loop
      vertex 36.0363 45.3974 1.2
      vertex 36.3479 44.0189 1.2
      vertex 36.1012 43.9917 1.2
    endloop
  endfacet
  facet normal 0 0 -1
    outer loop
      vertex 36.3479 44.0189 1.2
      vertex 36.0363 45.3974 1.2
      vertex 36.2852 45.4175 1.2
    endloop
  endfacet
  facet normal 0 0 -1
    outer loop
      vertex 35.5475 45.2976 1.2
      vertex 36.1012 43.9917 1.2
      vertex 35.8611 43.9289 1.2
    endloop
  endfacet
  facet normal 0 0 -1
    outer loop
      vertex 36.1012 43.9917 1.2
      vertex 35.7899 45.3573 1.2
      vertex 36.0363 45.3974 1.2
    endloop
  endfacet
  facet normal 0 0 -1
    outer loop
      vertex 35.3107 45.2186 1.2
      vertex 35.8611 43.9289 1.2
      vertex 35.6327 43.8319 1.2
    endloop
  endfacet
  facet normal 0 0 -1
    outer loop
      vertex 36.1012 43.9917 1.2
      vertex 35.5475 45.2976 1.2
      vertex 35.7899 45.3573 1.2
    endloop
  endfacet
  facet normal 0 0 -1
    outer loop
      vertex 34.86 45.0047 1.2
      vertex 35.6327 43.8319 1.2
      vertex 35.4208 43.7026 1.2
    endloop
  endfacet
  facet normal 0 0 -1
    outer loop
      vertex 35.8611 43.9289 1.2
      vertex 35.3107 45.2186 1.2
      vertex 35.5475 45.2976 1.2
    endloop
  endfacet
  facet normal 0 0 -1
    outer loop
      vertex 34.4494 44.7213 1.2
      vertex 35.4208 43.7026 1.2
      vertex 35.2301 43.5438 1.2
    endloop
  endfacet
  facet normal 0 0 -1
    outer loop
      vertex 35.6327 43.8319 1.2
      vertex 35.0811 45.1207 1.2
      vertex 35.3107 45.2186 1.2
    endloop
  endfacet
  facet normal 0 0 -1
    outer loop
      vertex 34.0896 44.3757 1.2
      vertex 35.2301 43.5438 1.2
      vertex 35.0645 43.359 1.2
    endloop
  endfacet
  facet normal 0 0 -1
    outer loop
      vertex 33.7899 43.9768 1.2
      vertex 35.0645 43.359 1.2
      vertex 34.9275 43.152 1.2
    endloop
  endfacet
  facet normal 0 0 -1
    outer loop
      vertex 35.6327 43.8319 1.2
      vertex 34.86 45.0047 1.2
      vertex 35.0811 45.1207 1.2
    endloop
  endfacet
  facet normal 0 0 -1
    outer loop
      vertex 33.5581 43.5351 1.2
      vertex 34.9275 43.152 1.2
      vertex 34.8222 42.9273 1.2
    endloop
  endfacet
  facet normal 0 0 -1
    outer loop
      vertex 33.4695 43.3017 1.2
      vertex 34.8222 42.9273 1.2
      vertex 34.7507 42.6896 1.2
    endloop
  endfacet
  facet normal 0 0 -1
    outer loop
      vertex 33.3501 42.8173 1.2
      vertex 34.7507 42.6896 1.2
      vertex 34.7145 42.4441 1.2
    endloop
  endfacet
  facet normal 0 0 -1
    outer loop
      vertex 35.4208 43.7026 1.2
      vertex 34.649 44.8713 1.2
      vertex 34.86 45.0047 1.2
    endloop
  endfacet
  facet normal -0 0 -1
    outer loop
      vertex 35.0645 41.281 1.2
      vertex 33.7899 40.6632 1.2
      vertex 34.9275 41.488 1.2
    endloop
  endfacet
  facet normal 0 0 -1
    outer loop
      vertex 33.6651 40.8794 1.2
      vertex 34.9275 41.488 1.2
      vertex 33.7899 40.6632 1.2
    endloop
  endfacet
  facet normal 0 0 -1
    outer loop
      vertex 35.4208 43.7026 1.2
      vertex 34.4494 44.7213 1.2
      vertex 34.649 44.8713 1.2
    endloop
  endfacet
  facet normal 0 0 -1
    outer loop
      vertex 33.5581 41.1049 1.2
      vertex 34.9275 41.488 1.2
      vertex 33.6651 40.8794 1.2
    endloop
  endfacet
  facet normal 0 0 -1
    outer loop
      vertex 35.2301 43.5438 1.2
      vertex 34.2626 44.5557 1.2
      vertex 34.4494 44.7213 1.2
    endloop
  endfacet
  facet normal -0 0 -1
    outer loop
      vertex 34.9275 41.488 1.2
      vertex 33.5581 41.1049 1.2
      vertex 34.8222 41.7127 1.2
    endloop
  endfacet
  facet normal 0 0 -1
    outer loop
      vertex 35.2301 43.5438 1.2
      vertex 34.0896 44.3757 1.2
      vertex 34.2626 44.5557 1.2
    endloop
  endfacet
  facet normal 0 0 -1
    outer loop
      vertex 33.4695 41.3383 1.2
      vertex 34.8222 41.7127 1.2
      vertex 33.5581 41.1049 1.2
    endloop
  endfacet
  facet normal 0 0 -1
    outer loop
      vertex 35.0645 43.359 1.2
      vertex 33.9317 44.1823 1.2
      vertex 34.0896 44.3757 1.2
    endloop
  endfacet
  facet normal -0 0 -1
    outer loop
      vertex 34.8222 41.7127 1.2
      vertex 33.4695 41.3383 1.2
      vertex 34.7507 41.9504 1.2
    endloop
  endfacet
  facet normal 0 0 -1
    outer loop
      vertex 35.0645 43.359 1.2
      vertex 33.7899 43.9768 1.2
      vertex 33.9317 44.1823 1.2
    endloop
  endfacet
  facet normal 0 0 -1
    outer loop
      vertex 33.4001 41.5781 1.2
      vertex 34.7507 41.9504 1.2
      vertex 33.4695 41.3383 1.2
    endloop
  endfacet
  facet normal 0 0 -1
    outer loop
      vertex 34.9275 43.152 1.2
      vertex 33.6651 43.7606 1.2
      vertex 33.7899 43.9768 1.2
    endloop
  endfacet
  facet normal 0 0 -1
    outer loop
      vertex 33.3501 41.8227 1.2
      vertex 34.7507 41.9504 1.2
      vertex 33.4001 41.5781 1.2
    endloop
  endfacet
  facet normal 0 0 -1
    outer loop
      vertex 34.9275 43.152 1.2
      vertex 33.5581 43.5351 1.2
      vertex 33.6651 43.7606 1.2
    endloop
  endfacet
  facet normal -0 0 -1
    outer loop
      vertex 34.7507 41.9504 1.2
      vertex 33.3501 41.8227 1.2
      vertex 34.7145 42.1959 1.2
    endloop
  endfacet
  facet normal 0 0 -1
    outer loop
      vertex 34.8222 42.9273 1.2
      vertex 33.4695 43.3017 1.2
      vertex 33.5581 43.5351 1.2
    endloop
  endfacet
  facet normal 0 0 -1
    outer loop
      vertex 33.3201 42.0706 1.2
      vertex 34.7145 42.1959 1.2
      vertex 33.3501 41.8227 1.2
    endloop
  endfacet
  facet normal 0 0 -1
    outer loop
      vertex 34.7507 42.6896 1.2
      vertex 33.4001 43.0619 1.2
      vertex 33.4695 43.3017 1.2
    endloop
  endfacet
  facet normal 0 0 -1
    outer loop
      vertex 33.31 42.32 1.2
      vertex 34.7145 42.1959 1.2
      vertex 33.3201 42.0706 1.2
    endloop
  endfacet
  facet normal 0 0 -1
    outer loop
      vertex 34.7507 42.6896 1.2
      vertex 33.3501 42.8173 1.2
      vertex 33.4001 43.0619 1.2
    endloop
  endfacet
  facet normal 0 0 -1
    outer loop
      vertex 34.7145 42.1959 1.2
      vertex 33.31 42.32 1.2
      vertex 34.7145 42.4441 1.2
    endloop
  endfacet
  facet normal 0 0 -1
    outer loop
      vertex 34.7145 42.4441 1.2
      vertex 33.3201 42.5694 1.2
      vertex 33.3501 42.8173 1.2
    endloop
  endfacet
  facet normal -0 0 -1
    outer loop
      vertex 34.7145 42.4441 1.2
      vertex 33.31 42.32 1.2
      vertex 33.3201 42.5694 1.2
    endloop
  endfacet
  facet normal 0.392226 -0.919869 0
    outer loop
      vertex 35.0811 45.1207 -3
      vertex 35.3107 45.2186 1.2
      vertex 35.0811 45.1207 1.2
    endloop
  endfacet
  facet normal 0.392226 -0.919869 0
    outer loop
      vertex 35.3107 45.2186 1.2
      vertex 35.0811 45.1207 -3
      vertex 35.3107 45.2186 -3
    endloop
  endfacet
  facet normal 0.600769 -0.799423 0
    outer loop
      vertex 34.4494 44.7213 -3
      vertex 34.649 44.8713 1.2
      vertex 34.4494 44.7213 1.2
    endloop
  endfacet
  facet normal 0.600769 -0.799423 0
    outer loop
      vertex 34.649 44.8713 1.2
      vertex 34.4494 44.7213 -3
      vertex 34.649 44.8713 -3
    endloop
  endfacet
  facet normal -0.774617 0.63243 0
    outer loop
      vertex 38.7304 40.2643 -3
      vertex 38.8883 40.4577 1.2
      vertex 38.8883 40.4577 -3
    endloop
  endfacet
  facet normal -0.774617 0.63243 0
    outer loop
      vertex 38.8883 40.4577 1.2
      vertex 38.7304 40.2643 -3
      vertex 38.7304 40.2643 1.2
    endloop
  endfacet
  facet normal -0.903452 0.428689 0
    outer loop
      vertex 39.1549 40.8794 -3
      vertex 39.2619 41.1049 1.2
      vertex 39.2619 41.1049 -3
    endloop
  endfacet
  facet normal -0.903452 0.428689 0
    outer loop
      vertex 39.2619 41.1049 1.2
      vertex 39.1549 40.8794 -3
      vertex 39.1549 40.8794 1.2
    endloop
  endfacet
  facet normal -0.97974 0.200274 0
    outer loop
      vertex 39.4199 41.5781 -3
      vertex 39.4699 41.8227 1.2
      vertex 39.4699 41.8227 -3
    endloop
  endfacet
  facet normal -0.97974 0.200274 0
    outer loop
      vertex 39.4699 41.8227 1.2
      vertex 39.4199 41.5781 -3
      vertex 39.4199 41.5781 1.2
    endloop
  endfacet
  facet normal -0.992757 0.12014 0
    outer loop
      vertex 39.4699 41.8227 -3
      vertex 39.4999 42.0706 1.2
      vertex 39.4999 42.0706 -3
    endloop
  endfacet
  facet normal -0.992757 0.12014 0
    outer loop
      vertex 39.4999 42.0706 1.2
      vertex 39.4699 41.8227 -3
      vertex 39.4699 41.8227 1.2
    endloop
  endfacet
  facet normal 0.774617 0.63243 0
    outer loop
      vertex 34.0896 40.2643 1.2
      vertex 33.9317 40.4577 -3
      vertex 33.9317 40.4577 1.2
    endloop
  endfacet
  facet normal 0.774617 0.63243 0
    outer loop
      vertex 33.9317 40.4577 -3
      vertex 34.0896 40.2643 1.2
      vertex 34.0896 40.2643 -3
    endloop
  endfacet
  facet normal 0.903452 0.428689 0
    outer loop
      vertex 33.6651 40.8794 1.2
      vertex 33.5581 41.1049 -3
      vertex 33.5581 41.1049 1.2
    endloop
  endfacet
  facet normal 0.903452 0.428689 0
    outer loop
      vertex 33.5581 41.1049 -3
      vertex 33.6651 40.8794 1.2
      vertex 33.6651 40.8794 -3
    endloop
  endfacet
  facet normal 0.823071 0.567939 0
    outer loop
      vertex 33.9317 40.4577 1.2
      vertex 33.7899 40.6632 -3
      vertex 33.7899 40.6632 1.2
    endloop
  endfacet
  facet normal 0.823071 0.567939 0
    outer loop
      vertex 33.7899 40.6632 -3
      vertex 33.9317 40.4577 1.2
      vertex 33.9317 40.4577 -3
    endloop
  endfacet
  facet normal 0.960581 0.278 0
    outer loop
      vertex 33.4695 41.3383 1.2
      vertex 33.4001 41.5781 -3
      vertex 33.4001 41.5781 1.2
    endloop
  endfacet
  facet normal 0.960581 0.278 0
    outer loop
      vertex 33.4001 41.5781 -3
      vertex 33.4695 41.3383 1.2
      vertex 33.4695 41.3383 -3
    endloop
  endfacet
  facet normal -0.464591 -0.885526 0
    outer loop
      vertex 37.7389 45.1207 -3
      vertex 37.96 45.0047 1.2
      vertex 37.7389 45.1207 1.2
    endloop
  endfacet
  facet normal -0.464591 -0.885526 -0
    outer loop
      vertex 37.96 45.0047 1.2
      vertex 37.7389 45.1207 -3
      vertex 37.96 45.0047 -3
    endloop
  endfacet
  facet normal -0.464591 0.885526 0
    outer loop
      vertex 37.96 39.6353 -3
      vertex 37.7389 39.5193 1.2
      vertex 37.96 39.6353 1.2
    endloop
  endfacet
  facet normal -0.464591 0.885526 0
    outer loop
      vertex 37.7389 39.5193 1.2
      vertex 37.96 39.6353 -3
      vertex 37.7389 39.5193 -3
    endloop
  endfacet
  facet normal -0.999181 0.040464 0
    outer loop
      vertex 39.4999 42.0706 -3
      vertex 39.51 42.32 1.2
      vertex 39.51 42.32 -3
    endloop
  endfacet
  facet normal -0.999181 0.040464 0
    outer loop
      vertex 39.51 42.32 1.2
      vertex 39.4999 42.0706 -3
      vertex 39.4999 42.0706 1.2
    endloop
  endfacet
  facet normal 0.0804933 0.996755 -0
    outer loop
      vertex 36.2852 39.2225 -3
      vertex 36.0363 39.2426 1.2
      vertex 36.2852 39.2225 1.2
    endloop
  endfacet
  facet normal 0.0804933 0.996755 0
    outer loop
      vertex 36.0363 39.2426 1.2
      vertex 36.2852 39.2225 -3
      vertex 36.0363 39.2426 -3
    endloop
  endfacet
  facet normal 0.316829 0.948483 -0
    outer loop
      vertex 35.5475 39.3424 -3
      vertex 35.3107 39.4215 1.2
      vertex 35.5475 39.3424 1.2
    endloop
  endfacet
  facet normal 0.316829 0.948483 0
    outer loop
      vertex 35.3107 39.4215 1.2
      vertex 35.5475 39.3424 -3
      vertex 35.3107 39.4215 -3
    endloop
  endfacet
  facet normal 0.534385 0.845241 -0
    outer loop
      vertex 34.86 39.6353 -3
      vertex 34.649 39.7687 1.2
      vertex 34.86 39.6353 1.2
    endloop
  endfacet
  facet normal 0.534385 0.845241 0
    outer loop
      vertex 34.649 39.7687 1.2
      vertex 34.86 39.6353 -3
      vertex 34.649 39.7687 -3
    endloop
  endfacet
  facet normal 0.663369 0.748293 -0
    outer loop
      vertex 34.4494 39.9187 -3
      vertex 34.2626 40.0843 1.2
      vertex 34.4494 39.9187 1.2
    endloop
  endfacet
  facet normal 0.663369 0.748293 0
    outer loop
      vertex 34.2626 40.0843 1.2
      vertex 34.4494 39.9187 -3
      vertex 34.2626 40.0843 -3
    endloop
  endfacet
  facet normal 0.720987 0.692949 0
    outer loop
      vertex 34.2626 40.0843 1.2
      vertex 34.0896 40.2643 -3
      vertex 34.0896 40.2643 1.2
    endloop
  endfacet
  facet normal 0.720987 0.692949 0
    outer loop
      vertex 34.0896 40.2643 -3
      vertex 34.2626 40.0843 1.2
      vertex 34.2626 40.0843 -3
    endloop
  endfacet
  facet normal 0.866066 0.499931 0
    outer loop
      vertex 33.7899 40.6632 1.2
      vertex 33.6651 40.8794 -3
      vertex 33.6651 40.8794 1.2
    endloop
  endfacet
  facet normal 0.866066 0.499931 0
    outer loop
      vertex 33.6651 40.8794 -3
      vertex 33.7899 40.6632 1.2
      vertex 33.7899 40.6632 -3
    endloop
  endfacet
  facet normal 0.934906 0.354896 0
    outer loop
      vertex 33.5581 41.1049 1.2
      vertex 33.4695 41.3383 -3
      vertex 33.4695 41.3383 1.2
    endloop
  endfacet
  facet normal 0.934906 0.354896 0
    outer loop
      vertex 33.4695 41.3383 -3
      vertex 33.5581 41.1049 1.2
      vertex 33.5581 41.1049 -3
    endloop
  endfacet
  facet normal 0.97974 0.200274 0
    outer loop
      vertex 33.4001 41.5781 1.2
      vertex 33.3501 41.8227 -3
      vertex 33.3501 41.8227 1.2
    endloop
  endfacet
  facet normal 0.97974 0.200274 0
    outer loop
      vertex 33.3501 41.8227 -3
      vertex 33.4001 41.5781 1.2
      vertex 33.4001 41.5781 -3
    endloop
  endfacet
  facet normal 0.999181 0.040464 0
    outer loop
      vertex 33.3201 42.0706 1.2
      vertex 33.31 42.32 -3
      vertex 33.31 42.32 1.2
    endloop
  endfacet
  facet normal 0.999181 0.040464 0
    outer loop
      vertex 33.31 42.32 -3
      vertex 33.3201 42.0706 1.2
      vertex 33.3201 42.0706 -3
    endloop
  endfacet
  facet normal -0.16024 0.987078 0
    outer loop
      vertex 37.0301 39.2826 -3
      vertex 36.7837 39.2426 1.2
      vertex 37.0301 39.2826 1.2
    endloop
  endfacet
  facet normal -0.16024 0.987078 0
    outer loop
      vertex 36.7837 39.2426 1.2
      vertex 37.0301 39.2826 -3
      vertex 36.7837 39.2426 -3
    endloop
  endfacet
  facet normal -0.866066 0.499931 0
    outer loop
      vertex 39.0301 40.6632 -3
      vertex 39.1549 40.8794 1.2
      vertex 39.1549 40.8794 -3
    endloop
  endfacet
  facet normal -0.866066 0.499931 0
    outer loop
      vertex 39.1549 40.8794 1.2
      vertex 39.0301 40.6632 -3
      vertex 39.0301 40.6632 1.2
    endloop
  endfacet
  facet normal -0.823071 0.567939 0
    outer loop
      vertex 38.8883 40.4577 -3
      vertex 39.0301 40.6632 1.2
      vertex 39.0301 40.6632 -3
    endloop
  endfacet
  facet normal -0.823071 0.567939 0
    outer loop
      vertex 39.0301 40.6632 1.2
      vertex 38.8883 40.4577 -3
      vertex 38.8883 40.4577 1.2
    endloop
  endfacet
  facet normal -0.663369 0.748293 0
    outer loop
      vertex 38.5574 40.0843 -3
      vertex 38.3706 39.9187 1.2
      vertex 38.5574 40.0843 1.2
    endloop
  endfacet
  facet normal -0.663369 0.748293 0
    outer loop
      vertex 38.3706 39.9187 1.2
      vertex 38.5574 40.0843 -3
      vertex 38.3706 39.9187 -3
    endloop
  endfacet
  facet normal -0.600769 0.799423 0
    outer loop
      vertex 38.3706 39.9187 -3
      vertex 38.171 39.7687 1.2
      vertex 38.3706 39.9187 1.2
    endloop
  endfacet
  facet normal -0.600769 0.799423 0
    outer loop
      vertex 38.171 39.7687 1.2
      vertex 38.3706 39.9187 -3
      vertex 38.171 39.7687 -3
    endloop
  endfacet
  facet normal -0.960581 0.278 0
    outer loop
      vertex 39.3505 41.3383 -3
      vertex 39.4199 41.5781 1.2
      vertex 39.4199 41.5781 -3
    endloop
  endfacet
  facet normal -0.960581 0.278 0
    outer loop
      vertex 39.4199 41.5781 1.2
      vertex 39.3505 41.3383 -3
      vertex 39.3505 41.3383 1.2
    endloop
  endfacet
  facet normal 0.239519 0.970892 -0
    outer loop
      vertex 35.7899 39.2826 -3
      vertex 35.5475 39.3424 1.2
      vertex 35.7899 39.2826 1.2
    endloop
  endfacet
  facet normal 0.239519 0.970892 0
    outer loop
      vertex 35.5475 39.3424 1.2
      vertex 35.7899 39.2826 -3
      vertex 35.5475 39.3424 -3
    endloop
  endfacet
  facet normal 0.600769 0.799423 -0
    outer loop
      vertex 34.649 39.7687 -3
      vertex 34.4494 39.9187 1.2
      vertex 34.649 39.7687 1.2
    endloop
  endfacet
  facet normal 0.600769 0.799423 0
    outer loop
      vertex 34.4494 39.9187 1.2
      vertex 34.649 39.7687 -3
      vertex 34.4494 39.9187 -3
    endloop
  endfacet
  facet normal 0.464591 0.885526 -0
    outer loop
      vertex 35.0811 39.5193 -3
      vertex 34.86 39.6353 1.2
      vertex 35.0811 39.5193 1.2
    endloop
  endfacet
  facet normal 0.464591 0.885526 0
    outer loop
      vertex 34.86 39.6353 1.2
      vertex 35.0811 39.5193 -3
      vertex 34.86 39.6353 -3
    endloop
  endfacet
  facet normal 0.992757 0.12014 0
    outer loop
      vertex 33.3501 41.8227 1.2
      vertex 33.3201 42.0706 -3
      vertex 33.3201 42.0706 1.2
    endloop
  endfacet
  facet normal 0.992757 0.12014 0
    outer loop
      vertex 33.3201 42.0706 -3
      vertex 33.3501 41.8227 1.2
      vertex 33.3501 41.8227 -3
    endloop
  endfacet
  facet normal -0.316829 0.948483 0
    outer loop
      vertex 37.5093 39.4215 -3
      vertex 37.2725 39.3424 1.2
      vertex 37.5093 39.4215 1.2
    endloop
  endfacet
  facet normal -0.316829 0.948483 0
    outer loop
      vertex 37.2725 39.3424 1.2
      vertex 37.5093 39.4215 -3
      vertex 37.2725 39.3424 -3
    endloop
  endfacet
  facet normal -0.534385 0.845241 0
    outer loop
      vertex 38.171 39.7687 -3
      vertex 37.96 39.6353 1.2
      vertex 38.171 39.7687 1.2
    endloop
  endfacet
  facet normal -0.534385 0.845241 0
    outer loop
      vertex 37.96 39.6353 1.2
      vertex 38.171 39.7687 -3
      vertex 37.96 39.6353 -3
    endloop
  endfacet
  facet normal 0.16024 0.987078 -0
    outer loop
      vertex 36.0363 39.2426 -3
      vertex 35.7899 39.2826 1.2
      vertex 36.0363 39.2426 1.2
    endloop
  endfacet
  facet normal 0.16024 0.987078 0
    outer loop
      vertex 35.7899 39.2826 1.2
      vertex 36.0363 39.2426 -3
      vertex 35.7899 39.2826 -3
    endloop
  endfacet
  facet normal 0.391887 0.920013 -0
    outer loop
      vertex 35.3107 39.4215 -3
      vertex 35.0811 39.5193 1.2
      vertex 35.3107 39.4215 1.2
    endloop
  endfacet
  facet normal 0.391887 0.920013 0
    outer loop
      vertex 35.0811 39.5193 1.2
      vertex 35.3107 39.4215 -3
      vertex 35.0811 39.5193 -3
    endloop
  endfacet
  facet normal -0.457339 -0.889292 0
    outer loop
      vertex 29.9149 11.7346 1.2
      vertex 30.1356 11.6211 6
      vertex 29.9149 11.7346 6
    endloop
  endfacet
  facet normal -0.457339 -0.889292 -0
    outer loop
      vertex 30.1356 11.6211 6
      vertex 29.9149 11.7346 1.2
      vertex 30.1356 11.6211 1.2
    endloop
  endfacet
  facet normal 0.989303 -0.145877 0
    outer loop
      vertex 27.5545 10.2941 6
      vertex 27.5907 10.5396 1.2
      vertex 27.5907 10.5396 6
    endloop
  endfacet
  facet normal 0.989303 -0.145877 0
    outer loop
      vertex 27.5907 10.5396 1.2
      vertex 27.5545 10.2941 6
      vertex 27.5545 10.2941 1.2
    endloop
  endfacet
  facet normal -0.997337 0.0729307 0
    outer loop
      vertex 30.9319 9.92248 1.2
      vertex 30.95 10.17 6
      vertex 30.95 10.17 1.2
    endloop
  endfacet
  facet normal -0.997337 0.0729307 0
    outer loop
      vertex 30.95 10.17 6
      vertex 30.9319 9.92248 1.2
      vertex 30.9319 9.92248 6
    endloop
  endfacet
  facet normal 0.109352 0.994003 -0
    outer loop
      vertex 29.1879 8.47114 1.2
      vertex 28.9412 8.49828 6
      vertex 29.1879 8.47114 6
    endloop
  endfacet
  facet normal 0.109352 0.994003 0
    outer loop
      vertex 28.9412 8.49828 6
      vertex 29.1879 8.47114 1.2
      vertex 28.9412 8.49828 1.2
    endloop
  endfacet
  facet normal 0.52088 -0.85363 0
    outer loop
      vertex 28.2608 11.5526 1.2
      vertex 28.4727 11.6819 6
      vertex 28.2608 11.5526 6
    endloop
  endfacet
  facet normal 0.52088 -0.85363 0
    outer loop
      vertex 28.4727 11.6819 6
      vertex 28.2608 11.5526 1.2
      vertex 28.4727 11.6819 1.2
    endloop
  endfacet
  facet normal 0.957615 -0.28805 0
    outer loop
      vertex 27.5907 10.5396 6
      vertex 27.6622 10.7773 1.2
      vertex 27.6622 10.7773 6
    endloop
  endfacet
  facet normal 0.957615 -0.28805 0
    outer loop
      vertex 27.6622 10.7773 1.2
      vertex 27.5907 10.5396 6
      vertex 27.5907 10.5396 1.2
    endloop
  endfacet
  facet normal -0.871963 -0.489572 0
    outer loop
      vertex 30.7893 10.8916 1.2
      vertex 30.6678 11.108 6
      vertex 30.6678 11.108 1.2
    endloop
  endfacet
  facet normal -0.871963 -0.489572 0
    outer loop
      vertex 30.6678 11.108 6
      vertex 30.7893 10.8916 1.2
      vertex 30.7893 10.8916 6
    endloop
  endfacet
  facet normal -0.791409 -0.611287 0
    outer loop
      vertex 30.6678 11.108 1.2
      vertex 30.5161 11.3044 6
      vertex 30.5161 11.3044 1.2
    endloop
  endfacet
  facet normal -0.791409 -0.611287 0
    outer loop
      vertex 30.5161 11.3044 6
      vertex 30.6678 11.108 1.2
      vertex 30.6678 11.108 6
    endloop
  endfacet
  facet normal -0.322748 -0.946485 0
    outer loop
      vertex 29.68 11.8147 1.2
      vertex 29.9149 11.7346 6
      vertex 29.68 11.8147 6
    endloop
  endfacet
  facet normal -0.322748 -0.946485 -0
    outer loop
      vertex 29.9149 11.7346 6
      vertex 29.68 11.8147 1.2
      vertex 29.9149 11.7346 1.2
    endloop
  endfacet
  facet normal 1 -0 0
    outer loop
      vertex 27.5545 10.0459 6
      vertex 27.5545 10.2941 1.2
      vertex 27.5545 10.2941 6
    endloop
  endfacet
  facet normal 1 0 0
    outer loop
      vertex 27.5545 10.2941 1.2
      vertex 27.5545 10.0459 6
      vertex 27.5545 10.0459 1.2
    endloop
  endfacet
  facet normal 0.833905 -0.551908 0
    outer loop
      vertex 27.7675 11.002 6
      vertex 27.9045 11.209 1.2
      vertex 27.9045 11.209 6
    endloop
  endfacet
  facet normal 0.833905 -0.551908 0
    outer loop
      vertex 27.9045 11.209 1.2
      vertex 27.7675 11.002 6
      vertex 27.7675 11.002 1.2
    endloop
  endfacet
  facet normal 0.639907 -0.768452 0
    outer loop
      vertex 28.0701 11.3938 1.2
      vertex 28.2608 11.5526 6
      vertex 28.0701 11.3938 6
    endloop
  endfacet
  facet normal 0.639907 -0.768452 0
    outer loop
      vertex 28.2608 11.5526 6
      vertex 28.0701 11.3938 1.2
      vertex 28.2608 11.5526 1.2
    endloop
  endfacet
  facet normal 0.390902 -0.920432 0
    outer loop
      vertex 28.4727 11.6819 1.2
      vertex 28.7011 11.7789 6
      vertex 28.4727 11.6819 6
    endloop
  endfacet
  facet normal 0.390902 -0.920432 0
    outer loop
      vertex 28.7011 11.7789 6
      vertex 28.4727 11.6819 1.2
      vertex 28.7011 11.7789 1.2
    endloop
  endfacet
  facet normal 0.744735 -0.66736 0
    outer loop
      vertex 27.9045 11.209 6
      vertex 28.0701 11.3938 1.2
      vertex 28.0701 11.3938 6
    endloop
  endfacet
  facet normal 0.744735 -0.66736 0
    outer loop
      vertex 28.0701 11.3938 1.2
      vertex 27.9045 11.209 6
      vertex 27.9045 11.209 1.2
    endloop
  endfacet
  facet normal -0.997337 -0.0729365 0
    outer loop
      vertex 30.95 10.17 1.2
      vertex 30.9319 10.4175 6
      vertex 30.9319 10.4175 1.2
    endloop
  endfacet
  facet normal -0.997337 -0.0729365 0
    outer loop
      vertex 30.9319 10.4175 6
      vertex 30.95 10.17 1.2
      vertex 30.95 10.17 6
    endloop
  endfacet
  facet normal -0.181607 0.983371 0
    outer loop
      vertex 29.68 8.52528 1.2
      vertex 29.4359 8.4802 6
      vertex 29.68 8.52528 6
    endloop
  endfacet
  facet normal -0.181607 0.983371 0
    outer loop
      vertex 29.4359 8.4802 6
      vertex 29.68 8.52528 1.2
      vertex 29.4359 8.4802 1.2
    endloop
  endfacet
  facet normal -0.976045 0.21757 0
    outer loop
      vertex 30.8779 9.68023 1.2
      vertex 30.9319 9.92248 6
      vertex 30.9319 9.92248 1.2
    endloop
  endfacet
  facet normal -0.976045 0.21757 0
    outer loop
      vertex 30.9319 9.92248 6
      vertex 30.8779 9.68023 1.2
      vertex 30.8779 9.68023 6
    endloop
  endfacet
  facet normal -0.0365079 0.999333 0
    outer loop
      vertex 29.4359 8.4802 1.2
      vertex 29.1879 8.47114 6
      vertex 29.4359 8.4802 6
    endloop
  endfacet
  facet normal -0.0365079 0.999333 0
    outer loop
      vertex 29.1879 8.47114 6
      vertex 29.4359 8.4802 1.2
      vertex 29.1879 8.47114 1.2
    endloop
  endfacet
  facet normal 0.52085 0.853648 -0
    outer loop
      vertex 28.4727 8.65812 1.2
      vertex 28.2608 8.78741 6
      vertex 28.4727 8.65812 6
    endloop
  endfacet
  facet normal 0.52085 0.853648 0
    outer loop
      vertex 28.2608 8.78741 6
      vertex 28.4727 8.65812 1.2
      vertex 28.2608 8.78741 1.2
    endloop
  endfacet
  facet normal 0.83388 0.551945 0
    outer loop
      vertex 27.9045 9.13101 6
      vertex 27.7675 9.33799 1.2
      vertex 27.7675 9.33799 6
    endloop
  endfacet
  facet normal 0.83388 0.551945 0
    outer loop
      vertex 27.7675 9.33799 1.2
      vertex 27.9045 9.13101 6
      vertex 27.9045 9.13101 1.2
    endloop
  endfacet
  facet normal 0.989305 0.145859 0
    outer loop
      vertex 27.5907 9.80037 6
      vertex 27.5545 10.0459 1.2
      vertex 27.5545 10.0459 6
    endloop
  endfacet
  facet normal 0.989305 0.145859 0
    outer loop
      vertex 27.5545 10.0459 1.2
      vertex 27.5907 9.80037 6
      vertex 27.5907 9.80037 1.2
    endloop
  endfacet
  facet normal -0.934091 -0.357034 0
    outer loop
      vertex 30.8779 10.6598 1.2
      vertex 30.7893 10.8916 6
      vertex 30.7893 10.8916 1.2
    endloop
  endfacet
  facet normal -0.934091 -0.357034 0
    outer loop
      vertex 30.7893 10.8916 6
      vertex 30.8779 10.6598 1.2
      vertex 30.8779 10.6598 6
    endloop
  endfacet
  facet normal -0.694098 -0.71988 0
    outer loop
      vertex 30.3374 11.4767 1.2
      vertex 30.5161 11.3044 6
      vertex 30.3374 11.4767 6
    endloop
  endfacet
  facet normal -0.694098 -0.71988 -0
    outer loop
      vertex 30.5161 11.3044 6
      vertex 30.3374 11.4767 1.2
      vertex 30.5161 11.3044 1.2
    endloop
  endfacet
  facet normal -0.581924 -0.813243 0
    outer loop
      vertex 30.1356 11.6211 1.2
      vertex 30.3374 11.4767 6
      vertex 30.1356 11.6211 6
    endloop
  endfacet
  facet normal -0.581924 -0.813243 -0
    outer loop
      vertex 30.3374 11.4767 6
      vertex 30.1356 11.6211 1.2
      vertex 30.3374 11.4767 1.2
    endloop
  endfacet
  facet normal 0.109591 -0.993977 0
    outer loop
      vertex 28.9412 11.8417 1.2
      vertex 29.1879 11.8689 6
      vertex 28.9412 11.8417 6
    endloop
  endfacet
  facet normal 0.109591 -0.993977 0
    outer loop
      vertex 29.1879 11.8689 6
      vertex 28.9412 11.8417 1.2
      vertex 29.1879 11.8689 1.2
    endloop
  endfacet
  facet normal -0.181685 -0.983357 0
    outer loop
      vertex 29.4359 11.8598 1.2
      vertex 29.68 11.8147 6
      vertex 29.4359 11.8598 6
    endloop
  endfacet
  facet normal -0.181685 -0.983357 -0
    outer loop
      vertex 29.68 11.8147 6
      vertex 29.4359 11.8598 1.2
      vertex 29.68 11.8147 1.2
    endloop
  endfacet
  facet normal 0.905502 -0.424341 0
    outer loop
      vertex 27.6622 10.7773 6
      vertex 27.7675 11.002 1.2
      vertex 27.7675 11.002 6
    endloop
  endfacet
  facet normal 0.905502 -0.424341 0
    outer loop
      vertex 27.7675 11.002 1.2
      vertex 27.6622 10.7773 6
      vertex 27.6622 10.7773 1.2
    endloop
  endfacet
  facet normal 0.253045 -0.967454 0
    outer loop
      vertex 28.7011 11.7789 1.2
      vertex 28.9412 11.8417 6
      vertex 28.7011 11.7789 6
    endloop
  endfacet
  facet normal 0.253045 -0.967454 0
    outer loop
      vertex 28.9412 11.8417 6
      vertex 28.7011 11.7789 1.2
      vertex 28.9412 11.8417 1.2
    endloop
  endfacet
  facet normal -0.871982 0.489538 0
    outer loop
      vertex 30.6678 9.232 1.2
      vertex 30.7893 9.44842 6
      vertex 30.7893 9.44842 1.2
    endloop
  endfacet
  facet normal -0.871982 0.489538 0
    outer loop
      vertex 30.7893 9.44842 6
      vertex 30.6678 9.232 1.2
      vertex 30.6678 9.232 6
    endloop
  endfacet
  facet normal -0.934097 0.357021 0
    outer loop
      vertex 30.7893 9.44842 1.2
      vertex 30.8779 9.68023 6
      vertex 30.8779 9.68023 1.2
    endloop
  endfacet
  facet normal -0.934097 0.357021 0
    outer loop
      vertex 30.8779 9.68023 6
      vertex 30.7893 9.44842 1.2
      vertex 30.7893 9.44842 6
    endloop
  endfacet
  facet normal -0.322856 0.946448 0
    outer loop
      vertex 29.9149 8.60541 1.2
      vertex 29.68 8.52528 6
      vertex 29.9149 8.60541 6
    endloop
  endfacet
  facet normal -0.322856 0.946448 0
    outer loop
      vertex 29.68 8.52528 6
      vertex 29.9149 8.60541 1.2
      vertex 29.68 8.52528 1.2
    endloop
  endfacet
  facet normal -0.791469 0.611209 0
    outer loop
      vertex 30.5161 9.03556 1.2
      vertex 30.6678 9.232 6
      vertex 30.6678 9.232 1.2
    endloop
  endfacet
  facet normal -0.791469 0.611209 0
    outer loop
      vertex 30.6678 9.232 6
      vertex 30.5161 9.03556 1.2
      vertex 30.5161 9.03556 6
    endloop
  endfacet
  facet normal -0.581951 0.813224 0
    outer loop
      vertex 30.3374 8.8633 1.2
      vertex 30.1356 8.71889 6
      vertex 30.3374 8.8633 6
    endloop
  endfacet
  facet normal -0.581951 0.813224 0
    outer loop
      vertex 30.1356 8.71889 6
      vertex 30.3374 8.8633 1.2
      vertex 30.1356 8.71889 1.2
    endloop
  endfacet
  facet normal 0.391141 0.920331 -0
    outer loop
      vertex 28.7011 8.56105 1.2
      vertex 28.4727 8.65812 6
      vertex 28.7011 8.56105 6
    endloop
  endfacet
  facet normal 0.391141 0.920331 0
    outer loop
      vertex 28.4727 8.65812 6
      vertex 28.7011 8.56105 1.2
      vertex 28.4727 8.65812 1.2
    endloop
  endfacet
  facet normal 0.957602 0.288095 0
    outer loop
      vertex 27.6622 9.56271 6
      vertex 27.5907 9.80037 1.2
      vertex 27.5907 9.80037 6
    endloop
  endfacet
  facet normal 0.957602 0.288095 0
    outer loop
      vertex 27.5907 9.80037 1.2
      vertex 27.6622 9.56271 6
      vertex 27.6622 9.56271 1.2
    endloop
  endfacet
  facet normal 0.744807 0.66728 0
    outer loop
      vertex 28.0701 8.94617 6
      vertex 27.9045 9.13101 1.2
      vertex 27.9045 9.13101 6
    endloop
  endfacet
  facet normal 0.744807 0.66728 0
    outer loop
      vertex 27.9045 9.13101 1.2
      vertex 28.0701 8.94617 6
      vertex 28.0701 8.94617 1.2
    endloop
  endfacet
  facet normal -0.976054 -0.217528 0
    outer loop
      vertex 30.9319 10.4175 1.2
      vertex 30.8779 10.6598 6
      vertex 30.8779 10.6598 1.2
    endloop
  endfacet
  facet normal -0.976054 -0.217528 0
    outer loop
      vertex 30.8779 10.6598 6
      vertex 30.9319 10.4175 1.2
      vertex 30.9319 10.4175 6
    endloop
  endfacet
  facet normal -0.0366689 -0.999327 0
    outer loop
      vertex 29.1879 11.8689 1.2
      vertex 29.4359 11.8598 6
      vertex 29.1879 11.8689 6
    endloop
  endfacet
  facet normal -0.0366689 -0.999327 -0
    outer loop
      vertex 29.4359 11.8598 6
      vertex 29.1879 11.8689 1.2
      vertex 29.4359 11.8598 1.2
    endloop
  endfacet
  facet normal -0.457275 0.889325 0
    outer loop
      vertex 30.1356 8.71889 1.2
      vertex 29.9149 8.60541 6
      vertex 30.1356 8.71889 6
    endloop
  endfacet
  facet normal -0.457275 0.889325 0
    outer loop
      vertex 29.9149 8.60541 6
      vertex 30.1356 8.71889 1.2
      vertex 29.9149 8.60541 1.2
    endloop
  endfacet
  facet normal -0.694015 0.719961 0
    outer loop
      vertex 30.5161 9.03556 1.2
      vertex 30.3374 8.8633 6
      vertex 30.5161 9.03556 6
    endloop
  endfacet
  facet normal -0.694015 0.719961 0
    outer loop
      vertex 30.3374 8.8633 6
      vertex 30.5161 9.03556 1.2
      vertex 30.3374 8.8633 1.2
    endloop
  endfacet
  facet normal 0.252932 0.967484 -0
    outer loop
      vertex 28.9412 8.49828 1.2
      vertex 28.7011 8.56105 6
      vertex 28.9412 8.49828 6
    endloop
  endfacet
  facet normal 0.252932 0.967484 0
    outer loop
      vertex 28.7011 8.56105 6
      vertex 28.9412 8.49828 1.2
      vertex 28.7011 8.56105 1.2
    endloop
  endfacet
  facet normal 0.905517 0.42431 0
    outer loop
      vertex 27.7675 9.33799 6
      vertex 27.6622 9.56271 1.2
      vertex 27.6622 9.56271 6
    endloop
  endfacet
  facet normal 0.905517 0.42431 0
    outer loop
      vertex 27.6622 9.56271 1.2
      vertex 27.7675 9.33799 6
      vertex 27.7675 9.33799 1.2
    endloop
  endfacet
  facet normal 0.639812 0.768532 -0
    outer loop
      vertex 28.2608 8.78741 1.2
      vertex 28.0701 8.94617 6
      vertex 28.2608 8.78741 6
    endloop
  endfacet
  facet normal 0.639812 0.768532 0
    outer loop
      vertex 28.0701 8.94617 6
      vertex 28.2608 8.78741 1.2
      vertex 28.0701 8.94617 1.2
    endloop
  endfacet
  facet normal -0.866066 -0.499931 0
    outer loop
      vertex 31.9949 11.6106 -3
      vertex 31.8701 11.8268 1.2
      vertex 31.8701 11.8268 -3
    endloop
  endfacet
  facet normal -0.866066 -0.499931 0
    outer loop
      vertex 31.8701 11.8268 1.2
      vertex 31.9949 11.6106 -3
      vertex 31.9949 11.6106 1.2
    endloop
  endfacet
  facet normal 0.316468 -0.948603 0
    outer loop
      vertex 28.1507 13.0686 -3
      vertex 28.3875 13.1476 1.2
      vertex 28.1507 13.0686 1.2
    endloop
  endfacet
  facet normal 0.316468 -0.948603 0
    outer loop
      vertex 28.3875 13.1476 1.2
      vertex 28.1507 13.0686 -3
      vertex 28.3875 13.1476 -3
    endloop
  endfacet
  facet normal 0.903452 -0.428689 0
    outer loop
      vertex 26.3981 11.3851 1.2
      vertex 26.5051 11.6106 -3
      vertex 26.5051 11.6106 1.2
    endloop
  endfacet
  facet normal 0.903452 -0.428689 0
    outer loop
      vertex 26.5051 11.6106 -3
      vertex 26.3981 11.3851 1.2
      vertex 26.3981 11.3851 -3
    endloop
  endfacet
  facet normal -0.960578 0.27801 0
    outer loop
      vertex 32.1905 9.18833 -3
      vertex 32.2599 9.42812 1.2
      vertex 32.2599 9.42812 -3
    endloop
  endfacet
  facet normal -0.960578 0.27801 0
    outer loop
      vertex 32.2599 9.42812 1.2
      vertex 32.1905 9.18833 -3
      vertex 32.1905 9.18833 1.2
    endloop
  endfacet
  facet normal -0.392057 0.919941 0
    outer loop
      vertex 30.5789 7.3693 -3
      vertex 30.3493 7.27145 1.2
      vertex 30.5789 7.3693 1.2
    endloop
  endfacet
  facet normal -0.392057 0.919941 0
    outer loop
      vertex 30.3493 7.27145 1.2
      vertex 30.5789 7.3693 -3
      vertex 30.3493 7.27145 -3
    endloop
  endfacet
  facet normal 0.600513 -0.799615 0
    outer loop
      vertex 27.2894 12.5713 -3
      vertex 27.489 12.7212 1.2
      vertex 27.2894 12.5713 1.2
    endloop
  endfacet
  facet normal 0.600513 -0.799615 0
    outer loop
      vertex 27.489 12.7212 1.2
      vertex 27.2894 12.5713 -3
      vertex 27.489 12.7212 -3
    endloop
  endfacet
  facet normal -0.903482 0.428627 0
    outer loop
      vertex 31.9949 8.72936 -3
      vertex 32.1019 8.9549 1.2
      vertex 32.1019 8.9549 -3
    endloop
  endfacet
  facet normal -0.903482 0.428627 0
    outer loop
      vertex 32.1019 8.9549 1.2
      vertex 31.9949 8.72936 -3
      vertex 31.9949 8.72936 1.2
    endloop
  endfacet
  facet normal 0.0804535 0.996758 -0
    outer loop
      vertex 29.1252 7.07251 -3
      vertex 28.8763 7.0926 1.2
      vertex 29.1252 7.07251 1.2
    endloop
  endfacet
  facet normal 0.0804535 0.996758 0
    outer loop
      vertex 28.8763 7.0926 1.2
      vertex 29.1252 7.07251 -3
      vertex 28.8763 7.0926 -3
    endloop
  endfacet
  facet normal -0.464653 0.885493 0
    outer loop
      vertex 30.8 7.48532 -3
      vertex 30.5789 7.3693 1.2
      vertex 30.8 7.48532 1.2
    endloop
  endfacet
  facet normal -0.464653 0.885493 0
    outer loop
      vertex 30.5789 7.3693 1.2
      vertex 30.8 7.48532 -3
      vertex 30.5789 7.3693 -3
    endloop
  endfacet
  facet normal -0.992757 -0.12014 0
    outer loop
      vertex 32.3399 10.4194 -3
      vertex 32.3099 10.6673 1.2
      vertex 32.3099 10.6673 -3
    endloop
  endfacet
  facet normal -0.992757 -0.12014 0
    outer loop
      vertex 32.3099 10.6673 1.2
      vertex 32.3399 10.4194 -3
      vertex 32.3399 10.4194 1.2
    endloop
  endfacet
  facet normal -0.823071 -0.567939 0
    outer loop
      vertex 31.8701 11.8268 -3
      vertex 31.7283 12.0323 1.2
      vertex 31.7283 12.0323 -3
    endloop
  endfacet
  facet normal -0.823071 -0.567939 0
    outer loop
      vertex 31.7283 12.0323 1.2
      vertex 31.8701 11.8268 -3
      vertex 31.8701 11.8268 1.2
    endloop
  endfacet
  facet normal -0.720987 -0.692949 0
    outer loop
      vertex 31.5704 12.2257 -3
      vertex 31.3974 12.4057 1.2
      vertex 31.3974 12.4057 -3
    endloop
  endfacet
  facet normal -0.720987 -0.692949 0
    outer loop
      vertex 31.3974 12.4057 1.2
      vertex 31.5704 12.2257 -3
      vertex 31.5704 12.2257 1.2
    endloop
  endfacet
  facet normal -0.774617 -0.63243 0
    outer loop
      vertex 31.7283 12.0323 -3
      vertex 31.5704 12.2257 1.2
      vertex 31.5704 12.2257 -3
    endloop
  endfacet
  facet normal -0.774617 -0.63243 0
    outer loop
      vertex 31.5704 12.2257 1.2
      vertex 31.7283 12.0323 -3
      vertex 31.7283 12.0323 1.2
    endloop
  endfacet
  facet normal 0 -1 0
    outer loop
      vertex 29.1252 13.2675 -3
      vertex 29.3748 13.2675 1.2
      vertex 29.1252 13.2675 1.2
    endloop
  endfacet
  facet normal 0 -1 -0
    outer loop
      vertex 29.3748 13.2675 1.2
      vertex 29.1252 13.2675 -3
      vertex 29.3748 13.2675 -3
    endloop
  endfacet
  facet normal -0.16024 -0.987078 0
    outer loop
      vertex 29.6237 13.2474 -3
      vertex 29.8701 13.2074 1.2
      vertex 29.6237 13.2474 1.2
    endloop
  endfacet
  facet normal -0.16024 -0.987078 -0
    outer loop
      vertex 29.8701 13.2074 1.2
      vertex 29.6237 13.2474 -3
      vertex 29.8701 13.2074 -3
    endloop
  endfacet
  facet normal -0.316468 -0.948603 0
    outer loop
      vertex 30.1125 13.1476 -3
      vertex 30.3493 13.0686 1.2
      vertex 30.1125 13.1476 1.2
    endloop
  endfacet
  facet normal -0.316468 -0.948603 -0
    outer loop
      vertex 30.3493 13.0686 1.2
      vertex 30.1125 13.1476 -3
      vertex 30.3493 13.0686 -3
    endloop
  endfacet
  facet normal -0.0804933 -0.996755 0
    outer loop
      vertex 29.3748 13.2675 -3
      vertex 29.6237 13.2474 1.2
      vertex 29.3748 13.2675 1.2
    endloop
  endfacet
  facet normal -0.0804933 -0.996755 -0
    outer loop
      vertex 29.6237 13.2474 1.2
      vertex 29.3748 13.2675 -3
      vertex 29.6237 13.2474 -3
    endloop
  endfacet
  facet normal -0.663369 -0.748293 0
    outer loop
      vertex 31.2106 12.5713 -3
      vertex 31.3974 12.4057 1.2
      vertex 31.2106 12.5713 1.2
    endloop
  endfacet
  facet normal -0.663369 -0.748293 -0
    outer loop
      vertex 31.3974 12.4057 1.2
      vertex 31.2106 12.5713 -3
      vertex 31.3974 12.4057 -3
    endloop
  endfacet
  facet normal -0.600513 -0.799615 0
    outer loop
      vertex 31.011 12.7212 -3
      vertex 31.2106 12.5713 1.2
      vertex 31.011 12.7212 1.2
    endloop
  endfacet
  facet normal -0.600513 -0.799615 -0
    outer loop
      vertex 31.2106 12.5713 1.2
      vertex 31.011 12.7212 -3
      vertex 31.2106 12.5713 -3
    endloop
  endfacet
  facet normal 0.934906 -0.354896 0
    outer loop
      vertex 26.3095 11.1517 1.2
      vertex 26.3981 11.3851 -3
      vertex 26.3981 11.3851 1.2
    endloop
  endfacet
  facet normal 0.934906 -0.354896 0
    outer loop
      vertex 26.3981 11.3851 -3
      vertex 26.3095 11.1517 1.2
      vertex 26.3095 11.1517 -3
    endloop
  endfacet
  facet normal 0.960581 -0.278 0
    outer loop
      vertex 26.2401 10.9119 1.2
      vertex 26.3095 11.1517 -3
      vertex 26.3095 11.1517 1.2
    endloop
  endfacet
  facet normal 0.960581 -0.278 0
    outer loop
      vertex 26.3095 11.1517 -3
      vertex 26.2401 10.9119 1.2
      vertex 26.2401 10.9119 -3
    endloop
  endfacet
  facet normal 0.97974 -0.200274 0
    outer loop
      vertex 26.1901 10.6673 1.2
      vertex 26.2401 10.9119 -3
      vertex 26.2401 10.9119 1.2
    endloop
  endfacet
  facet normal 0.97974 -0.200274 0
    outer loop
      vertex 26.2401 10.9119 -3
      vertex 26.1901 10.6673 1.2
      vertex 26.1901 10.6673 -3
    endloop
  endfacet
  facet normal 0.720987 -0.692949 0
    outer loop
      vertex 26.9296 12.2257 1.2
      vertex 27.1026 12.4057 -3
      vertex 27.1026 12.4057 1.2
    endloop
  endfacet
  facet normal 0.720987 -0.692949 0
    outer loop
      vertex 27.1026 12.4057 -3
      vertex 26.9296 12.2257 1.2
      vertex 26.9296 12.2257 -3
    endloop
  endfacet
  facet normal 0.866066 -0.499931 0
    outer loop
      vertex 26.5051 11.6106 1.2
      vertex 26.6299 11.8268 -3
      vertex 26.6299 11.8268 1.2
    endloop
  endfacet
  facet normal 0.866066 -0.499931 0
    outer loop
      vertex 26.6299 11.8268 -3
      vertex 26.5051 11.6106 1.2
      vertex 26.5051 11.6106 -3
    endloop
  endfacet
  facet normal 0.774617 -0.63243 0
    outer loop
      vertex 26.7717 12.0323 1.2
      vertex 26.9296 12.2257 -3
      vertex 26.9296 12.2257 1.2
    endloop
  endfacet
  facet normal 0.774617 -0.63243 0
    outer loop
      vertex 26.9296 12.2257 -3
      vertex 26.7717 12.0323 1.2
      vertex 26.7717 12.0323 -3
    endloop
  endfacet
  facet normal 0.0804933 -0.996755 0
    outer loop
      vertex 28.8763 13.2474 -3
      vertex 29.1252 13.2675 1.2
      vertex 28.8763 13.2474 1.2
    endloop
  endfacet
  facet normal 0.0804933 -0.996755 0
    outer loop
      vertex 29.1252 13.2675 1.2
      vertex 28.8763 13.2474 -3
      vertex 29.1252 13.2675 -3
    endloop
  endfacet
  facet normal 0.239519 -0.970892 0
    outer loop
      vertex 28.3875 13.1476 -3
      vertex 28.6299 13.2074 1.2
      vertex 28.3875 13.1476 1.2
    endloop
  endfacet
  facet normal 0.239519 -0.970892 0
    outer loop
      vertex 28.6299 13.2074 1.2
      vertex 28.3875 13.1476 -3
      vertex 28.6299 13.2074 -3
    endloop
  endfacet
  facet normal 0.16024 -0.987078 0
    outer loop
      vertex 28.6299 13.2074 -3
      vertex 28.8763 13.2474 1.2
      vertex 28.6299 13.2074 1.2
    endloop
  endfacet
  facet normal 0.16024 -0.987078 0
    outer loop
      vertex 28.8763 13.2474 1.2
      vertex 28.6299 13.2074 -3
      vertex 28.8763 13.2474 -3
    endloop
  endfacet
  facet normal 0.464591 -0.885526 0
    outer loop
      vertex 27.7 12.8547 -3
      vertex 27.9211 12.9707 1.2
      vertex 27.7 12.8547 1.2
    endloop
  endfacet
  facet normal 0.464591 -0.885526 0
    outer loop
      vertex 27.9211 12.9707 1.2
      vertex 27.7 12.8547 -3
      vertex 27.9211 12.9707 -3
    endloop
  endfacet
  facet normal 0.534671 -0.84506 0
    outer loop
      vertex 27.489 12.7212 -3
      vertex 27.7 12.8547 1.2
      vertex 27.489 12.7212 1.2
    endloop
  endfacet
  facet normal 0.534671 -0.84506 0
    outer loop
      vertex 27.7 12.8547 1.2
      vertex 27.489 12.7212 -3
      vertex 27.7 12.8547 -3
    endloop
  endfacet
  facet normal 0.663369 -0.748293 0
    outer loop
      vertex 27.1026 12.4057 -3
      vertex 27.2894 12.5713 1.2
      vertex 27.1026 12.4057 1.2
    endloop
  endfacet
  facet normal 0.663369 -0.748293 0
    outer loop
      vertex 27.2894 12.5713 1.2
      vertex 27.1026 12.4057 -3
      vertex 27.2894 12.5713 -3
    endloop
  endfacet
  facet normal -0.999181 -0.040464 0
    outer loop
      vertex 32.35 10.17 -3
      vertex 32.3399 10.4194 1.2
      vertex 32.3399 10.4194 -3
    endloop
  endfacet
  facet normal -0.999181 -0.040464 0
    outer loop
      vertex 32.3399 10.4194 1.2
      vertex 32.35 10.17 -3
      vertex 32.35 10.17 1.2
    endloop
  endfacet
  facet normal 0.774585 0.63247 0
    outer loop
      vertex 26.9296 8.11432 1.2
      vertex 26.7717 8.3077 -3
      vertex 26.7717 8.3077 1.2
    endloop
  endfacet
  facet normal 0.774585 0.63247 0
    outer loop
      vertex 26.7717 8.3077 -3
      vertex 26.9296 8.11432 1.2
      vertex 26.9296 8.11432 -3
    endloop
  endfacet
  facet normal 0.960578 0.27801 0
    outer loop
      vertex 26.3095 9.18833 1.2
      vertex 26.2401 9.42812 -3
      vertex 26.2401 9.42812 1.2
    endloop
  endfacet
  facet normal 0.960578 0.27801 0
    outer loop
      vertex 26.2401 9.42812 -3
      vertex 26.3095 9.18833 1.2
      vertex 26.3095 9.18833 -3
    endloop
  endfacet
  facet normal -0.903452 -0.428689 0
    outer loop
      vertex 32.1019 11.3851 -3
      vertex 31.9949 11.6106 1.2
      vertex 31.9949 11.6106 -3
    endloop
  endfacet
  facet normal -0.903452 -0.428689 0
    outer loop
      vertex 31.9949 11.6106 1.2
      vertex 32.1019 11.3851 -3
      vertex 32.1019 11.3851 1.2
    endloop
  endfacet
  facet normal -0.934906 -0.354896 0
    outer loop
      vertex 32.1905 11.1517 -3
      vertex 32.1019 11.3851 1.2
      vertex 32.1019 11.3851 -3
    endloop
  endfacet
  facet normal -0.934906 -0.354896 0
    outer loop
      vertex 32.1019 11.3851 1.2
      vertex 32.1905 11.1517 -3
      vertex 32.1905 11.1517 1.2
    endloop
  endfacet
  facet normal -0.97974 -0.200274 0
    outer loop
      vertex 32.3099 10.6673 -3
      vertex 32.2599 10.9119 1.2
      vertex 32.2599 10.9119 -3
    endloop
  endfacet
  facet normal -0.97974 -0.200274 0
    outer loop
      vertex 32.2599 10.9119 1.2
      vertex 32.3099 10.6673 -3
      vertex 32.3099 10.6673 1.2
    endloop
  endfacet
  facet normal -0.239519 -0.970892 0
    outer loop
      vertex 29.8701 13.2074 -3
      vertex 30.1125 13.1476 1.2
      vertex 29.8701 13.2074 1.2
    endloop
  endfacet
  facet normal -0.239519 -0.970892 -0
    outer loop
      vertex 30.1125 13.1476 1.2
      vertex 29.8701 13.2074 -3
      vertex 30.1125 13.1476 -3
    endloop
  endfacet
  facet normal -0.392226 -0.919869 0
    outer loop
      vertex 30.3493 13.0686 -3
      vertex 30.5789 12.9707 1.2
      vertex 30.3493 13.0686 1.2
    endloop
  endfacet
  facet normal -0.392226 -0.919869 -0
    outer loop
      vertex 30.5789 12.9707 1.2
      vertex 30.3493 13.0686 -3
      vertex 30.5789 12.9707 -3
    endloop
  endfacet
  facet normal -0.534671 -0.84506 0
    outer loop
      vertex 30.8 12.8547 -3
      vertex 31.011 12.7212 1.2
      vertex 30.8 12.8547 1.2
    endloop
  endfacet
  facet normal -0.534671 -0.84506 -0
    outer loop
      vertex 31.011 12.7212 1.2
      vertex 30.8 12.8547 -3
      vertex 31.011 12.7212 -3
    endloop
  endfacet
  facet normal 0.999181 -0.040464 0
    outer loop
      vertex 26.15 10.17 1.2
      vertex 26.1601 10.4194 -3
      vertex 26.1601 10.4194 1.2
    endloop
  endfacet
  facet normal 0.999181 -0.040464 0
    outer loop
      vertex 26.1601 10.4194 -3
      vertex 26.15 10.17 1.2
      vertex 26.15 10.17 -3
    endloop
  endfacet
  facet normal 0.823071 -0.567939 0
    outer loop
      vertex 26.6299 11.8268 1.2
      vertex 26.7717 12.0323 -3
      vertex 26.7717 12.0323 1.2
    endloop
  endfacet
  facet normal 0.823071 -0.567939 0
    outer loop
      vertex 26.7717 12.0323 -3
      vertex 26.6299 11.8268 1.2
      vertex 26.6299 11.8268 -3
    endloop
  endfacet
  facet normal 0.392226 -0.919869 0
    outer loop
      vertex 27.9211 12.9707 -3
      vertex 28.1507 13.0686 1.2
      vertex 27.9211 12.9707 1.2
    endloop
  endfacet
  facet normal 0.392226 -0.919869 0
    outer loop
      vertex 28.1507 13.0686 1.2
      vertex 27.9211 12.9707 -3
      vertex 28.1507 13.0686 -3
    endloop
  endfacet
  facet normal -0.992752 0.120178 0
    outer loop
      vertex 32.3099 9.67273 -3
      vertex 32.3399 9.92055 1.2
      vertex 32.3399 9.92055 -3
    endloop
  endfacet
  facet normal -0.992752 0.120178 0
    outer loop
      vertex 32.3399 9.92055 1.2
      vertex 32.3099 9.67273 -3
      vertex 32.3099 9.67273 1.2
    endloop
  endfacet
  facet normal -0.979742 0.200266 0
    outer loop
      vertex 32.2599 9.42812 -3
      vertex 32.3099 9.67273 1.2
      vertex 32.3099 9.67273 -3
    endloop
  endfacet
  facet normal -0.979742 0.200266 0
    outer loop
      vertex 32.3099 9.67273 1.2
      vertex 32.2599 9.42812 -3
      vertex 32.2599 9.42812 1.2
    endloop
  endfacet
  facet normal -0.999181 0.0404559 0
    outer loop
      vertex 32.3399 9.92055 -3
      vertex 32.35 10.17 1.2
      vertex 32.35 10.17 -3
    endloop
  endfacet
  facet normal -0.999181 0.0404559 0
    outer loop
      vertex 32.35 10.17 1.2
      vertex 32.3399 9.92055 -3
      vertex 32.3399 9.92055 1.2
    endloop
  endfacet
  facet normal 0.663234 0.748412 -0
    outer loop
      vertex 27.2894 7.76873 -3
      vertex 27.1026 7.93427 1.2
      vertex 27.2894 7.76873 1.2
    endloop
  endfacet
  facet normal 0.663234 0.748412 0
    outer loop
      vertex 27.1026 7.93427 1.2
      vertex 27.2894 7.76873 -3
      vertex 27.1026 7.93427 -3
    endloop
  endfacet
  facet normal 0.392057 0.919941 -0
    outer loop
      vertex 28.1507 7.27145 -3
      vertex 27.9211 7.3693 1.2
      vertex 28.1507 7.27145 1.2
    endloop
  endfacet
  facet normal 0.392057 0.919941 0
    outer loop
      vertex 27.9211 7.3693 1.2
      vertex 28.1507 7.27145 -3
      vertex 27.9211 7.3693 -3
    endloop
  endfacet
  facet normal 0.934921 0.354856 0
    outer loop
      vertex 26.3981 8.9549 1.2
      vertex 26.3095 9.18833 -3
      vertex 26.3095 9.18833 1.2
    endloop
  endfacet
  facet normal 0.934921 0.354856 0
    outer loop
      vertex 26.3095 9.18833 -3
      vertex 26.3981 8.9549 1.2
      vertex 26.3981 8.9549 -3
    endloop
  endfacet
  facet normal 0.721083 0.692849 0
    outer loop
      vertex 27.1026 7.93427 1.2
      vertex 26.9296 8.11432 -3
      vertex 26.9296 8.11432 1.2
    endloop
  endfacet
  facet normal 0.721083 0.692849 0
    outer loop
      vertex 26.9296 8.11432 -3
      vertex 27.1026 7.93427 1.2
      vertex 27.1026 7.93427 -3
    endloop
  endfacet
  facet normal 0.903482 0.428627 0
    outer loop
      vertex 26.5051 8.72936 1.2
      vertex 26.3981 8.9549 -3
      vertex 26.3981 8.9549 1.2
    endloop
  endfacet
  facet normal 0.903482 0.428627 0
    outer loop
      vertex 26.3981 8.9549 -3
      vertex 26.5051 8.72936 1.2
      vertex 26.5051 8.72936 -3
    endloop
  endfacet
  facet normal -0.0804535 0.996758 0
    outer loop
      vertex 29.6237 7.0926 -3
      vertex 29.3748 7.07251 1.2
      vertex 29.6237 7.0926 1.2
    endloop
  endfacet
  facet normal -0.0804535 0.996758 0
    outer loop
      vertex 29.3748 7.07251 1.2
      vertex 29.6237 7.0926 -3
      vertex 29.3748 7.07251 -3
    endloop
  endfacet
  facet normal -0.160435 0.987046 0
    outer loop
      vertex 29.8701 7.13265 -3
      vertex 29.6237 7.0926 1.2
      vertex 29.8701 7.13265 1.2
    endloop
  endfacet
  facet normal -0.160435 0.987046 0
    outer loop
      vertex 29.6237 7.0926 1.2
      vertex 29.8701 7.13265 -3
      vertex 29.6237 7.0926 -3
    endloop
  endfacet
  facet normal -0.960581 -0.278 0
    outer loop
      vertex 32.2599 10.9119 -3
      vertex 32.1905 11.1517 1.2
      vertex 32.1905 11.1517 -3
    endloop
  endfacet
  facet normal -0.960581 -0.278 0
    outer loop
      vertex 32.1905 11.1517 1.2
      vertex 32.2599 10.9119 -3
      vertex 32.2599 10.9119 1.2
    endloop
  endfacet
  facet normal -0.464591 -0.885526 0
    outer loop
      vertex 30.5789 12.9707 -3
      vertex 30.8 12.8547 1.2
      vertex 30.5789 12.9707 1.2
    endloop
  endfacet
  facet normal -0.464591 -0.885526 -0
    outer loop
      vertex 30.8 12.8547 1.2
      vertex 30.5789 12.9707 -3
      vertex 30.8 12.8547 -3
    endloop
  endfacet
  facet normal 0 0 -1
    outer loop
      vertex 30.95 10.17 1.2
      vertex 32.35 10.17 1.2
      vertex 32.3399 9.92055 1.2
    endloop
  endfacet
  facet normal 0 0 -1
    outer loop
      vertex 30.9319 9.92248 1.2
      vertex 32.3399 9.92055 1.2
      vertex 32.3099 9.67273 1.2
    endloop
  endfacet
  facet normal 0 0 -1
    outer loop
      vertex 32.35 10.17 1.2
      vertex 30.95 10.17 1.2
      vertex 32.3399 10.4194 1.2
    endloop
  endfacet
  facet normal 0 0 -1
    outer loop
      vertex 30.9319 9.92248 1.2
      vertex 32.3099 9.67273 1.2
      vertex 32.2599 9.42812 1.2
    endloop
  endfacet
  facet normal 0 0 -1
    outer loop
      vertex 30.9319 10.4175 1.2
      vertex 32.3399 10.4194 1.2
      vertex 30.95 10.17 1.2
    endloop
  endfacet
  facet normal 0 0 -1
    outer loop
      vertex 30.8779 9.68023 1.2
      vertex 32.2599 9.42812 1.2
      vertex 32.1905 9.18833 1.2
    endloop
  endfacet
  facet normal -0 0 -1
    outer loop
      vertex 32.3399 10.4194 1.2
      vertex 30.9319 10.4175 1.2
      vertex 32.3099 10.6673 1.2
    endloop
  endfacet
  facet normal 0 0 -1
    outer loop
      vertex 30.8779 9.68023 1.2
      vertex 32.1905 9.18833 1.2
      vertex 32.1019 8.9549 1.2
    endloop
  endfacet
  facet normal -0 0 -1
    outer loop
      vertex 32.3099 10.6673 1.2
      vertex 30.9319 10.4175 1.2
      vertex 32.2599 10.9119 1.2
    endloop
  endfacet
  facet normal 0 0 -1
    outer loop
      vertex 30.7893 9.44842 1.2
      vertex 32.1019 8.9549 1.2
      vertex 31.9949 8.72936 1.2
    endloop
  endfacet
  facet normal 0 0 -1
    outer loop
      vertex 30.8779 10.6598 1.2
      vertex 32.2599 10.9119 1.2
      vertex 30.9319 10.4175 1.2
    endloop
  endfacet
  facet normal 0 0 -1
    outer loop
      vertex 30.6678 9.232 1.2
      vertex 31.9949 8.72936 1.2
      vertex 31.8701 8.51316 1.2
    endloop
  endfacet
  facet normal -0 0 -1
    outer loop
      vertex 32.2599 10.9119 1.2
      vertex 30.8779 10.6598 1.2
      vertex 32.1905 11.1517 1.2
    endloop
  endfacet
  facet normal 0 0 -1
    outer loop
      vertex 30.6678 9.232 1.2
      vertex 31.8701 8.51316 1.2
      vertex 31.7283 8.3077 1.2
    endloop
  endfacet
  facet normal -0 0 -1
    outer loop
      vertex 32.1905 11.1517 1.2
      vertex 30.8779 10.6598 1.2
      vertex 32.1019 11.3851 1.2
    endloop
  endfacet
  facet normal 0 0 -1
    outer loop
      vertex 30.5161 9.03556 1.2
      vertex 31.7283 8.3077 1.2
      vertex 31.5704 8.11432 1.2
    endloop
  endfacet
  facet normal 0 0 -1
    outer loop
      vertex 30.7893 10.8916 1.2
      vertex 32.1019 11.3851 1.2
      vertex 30.8779 10.6598 1.2
    endloop
  endfacet
  facet normal 0 0 -1
    outer loop
      vertex 30.5161 9.03556 1.2
      vertex 31.5704 8.11432 1.2
      vertex 31.3974 7.93427 1.2
    endloop
  endfacet
  facet normal -0 0 -1
    outer loop
      vertex 32.1019 11.3851 1.2
      vertex 30.7893 10.8916 1.2
      vertex 31.9949 11.6106 1.2
    endloop
  endfacet
  facet normal 0 0 -1
    outer loop
      vertex 30.3374 8.8633 1.2
      vertex 31.3974 7.93427 1.2
      vertex 31.2106 7.76873 1.2
    endloop
  endfacet
  facet normal 0 0 -1
    outer loop
      vertex 30.6678 11.108 1.2
      vertex 31.9949 11.6106 1.2
      vertex 30.7893 10.8916 1.2
    endloop
  endfacet
  facet normal 0 0 -1
    outer loop
      vertex 30.3374 8.8633 1.2
      vertex 31.2106 7.76873 1.2
      vertex 31.011 7.61875 1.2
    endloop
  endfacet
  facet normal -0 0 -1
    outer loop
      vertex 31.9949 11.6106 1.2
      vertex 30.6678 11.108 1.2
      vertex 31.8701 11.8268 1.2
    endloop
  endfacet
  facet normal -0 0 -1
    outer loop
      vertex 31.8701 11.8268 1.2
      vertex 30.6678 11.108 1.2
      vertex 31.7283 12.0323 1.2
    endloop
  endfacet
  facet normal 0 0 -1
    outer loop
      vertex 32.3399 9.92055 1.2
      vertex 30.9319 9.92248 1.2
      vertex 30.95 10.17 1.2
    endloop
  endfacet
  facet normal 0 0 -1
    outer loop
      vertex 32.2599 9.42812 1.2
      vertex 30.8779 9.68023 1.2
      vertex 30.9319 9.92248 1.2
    endloop
  endfacet
  facet normal 0 0 -1
    outer loop
      vertex 30.1356 8.71889 1.2
      vertex 31.011 7.61875 1.2
      vertex 30.8 7.48532 1.2
    endloop
  endfacet
  facet normal 0 0 -1
    outer loop
      vertex 32.1019 8.9549 1.2
      vertex 30.7893 9.44842 1.2
      vertex 30.8779 9.68023 1.2
    endloop
  endfacet
  facet normal 0 0 -1
    outer loop
      vertex 31.9949 8.72936 1.2
      vertex 30.6678 9.232 1.2
      vertex 30.7893 9.44842 1.2
    endloop
  endfacet
  facet normal 0 0 -1
    outer loop
      vertex 30.1356 8.71889 1.2
      vertex 30.8 7.48532 1.2
      vertex 30.5789 7.3693 1.2
    endloop
  endfacet
  facet normal 0 0 -1
    outer loop
      vertex 31.7283 8.3077 1.2
      vertex 30.5161 9.03556 1.2
      vertex 30.6678 9.232 1.2
    endloop
  endfacet
  facet normal 0 0 -1
    outer loop
      vertex 29.9149 8.60541 1.2
      vertex 30.5789 7.3693 1.2
      vertex 30.3493 7.27145 1.2
    endloop
  endfacet
  facet normal 0 0 -1
    outer loop
      vertex 31.3974 7.93427 1.2
      vertex 30.3374 8.8633 1.2
      vertex 30.5161 9.03556 1.2
    endloop
  endfacet
  facet normal 0 0 -1
    outer loop
      vertex 31.011 7.61875 1.2
      vertex 30.1356 8.71889 1.2
      vertex 30.3374 8.8633 1.2
    endloop
  endfacet
  facet normal 0 0 -1
    outer loop
      vertex 29.68 8.52528 1.2
      vertex 30.3493 7.27145 1.2
      vertex 30.1125 7.19239 1.2
    endloop
  endfacet
  facet normal 0 0 -1
    outer loop
      vertex 30.5789 7.3693 1.2
      vertex 29.9149 8.60541 1.2
      vertex 30.1356 8.71889 1.2
    endloop
  endfacet
  facet normal 0 0 -1
    outer loop
      vertex 29.68 8.52528 1.2
      vertex 30.1125 7.19239 1.2
      vertex 29.8701 7.13265 1.2
    endloop
  endfacet
  facet normal 0 0 -1
    outer loop
      vertex 30.3493 7.27145 1.2
      vertex 29.68 8.52528 1.2
      vertex 29.9149 8.60541 1.2
    endloop
  endfacet
  facet normal 0 0 -1
    outer loop
      vertex 29.4359 8.4802 1.2
      vertex 29.8701 7.13265 1.2
      vertex 29.6237 7.0926 1.2
    endloop
  endfacet
  facet normal 0 0 -1
    outer loop
      vertex 29.8701 7.13265 1.2
      vertex 29.4359 8.4802 1.2
      vertex 29.68 8.52528 1.2
    endloop
  endfacet
  facet normal 0 0 -1
    outer loop
      vertex 29.3748 7.07251 1.2
      vertex 29.4359 8.4802 1.2
      vertex 29.6237 7.0926 1.2
    endloop
  endfacet
  facet normal 0 0 -1
    outer loop
      vertex 29.3748 7.07251 1.2
      vertex 29.1879 8.47114 1.2
      vertex 29.4359 8.4802 1.2
    endloop
  endfacet
  facet normal 0 0 -1
    outer loop
      vertex 29.1252 7.07251 1.2
      vertex 29.1879 8.47114 1.2
      vertex 29.3748 7.07251 1.2
    endloop
  endfacet
  facet normal 0 0 -1
    outer loop
      vertex 28.8763 7.0926 1.2
      vertex 29.1879 8.47114 1.2
      vertex 29.1252 7.07251 1.2
    endloop
  endfacet
  facet normal -0 0 -1
    outer loop
      vertex 29.1879 8.47114 1.2
      vertex 28.8763 7.0926 1.2
      vertex 28.9412 8.49828 1.2
    endloop
  endfacet
  facet normal 0 0 -1
    outer loop
      vertex 28.6299 7.13265 1.2
      vertex 28.9412 8.49828 1.2
      vertex 28.8763 7.0926 1.2
    endloop
  endfacet
  facet normal 0 0 -1
    outer loop
      vertex 28.3875 7.19239 1.2
      vertex 28.9412 8.49828 1.2
      vertex 28.6299 7.13265 1.2
    endloop
  endfacet
  facet normal -0 0 -1
    outer loop
      vertex 28.9412 8.49828 1.2
      vertex 28.3875 7.19239 1.2
      vertex 28.7011 8.56105 1.2
    endloop
  endfacet
  facet normal 0 0 -1
    outer loop
      vertex 28.1507 7.27145 1.2
      vertex 28.7011 8.56105 1.2
      vertex 28.3875 7.19239 1.2
    endloop
  endfacet
  facet normal -0 0 -1
    outer loop
      vertex 28.7011 8.56105 1.2
      vertex 28.1507 7.27145 1.2
      vertex 28.4727 8.65812 1.2
    endloop
  endfacet
  facet normal 0 0 -1
    outer loop
      vertex 27.9211 7.3693 1.2
      vertex 28.4727 8.65812 1.2
      vertex 28.1507 7.27145 1.2
    endloop
  endfacet
  facet normal 0 0 -1
    outer loop
      vertex 27.7 7.48532 1.2
      vertex 28.4727 8.65812 1.2
      vertex 27.9211 7.3693 1.2
    endloop
  endfacet
  facet normal -0 0 -1
    outer loop
      vertex 28.4727 8.65812 1.2
      vertex 27.7 7.48532 1.2
      vertex 28.2608 8.78741 1.2
    endloop
  endfacet
  facet normal 0 0 -1
    outer loop
      vertex 27.489 7.61875 1.2
      vertex 28.2608 8.78741 1.2
      vertex 27.7 7.48532 1.2
    endloop
  endfacet
  facet normal 0 0 -1
    outer loop
      vertex 27.2894 7.76873 1.2
      vertex 28.2608 8.78741 1.2
      vertex 27.489 7.61875 1.2
    endloop
  endfacet
  facet normal -0 0 -1
    outer loop
      vertex 28.2608 8.78741 1.2
      vertex 27.2894 7.76873 1.2
      vertex 28.0701 8.94617 1.2
    endloop
  endfacet
  facet normal 0 0 -1
    outer loop
      vertex 27.1026 7.93427 1.2
      vertex 28.0701 8.94617 1.2
      vertex 27.2894 7.76873 1.2
    endloop
  endfacet
  facet normal 0 0 -1
    outer loop
      vertex 26.9296 8.11432 1.2
      vertex 28.0701 8.94617 1.2
      vertex 27.1026 7.93427 1.2
    endloop
  endfacet
  facet normal -0 0 -1
    outer loop
      vertex 28.0701 8.94617 1.2
      vertex 26.9296 8.11432 1.2
      vertex 27.9045 9.13101 1.2
    endloop
  endfacet
  facet normal 0 0 -1
    outer loop
      vertex 26.6299 8.51316 1.2
      vertex 27.9045 9.13101 1.2
      vertex 26.7717 8.3077 1.2
    endloop
  endfacet
  facet normal 0 0 -1
    outer loop
      vertex 26.7717 8.3077 1.2
      vertex 27.9045 9.13101 1.2
      vertex 26.9296 8.11432 1.2
    endloop
  endfacet
  facet normal 0 0 -1
    outer loop
      vertex 30.5161 11.3044 1.2
      vertex 31.7283 12.0323 1.2
      vertex 30.6678 11.108 1.2
    endloop
  endfacet
  facet normal -0 0 -1
    outer loop
      vertex 31.7283 12.0323 1.2
      vertex 30.5161 11.3044 1.2
      vertex 31.5704 12.2257 1.2
    endloop
  endfacet
  facet normal -0 0 -1
    outer loop
      vertex 31.5704 12.2257 1.2
      vertex 30.5161 11.3044 1.2
      vertex 31.3974 12.4057 1.2
    endloop
  endfacet
  facet normal 0 0 -1
    outer loop
      vertex 30.3374 11.4767 1.2
      vertex 31.3974 12.4057 1.2
      vertex 30.5161 11.3044 1.2
    endloop
  endfacet
  facet normal -0 0 -1
    outer loop
      vertex 31.3974 12.4057 1.2
      vertex 30.3374 11.4767 1.2
      vertex 31.2106 12.5713 1.2
    endloop
  endfacet
  facet normal -0 0 -1
    outer loop
      vertex 31.2106 12.5713 1.2
      vertex 30.3374 11.4767 1.2
      vertex 31.011 12.7212 1.2
    endloop
  endfacet
  facet normal 0 0 -1
    outer loop
      vertex 30.1356 11.6211 1.2
      vertex 31.011 12.7212 1.2
      vertex 30.3374 11.4767 1.2
    endloop
  endfacet
  facet normal -0 0 -1
    outer loop
      vertex 31.011 12.7212 1.2
      vertex 30.1356 11.6211 1.2
      vertex 30.8 12.8547 1.2
    endloop
  endfacet
  facet normal -0 0 -1
    outer loop
      vertex 30.8 12.8547 1.2
      vertex 30.1356 11.6211 1.2
      vertex 30.5789 12.9707 1.2
    endloop
  endfacet
  facet normal 0 0 -1
    outer loop
      vertex 29.9149 11.7346 1.2
      vertex 30.5789 12.9707 1.2
      vertex 30.1356 11.6211 1.2
    endloop
  endfacet
  facet normal -0 0 -1
    outer loop
      vertex 30.5789 12.9707 1.2
      vertex 29.9149 11.7346 1.2
      vertex 30.3493 13.0686 1.2
    endloop
  endfacet
  facet normal 0 0 -1
    outer loop
      vertex 29.68 11.8147 1.2
      vertex 30.3493 13.0686 1.2
      vertex 29.9149 11.7346 1.2
    endloop
  endfacet
  facet normal -0 0 -1
    outer loop
      vertex 30.3493 13.0686 1.2
      vertex 29.68 11.8147 1.2
      vertex 30.1125 13.1476 1.2
    endloop
  endfacet
  facet normal -0 0 -1
    outer loop
      vertex 30.1125 13.1476 1.2
      vertex 29.68 11.8147 1.2
      vertex 29.8701 13.2074 1.2
    endloop
  endfacet
  facet normal 0 0 -1
    outer loop
      vertex 29.4359 11.8598 1.2
      vertex 29.8701 13.2074 1.2
      vertex 29.68 11.8147 1.2
    endloop
  endfacet
  facet normal -0 0 -1
    outer loop
      vertex 29.8701 13.2074 1.2
      vertex 29.4359 11.8598 1.2
      vertex 29.6237 13.2474 1.2
    endloop
  endfacet
  facet normal 0 0 -1
    outer loop
      vertex 29.4359 11.8598 1.2
      vertex 29.3748 13.2675 1.2
      vertex 29.6237 13.2474 1.2
    endloop
  endfacet
  facet normal 0 0 -1
    outer loop
      vertex 29.1879 11.8689 1.2
      vertex 29.3748 13.2675 1.2
      vertex 29.4359 11.8598 1.2
    endloop
  endfacet
  facet normal 0 0 -1
    outer loop
      vertex 29.1879 11.8689 1.2
      vertex 29.1252 13.2675 1.2
      vertex 29.3748 13.2675 1.2
    endloop
  endfacet
  facet normal 0 0 -1
    outer loop
      vertex 28.8763 13.2474 1.2
      vertex 29.1879 11.8689 1.2
      vertex 28.9412 11.8417 1.2
    endloop
  endfacet
  facet normal 0 0 -1
    outer loop
      vertex 29.1879 11.8689 1.2
      vertex 28.8763 13.2474 1.2
      vertex 29.1252 13.2675 1.2
    endloop
  endfacet
  facet normal 0 0 -1
    outer loop
      vertex 28.3875 13.1476 1.2
      vertex 28.9412 11.8417 1.2
      vertex 28.7011 11.7789 1.2
    endloop
  endfacet
  facet normal 0 0 -1
    outer loop
      vertex 28.9412 11.8417 1.2
      vertex 28.6299 13.2074 1.2
      vertex 28.8763 13.2474 1.2
    endloop
  endfacet
  facet normal 0 0 -1
    outer loop
      vertex 28.1507 13.0686 1.2
      vertex 28.7011 11.7789 1.2
      vertex 28.4727 11.6819 1.2
    endloop
  endfacet
  facet normal 0 0 -1
    outer loop
      vertex 28.9412 11.8417 1.2
      vertex 28.3875 13.1476 1.2
      vertex 28.6299 13.2074 1.2
    endloop
  endfacet
  facet normal 0 0 -1
    outer loop
      vertex 27.7 12.8547 1.2
      vertex 28.4727 11.6819 1.2
      vertex 28.2608 11.5526 1.2
    endloop
  endfacet
  facet normal 0 0 -1
    outer loop
      vertex 28.7011 11.7789 1.2
      vertex 28.1507 13.0686 1.2
      vertex 28.3875 13.1476 1.2
    endloop
  endfacet
  facet normal 0 0 -1
    outer loop
      vertex 27.2894 12.5713 1.2
      vertex 28.2608 11.5526 1.2
      vertex 28.0701 11.3938 1.2
    endloop
  endfacet
  facet normal 0 0 -1
    outer loop
      vertex 28.4727 11.6819 1.2
      vertex 27.9211 12.9707 1.2
      vertex 28.1507 13.0686 1.2
    endloop
  endfacet
  facet normal 0 0 -1
    outer loop
      vertex 26.9296 12.2257 1.2
      vertex 28.0701 11.3938 1.2
      vertex 27.9045 11.209 1.2
    endloop
  endfacet
  facet normal 0 0 -1
    outer loop
      vertex 26.6299 11.8268 1.2
      vertex 27.9045 11.209 1.2
      vertex 27.7675 11.002 1.2
    endloop
  endfacet
  facet normal 0 0 -1
    outer loop
      vertex 28.4727 11.6819 1.2
      vertex 27.7 12.8547 1.2
      vertex 27.9211 12.9707 1.2
    endloop
  endfacet
  facet normal 0 0 -1
    outer loop
      vertex 26.3981 11.3851 1.2
      vertex 27.7675 11.002 1.2
      vertex 27.6622 10.7773 1.2
    endloop
  endfacet
  facet normal 0 0 -1
    outer loop
      vertex 26.3095 11.1517 1.2
      vertex 27.6622 10.7773 1.2
      vertex 27.5907 10.5396 1.2
    endloop
  endfacet
  facet normal 0 0 -1
    outer loop
      vertex 26.1901 10.6673 1.2
      vertex 27.5907 10.5396 1.2
      vertex 27.5545 10.2941 1.2
    endloop
  endfacet
  facet normal 0 0 -1
    outer loop
      vertex 28.2608 11.5526 1.2
      vertex 27.489 12.7212 1.2
      vertex 27.7 12.8547 1.2
    endloop
  endfacet
  facet normal -0 0 -1
    outer loop
      vertex 27.9045 9.13101 1.2
      vertex 26.6299 8.51316 1.2
      vertex 27.7675 9.33799 1.2
    endloop
  endfacet
  facet normal 0 0 -1
    outer loop
      vertex 26.5051 8.72936 1.2
      vertex 27.7675 9.33799 1.2
      vertex 26.6299 8.51316 1.2
    endloop
  endfacet
  facet normal 0 0 -1
    outer loop
      vertex 28.2608 11.5526 1.2
      vertex 27.2894 12.5713 1.2
      vertex 27.489 12.7212 1.2
    endloop
  endfacet
  facet normal 0 0 -1
    outer loop
      vertex 26.3981 8.9549 1.2
      vertex 27.7675 9.33799 1.2
      vertex 26.5051 8.72936 1.2
    endloop
  endfacet
  facet normal 0 0 -1
    outer loop
      vertex 28.0701 11.3938 1.2
      vertex 27.1026 12.4057 1.2
      vertex 27.2894 12.5713 1.2
    endloop
  endfacet
  facet normal -0 0 -1
    outer loop
      vertex 27.7675 9.33799 1.2
      vertex 26.3981 8.9549 1.2
      vertex 27.6622 9.56271 1.2
    endloop
  endfacet
  facet normal 0 0 -1
    outer loop
      vertex 28.0701 11.3938 1.2
      vertex 26.9296 12.2257 1.2
      vertex 27.1026 12.4057 1.2
    endloop
  endfacet
  facet normal 0 0 -1
    outer loop
      vertex 26.3095 9.18833 1.2
      vertex 27.6622 9.56271 1.2
      vertex 26.3981 8.9549 1.2
    endloop
  endfacet
  facet normal 0 0 -1
    outer loop
      vertex 27.9045 11.209 1.2
      vertex 26.7717 12.0323 1.2
      vertex 26.9296 12.2257 1.2
    endloop
  endfacet
  facet normal -0 0 -1
    outer loop
      vertex 27.6622 9.56271 1.2
      vertex 26.3095 9.18833 1.2
      vertex 27.5907 9.80037 1.2
    endloop
  endfacet
  facet normal 0 0 -1
    outer loop
      vertex 27.9045 11.209 1.2
      vertex 26.6299 11.8268 1.2
      vertex 26.7717 12.0323 1.2
    endloop
  endfacet
  facet normal 0 0 -1
    outer loop
      vertex 26.2401 9.42812 1.2
      vertex 27.5907 9.80037 1.2
      vertex 26.3095 9.18833 1.2
    endloop
  endfacet
  facet normal 0 0 -1
    outer loop
      vertex 27.7675 11.002 1.2
      vertex 26.5051 11.6106 1.2
      vertex 26.6299 11.8268 1.2
    endloop
  endfacet
  facet normal 0 0 -1
    outer loop
      vertex 26.1901 9.67273 1.2
      vertex 27.5907 9.80037 1.2
      vertex 26.2401 9.42812 1.2
    endloop
  endfacet
  facet normal 0 0 -1
    outer loop
      vertex 27.7675 11.002 1.2
      vertex 26.3981 11.3851 1.2
      vertex 26.5051 11.6106 1.2
    endloop
  endfacet
  facet normal -0 0 -1
    outer loop
      vertex 27.5907 9.80037 1.2
      vertex 26.1901 9.67273 1.2
      vertex 27.5545 10.0459 1.2
    endloop
  endfacet
  facet normal 0 0 -1
    outer loop
      vertex 27.6622 10.7773 1.2
      vertex 26.3095 11.1517 1.2
      vertex 26.3981 11.3851 1.2
    endloop
  endfacet
  facet normal 0 0 -1
    outer loop
      vertex 26.1601 9.92055 1.2
      vertex 27.5545 10.0459 1.2
      vertex 26.1901 9.67273 1.2
    endloop
  endfacet
  facet normal 0 0 -1
    outer loop
      vertex 27.5907 10.5396 1.2
      vertex 26.2401 10.9119 1.2
      vertex 26.3095 11.1517 1.2
    endloop
  endfacet
  facet normal 0 0 -1
    outer loop
      vertex 26.15 10.17 1.2
      vertex 27.5545 10.0459 1.2
      vertex 26.1601 9.92055 1.2
    endloop
  endfacet
  facet normal 0 0 -1
    outer loop
      vertex 27.5907 10.5396 1.2
      vertex 26.1901 10.6673 1.2
      vertex 26.2401 10.9119 1.2
    endloop
  endfacet
  facet normal 0 0 -1
    outer loop
      vertex 27.5545 10.0459 1.2
      vertex 26.15 10.17 1.2
      vertex 27.5545 10.2941 1.2
    endloop
  endfacet
  facet normal 0 0 -1
    outer loop
      vertex 27.5545 10.2941 1.2
      vertex 26.1601 10.4194 1.2
      vertex 26.1901 10.6673 1.2
    endloop
  endfacet
  facet normal -0 0 -1
    outer loop
      vertex 27.5545 10.2941 1.2
      vertex 26.15 10.17 1.2
      vertex 26.1601 10.4194 1.2
    endloop
  endfacet
  facet normal 0.992757 -0.12014 0
    outer loop
      vertex 26.1601 10.4194 1.2
      vertex 26.1901 10.6673 -3
      vertex 26.1901 10.6673 1.2
    endloop
  endfacet
  facet normal 0.992757 -0.12014 0
    outer loop
      vertex 26.1901 10.6673 -3
      vertex 26.1601 10.4194 1.2
      vertex 26.1601 10.4194 -3
    endloop
  endfacet
  facet normal -0.934921 0.354856 0
    outer loop
      vertex 32.1019 8.9549 -3
      vertex 32.1905 9.18833 1.2
      vertex 32.1905 9.18833 -3
    endloop
  endfacet
  facet normal -0.934921 0.354856 0
    outer loop
      vertex 32.1905 9.18833 1.2
      vertex 32.1019 8.9549 -3
      vertex 32.1019 8.9549 1.2
    endloop
  endfacet
  facet normal -0.600718 0.799461 0
    outer loop
      vertex 31.2106 7.76873 -3
      vertex 31.011 7.61875 1.2
      vertex 31.2106 7.76873 1.2
    endloop
  endfacet
  facet normal -0.600718 0.799461 0
    outer loop
      vertex 31.011 7.61875 1.2
      vertex 31.2106 7.76873 -3
      vertex 31.011 7.61875 -3
    endloop
  endfacet
  facet normal -0.774585 0.63247 0
    outer loop
      vertex 31.5704 8.11432 -3
      vertex 31.7283 8.3077 1.2
      vertex 31.7283 8.3077 -3
    endloop
  endfacet
  facet normal -0.774585 0.63247 0
    outer loop
      vertex 31.7283 8.3077 1.2
      vertex 31.5704 8.11432 -3
      vertex 31.5704 8.11432 1.2
    endloop
  endfacet
  facet normal -0.823019 0.568014 0
    outer loop
      vertex 31.7283 8.3077 -3
      vertex 31.8701 8.51316 1.2
      vertex 31.8701 8.51316 -3
    endloop
  endfacet
  facet normal -0.823019 0.568014 0
    outer loop
      vertex 31.8701 8.51316 1.2
      vertex 31.7283 8.3077 -3
      vertex 31.7283 8.3077 1.2
    endloop
  endfacet
  facet normal -0.866066 0.499931 0
    outer loop
      vertex 31.8701 8.51316 -3
      vertex 31.9949 8.72936 1.2
      vertex 31.9949 8.72936 -3
    endloop
  endfacet
  facet normal -0.866066 0.499931 0
    outer loop
      vertex 31.9949 8.72936 1.2
      vertex 31.8701 8.51316 -3
      vertex 31.8701 8.51316 1.2
    endloop
  endfacet
  facet normal 0 1 -0
    outer loop
      vertex 29.3748 7.07251 -3
      vertex 29.1252 7.07251 1.2
      vertex 29.3748 7.07251 1.2
    endloop
  endfacet
  facet normal 0 1 0
    outer loop
      vertex 29.1252 7.07251 1.2
      vertex 29.3748 7.07251 -3
      vertex 29.1252 7.07251 -3
    endloop
  endfacet
  facet normal 0.316684 0.948531 -0
    outer loop
      vertex 28.3875 7.19239 -3
      vertex 28.1507 7.27145 1.2
      vertex 28.3875 7.19239 1.2
    endloop
  endfacet
  facet normal 0.316684 0.948531 0
    outer loop
      vertex 28.1507 7.27145 1.2
      vertex 28.3875 7.19239 -3
      vertex 28.1507 7.27145 -3
    endloop
  endfacet
  facet normal 0.160435 0.987046 -0
    outer loop
      vertex 28.8763 7.0926 -3
      vertex 28.6299 7.13265 1.2
      vertex 28.8763 7.0926 1.2
    endloop
  endfacet
  facet normal 0.160435 0.987046 0
    outer loop
      vertex 28.6299 7.13265 1.2
      vertex 28.8763 7.0926 -3
      vertex 28.6299 7.13265 -3
    endloop
  endfacet
  facet normal 0.534471 0.845187 -0
    outer loop
      vertex 27.7 7.48532 -3
      vertex 27.489 7.61875 1.2
      vertex 27.7 7.48532 1.2
    endloop
  endfacet
  facet normal 0.534471 0.845187 0
    outer loop
      vertex 27.489 7.61875 1.2
      vertex 27.7 7.48532 -3
      vertex 27.489 7.61875 -3
    endloop
  endfacet
  facet normal 0.999181 0.0404559 0
    outer loop
      vertex 26.1601 9.92055 1.2
      vertex 26.15 10.17 -3
      vertex 26.15 10.17 1.2
    endloop
  endfacet
  facet normal 0.999181 0.0404559 0
    outer loop
      vertex 26.15 10.17 -3
      vertex 26.1601 9.92055 1.2
      vertex 26.1601 9.92055 -3
    endloop
  endfacet
  facet normal 0.979742 0.200266 0
    outer loop
      vertex 26.2401 9.42812 1.2
      vertex 26.1901 9.67273 -3
      vertex 26.1901 9.67273 1.2
    endloop
  endfacet
  facet normal 0.979742 0.200266 0
    outer loop
      vertex 26.1901 9.67273 -3
      vertex 26.2401 9.42812 1.2
      vertex 26.2401 9.42812 -3
    endloop
  endfacet
  facet normal 0.866066 0.499931 0
    outer loop
      vertex 26.6299 8.51316 1.2
      vertex 26.5051 8.72936 -3
      vertex 26.5051 8.72936 1.2
    endloop
  endfacet
  facet normal 0.866066 0.499931 0
    outer loop
      vertex 26.5051 8.72936 -3
      vertex 26.6299 8.51316 1.2
      vertex 26.6299 8.51316 -3
    endloop
  endfacet
  facet normal 0.823019 0.568014 0
    outer loop
      vertex 26.7717 8.3077 1.2
      vertex 26.6299 8.51316 -3
      vertex 26.6299 8.51316 1.2
    endloop
  endfacet
  facet normal 0.823019 0.568014 0
    outer loop
      vertex 26.6299 8.51316 -3
      vertex 26.7717 8.3077 1.2
      vertex 26.7717 8.3077 -3
    endloop
  endfacet
  facet normal -0.534471 0.845187 0
    outer loop
      vertex 31.011 7.61875 -3
      vertex 30.8 7.48532 1.2
      vertex 31.011 7.61875 1.2
    endloop
  endfacet
  facet normal -0.534471 0.845187 0
    outer loop
      vertex 30.8 7.48532 1.2
      vertex 31.011 7.61875 -3
      vertex 30.8 7.48532 -3
    endloop
  endfacet
  facet normal 0.239292 0.970948 -0
    outer loop
      vertex 28.6299 7.13265 -3
      vertex 28.3875 7.19239 1.2
      vertex 28.6299 7.13265 1.2
    endloop
  endfacet
  facet normal 0.239292 0.970948 0
    outer loop
      vertex 28.3875 7.19239 1.2
      vertex 28.6299 7.13265 -3
      vertex 28.3875 7.19239 -3
    endloop
  endfacet
  facet normal 0.600718 0.799461 -0
    outer loop
      vertex 27.489 7.61875 -3
      vertex 27.2894 7.76873 1.2
      vertex 27.489 7.61875 1.2
    endloop
  endfacet
  facet normal 0.600718 0.799461 0
    outer loop
      vertex 27.2894 7.76873 1.2
      vertex 27.489 7.61875 -3
      vertex 27.2894 7.76873 -3
    endloop
  endfacet
  facet normal 0.464653 0.885493 -0
    outer loop
      vertex 27.9211 7.3693 -3
      vertex 27.7 7.48532 1.2
      vertex 27.9211 7.3693 1.2
    endloop
  endfacet
  facet normal 0.464653 0.885493 0
    outer loop
      vertex 27.7 7.48532 1.2
      vertex 27.9211 7.3693 -3
      vertex 27.7 7.48532 -3
    endloop
  endfacet
  facet normal 0.992752 0.120178 0
    outer loop
      vertex 26.1901 9.67273 1.2
      vertex 26.1601 9.92055 -3
      vertex 26.1601 9.92055 1.2
    endloop
  endfacet
  facet normal 0.992752 0.120178 0
    outer loop
      vertex 26.1601 9.92055 -3
      vertex 26.1901 9.67273 1.2
      vertex 26.1901 9.67273 -3
    endloop
  endfacet
  facet normal -0.316684 0.948531 0
    outer loop
      vertex 30.3493 7.27145 -3
      vertex 30.1125 7.19239 1.2
      vertex 30.3493 7.27145 1.2
    endloop
  endfacet
  facet normal -0.316684 0.948531 0
    outer loop
      vertex 30.1125 7.19239 1.2
      vertex 30.3493 7.27145 -3
      vertex 30.1125 7.19239 -3
    endloop
  endfacet
  facet normal -0.239292 0.970948 0
    outer loop
      vertex 30.1125 7.19239 -3
      vertex 29.8701 7.13265 1.2
      vertex 30.1125 7.19239 1.2
    endloop
  endfacet
  facet normal -0.239292 0.970948 0
    outer loop
      vertex 29.8701 7.13265 1.2
      vertex 30.1125 7.19239 -3
      vertex 29.8701 7.13265 -3
    endloop
  endfacet
  facet normal -0.663234 0.748412 0
    outer loop
      vertex 31.3974 7.93427 -3
      vertex 31.2106 7.76873 1.2
      vertex 31.3974 7.93427 1.2
    endloop
  endfacet
  facet normal -0.663234 0.748412 0
    outer loop
      vertex 31.2106 7.76873 1.2
      vertex 31.3974 7.93427 -3
      vertex 31.2106 7.76873 -3
    endloop
  endfacet
  facet normal -0.721083 0.692849 0
    outer loop
      vertex 31.3974 7.93427 -3
      vertex 31.5704 8.11432 1.2
      vertex 31.5704 8.11432 -3
    endloop
  endfacet
  facet normal -0.721083 0.692849 0
    outer loop
      vertex 31.5704 8.11432 1.2
      vertex 31.3974 7.93427 -3
      vertex 31.3974 7.93427 1.2
    endloop
  endfacet
  facet normal -0.457339 -0.889292 0
    outer loop
      vertex 45.4349 25.1646 1.2
      vertex 45.6556 25.0511 6
      vertex 45.4349 25.1646 6
    endloop
  endfacet
  facet normal -0.457339 -0.889292 -0
    outer loop
      vertex 45.6556 25.0511 6
      vertex 45.4349 25.1646 1.2
      vertex 45.6556 25.0511 1.2
    endloop
  endfacet
  facet normal -0.997337 0.0729365 0
    outer loop
      vertex 46.4519 23.3525 1.2
      vertex 46.47 23.6 6
      vertex 46.47 23.6 1.2
    endloop
  endfacet
  facet normal -0.997337 0.0729365 0
    outer loop
      vertex 46.47 23.6 6
      vertex 46.4519 23.3525 1.2
      vertex 46.4519 23.3525 6
    endloop
  endfacet
  facet normal 0.109591 0.993977 -0
    outer loop
      vertex 44.7079 21.9011 1.2
      vertex 44.4612 21.9283 6
      vertex 44.7079 21.9011 6
    endloop
  endfacet
  facet normal 0.109591 0.993977 0
    outer loop
      vertex 44.4612 21.9283 6
      vertex 44.7079 21.9011 1.2
      vertex 44.4612 21.9283 1.2
    endloop
  endfacet
  facet normal 0.52088 -0.85363 0
    outer loop
      vertex 43.7808 24.9826 1.2
      vertex 43.9927 25.1119 6
      vertex 43.7808 24.9826 6
    endloop
  endfacet
  facet normal 0.52088 -0.85363 0
    outer loop
      vertex 43.9927 25.1119 6
      vertex 43.7808 24.9826 1.2
      vertex 43.9927 25.1119 1.2
    endloop
  endfacet
  facet normal 0.957615 -0.28805 0
    outer loop
      vertex 43.1107 23.9696 6
      vertex 43.1822 24.2073 1.2
      vertex 43.1822 24.2073 6
    endloop
  endfacet
  facet normal 0.957615 -0.28805 0
    outer loop
      vertex 43.1822 24.2073 1.2
      vertex 43.1107 23.9696 6
      vertex 43.1107 23.9696 1.2
    endloop
  endfacet
  facet normal 0.905502 0.424341 0
    outer loop
      vertex 43.2875 22.768 6
      vertex 43.1822 22.9927 1.2
      vertex 43.1822 22.9927 6
    endloop
  endfacet
  facet normal 0.905502 0.424341 0
    outer loop
      vertex 43.1822 22.9927 1.2
      vertex 43.2875 22.768 6
      vertex 43.2875 22.768 1.2
    endloop
  endfacet
  facet normal 0.253045 0.967454 -0
    outer loop
      vertex 44.4612 21.9283 1.2
      vertex 44.2211 21.9911 6
      vertex 44.4612 21.9283 6
    endloop
  endfacet
  facet normal 0.253045 0.967454 0
    outer loop
      vertex 44.2211 21.9911 6
      vertex 44.4612 21.9283 1.2
      vertex 44.2211 21.9911 1.2
    endloop
  endfacet
  facet normal -0.871963 -0.489572 0
    outer loop
      vertex 46.3093 24.3216 1.2
      vertex 46.1878 24.538 6
      vertex 46.1878 24.538 1.2
    endloop
  endfacet
  facet normal -0.871963 -0.489572 0
    outer loop
      vertex 46.1878 24.538 6
      vertex 46.3093 24.3216 1.2
      vertex 46.3093 24.3216 6
    endloop
  endfacet
  facet normal -0.791409 -0.611287 0
    outer loop
      vertex 46.1878 24.538 1.2
      vertex 46.0361 24.7344 6
      vertex 46.0361 24.7344 1.2
    endloop
  endfacet
  facet normal -0.791409 -0.611287 0
    outer loop
      vertex 46.0361 24.7344 6
      vertex 46.1878 24.538 1.2
      vertex 46.1878 24.538 6
    endloop
  endfacet
  facet normal -0.322748 -0.946485 0
    outer loop
      vertex 45.2 25.2447 1.2
      vertex 45.4349 25.1646 6
      vertex 45.2 25.2447 6
    endloop
  endfacet
  facet normal -0.322748 -0.946485 -0
    outer loop
      vertex 45.4349 25.1646 6
      vertex 45.2 25.2447 1.2
      vertex 45.4349 25.1646 1.2
    endloop
  endfacet
  facet normal -0.0366689 -0.999327 0
    outer loop
      vertex 44.7079 25.2989 1.2
      vertex 44.9559 25.2898 6
      vertex 44.7079 25.2989 6
    endloop
  endfacet
  facet normal -0.0366689 -0.999327 -0
    outer loop
      vertex 44.9559 25.2898 6
      vertex 44.7079 25.2989 1.2
      vertex 44.9559 25.2898 1.2
    endloop
  endfacet
  facet normal 1 -0 0
    outer loop
      vertex 43.0745 23.4759 6
      vertex 43.0745 23.7241 1.2
      vertex 43.0745 23.7241 6
    endloop
  endfacet
  facet normal 1 0 0
    outer loop
      vertex 43.0745 23.7241 1.2
      vertex 43.0745 23.4759 6
      vertex 43.0745 23.4759 1.2
    endloop
  endfacet
  facet normal 0.833905 -0.551908 0
    outer loop
      vertex 43.2875 24.432 6
      vertex 43.4245 24.639 1.2
      vertex 43.4245 24.639 6
    endloop
  endfacet
  facet normal 0.833905 -0.551908 0
    outer loop
      vertex 43.4245 24.639 1.2
      vertex 43.2875 24.432 6
      vertex 43.2875 24.432 1.2
    endloop
  endfacet
  facet normal 0.639907 -0.768452 0
    outer loop
      vertex 43.5901 24.8238 1.2
      vertex 43.7808 24.9826 6
      vertex 43.5901 24.8238 6
    endloop
  endfacet
  facet normal 0.639907 -0.768452 0
    outer loop
      vertex 43.7808 24.9826 6
      vertex 43.5901 24.8238 1.2
      vertex 43.7808 24.9826 1.2
    endloop
  endfacet
  facet normal 0.390902 -0.920432 0
    outer loop
      vertex 43.9927 25.1119 1.2
      vertex 44.2211 25.2089 6
      vertex 43.9927 25.1119 6
    endloop
  endfacet
  facet normal 0.390902 -0.920432 0
    outer loop
      vertex 44.2211 25.2089 6
      vertex 43.9927 25.1119 1.2
      vertex 44.2211 25.2089 1.2
    endloop
  endfacet
  facet normal 0.744735 -0.66736 0
    outer loop
      vertex 43.4245 24.639 6
      vertex 43.5901 24.8238 1.2
      vertex 43.5901 24.8238 6
    endloop
  endfacet
  facet normal 0.744735 -0.66736 0
    outer loop
      vertex 43.5901 24.8238 1.2
      vertex 43.4245 24.639 6
      vertex 43.4245 24.639 1.2
    endloop
  endfacet
  facet normal -0.997337 -0.0729365 0
    outer loop
      vertex 46.47 23.6 1.2
      vertex 46.4519 23.8475 6
      vertex 46.4519 23.8475 1.2
    endloop
  endfacet
  facet normal -0.997337 -0.0729365 0
    outer loop
      vertex 46.4519 23.8475 6
      vertex 46.47 23.6 1.2
      vertex 46.47 23.6 6
    endloop
  endfacet
  facet normal -0.181685 0.983357 0
    outer loop
      vertex 45.2 21.9553 1.2
      vertex 44.9559 21.9102 6
      vertex 45.2 21.9553 6
    endloop
  endfacet
  facet normal -0.181685 0.983357 0
    outer loop
      vertex 44.9559 21.9102 6
      vertex 45.2 21.9553 1.2
      vertex 44.9559 21.9102 1.2
    endloop
  endfacet
  facet normal -0.976054 0.217528 0
    outer loop
      vertex 46.3979 23.1102 1.2
      vertex 46.4519 23.3525 6
      vertex 46.4519 23.3525 1.2
    endloop
  endfacet
  facet normal -0.976054 0.217528 0
    outer loop
      vertex 46.4519 23.3525 6
      vertex 46.3979 23.1102 1.2
      vertex 46.3979 23.1102 6
    endloop
  endfacet
  facet normal -0.0366689 0.999327 0
    outer loop
      vertex 44.9559 21.9102 1.2
      vertex 44.7079 21.9011 6
      vertex 44.9559 21.9102 6
    endloop
  endfacet
  facet normal -0.0366689 0.999327 0
    outer loop
      vertex 44.7079 21.9011 6
      vertex 44.9559 21.9102 1.2
      vertex 44.7079 21.9011 1.2
    endloop
  endfacet
  facet normal 0.52088 0.85363 -0
    outer loop
      vertex 43.9927 22.0881 1.2
      vertex 43.7808 22.2174 6
      vertex 43.9927 22.0881 6
    endloop
  endfacet
  facet normal 0.52088 0.85363 0
    outer loop
      vertex 43.7808 22.2174 6
      vertex 43.9927 22.0881 1.2
      vertex 43.7808 22.2174 1.2
    endloop
  endfacet
  facet normal 0.833905 0.551908 0
    outer loop
      vertex 43.4245 22.561 6
      vertex 43.2875 22.768 1.2
      vertex 43.2875 22.768 6
    endloop
  endfacet
  facet normal 0.833905 0.551908 0
    outer loop
      vertex 43.2875 22.768 1.2
      vertex 43.4245 22.561 6
      vertex 43.4245 22.561 1.2
    endloop
  endfacet
  facet normal 0.989303 0.145877 0
    outer loop
      vertex 43.1107 23.2304 6
      vertex 43.0745 23.4759 1.2
      vertex 43.0745 23.4759 6
    endloop
  endfacet
  facet normal 0.989303 0.145877 0
    outer loop
      vertex 43.0745 23.4759 1.2
      vertex 43.1107 23.2304 6
      vertex 43.1107 23.2304 1.2
    endloop
  endfacet
  facet normal -0.976054 -0.217528 0
    outer loop
      vertex 46.4519 23.8475 1.2
      vertex 46.3979 24.0898 6
      vertex 46.3979 24.0898 1.2
    endloop
  endfacet
  facet normal -0.976054 -0.217528 0
    outer loop
      vertex 46.3979 24.0898 6
      vertex 46.4519 23.8475 1.2
      vertex 46.4519 23.8475 6
    endloop
  endfacet
  facet normal -0.934091 -0.357034 0
    outer loop
      vertex 46.3979 24.0898 1.2
      vertex 46.3093 24.3216 6
      vertex 46.3093 24.3216 1.2
    endloop
  endfacet
  facet normal -0.934091 -0.357034 0
    outer loop
      vertex 46.3093 24.3216 6
      vertex 46.3979 24.0898 1.2
      vertex 46.3979 24.0898 6
    endloop
  endfacet
  facet normal -0.694098 -0.71988 0
    outer loop
      vertex 45.8574 24.9067 1.2
      vertex 46.0361 24.7344 6
      vertex 45.8574 24.9067 6
    endloop
  endfacet
  facet normal -0.694098 -0.71988 -0
    outer loop
      vertex 46.0361 24.7344 6
      vertex 45.8574 24.9067 1.2
      vertex 46.0361 24.7344 1.2
    endloop
  endfacet
  facet normal -0.581924 -0.813243 0
    outer loop
      vertex 45.6556 25.0511 1.2
      vertex 45.8574 24.9067 6
      vertex 45.6556 25.0511 6
    endloop
  endfacet
  facet normal -0.581924 -0.813243 -0
    outer loop
      vertex 45.8574 24.9067 6
      vertex 45.6556 25.0511 1.2
      vertex 45.8574 24.9067 1.2
    endloop
  endfacet
  facet normal 0.109591 -0.993977 0
    outer loop
      vertex 44.4612 25.2717 1.2
      vertex 44.7079 25.2989 6
      vertex 44.4612 25.2717 6
    endloop
  endfacet
  facet normal 0.109591 -0.993977 0
    outer loop
      vertex 44.7079 25.2989 6
      vertex 44.4612 25.2717 1.2
      vertex 44.7079 25.2989 1.2
    endloop
  endfacet
  facet normal -0.181685 -0.983357 0
    outer loop
      vertex 44.9559 25.2898 1.2
      vertex 45.2 25.2447 6
      vertex 44.9559 25.2898 6
    endloop
  endfacet
  facet normal -0.181685 -0.983357 -0
    outer loop
      vertex 45.2 25.2447 6
      vertex 44.9559 25.2898 1.2
      vertex 45.2 25.2447 1.2
    endloop
  endfacet
  facet normal 0.989303 -0.145877 0
    outer loop
      vertex 43.0745 23.7241 6
      vertex 43.1107 23.9696 1.2
      vertex 43.1107 23.9696 6
    endloop
  endfacet
  facet normal 0.989303 -0.145877 0
    outer loop
      vertex 43.1107 23.9696 1.2
      vertex 43.0745 23.7241 6
      vertex 43.0745 23.7241 1.2
    endloop
  endfacet
  facet normal 0.905502 -0.424341 0
    outer loop
      vertex 43.1822 24.2073 6
      vertex 43.2875 24.432 1.2
      vertex 43.2875 24.432 6
    endloop
  endfacet
  facet normal 0.905502 -0.424341 0
    outer loop
      vertex 43.2875 24.432 1.2
      vertex 43.1822 24.2073 6
      vertex 43.1822 24.2073 1.2
    endloop
  endfacet
  facet normal 0.253045 -0.967454 0
    outer loop
      vertex 44.2211 25.2089 1.2
      vertex 44.4612 25.2717 6
      vertex 44.2211 25.2089 6
    endloop
  endfacet
  facet normal 0.253045 -0.967454 0
    outer loop
      vertex 44.4612 25.2717 6
      vertex 44.2211 25.2089 1.2
      vertex 44.4612 25.2717 1.2
    endloop
  endfacet
  facet normal -0.871963 0.489572 0
    outer loop
      vertex 46.1878 22.662 1.2
      vertex 46.3093 22.8784 6
      vertex 46.3093 22.8784 1.2
    endloop
  endfacet
  facet normal -0.871963 0.489572 0
    outer loop
      vertex 46.3093 22.8784 6
      vertex 46.1878 22.662 1.2
      vertex 46.1878 22.662 6
    endloop
  endfacet
  facet normal -0.934091 0.357034 0
    outer loop
      vertex 46.3093 22.8784 1.2
      vertex 46.3979 23.1102 6
      vertex 46.3979 23.1102 1.2
    endloop
  endfacet
  facet normal -0.934091 0.357034 0
    outer loop
      vertex 46.3979 23.1102 6
      vertex 46.3093 22.8784 1.2
      vertex 46.3093 22.8784 6
    endloop
  endfacet
  facet normal -0.322748 0.946485 0
    outer loop
      vertex 45.4349 22.0354 1.2
      vertex 45.2 21.9553 6
      vertex 45.4349 22.0354 6
    endloop
  endfacet
  facet normal -0.322748 0.946485 0
    outer loop
      vertex 45.2 21.9553 6
      vertex 45.4349 22.0354 1.2
      vertex 45.2 21.9553 1.2
    endloop
  endfacet
  facet normal -0.791409 0.611287 0
    outer loop
      vertex 46.0361 22.4656 1.2
      vertex 46.1878 22.662 6
      vertex 46.1878 22.662 1.2
    endloop
  endfacet
  facet normal -0.791409 0.611287 0
    outer loop
      vertex 46.1878 22.662 6
      vertex 46.0361 22.4656 1.2
      vertex 46.0361 22.4656 6
    endloop
  endfacet
  facet normal -0.581924 0.813243 0
    outer loop
      vertex 45.8574 22.2933 1.2
      vertex 45.6556 22.1489 6
      vertex 45.8574 22.2933 6
    endloop
  endfacet
  facet normal -0.581924 0.813243 0
    outer loop
      vertex 45.6556 22.1489 6
      vertex 45.8574 22.2933 1.2
      vertex 45.6556 22.1489 1.2
    endloop
  endfacet
  facet normal 0.390902 0.920432 -0
    outer loop
      vertex 44.2211 21.9911 1.2
      vertex 43.9927 22.0881 6
      vertex 44.2211 21.9911 6
    endloop
  endfacet
  facet normal 0.390902 0.920432 0
    outer loop
      vertex 43.9927 22.0881 6
      vertex 44.2211 21.9911 1.2
      vertex 43.9927 22.0881 1.2
    endloop
  endfacet
  facet normal 0.957615 0.28805 0
    outer loop
      vertex 43.1822 22.9927 6
      vertex 43.1107 23.2304 1.2
      vertex 43.1107 23.2304 6
    endloop
  endfacet
  facet normal 0.957615 0.28805 0
    outer loop
      vertex 43.1107 23.2304 1.2
      vertex 43.1822 22.9927 6
      vertex 43.1822 22.9927 1.2
    endloop
  endfacet
  facet normal 0.744735 0.66736 0
    outer loop
      vertex 43.5901 22.3762 6
      vertex 43.4245 22.561 1.2
      vertex 43.4245 22.561 6
    endloop
  endfacet
  facet normal 0.744735 0.66736 0
    outer loop
      vertex 43.4245 22.561 1.2
      vertex 43.5901 22.3762 6
      vertex 43.5901 22.3762 1.2
    endloop
  endfacet
  facet normal -0.457339 0.889292 0
    outer loop
      vertex 45.6556 22.1489 1.2
      vertex 45.4349 22.0354 6
      vertex 45.6556 22.1489 6
    endloop
  endfacet
  facet normal -0.457339 0.889292 0
    outer loop
      vertex 45.4349 22.0354 6
      vertex 45.6556 22.1489 1.2
      vertex 45.4349 22.0354 1.2
    endloop
  endfacet
  facet normal -0.694098 0.71988 0
    outer loop
      vertex 46.0361 22.4656 1.2
      vertex 45.8574 22.2933 6
      vertex 46.0361 22.4656 6
    endloop
  endfacet
  facet normal -0.694098 0.71988 0
    outer loop
      vertex 45.8574 22.2933 6
      vertex 46.0361 22.4656 1.2
      vertex 45.8574 22.2933 1.2
    endloop
  endfacet
  facet normal 0.639907 0.768452 -0
    outer loop
      vertex 43.7808 22.2174 1.2
      vertex 43.5901 22.3762 6
      vertex 43.7808 22.2174 6
    endloop
  endfacet
  facet normal 0.639907 0.768452 0
    outer loop
      vertex 43.5901 22.3762 6
      vertex 43.7808 22.2174 1.2
      vertex 43.5901 22.3762 1.2
    endloop
  endfacet
  facet normal -0.866066 -0.499931 0
    outer loop
      vertex 47.5149 25.0406 -3
      vertex 47.3901 25.2568 1.2
      vertex 47.3901 25.2568 -3
    endloop
  endfacet
  facet normal -0.866066 -0.499931 0
    outer loop
      vertex 47.3901 25.2568 1.2
      vertex 47.5149 25.0406 -3
      vertex 47.5149 25.0406 1.2
    endloop
  endfacet
  facet normal 0.316468 -0.948603 0
    outer loop
      vertex 43.6707 26.4986 -3
      vertex 43.9075 26.5776 1.2
      vertex 43.6707 26.4986 1.2
    endloop
  endfacet
  facet normal 0.316468 -0.948603 0
    outer loop
      vertex 43.9075 26.5776 1.2
      vertex 43.6707 26.4986 -3
      vertex 43.9075 26.5776 -3
    endloop
  endfacet
  facet normal 0.903452 -0.428689 0
    outer loop
      vertex 41.9181 24.8151 1.2
      vertex 42.0251 25.0406 -3
      vertex 42.0251 25.0406 1.2
    endloop
  endfacet
  facet normal 0.903452 -0.428689 0
    outer loop
      vertex 42.0251 25.0406 -3
      vertex 41.9181 24.8151 1.2
      vertex 41.9181 24.8151 -3
    endloop
  endfacet
  facet normal -0.391887 0.920013 0
    outer loop
      vertex 46.0989 20.7993 -3
      vertex 45.8693 20.7015 1.2
      vertex 46.0989 20.7993 1.2
    endloop
  endfacet
  facet normal -0.391887 0.920013 0
    outer loop
      vertex 45.8693 20.7015 1.2
      vertex 46.0989 20.7993 -3
      vertex 45.8693 20.7015 -3
    endloop
  endfacet
  facet normal 0.600513 -0.799615 0
    outer loop
      vertex 42.8094 26.0013 -3
      vertex 43.009 26.1512 1.2
      vertex 42.8094 26.0013 1.2
    endloop
  endfacet
  facet normal 0.600513 -0.799615 0
    outer loop
      vertex 43.009 26.1512 1.2
      vertex 42.8094 26.0013 -3
      vertex 43.009 26.1512 -3
    endloop
  endfacet
  facet normal -0.903452 0.428689 0
    outer loop
      vertex 47.5149 22.1594 -3
      vertex 47.6219 22.3849 1.2
      vertex 47.6219 22.3849 -3
    endloop
  endfacet
  facet normal -0.903452 0.428689 0
    outer loop
      vertex 47.6219 22.3849 1.2
      vertex 47.5149 22.1594 -3
      vertex 47.5149 22.1594 1.2
    endloop
  endfacet
  facet normal -0.464591 0.885526 0
    outer loop
      vertex 46.32 20.9153 -3
      vertex 46.0989 20.7993 1.2
      vertex 46.32 20.9153 1.2
    endloop
  endfacet
  facet normal -0.464591 0.885526 0
    outer loop
      vertex 46.0989 20.7993 1.2
      vertex 46.32 20.9153 -3
      vertex 46.0989 20.7993 -3
    endloop
  endfacet
  facet normal -0.992757 -0.12014 0
    outer loop
      vertex 47.8599 23.8494 -3
      vertex 47.8299 24.0973 1.2
      vertex 47.8299 24.0973 -3
    endloop
  endfacet
  facet normal -0.992757 -0.12014 0
    outer loop
      vertex 47.8299 24.0973 1.2
      vertex 47.8599 23.8494 -3
      vertex 47.8599 23.8494 1.2
    endloop
  endfacet
  facet normal -0.823071 -0.567939 0
    outer loop
      vertex 47.3901 25.2568 -3
      vertex 47.2483 25.4623 1.2
      vertex 47.2483 25.4623 -3
    endloop
  endfacet
  facet normal -0.823071 -0.567939 0
    outer loop
      vertex 47.2483 25.4623 1.2
      vertex 47.3901 25.2568 -3
      vertex 47.3901 25.2568 1.2
    endloop
  endfacet
  facet normal -0.720987 -0.692949 0
    outer loop
      vertex 47.0904 25.6557 -3
      vertex 46.9174 25.8357 1.2
      vertex 46.9174 25.8357 -3
    endloop
  endfacet
  facet normal -0.720987 -0.692949 0
    outer loop
      vertex 46.9174 25.8357 1.2
      vertex 47.0904 25.6557 -3
      vertex 47.0904 25.6557 1.2
    endloop
  endfacet
  facet normal 0 -1 0
    outer loop
      vertex 44.6452 26.6975 -3
      vertex 44.8948 26.6975 1.2
      vertex 44.6452 26.6975 1.2
    endloop
  endfacet
  facet normal 0 -1 -0
    outer loop
      vertex 44.8948 26.6975 1.2
      vertex 44.6452 26.6975 -3
      vertex 44.8948 26.6975 -3
    endloop
  endfacet
  facet normal -0.16024 -0.987078 0
    outer loop
      vertex 45.1437 26.6774 -3
      vertex 45.3901 26.6374 1.2
      vertex 45.1437 26.6774 1.2
    endloop
  endfacet
  facet normal -0.16024 -0.987078 -0
    outer loop
      vertex 45.3901 26.6374 1.2
      vertex 45.1437 26.6774 -3
      vertex 45.3901 26.6374 -3
    endloop
  endfacet
  facet normal -0.316468 -0.948603 0
    outer loop
      vertex 45.6325 26.5776 -3
      vertex 45.8693 26.4986 1.2
      vertex 45.6325 26.5776 1.2
    endloop
  endfacet
  facet normal -0.316468 -0.948603 -0
    outer loop
      vertex 45.8693 26.4986 1.2
      vertex 45.6325 26.5776 -3
      vertex 45.8693 26.4986 -3
    endloop
  endfacet
  facet normal -0.0804933 -0.996755 0
    outer loop
      vertex 44.8948 26.6975 -3
      vertex 45.1437 26.6774 1.2
      vertex 44.8948 26.6975 1.2
    endloop
  endfacet
  facet normal -0.0804933 -0.996755 -0
    outer loop
      vertex 45.1437 26.6774 1.2
      vertex 44.8948 26.6975 -3
      vertex 45.1437 26.6774 -3
    endloop
  endfacet
  facet normal -0.663369 -0.748293 0
    outer loop
      vertex 46.7306 26.0013 -3
      vertex 46.9174 25.8357 1.2
      vertex 46.7306 26.0013 1.2
    endloop
  endfacet
  facet normal -0.663369 -0.748293 -0
    outer loop
      vertex 46.9174 25.8357 1.2
      vertex 46.7306 26.0013 -3
      vertex 46.9174 25.8357 -3
    endloop
  endfacet
  facet normal -0.534671 -0.84506 0
    outer loop
      vertex 46.32 26.2847 -3
      vertex 46.531 26.1512 1.2
      vertex 46.32 26.2847 1.2
    endloop
  endfacet
  facet normal -0.534671 -0.84506 -0
    outer loop
      vertex 46.531 26.1512 1.2
      vertex 46.32 26.2847 -3
      vertex 46.531 26.1512 -3
    endloop
  endfacet
  facet normal -0.600513 -0.799615 0
    outer loop
      vertex 46.531 26.1512 -3
      vertex 46.7306 26.0013 1.2
      vertex 46.531 26.1512 1.2
    endloop
  endfacet
  facet normal -0.600513 -0.799615 -0
    outer loop
      vertex 46.7306 26.0013 1.2
      vertex 46.531 26.1512 -3
      vertex 46.7306 26.0013 -3
    endloop
  endfacet
  facet normal 0.960581 -0.278 0
    outer loop
      vertex 41.7601 24.3419 1.2
      vertex 41.8295 24.5817 -3
      vertex 41.8295 24.5817 1.2
    endloop
  endfacet
  facet normal 0.960581 -0.278 0
    outer loop
      vertex 41.8295 24.5817 -3
      vertex 41.7601 24.3419 1.2
      vertex 41.7601 24.3419 -3
    endloop
  endfacet
  facet normal 0.97974 -0.200274 0
    outer loop
      vertex 41.7101 24.0973 1.2
      vertex 41.7601 24.3419 -3
      vertex 41.7601 24.3419 1.2
    endloop
  endfacet
  facet normal 0.97974 -0.200274 0
    outer loop
      vertex 41.7601 24.3419 -3
      vertex 41.7101 24.0973 1.2
      vertex 41.7101 24.0973 -3
    endloop
  endfacet
  facet normal 0.720987 -0.692949 0
    outer loop
      vertex 42.4496 25.6557 1.2
      vertex 42.6226 25.8357 -3
      vertex 42.6226 25.8357 1.2
    endloop
  endfacet
  facet normal 0.720987 -0.692949 0
    outer loop
      vertex 42.6226 25.8357 -3
      vertex 42.4496 25.6557 1.2
      vertex 42.4496 25.6557 -3
    endloop
  endfacet
  facet normal 0.866066 -0.499931 0
    outer loop
      vertex 42.0251 25.0406 1.2
      vertex 42.1499 25.2568 -3
      vertex 42.1499 25.2568 1.2
    endloop
  endfacet
  facet normal 0.866066 -0.499931 0
    outer loop
      vertex 42.1499 25.2568 -3
      vertex 42.0251 25.0406 1.2
      vertex 42.0251 25.0406 -3
    endloop
  endfacet
  facet normal 0.774617 -0.63243 0
    outer loop
      vertex 42.2917 25.4623 1.2
      vertex 42.4496 25.6557 -3
      vertex 42.4496 25.6557 1.2
    endloop
  endfacet
  facet normal 0.774617 -0.63243 0
    outer loop
      vertex 42.4496 25.6557 -3
      vertex 42.2917 25.4623 1.2
      vertex 42.2917 25.4623 -3
    endloop
  endfacet
  facet normal 0.0804933 -0.996755 0
    outer loop
      vertex 44.3963 26.6774 -3
      vertex 44.6452 26.6975 1.2
      vertex 44.3963 26.6774 1.2
    endloop
  endfacet
  facet normal 0.0804933 -0.996755 0
    outer loop
      vertex 44.6452 26.6975 1.2
      vertex 44.3963 26.6774 -3
      vertex 44.6452 26.6975 -3
    endloop
  endfacet
  facet normal 0.16024 -0.987078 0
    outer loop
      vertex 44.1499 26.6374 -3
      vertex 44.3963 26.6774 1.2
      vertex 44.1499 26.6374 1.2
    endloop
  endfacet
  facet normal 0.16024 -0.987078 0
    outer loop
      vertex 44.3963 26.6774 1.2
      vertex 44.1499 26.6374 -3
      vertex 44.3963 26.6774 -3
    endloop
  endfacet
  facet normal 0.464591 -0.885526 0
    outer loop
      vertex 43.22 26.2847 -3
      vertex 43.4411 26.4007 1.2
      vertex 43.22 26.2847 1.2
    endloop
  endfacet
  facet normal 0.464591 -0.885526 0
    outer loop
      vertex 43.4411 26.4007 1.2
      vertex 43.22 26.2847 -3
      vertex 43.4411 26.4007 -3
    endloop
  endfacet
  facet normal 0.534671 -0.84506 0
    outer loop
      vertex 43.009 26.1512 -3
      vertex 43.22 26.2847 1.2
      vertex 43.009 26.1512 1.2
    endloop
  endfacet
  facet normal 0.534671 -0.84506 0
    outer loop
      vertex 43.22 26.2847 1.2
      vertex 43.009 26.1512 -3
      vertex 43.22 26.2847 -3
    endloop
  endfacet
  facet normal 0.663369 -0.748293 0
    outer loop
      vertex 42.6226 25.8357 -3
      vertex 42.8094 26.0013 1.2
      vertex 42.6226 25.8357 1.2
    endloop
  endfacet
  facet normal 0.663369 -0.748293 0
    outer loop
      vertex 42.8094 26.0013 1.2
      vertex 42.6226 25.8357 -3
      vertex 42.8094 26.0013 -3
    endloop
  endfacet
  facet normal -0.999181 -0.040464 0
    outer loop
      vertex 47.87 23.6 -3
      vertex 47.8599 23.8494 1.2
      vertex 47.8599 23.8494 -3
    endloop
  endfacet
  facet normal -0.999181 -0.040464 0
    outer loop
      vertex 47.8599 23.8494 1.2
      vertex 47.87 23.6 -3
      vertex 47.87 23.6 1.2
    endloop
  endfacet
  facet normal 0.774617 0.63243 0
    outer loop
      vertex 42.4496 21.5443 1.2
      vertex 42.2917 21.7377 -3
      vertex 42.2917 21.7377 1.2
    endloop
  endfacet
  facet normal 0.774617 0.63243 0
    outer loop
      vertex 42.2917 21.7377 -3
      vertex 42.4496 21.5443 1.2
      vertex 42.4496 21.5443 -3
    endloop
  endfacet
  facet normal 0.960581 0.278 0
    outer loop
      vertex 41.8295 22.6183 1.2
      vertex 41.7601 22.8581 -3
      vertex 41.7601 22.8581 1.2
    endloop
  endfacet
  facet normal 0.960581 0.278 0
    outer loop
      vertex 41.7601 22.8581 -3
      vertex 41.8295 22.6183 1.2
      vertex 41.8295 22.6183 -3
    endloop
  endfacet
  facet normal -0.903452 -0.428689 0
    outer loop
      vertex 47.6219 24.8151 -3
      vertex 47.5149 25.0406 1.2
      vertex 47.5149 25.0406 -3
    endloop
  endfacet
  facet normal -0.903452 -0.428689 0
    outer loop
      vertex 47.5149 25.0406 1.2
      vertex 47.6219 24.8151 -3
      vertex 47.6219 24.8151 1.2
    endloop
  endfacet
  facet normal -0.934906 -0.354896 0
    outer loop
      vertex 47.7105 24.5817 -3
      vertex 47.6219 24.8151 1.2
      vertex 47.6219 24.8151 -3
    endloop
  endfacet
  facet normal -0.934906 -0.354896 0
    outer loop
      vertex 47.6219 24.8151 1.2
      vertex 47.7105 24.5817 -3
      vertex 47.7105 24.5817 1.2
    endloop
  endfacet
  facet normal -0.97974 -0.200274 0
    outer loop
      vertex 47.8299 24.0973 -3
      vertex 47.7799 24.3419 1.2
      vertex 47.7799 24.3419 -3
    endloop
  endfacet
  facet normal -0.97974 -0.200274 0
    outer loop
      vertex 47.7799 24.3419 1.2
      vertex 47.8299 24.0973 -3
      vertex 47.8299 24.0973 1.2
    endloop
  endfacet
  facet normal -0.774617 -0.63243 0
    outer loop
      vertex 47.2483 25.4623 -3
      vertex 47.0904 25.6557 1.2
      vertex 47.0904 25.6557 -3
    endloop
  endfacet
  facet normal -0.774617 -0.63243 0
    outer loop
      vertex 47.0904 25.6557 1.2
      vertex 47.2483 25.4623 -3
      vertex 47.2483 25.4623 1.2
    endloop
  endfacet
  facet normal -0.239519 -0.970892 0
    outer loop
      vertex 45.3901 26.6374 -3
      vertex 45.6325 26.5776 1.2
      vertex 45.3901 26.6374 1.2
    endloop
  endfacet
  facet normal -0.239519 -0.970892 -0
    outer loop
      vertex 45.6325 26.5776 1.2
      vertex 45.3901 26.6374 -3
      vertex 45.6325 26.5776 -3
    endloop
  endfacet
  facet normal -0.392226 -0.919869 0
    outer loop
      vertex 45.8693 26.4986 -3
      vertex 46.0989 26.4007 1.2
      vertex 45.8693 26.4986 1.2
    endloop
  endfacet
  facet normal -0.392226 -0.919869 -0
    outer loop
      vertex 46.0989 26.4007 1.2
      vertex 45.8693 26.4986 -3
      vertex 46.0989 26.4007 -3
    endloop
  endfacet
  facet normal 0.999181 -0.040464 0
    outer loop
      vertex 41.67 23.6 1.2
      vertex 41.6801 23.8494 -3
      vertex 41.6801 23.8494 1.2
    endloop
  endfacet
  facet normal 0.999181 -0.040464 0
    outer loop
      vertex 41.6801 23.8494 -3
      vertex 41.67 23.6 1.2
      vertex 41.67 23.6 -3
    endloop
  endfacet
  facet normal 0.934906 -0.354896 0
    outer loop
      vertex 41.8295 24.5817 1.2
      vertex 41.9181 24.8151 -3
      vertex 41.9181 24.8151 1.2
    endloop
  endfacet
  facet normal 0.934906 -0.354896 0
    outer loop
      vertex 41.9181 24.8151 -3
      vertex 41.8295 24.5817 1.2
      vertex 41.8295 24.5817 -3
    endloop
  endfacet
  facet normal 0.823071 -0.567939 0
    outer loop
      vertex 42.1499 25.2568 1.2
      vertex 42.2917 25.4623 -3
      vertex 42.2917 25.4623 1.2
    endloop
  endfacet
  facet normal 0.823071 -0.567939 0
    outer loop
      vertex 42.2917 25.4623 -3
      vertex 42.1499 25.2568 1.2
      vertex 42.1499 25.2568 -3
    endloop
  endfacet
  facet normal 0.239519 -0.970892 0
    outer loop
      vertex 43.9075 26.5776 -3
      vertex 44.1499 26.6374 1.2
      vertex 43.9075 26.5776 1.2
    endloop
  endfacet
  facet normal 0.239519 -0.970892 0
    outer loop
      vertex 44.1499 26.6374 1.2
      vertex 43.9075 26.5776 -3
      vertex 44.1499 26.6374 -3
    endloop
  endfacet
  facet normal 0.392226 -0.919869 0
    outer loop
      vertex 43.4411 26.4007 -3
      vertex 43.6707 26.4986 1.2
      vertex 43.4411 26.4007 1.2
    endloop
  endfacet
  facet normal 0.392226 -0.919869 0
    outer loop
      vertex 43.6707 26.4986 1.2
      vertex 43.4411 26.4007 -3
      vertex 43.6707 26.4986 -3
    endloop
  endfacet
  facet normal -0.992757 0.12014 0
    outer loop
      vertex 47.8299 23.1027 -3
      vertex 47.8599 23.3506 1.2
      vertex 47.8599 23.3506 -3
    endloop
  endfacet
  facet normal -0.992757 0.12014 0
    outer loop
      vertex 47.8599 23.3506 1.2
      vertex 47.8299 23.1027 -3
      vertex 47.8299 23.1027 1.2
    endloop
  endfacet
  facet normal -0.97974 0.200274 0
    outer loop
      vertex 47.7799 22.8581 -3
      vertex 47.8299 23.1027 1.2
      vertex 47.8299 23.1027 -3
    endloop
  endfacet
  facet normal -0.97974 0.200274 0
    outer loop
      vertex 47.8299 23.1027 1.2
      vertex 47.7799 22.8581 -3
      vertex 47.7799 22.8581 1.2
    endloop
  endfacet
  facet normal 0.663369 0.748293 -0
    outer loop
      vertex 42.8094 21.1987 -3
      vertex 42.6226 21.3643 1.2
      vertex 42.8094 21.1987 1.2
    endloop
  endfacet
  facet normal 0.663369 0.748293 0
    outer loop
      vertex 42.6226 21.3643 1.2
      vertex 42.8094 21.1987 -3
      vertex 42.6226 21.3643 -3
    endloop
  endfacet
  facet normal 0 1 -0
    outer loop
      vertex 44.8948 20.5025 -3
      vertex 44.6452 20.5025 1.2
      vertex 44.8948 20.5025 1.2
    endloop
  endfacet
  facet normal 0 1 0
    outer loop
      vertex 44.6452 20.5025 1.2
      vertex 44.8948 20.5025 -3
      vertex 44.6452 20.5025 -3
    endloop
  endfacet
  facet normal 0.97974 0.200274 0
    outer loop
      vertex 41.7601 22.8581 1.2
      vertex 41.7101 23.1027 -3
      vertex 41.7101 23.1027 1.2
    endloop
  endfacet
  facet normal 0.97974 0.200274 0
    outer loop
      vertex 41.7101 23.1027 -3
      vertex 41.7601 22.8581 1.2
      vertex 41.7601 22.8581 -3
    endloop
  endfacet
  facet normal 0.934906 0.354896 0
    outer loop
      vertex 41.9181 22.3849 1.2
      vertex 41.8295 22.6183 -3
      vertex 41.8295 22.6183 1.2
    endloop
  endfacet
  facet normal 0.934906 0.354896 0
    outer loop
      vertex 41.8295 22.6183 -3
      vertex 41.9181 22.3849 1.2
      vertex 41.9181 22.3849 -3
    endloop
  endfacet
  facet normal 0.720987 0.692949 0
    outer loop
      vertex 42.6226 21.3643 1.2
      vertex 42.4496 21.5443 -3
      vertex 42.4496 21.5443 1.2
    endloop
  endfacet
  facet normal 0.720987 0.692949 0
    outer loop
      vertex 42.4496 21.5443 -3
      vertex 42.6226 21.3643 1.2
      vertex 42.6226 21.3643 -3
    endloop
  endfacet
  facet normal -0.0804933 0.996755 0
    outer loop
      vertex 45.1437 20.5226 -3
      vertex 44.8948 20.5025 1.2
      vertex 45.1437 20.5226 1.2
    endloop
  endfacet
  facet normal -0.0804933 0.996755 0
    outer loop
      vertex 44.8948 20.5025 1.2
      vertex 45.1437 20.5226 -3
      vertex 44.8948 20.5025 -3
    endloop
  endfacet
  facet normal -0.16024 0.987078 0
    outer loop
      vertex 45.3901 20.5626 -3
      vertex 45.1437 20.5226 1.2
      vertex 45.3901 20.5626 1.2
    endloop
  endfacet
  facet normal -0.16024 0.987078 0
    outer loop
      vertex 45.1437 20.5226 1.2
      vertex 45.3901 20.5626 -3
      vertex 45.1437 20.5226 -3
    endloop
  endfacet
  facet normal -0.960581 -0.278 0
    outer loop
      vertex 47.7799 24.3419 -3
      vertex 47.7105 24.5817 1.2
      vertex 47.7105 24.5817 -3
    endloop
  endfacet
  facet normal -0.960581 -0.278 0
    outer loop
      vertex 47.7105 24.5817 1.2
      vertex 47.7799 24.3419 -3
      vertex 47.7799 24.3419 1.2
    endloop
  endfacet
  facet normal -0.464591 -0.885526 0
    outer loop
      vertex 46.0989 26.4007 -3
      vertex 46.32 26.2847 1.2
      vertex 46.0989 26.4007 1.2
    endloop
  endfacet
  facet normal -0.464591 -0.885526 -0
    outer loop
      vertex 46.32 26.2847 1.2
      vertex 46.0989 26.4007 -3
      vertex 46.32 26.2847 -3
    endloop
  endfacet
  facet normal 0 0 -1
    outer loop
      vertex 46.47 23.6 1.2
      vertex 47.87 23.6 1.2
      vertex 47.8599 23.3506 1.2
    endloop
  endfacet
  facet normal 0 0 -1
    outer loop
      vertex 46.4519 23.3525 1.2
      vertex 47.8599 23.3506 1.2
      vertex 47.8299 23.1027 1.2
    endloop
  endfacet
  facet normal 0 0 -1
    outer loop
      vertex 47.87 23.6 1.2
      vertex 46.47 23.6 1.2
      vertex 47.8599 23.8494 1.2
    endloop
  endfacet
  facet normal 0 0 -1
    outer loop
      vertex 46.4519 23.3525 1.2
      vertex 47.8299 23.1027 1.2
      vertex 47.7799 22.8581 1.2
    endloop
  endfacet
  facet normal 0 0 -1
    outer loop
      vertex 46.4519 23.8475 1.2
      vertex 47.8599 23.8494 1.2
      vertex 46.47 23.6 1.2
    endloop
  endfacet
  facet normal 0 0 -1
    outer loop
      vertex 46.3979 23.1102 1.2
      vertex 47.7799 22.8581 1.2
      vertex 47.7105 22.6183 1.2
    endloop
  endfacet
  facet normal -0 0 -1
    outer loop
      vertex 47.8599 23.8494 1.2
      vertex 46.4519 23.8475 1.2
      vertex 47.8299 24.0973 1.2
    endloop
  endfacet
  facet normal 0 0 -1
    outer loop
      vertex 46.3979 23.1102 1.2
      vertex 47.7105 22.6183 1.2
      vertex 47.6219 22.3849 1.2
    endloop
  endfacet
  facet normal -0 0 -1
    outer loop
      vertex 47.8299 24.0973 1.2
      vertex 46.4519 23.8475 1.2
      vertex 47.7799 24.3419 1.2
    endloop
  endfacet
  facet normal 0 0 -1
    outer loop
      vertex 46.3093 22.8784 1.2
      vertex 47.6219 22.3849 1.2
      vertex 47.5149 22.1594 1.2
    endloop
  endfacet
  facet normal 0 0 -1
    outer loop
      vertex 46.3979 24.0898 1.2
      vertex 47.7799 24.3419 1.2
      vertex 46.4519 23.8475 1.2
    endloop
  endfacet
  facet normal 0 0 -1
    outer loop
      vertex 46.1878 22.662 1.2
      vertex 47.5149 22.1594 1.2
      vertex 47.3901 21.9432 1.2
    endloop
  endfacet
  facet normal -0 0 -1
    outer loop
      vertex 47.7799 24.3419 1.2
      vertex 46.3979 24.0898 1.2
      vertex 47.7105 24.5817 1.2
    endloop
  endfacet
  facet normal 0 0 -1
    outer loop
      vertex 46.1878 22.662 1.2
      vertex 47.3901 21.9432 1.2
      vertex 47.2483 21.7377 1.2
    endloop
  endfacet
  facet normal -0 0 -1
    outer loop
      vertex 47.7105 24.5817 1.2
      vertex 46.3979 24.0898 1.2
      vertex 47.6219 24.8151 1.2
    endloop
  endfacet
  facet normal 0 0 -1
    outer loop
      vertex 46.0361 22.4656 1.2
      vertex 47.2483 21.7377 1.2
      vertex 47.0904 21.5443 1.2
    endloop
  endfacet
  facet normal 0 0 -1
    outer loop
      vertex 46.3093 24.3216 1.2
      vertex 47.6219 24.8151 1.2
      vertex 46.3979 24.0898 1.2
    endloop
  endfacet
  facet normal 0 0 -1
    outer loop
      vertex 46.0361 22.4656 1.2
      vertex 47.0904 21.5443 1.2
      vertex 46.9174 21.3643 1.2
    endloop
  endfacet
  facet normal -0 0 -1
    outer loop
      vertex 47.6219 24.8151 1.2
      vertex 46.3093 24.3216 1.2
      vertex 47.5149 25.0406 1.2
    endloop
  endfacet
  facet normal 0 0 -1
    outer loop
      vertex 45.8574 22.2933 1.2
      vertex 46.9174 21.3643 1.2
      vertex 46.7306 21.1987 1.2
    endloop
  endfacet
  facet normal 0 0 -1
    outer loop
      vertex 46.1878 24.538 1.2
      vertex 47.5149 25.0406 1.2
      vertex 46.3093 24.3216 1.2
    endloop
  endfacet
  facet normal 0 0 -1
    outer loop
      vertex 45.8574 22.2933 1.2
      vertex 46.7306 21.1987 1.2
      vertex 46.531 21.0487 1.2
    endloop
  endfacet
  facet normal -0 0 -1
    outer loop
      vertex 47.5149 25.0406 1.2
      vertex 46.1878 24.538 1.2
      vertex 47.3901 25.2568 1.2
    endloop
  endfacet
  facet normal -0 0 -1
    outer loop
      vertex 47.3901 25.2568 1.2
      vertex 46.1878 24.538 1.2
      vertex 47.2483 25.4623 1.2
    endloop
  endfacet
  facet normal 0 0 -1
    outer loop
      vertex 47.8599 23.3506 1.2
      vertex 46.4519 23.3525 1.2
      vertex 46.47 23.6 1.2
    endloop
  endfacet
  facet normal 0 0 -1
    outer loop
      vertex 47.7799 22.8581 1.2
      vertex 46.3979 23.1102 1.2
      vertex 46.4519 23.3525 1.2
    endloop
  endfacet
  facet normal 0 0 -1
    outer loop
      vertex 45.6556 22.1489 1.2
      vertex 46.531 21.0487 1.2
      vertex 46.32 20.9153 1.2
    endloop
  endfacet
  facet normal 0 0 -1
    outer loop
      vertex 47.6219 22.3849 1.2
      vertex 46.3093 22.8784 1.2
      vertex 46.3979 23.1102 1.2
    endloop
  endfacet
  facet normal 0 0 -1
    outer loop
      vertex 47.5149 22.1594 1.2
      vertex 46.1878 22.662 1.2
      vertex 46.3093 22.8784 1.2
    endloop
  endfacet
  facet normal 0 0 -1
    outer loop
      vertex 45.6556 22.1489 1.2
      vertex 46.32 20.9153 1.2
      vertex 46.0989 20.7993 1.2
    endloop
  endfacet
  facet normal 0 0 -1
    outer loop
      vertex 47.2483 21.7377 1.2
      vertex 46.0361 22.4656 1.2
      vertex 46.1878 22.662 1.2
    endloop
  endfacet
  facet normal 0 0 -1
    outer loop
      vertex 45.4349 22.0354 1.2
      vertex 46.0989 20.7993 1.2
      vertex 45.8693 20.7015 1.2
    endloop
  endfacet
  facet normal 0 0 -1
    outer loop
      vertex 46.9174 21.3643 1.2
      vertex 45.8574 22.2933 1.2
      vertex 46.0361 22.4656 1.2
    endloop
  endfacet
  facet normal 0 0 -1
    outer loop
      vertex 46.531 21.0487 1.2
      vertex 45.6556 22.1489 1.2
      vertex 45.8574 22.2933 1.2
    endloop
  endfacet
  facet normal 0 0 -1
    outer loop
      vertex 45.2 21.9553 1.2
      vertex 45.8693 20.7015 1.2
      vertex 45.6325 20.6224 1.2
    endloop
  endfacet
  facet normal 0 0 -1
    outer loop
      vertex 46.0989 20.7993 1.2
      vertex 45.4349 22.0354 1.2
      vertex 45.6556 22.1489 1.2
    endloop
  endfacet
  facet normal 0 0 -1
    outer loop
      vertex 45.2 21.9553 1.2
      vertex 45.6325 20.6224 1.2
      vertex 45.3901 20.5626 1.2
    endloop
  endfacet
  facet normal 0 0 -1
    outer loop
      vertex 45.8693 20.7015 1.2
      vertex 45.2 21.9553 1.2
      vertex 45.4349 22.0354 1.2
    endloop
  endfacet
  facet normal 0 0 -1
    outer loop
      vertex 44.9559 21.9102 1.2
      vertex 45.3901 20.5626 1.2
      vertex 45.1437 20.5226 1.2
    endloop
  endfacet
  facet normal 0 0 -1
    outer loop
      vertex 45.3901 20.5626 1.2
      vertex 44.9559 21.9102 1.2
      vertex 45.2 21.9553 1.2
    endloop
  endfacet
  facet normal 0 0 -1
    outer loop
      vertex 44.8948 20.5025 1.2
      vertex 44.9559 21.9102 1.2
      vertex 45.1437 20.5226 1.2
    endloop
  endfacet
  facet normal 0 0 -1
    outer loop
      vertex 44.8948 20.5025 1.2
      vertex 44.7079 21.9011 1.2
      vertex 44.9559 21.9102 1.2
    endloop
  endfacet
  facet normal 0 0 -1
    outer loop
      vertex 44.6452 20.5025 1.2
      vertex 44.7079 21.9011 1.2
      vertex 44.8948 20.5025 1.2
    endloop
  endfacet
  facet normal 0 0 -1
    outer loop
      vertex 44.3963 20.5226 1.2
      vertex 44.7079 21.9011 1.2
      vertex 44.6452 20.5025 1.2
    endloop
  endfacet
  facet normal -0 0 -1
    outer loop
      vertex 44.7079 21.9011 1.2
      vertex 44.3963 20.5226 1.2
      vertex 44.4612 21.9283 1.2
    endloop
  endfacet
  facet normal 0 0 -1
    outer loop
      vertex 44.1499 20.5626 1.2
      vertex 44.4612 21.9283 1.2
      vertex 44.3963 20.5226 1.2
    endloop
  endfacet
  facet normal 0 0 -1
    outer loop
      vertex 43.9075 20.6224 1.2
      vertex 44.4612 21.9283 1.2
      vertex 44.1499 20.5626 1.2
    endloop
  endfacet
  facet normal -0 0 -1
    outer loop
      vertex 44.4612 21.9283 1.2
      vertex 43.9075 20.6224 1.2
      vertex 44.2211 21.9911 1.2
    endloop
  endfacet
  facet normal 0 0 -1
    outer loop
      vertex 43.6707 20.7015 1.2
      vertex 44.2211 21.9911 1.2
      vertex 43.9075 20.6224 1.2
    endloop
  endfacet
  facet normal -0 0 -1
    outer loop
      vertex 44.2211 21.9911 1.2
      vertex 43.6707 20.7015 1.2
      vertex 43.9927 22.0881 1.2
    endloop
  endfacet
  facet normal 0 0 -1
    outer loop
      vertex 43.4411 20.7993 1.2
      vertex 43.9927 22.0881 1.2
      vertex 43.6707 20.7015 1.2
    endloop
  endfacet
  facet normal 0 0 -1
    outer loop
      vertex 43.22 20.9153 1.2
      vertex 43.9927 22.0881 1.2
      vertex 43.4411 20.7993 1.2
    endloop
  endfacet
  facet normal -0 0 -1
    outer loop
      vertex 43.9927 22.0881 1.2
      vertex 43.22 20.9153 1.2
      vertex 43.7808 22.2174 1.2
    endloop
  endfacet
  facet normal 0 0 -1
    outer loop
      vertex 43.009 21.0487 1.2
      vertex 43.7808 22.2174 1.2
      vertex 43.22 20.9153 1.2
    endloop
  endfacet
  facet normal 0 0 -1
    outer loop
      vertex 42.8094 21.1987 1.2
      vertex 43.7808 22.2174 1.2
      vertex 43.009 21.0487 1.2
    endloop
  endfacet
  facet normal -0 0 -1
    outer loop
      vertex 43.7808 22.2174 1.2
      vertex 42.8094 21.1987 1.2
      vertex 43.5901 22.3762 1.2
    endloop
  endfacet
  facet normal 0 0 -1
    outer loop
      vertex 42.6226 21.3643 1.2
      vertex 43.5901 22.3762 1.2
      vertex 42.8094 21.1987 1.2
    endloop
  endfacet
  facet normal 0 0 -1
    outer loop
      vertex 42.4496 21.5443 1.2
      vertex 43.5901 22.3762 1.2
      vertex 42.6226 21.3643 1.2
    endloop
  endfacet
  facet normal -0 0 -1
    outer loop
      vertex 43.5901 22.3762 1.2
      vertex 42.4496 21.5443 1.2
      vertex 43.4245 22.561 1.2
    endloop
  endfacet
  facet normal 0 0 -1
    outer loop
      vertex 42.1499 21.9432 1.2
      vertex 43.4245 22.561 1.2
      vertex 42.2917 21.7377 1.2
    endloop
  endfacet
  facet normal 0 0 -1
    outer loop
      vertex 42.2917 21.7377 1.2
      vertex 43.4245 22.561 1.2
      vertex 42.4496 21.5443 1.2
    endloop
  endfacet
  facet normal 0 0 -1
    outer loop
      vertex 46.0361 24.7344 1.2
      vertex 47.2483 25.4623 1.2
      vertex 46.1878 24.538 1.2
    endloop
  endfacet
  facet normal -0 0 -1
    outer loop
      vertex 47.2483 25.4623 1.2
      vertex 46.0361 24.7344 1.2
      vertex 47.0904 25.6557 1.2
    endloop
  endfacet
  facet normal -0 0 -1
    outer loop
      vertex 47.0904 25.6557 1.2
      vertex 46.0361 24.7344 1.2
      vertex 46.9174 25.8357 1.2
    endloop
  endfacet
  facet normal 0 0 -1
    outer loop
      vertex 45.8574 24.9067 1.2
      vertex 46.9174 25.8357 1.2
      vertex 46.0361 24.7344 1.2
    endloop
  endfacet
  facet normal -0 0 -1
    outer loop
      vertex 46.9174 25.8357 1.2
      vertex 45.8574 24.9067 1.2
      vertex 46.7306 26.0013 1.2
    endloop
  endfacet
  facet normal -0 0 -1
    outer loop
      vertex 46.7306 26.0013 1.2
      vertex 45.8574 24.9067 1.2
      vertex 46.531 26.1512 1.2
    endloop
  endfacet
  facet normal 0 0 -1
    outer loop
      vertex 45.6556 25.0511 1.2
      vertex 46.531 26.1512 1.2
      vertex 45.8574 24.9067 1.2
    endloop
  endfacet
  facet normal -0 0 -1
    outer loop
      vertex 46.531 26.1512 1.2
      vertex 45.6556 25.0511 1.2
      vertex 46.32 26.2847 1.2
    endloop
  endfacet
  facet normal -0 0 -1
    outer loop
      vertex 46.32 26.2847 1.2
      vertex 45.6556 25.0511 1.2
      vertex 46.0989 26.4007 1.2
    endloop
  endfacet
  facet normal 0 0 -1
    outer loop
      vertex 45.4349 25.1646 1.2
      vertex 46.0989 26.4007 1.2
      vertex 45.6556 25.0511 1.2
    endloop
  endfacet
  facet normal -0 0 -1
    outer loop
      vertex 46.0989 26.4007 1.2
      vertex 45.4349 25.1646 1.2
      vertex 45.8693 26.4986 1.2
    endloop
  endfacet
  facet normal 0 0 -1
    outer loop
      vertex 45.2 25.2447 1.2
      vertex 45.8693 26.4986 1.2
      vertex 45.4349 25.1646 1.2
    endloop
  endfacet
  facet normal -0 0 -1
    outer loop
      vertex 45.8693 26.4986 1.2
      vertex 45.2 25.2447 1.2
      vertex 45.6325 26.5776 1.2
    endloop
  endfacet
  facet normal -0 0 -1
    outer loop
      vertex 45.6325 26.5776 1.2
      vertex 45.2 25.2447 1.2
      vertex 45.3901 26.6374 1.2
    endloop
  endfacet
  facet normal 0 0 -1
    outer loop
      vertex 44.9559 25.2898 1.2
      vertex 45.3901 26.6374 1.2
      vertex 45.2 25.2447 1.2
    endloop
  endfacet
  facet normal -0 0 -1
    outer loop
      vertex 45.3901 26.6374 1.2
      vertex 44.9559 25.2898 1.2
      vertex 45.1437 26.6774 1.2
    endloop
  endfacet
  facet normal 0 0 -1
    outer loop
      vertex 44.9559 25.2898 1.2
      vertex 44.8948 26.6975 1.2
      vertex 45.1437 26.6774 1.2
    endloop
  endfacet
  facet normal 0 0 -1
    outer loop
      vertex 44.7079 25.2989 1.2
      vertex 44.8948 26.6975 1.2
      vertex 44.9559 25.2898 1.2
    endloop
  endfacet
  facet normal 0 0 -1
    outer loop
      vertex 44.7079 25.2989 1.2
      vertex 44.6452 26.6975 1.2
      vertex 44.8948 26.6975 1.2
    endloop
  endfacet
  facet normal 0 0 -1
    outer loop
      vertex 44.3963 26.6774 1.2
      vertex 44.7079 25.2989 1.2
      vertex 44.4612 25.2717 1.2
    endloop
  endfacet
  facet normal 0 0 -1
    outer loop
      vertex 44.7079 25.2989 1.2
      vertex 44.3963 26.6774 1.2
      vertex 44.6452 26.6975 1.2
    endloop
  endfacet
  facet normal 0 0 -1
    outer loop
      vertex 43.9075 26.5776 1.2
      vertex 44.4612 25.2717 1.2
      vertex 44.2211 25.2089 1.2
    endloop
  endfacet
  facet normal 0 0 -1
    outer loop
      vertex 44.4612 25.2717 1.2
      vertex 44.1499 26.6374 1.2
      vertex 44.3963 26.6774 1.2
    endloop
  endfacet
  facet normal 0 0 -1
    outer loop
      vertex 43.6707 26.4986 1.2
      vertex 44.2211 25.2089 1.2
      vertex 43.9927 25.1119 1.2
    endloop
  endfacet
  facet normal 0 0 -1
    outer loop
      vertex 44.4612 25.2717 1.2
      vertex 43.9075 26.5776 1.2
      vertex 44.1499 26.6374 1.2
    endloop
  endfacet
  facet normal 0 0 -1
    outer loop
      vertex 43.22 26.2847 1.2
      vertex 43.9927 25.1119 1.2
      vertex 43.7808 24.9826 1.2
    endloop
  endfacet
  facet normal 0 0 -1
    outer loop
      vertex 44.2211 25.2089 1.2
      vertex 43.6707 26.4986 1.2
      vertex 43.9075 26.5776 1.2
    endloop
  endfacet
  facet normal 0 0 -1
    outer loop
      vertex 42.8094 26.0013 1.2
      vertex 43.7808 24.9826 1.2
      vertex 43.5901 24.8238 1.2
    endloop
  endfacet
  facet normal 0 0 -1
    outer loop
      vertex 43.9927 25.1119 1.2
      vertex 43.4411 26.4007 1.2
      vertex 43.6707 26.4986 1.2
    endloop
  endfacet
  facet normal 0 0 -1
    outer loop
      vertex 42.4496 25.6557 1.2
      vertex 43.5901 24.8238 1.2
      vertex 43.4245 24.639 1.2
    endloop
  endfacet
  facet normal 0 0 -1
    outer loop
      vertex 42.1499 25.2568 1.2
      vertex 43.4245 24.639 1.2
      vertex 43.2875 24.432 1.2
    endloop
  endfacet
  facet normal 0 0 -1
    outer loop
      vertex 43.9927 25.1119 1.2
      vertex 43.22 26.2847 1.2
      vertex 43.4411 26.4007 1.2
    endloop
  endfacet
  facet normal 0 0 -1
    outer loop
      vertex 41.9181 24.8151 1.2
      vertex 43.2875 24.432 1.2
      vertex 43.1822 24.2073 1.2
    endloop
  endfacet
  facet normal 0 0 -1
    outer loop
      vertex 41.8295 24.5817 1.2
      vertex 43.1822 24.2073 1.2
      vertex 43.1107 23.9696 1.2
    endloop
  endfacet
  facet normal 0 0 -1
    outer loop
      vertex 41.7101 24.0973 1.2
      vertex 43.1107 23.9696 1.2
      vertex 43.0745 23.7241 1.2
    endloop
  endfacet
  facet normal 0 0 -1
    outer loop
      vertex 43.7808 24.9826 1.2
      vertex 43.009 26.1512 1.2
      vertex 43.22 26.2847 1.2
    endloop
  endfacet
  facet normal -0 0 -1
    outer loop
      vertex 43.4245 22.561 1.2
      vertex 42.1499 21.9432 1.2
      vertex 43.2875 22.768 1.2
    endloop
  endfacet
  facet normal 0 0 -1
    outer loop
      vertex 42.0251 22.1594 1.2
      vertex 43.2875 22.768 1.2
      vertex 42.1499 21.9432 1.2
    endloop
  endfacet
  facet normal 0 0 -1
    outer loop
      vertex 43.7808 24.9826 1.2
      vertex 42.8094 26.0013 1.2
      vertex 43.009 26.1512 1.2
    endloop
  endfacet
  facet normal 0 0 -1
    outer loop
      vertex 41.9181 22.3849 1.2
      vertex 43.2875 22.768 1.2
      vertex 42.0251 22.1594 1.2
    endloop
  endfacet
  facet normal 0 0 -1
    outer loop
      vertex 43.5901 24.8238 1.2
      vertex 42.6226 25.8357 1.2
      vertex 42.8094 26.0013 1.2
    endloop
  endfacet
  facet normal -0 0 -1
    outer loop
      vertex 43.2875 22.768 1.2
      vertex 41.9181 22.3849 1.2
      vertex 43.1822 22.9927 1.2
    endloop
  endfacet
  facet normal 0 0 -1
    outer loop
      vertex 43.5901 24.8238 1.2
      vertex 42.4496 25.6557 1.2
      vertex 42.6226 25.8357 1.2
    endloop
  endfacet
  facet normal 0 0 -1
    outer loop
      vertex 41.8295 22.6183 1.2
      vertex 43.1822 22.9927 1.2
      vertex 41.9181 22.3849 1.2
    endloop
  endfacet
  facet normal 0 0 -1
    outer loop
      vertex 43.4245 24.639 1.2
      vertex 42.2917 25.4623 1.2
      vertex 42.4496 25.6557 1.2
    endloop
  endfacet
  facet normal -0 0 -1
    outer loop
      vertex 43.1822 22.9927 1.2
      vertex 41.8295 22.6183 1.2
      vertex 43.1107 23.2304 1.2
    endloop
  endfacet
  facet normal 0 0 -1
    outer loop
      vertex 43.4245 24.639 1.2
      vertex 42.1499 25.2568 1.2
      vertex 42.2917 25.4623 1.2
    endloop
  endfacet
  facet normal 0 0 -1
    outer loop
      vertex 41.7601 22.8581 1.2
      vertex 43.1107 23.2304 1.2
      vertex 41.8295 22.6183 1.2
    endloop
  endfacet
  facet normal 0 0 -1
    outer loop
      vertex 43.2875 24.432 1.2
      vertex 42.0251 25.0406 1.2
      vertex 42.1499 25.2568 1.2
    endloop
  endfacet
  facet normal 0 0 -1
    outer loop
      vertex 41.7101 23.1027 1.2
      vertex 43.1107 23.2304 1.2
      vertex 41.7601 22.8581 1.2
    endloop
  endfacet
  facet normal 0 0 -1
    outer loop
      vertex 43.2875 24.432 1.2
      vertex 41.9181 24.8151 1.2
      vertex 42.0251 25.0406 1.2
    endloop
  endfacet
  facet normal -0 0 -1
    outer loop
      vertex 43.1107 23.2304 1.2
      vertex 41.7101 23.1027 1.2
      vertex 43.0745 23.4759 1.2
    endloop
  endfacet
  facet normal 0 0 -1
    outer loop
      vertex 43.1822 24.2073 1.2
      vertex 41.8295 24.5817 1.2
      vertex 41.9181 24.8151 1.2
    endloop
  endfacet
  facet normal 0 0 -1
    outer loop
      vertex 41.6801 23.3506 1.2
      vertex 43.0745 23.4759 1.2
      vertex 41.7101 23.1027 1.2
    endloop
  endfacet
  facet normal 0 0 -1
    outer loop
      vertex 43.1107 23.9696 1.2
      vertex 41.7601 24.3419 1.2
      vertex 41.8295 24.5817 1.2
    endloop
  endfacet
  facet normal 0 0 -1
    outer loop
      vertex 41.67 23.6 1.2
      vertex 43.0745 23.4759 1.2
      vertex 41.6801 23.3506 1.2
    endloop
  endfacet
  facet normal 0 0 -1
    outer loop
      vertex 43.1107 23.9696 1.2
      vertex 41.7101 24.0973 1.2
      vertex 41.7601 24.3419 1.2
    endloop
  endfacet
  facet normal 0 0 -1
    outer loop
      vertex 43.0745 23.4759 1.2
      vertex 41.67 23.6 1.2
      vertex 43.0745 23.7241 1.2
    endloop
  endfacet
  facet normal 0 0 -1
    outer loop
      vertex 43.0745 23.7241 1.2
      vertex 41.6801 23.8494 1.2
      vertex 41.7101 24.0973 1.2
    endloop
  endfacet
  facet normal -0 0 -1
    outer loop
      vertex 43.0745 23.7241 1.2
      vertex 41.67 23.6 1.2
      vertex 41.6801 23.8494 1.2
    endloop
  endfacet
  facet normal 0.992757 -0.12014 0
    outer loop
      vertex 41.6801 23.8494 1.2
      vertex 41.7101 24.0973 -3
      vertex 41.7101 24.0973 1.2
    endloop
  endfacet
  facet normal 0.992757 -0.12014 0
    outer loop
      vertex 41.7101 24.0973 -3
      vertex 41.6801 23.8494 1.2
      vertex 41.6801 23.8494 -3
    endloop
  endfacet
  facet normal -0.999181 0.040464 0
    outer loop
      vertex 47.8599 23.3506 -3
      vertex 47.87 23.6 1.2
      vertex 47.87 23.6 -3
    endloop
  endfacet
  facet normal -0.999181 0.040464 0
    outer loop
      vertex 47.87 23.6 1.2
      vertex 47.8599 23.3506 -3
      vertex 47.8599 23.3506 1.2
    endloop
  endfacet
  facet normal -0.934906 0.354896 0
    outer loop
      vertex 47.6219 22.3849 -3
      vertex 47.7105 22.6183 1.2
      vertex 47.7105 22.6183 -3
    endloop
  endfacet
  facet normal -0.934906 0.354896 0
    outer loop
      vertex 47.7105 22.6183 1.2
      vertex 47.6219 22.3849 -3
      vertex 47.6219 22.3849 1.2
    endloop
  endfacet
  facet normal -0.960581 0.278 0
    outer loop
      vertex 47.7105 22.6183 -3
      vertex 47.7799 22.8581 1.2
      vertex 47.7799 22.8581 -3
    endloop
  endfacet
  facet normal -0.960581 0.278 0
    outer loop
      vertex 47.7799 22.8581 1.2
      vertex 47.7105 22.6183 -3
      vertex 47.7105 22.6183 1.2
    endloop
  endfacet
  facet normal -0.600769 0.799423 0
    outer loop
      vertex 46.7306 21.1987 -3
      vertex 46.531 21.0487 1.2
      vertex 46.7306 21.1987 1.2
    endloop
  endfacet
  facet normal -0.600769 0.799423 0
    outer loop
      vertex 46.531 21.0487 1.2
      vertex 46.7306 21.1987 -3
      vertex 46.531 21.0487 -3
    endloop
  endfacet
  facet normal -0.774617 0.63243 0
    outer loop
      vertex 47.0904 21.5443 -3
      vertex 47.2483 21.7377 1.2
      vertex 47.2483 21.7377 -3
    endloop
  endfacet
  facet normal -0.774617 0.63243 0
    outer loop
      vertex 47.2483 21.7377 1.2
      vertex 47.0904 21.5443 -3
      vertex 47.0904 21.5443 1.2
    endloop
  endfacet
  facet normal -0.823071 0.567939 0
    outer loop
      vertex 47.2483 21.7377 -3
      vertex 47.3901 21.9432 1.2
      vertex 47.3901 21.9432 -3
    endloop
  endfacet
  facet normal -0.823071 0.567939 0
    outer loop
      vertex 47.3901 21.9432 1.2
      vertex 47.2483 21.7377 -3
      vertex 47.2483 21.7377 1.2
    endloop
  endfacet
  facet normal -0.866066 0.499931 0
    outer loop
      vertex 47.3901 21.9432 -3
      vertex 47.5149 22.1594 1.2
      vertex 47.5149 22.1594 -3
    endloop
  endfacet
  facet normal -0.866066 0.499931 0
    outer loop
      vertex 47.5149 22.1594 1.2
      vertex 47.3901 21.9432 -3
      vertex 47.3901 21.9432 1.2
    endloop
  endfacet
  facet normal 0.0804933 0.996755 -0
    outer loop
      vertex 44.6452 20.5025 -3
      vertex 44.3963 20.5226 1.2
      vertex 44.6452 20.5025 1.2
    endloop
  endfacet
  facet normal 0.0804933 0.996755 0
    outer loop
      vertex 44.3963 20.5226 1.2
      vertex 44.6452 20.5025 -3
      vertex 44.3963 20.5226 -3
    endloop
  endfacet
  facet normal 0.316829 0.948483 -0
    outer loop
      vertex 43.9075 20.6224 -3
      vertex 43.6707 20.7015 1.2
      vertex 43.9075 20.6224 1.2
    endloop
  endfacet
  facet normal 0.316829 0.948483 0
    outer loop
      vertex 43.6707 20.7015 1.2
      vertex 43.9075 20.6224 -3
      vertex 43.6707 20.7015 -3
    endloop
  endfacet
  facet normal 0.16024 0.987078 -0
    outer loop
      vertex 44.3963 20.5226 -3
      vertex 44.1499 20.5626 1.2
      vertex 44.3963 20.5226 1.2
    endloop
  endfacet
  facet normal 0.16024 0.987078 0
    outer loop
      vertex 44.1499 20.5626 1.2
      vertex 44.3963 20.5226 -3
      vertex 44.1499 20.5626 -3
    endloop
  endfacet
  facet normal 0.534385 0.845241 -0
    outer loop
      vertex 43.22 20.9153 -3
      vertex 43.009 21.0487 1.2
      vertex 43.22 20.9153 1.2
    endloop
  endfacet
  facet normal 0.534385 0.845241 0
    outer loop
      vertex 43.009 21.0487 1.2
      vertex 43.22 20.9153 -3
      vertex 43.009 21.0487 -3
    endloop
  endfacet
  facet normal 0.866066 0.499931 0
    outer loop
      vertex 42.1499 21.9432 1.2
      vertex 42.0251 22.1594 -3
      vertex 42.0251 22.1594 1.2
    endloop
  endfacet
  facet normal 0.866066 0.499931 0
    outer loop
      vertex 42.0251 22.1594 -3
      vertex 42.1499 21.9432 1.2
      vertex 42.1499 21.9432 -3
    endloop
  endfacet
  facet normal 0.903452 0.428689 0
    outer loop
      vertex 42.0251 22.1594 1.2
      vertex 41.9181 22.3849 -3
      vertex 41.9181 22.3849 1.2
    endloop
  endfacet
  facet normal 0.903452 0.428689 0
    outer loop
      vertex 41.9181 22.3849 -3
      vertex 42.0251 22.1594 1.2
      vertex 42.0251 22.1594 -3
    endloop
  endfacet
  facet normal 0.823071 0.567939 0
    outer loop
      vertex 42.2917 21.7377 1.2
      vertex 42.1499 21.9432 -3
      vertex 42.1499 21.9432 1.2
    endloop
  endfacet
  facet normal 0.823071 0.567939 0
    outer loop
      vertex 42.1499 21.9432 -3
      vertex 42.2917 21.7377 1.2
      vertex 42.2917 21.7377 -3
    endloop
  endfacet
  facet normal -0.534385 0.845241 0
    outer loop
      vertex 46.531 21.0487 -3
      vertex 46.32 20.9153 1.2
      vertex 46.531 21.0487 1.2
    endloop
  endfacet
  facet normal -0.534385 0.845241 0
    outer loop
      vertex 46.32 20.9153 1.2
      vertex 46.531 21.0487 -3
      vertex 46.32 20.9153 -3
    endloop
  endfacet
  facet normal 0.239519 0.970892 -0
    outer loop
      vertex 44.1499 20.5626 -3
      vertex 43.9075 20.6224 1.2
      vertex 44.1499 20.5626 1.2
    endloop
  endfacet
  facet normal 0.239519 0.970892 0
    outer loop
      vertex 43.9075 20.6224 1.2
      vertex 44.1499 20.5626 -3
      vertex 43.9075 20.6224 -3
    endloop
  endfacet
  facet normal 0.600769 0.799423 -0
    outer loop
      vertex 43.009 21.0487 -3
      vertex 42.8094 21.1987 1.2
      vertex 43.009 21.0487 1.2
    endloop
  endfacet
  facet normal 0.600769 0.799423 0
    outer loop
      vertex 42.8094 21.1987 1.2
      vertex 43.009 21.0487 -3
      vertex 42.8094 21.1987 -3
    endloop
  endfacet
  facet normal 0.464591 0.885526 -0
    outer loop
      vertex 43.4411 20.7993 -3
      vertex 43.22 20.9153 1.2
      vertex 43.4411 20.7993 1.2
    endloop
  endfacet
  facet normal 0.464591 0.885526 0
    outer loop
      vertex 43.22 20.9153 1.2
      vertex 43.4411 20.7993 -3
      vertex 43.22 20.9153 -3
    endloop
  endfacet
  facet normal 0.992757 0.12014 0
    outer loop
      vertex 41.7101 23.1027 1.2
      vertex 41.6801 23.3506 -3
      vertex 41.6801 23.3506 1.2
    endloop
  endfacet
  facet normal 0.992757 0.12014 0
    outer loop
      vertex 41.6801 23.3506 -3
      vertex 41.7101 23.1027 1.2
      vertex 41.7101 23.1027 -3
    endloop
  endfacet
  facet normal 0.999181 0.040464 0
    outer loop
      vertex 41.6801 23.3506 1.2
      vertex 41.67 23.6 -3
      vertex 41.67 23.6 1.2
    endloop
  endfacet
  facet normal 0.999181 0.040464 0
    outer loop
      vertex 41.67 23.6 -3
      vertex 41.6801 23.3506 1.2
      vertex 41.6801 23.3506 -3
    endloop
  endfacet
  facet normal -0.316829 0.948483 0
    outer loop
      vertex 45.8693 20.7015 -3
      vertex 45.6325 20.6224 1.2
      vertex 45.8693 20.7015 1.2
    endloop
  endfacet
  facet normal -0.316829 0.948483 0
    outer loop
      vertex 45.6325 20.6224 1.2
      vertex 45.8693 20.7015 -3
      vertex 45.6325 20.6224 -3
    endloop
  endfacet
  facet normal -0.239519 0.970892 0
    outer loop
      vertex 45.6325 20.6224 -3
      vertex 45.3901 20.5626 1.2
      vertex 45.6325 20.6224 1.2
    endloop
  endfacet
  facet normal -0.239519 0.970892 0
    outer loop
      vertex 45.3901 20.5626 1.2
      vertex 45.6325 20.6224 -3
      vertex 45.3901 20.5626 -3
    endloop
  endfacet
  facet normal -0.663369 0.748293 0
    outer loop
      vertex 46.9174 21.3643 -3
      vertex 46.7306 21.1987 1.2
      vertex 46.9174 21.3643 1.2
    endloop
  endfacet
  facet normal -0.663369 0.748293 0
    outer loop
      vertex 46.7306 21.1987 1.2
      vertex 46.9174 21.3643 -3
      vertex 46.7306 21.1987 -3
    endloop
  endfacet
  facet normal -0.720987 0.692949 0
    outer loop
      vertex 46.9174 21.3643 -3
      vertex 47.0904 21.5443 1.2
      vertex 47.0904 21.5443 -3
    endloop
  endfacet
  facet normal -0.720987 0.692949 0
    outer loop
      vertex 47.0904 21.5443 1.2
      vertex 46.9174 21.3643 -3
      vertex 46.9174 21.3643 1.2
    endloop
  endfacet
  facet normal 0.391887 0.920013 -0
    outer loop
      vertex 43.6707 20.7015 -3
      vertex 43.4411 20.7993 1.2
      vertex 43.6707 20.7015 1.2
    endloop
  endfacet
  facet normal 0.391887 0.920013 0
    outer loop
      vertex 43.4411 20.7993 1.2
      vertex 43.6707 20.7015 -3
      vertex 43.4411 20.7993 -3
    endloop
  endfacet
  facet normal -0.457339 -0.889292 0
    outer loop
      vertex 12.1949 22.3646 1.2
      vertex 12.4156 22.2511 6
      vertex 12.1949 22.3646 6
    endloop
  endfacet
  facet normal -0.457339 -0.889292 -0
    outer loop
      vertex 12.4156 22.2511 6
      vertex 12.1949 22.3646 1.2
      vertex 12.4156 22.2511 1.2
    endloop
  endfacet
  facet normal -0.997337 0.0729365 0
    outer loop
      vertex 13.2119 20.5525 1.2
      vertex 13.23 20.8 6
      vertex 13.23 20.8 1.2
    endloop
  endfacet
  facet normal -0.997337 0.0729365 0
    outer loop
      vertex 13.23 20.8 6
      vertex 13.2119 20.5525 1.2
      vertex 13.2119 20.5525 6
    endloop
  endfacet
  facet normal 0.109591 0.993977 -0
    outer loop
      vertex 11.4679 19.1011 1.2
      vertex 11.2212 19.1283 6
      vertex 11.4679 19.1011 6
    endloop
  endfacet
  facet normal 0.109591 0.993977 0
    outer loop
      vertex 11.2212 19.1283 6
      vertex 11.4679 19.1011 1.2
      vertex 11.2212 19.1283 1.2
    endloop
  endfacet
  facet normal 0.52088 -0.85363 0
    outer loop
      vertex 10.5408 22.1826 1.2
      vertex 10.7527 22.3119 6
      vertex 10.5408 22.1826 6
    endloop
  endfacet
  facet normal 0.52088 -0.85363 0
    outer loop
      vertex 10.7527 22.3119 6
      vertex 10.5408 22.1826 1.2
      vertex 10.7527 22.3119 1.2
    endloop
  endfacet
  facet normal 0.957615 -0.28805 0
    outer loop
      vertex 9.87067 21.1696 6
      vertex 9.94217 21.4073 1.2
      vertex 9.94217 21.4073 6
    endloop
  endfacet
  facet normal 0.957615 -0.28805 0
    outer loop
      vertex 9.94217 21.4073 1.2
      vertex 9.87067 21.1696 6
      vertex 9.87067 21.1696 1.2
    endloop
  endfacet
  facet normal -0.791409 0.611287 0
    outer loop
      vertex 12.7961 19.6656 1.2
      vertex 12.9478 19.862 6
      vertex 12.9478 19.862 1.2
    endloop
  endfacet
  facet normal -0.791409 0.611287 0
    outer loop
      vertex 12.9478 19.862 6
      vertex 12.7961 19.6656 1.2
      vertex 12.7961 19.6656 6
    endloop
  endfacet
  facet normal -0.871963 -0.489572 0
    outer loop
      vertex 13.0693 21.5216 1.2
      vertex 12.9478 21.738 6
      vertex 12.9478 21.738 1.2
    endloop
  endfacet
  facet normal -0.871963 -0.489572 0
    outer loop
      vertex 12.9478 21.738 6
      vertex 13.0693 21.5216 1.2
      vertex 13.0693 21.5216 6
    endloop
  endfacet
  facet normal -0.791409 -0.611287 0
    outer loop
      vertex 12.9478 21.738 1.2
      vertex 12.7961 21.9344 6
      vertex 12.7961 21.9344 1.2
    endloop
  endfacet
  facet normal -0.791409 -0.611287 0
    outer loop
      vertex 12.7961 21.9344 6
      vertex 12.9478 21.738 1.2
      vertex 12.9478 21.738 6
    endloop
  endfacet
  facet normal -0.322748 -0.946485 0
    outer loop
      vertex 11.96 22.4447 1.2
      vertex 12.1949 22.3646 6
      vertex 11.96 22.4447 6
    endloop
  endfacet
  facet normal -0.322748 -0.946485 -0
    outer loop
      vertex 12.1949 22.3646 6
      vertex 11.96 22.4447 1.2
      vertex 12.1949 22.3646 1.2
    endloop
  endfacet
  facet normal -0.0366689 -0.999327 0
    outer loop
      vertex 11.4679 22.4989 1.2
      vertex 11.7159 22.4898 6
      vertex 11.4679 22.4989 6
    endloop
  endfacet
  facet normal -0.0366689 -0.999327 -0
    outer loop
      vertex 11.7159 22.4898 6
      vertex 11.4679 22.4989 1.2
      vertex 11.7159 22.4898 1.2
    endloop
  endfacet
  facet normal 1 -0 0
    outer loop
      vertex 9.83454 20.6759 6
      vertex 9.83454 20.9241 1.2
      vertex 9.83454 20.9241 6
    endloop
  endfacet
  facet normal 1 0 0
    outer loop
      vertex 9.83454 20.9241 1.2
      vertex 9.83454 20.6759 6
      vertex 9.83454 20.6759 1.2
    endloop
  endfacet
  facet normal 0.833905 -0.551908 0
    outer loop
      vertex 10.0475 21.632 6
      vertex 10.1845 21.839 1.2
      vertex 10.1845 21.839 6
    endloop
  endfacet
  facet normal 0.833905 -0.551908 0
    outer loop
      vertex 10.1845 21.839 1.2
      vertex 10.0475 21.632 6
      vertex 10.0475 21.632 1.2
    endloop
  endfacet
  facet normal 0.639907 -0.768452 0
    outer loop
      vertex 10.3501 22.0238 1.2
      vertex 10.5408 22.1826 6
      vertex 10.3501 22.0238 6
    endloop
  endfacet
  facet normal 0.639907 -0.768452 0
    outer loop
      vertex 10.5408 22.1826 6
      vertex 10.3501 22.0238 1.2
      vertex 10.5408 22.1826 1.2
    endloop
  endfacet
  facet normal 0.390902 -0.920432 0
    outer loop
      vertex 10.7527 22.3119 1.2
      vertex 10.9811 22.4089 6
      vertex 10.7527 22.3119 6
    endloop
  endfacet
  facet normal 0.390902 -0.920432 0
    outer loop
      vertex 10.9811 22.4089 6
      vertex 10.7527 22.3119 1.2
      vertex 10.9811 22.4089 1.2
    endloop
  endfacet
  facet normal 0.744735 -0.66736 0
    outer loop
      vertex 10.1845 21.839 6
      vertex 10.3501 22.0238 1.2
      vertex 10.3501 22.0238 6
    endloop
  endfacet
  facet normal 0.744735 -0.66736 0
    outer loop
      vertex 10.3501 22.0238 1.2
      vertex 10.1845 21.839 6
      vertex 10.1845 21.839 1.2
    endloop
  endfacet
  facet normal -0.997337 -0.0729365 0
    outer loop
      vertex 13.23 20.8 1.2
      vertex 13.2119 21.0475 6
      vertex 13.2119 21.0475 1.2
    endloop
  endfacet
  facet normal -0.997337 -0.0729365 0
    outer loop
      vertex 13.2119 21.0475 6
      vertex 13.23 20.8 1.2
      vertex 13.23 20.8 6
    endloop
  endfacet
  facet normal -0.181685 0.983357 0
    outer loop
      vertex 11.96 19.1553 1.2
      vertex 11.7159 19.1102 6
      vertex 11.96 19.1553 6
    endloop
  endfacet
  facet normal -0.181685 0.983357 0
    outer loop
      vertex 11.7159 19.1102 6
      vertex 11.96 19.1553 1.2
      vertex 11.7159 19.1102 1.2
    endloop
  endfacet
  facet normal -0.976054 0.217528 0
    outer loop
      vertex 13.1579 20.3102 1.2
      vertex 13.2119 20.5525 6
      vertex 13.2119 20.5525 1.2
    endloop
  endfacet
  facet normal -0.976054 0.217528 0
    outer loop
      vertex 13.2119 20.5525 6
      vertex 13.1579 20.3102 1.2
      vertex 13.1579 20.3102 6
    endloop
  endfacet
  facet normal -0.0366689 0.999327 0
    outer loop
      vertex 11.7159 19.1102 1.2
      vertex 11.4679 19.1011 6
      vertex 11.7159 19.1102 6
    endloop
  endfacet
  facet normal -0.0366689 0.999327 0
    outer loop
      vertex 11.4679 19.1011 6
      vertex 11.7159 19.1102 1.2
      vertex 11.4679 19.1011 1.2
    endloop
  endfacet
  facet normal 0.52088 0.85363 -0
    outer loop
      vertex 10.7527 19.2881 1.2
      vertex 10.5408 19.4174 6
      vertex 10.7527 19.2881 6
    endloop
  endfacet
  facet normal 0.52088 0.85363 0
    outer loop
      vertex 10.5408 19.4174 6
      vertex 10.7527 19.2881 1.2
      vertex 10.5408 19.4174 1.2
    endloop
  endfacet
  facet normal 0.833905 0.551908 0
    outer loop
      vertex 10.1845 19.761 6
      vertex 10.0475 19.968 1.2
      vertex 10.0475 19.968 6
    endloop
  endfacet
  facet normal 0.833905 0.551908 0
    outer loop
      vertex 10.0475 19.968 1.2
      vertex 10.1845 19.761 6
      vertex 10.1845 19.761 1.2
    endloop
  endfacet
  facet normal 0.989343 0.145601 0
    outer loop
      vertex 9.87067 20.4304 6
      vertex 9.83454 20.6759 1.2
      vertex 9.83454 20.6759 6
    endloop
  endfacet
  facet normal 0.989343 0.145601 0
    outer loop
      vertex 9.83454 20.6759 1.2
      vertex 9.87067 20.4304 6
      vertex 9.87067 20.4304 1.2
    endloop
  endfacet
  facet normal -0.976054 -0.217528 0
    outer loop
      vertex 13.2119 21.0475 1.2
      vertex 13.1579 21.2898 6
      vertex 13.1579 21.2898 1.2
    endloop
  endfacet
  facet normal -0.976054 -0.217528 0
    outer loop
      vertex 13.1579 21.2898 6
      vertex 13.2119 21.0475 1.2
      vertex 13.2119 21.0475 6
    endloop
  endfacet
  facet normal -0.934091 -0.357034 0
    outer loop
      vertex 13.1579 21.2898 1.2
      vertex 13.0693 21.5216 6
      vertex 13.0693 21.5216 1.2
    endloop
  endfacet
  facet normal -0.934091 -0.357034 0
    outer loop
      vertex 13.0693 21.5216 6
      vertex 13.1579 21.2898 1.2
      vertex 13.1579 21.2898 6
    endloop
  endfacet
  facet normal -0.694098 -0.71988 0
    outer loop
      vertex 12.6174 22.1067 1.2
      vertex 12.7961 21.9344 6
      vertex 12.6174 22.1067 6
    endloop
  endfacet
  facet normal -0.694098 -0.71988 -0
    outer loop
      vertex 12.7961 21.9344 6
      vertex 12.6174 22.1067 1.2
      vertex 12.7961 21.9344 1.2
    endloop
  endfacet
  facet normal -0.581924 -0.813243 0
    outer loop
      vertex 12.4156 22.2511 1.2
      vertex 12.6174 22.1067 6
      vertex 12.4156 22.2511 6
    endloop
  endfacet
  facet normal -0.581924 -0.813243 -0
    outer loop
      vertex 12.6174 22.1067 6
      vertex 12.4156 22.2511 1.2
      vertex 12.6174 22.1067 1.2
    endloop
  endfacet
  facet normal 0.109591 -0.993977 0
    outer loop
      vertex 11.2212 22.4717 1.2
      vertex 11.4679 22.4989 6
      vertex 11.2212 22.4717 6
    endloop
  endfacet
  facet normal 0.109591 -0.993977 0
    outer loop
      vertex 11.4679 22.4989 6
      vertex 11.2212 22.4717 1.2
      vertex 11.4679 22.4989 1.2
    endloop
  endfacet
  facet normal -0.181685 -0.983357 0
    outer loop
      vertex 11.7159 22.4898 1.2
      vertex 11.96 22.4447 6
      vertex 11.7159 22.4898 6
    endloop
  endfacet
  facet normal -0.181685 -0.983357 -0
    outer loop
      vertex 11.96 22.4447 6
      vertex 11.7159 22.4898 1.2
      vertex 11.96 22.4447 1.2
    endloop
  endfacet
  facet normal 0.989343 -0.145601 0
    outer loop
      vertex 9.83454 20.9241 6
      vertex 9.87067 21.1696 1.2
      vertex 9.87067 21.1696 6
    endloop
  endfacet
  facet normal 0.989343 -0.145601 0
    outer loop
      vertex 9.87067 21.1696 1.2
      vertex 9.83454 20.9241 6
      vertex 9.83454 20.9241 1.2
    endloop
  endfacet
  facet normal 0.905456 -0.42444 0
    outer loop
      vertex 9.94217 21.4073 6
      vertex 10.0475 21.632 1.2
      vertex 10.0475 21.632 6
    endloop
  endfacet
  facet normal 0.905456 -0.42444 0
    outer loop
      vertex 10.0475 21.632 1.2
      vertex 9.94217 21.4073 6
      vertex 9.94217 21.4073 1.2
    endloop
  endfacet
  facet normal 0.253045 -0.967454 0
    outer loop
      vertex 10.9811 22.4089 1.2
      vertex 11.2212 22.4717 6
      vertex 10.9811 22.4089 6
    endloop
  endfacet
  facet normal 0.253045 -0.967454 0
    outer loop
      vertex 11.2212 22.4717 6
      vertex 10.9811 22.4089 1.2
      vertex 11.2212 22.4717 1.2
    endloop
  endfacet
  facet normal -0.871963 0.489572 0
    outer loop
      vertex 12.9478 19.862 1.2
      vertex 13.0693 20.0784 6
      vertex 13.0693 20.0784 1.2
    endloop
  endfacet
  facet normal -0.871963 0.489572 0
    outer loop
      vertex 13.0693 20.0784 6
      vertex 12.9478 19.862 1.2
      vertex 12.9478 19.862 6
    endloop
  endfacet
  facet normal -0.934091 0.357034 0
    outer loop
      vertex 13.0693 20.0784 1.2
      vertex 13.1579 20.3102 6
      vertex 13.1579 20.3102 1.2
    endloop
  endfacet
  facet normal -0.934091 0.357034 0
    outer loop
      vertex 13.1579 20.3102 6
      vertex 13.0693 20.0784 1.2
      vertex 13.0693 20.0784 6
    endloop
  endfacet
  facet normal -0.322748 0.946485 0
    outer loop
      vertex 12.1949 19.2354 1.2
      vertex 11.96 19.1553 6
      vertex 12.1949 19.2354 6
    endloop
  endfacet
  facet normal -0.322748 0.946485 0
    outer loop
      vertex 11.96 19.1553 6
      vertex 12.1949 19.2354 1.2
      vertex 11.96 19.1553 1.2
    endloop
  endfacet
  facet normal -0.581924 0.813243 0
    outer loop
      vertex 12.6174 19.4933 1.2
      vertex 12.4156 19.3489 6
      vertex 12.6174 19.4933 6
    endloop
  endfacet
  facet normal -0.581924 0.813243 0
    outer loop
      vertex 12.4156 19.3489 6
      vertex 12.6174 19.4933 1.2
      vertex 12.4156 19.3489 1.2
    endloop
  endfacet
  facet normal 0.390902 0.920432 -0
    outer loop
      vertex 10.9811 19.1911 1.2
      vertex 10.7527 19.2881 6
      vertex 10.9811 19.1911 6
    endloop
  endfacet
  facet normal 0.390902 0.920432 0
    outer loop
      vertex 10.7527 19.2881 6
      vertex 10.9811 19.1911 1.2
      vertex 10.7527 19.2881 1.2
    endloop
  endfacet
  facet normal 0.957615 0.28805 0
    outer loop
      vertex 9.94217 20.1927 6
      vertex 9.87067 20.4304 1.2
      vertex 9.87067 20.4304 6
    endloop
  endfacet
  facet normal 0.957615 0.28805 0
    outer loop
      vertex 9.87067 20.4304 1.2
      vertex 9.94217 20.1927 6
      vertex 9.94217 20.1927 1.2
    endloop
  endfacet
  facet normal 0.744735 0.66736 0
    outer loop
      vertex 10.3501 19.5762 6
      vertex 10.1845 19.761 1.2
      vertex 10.1845 19.761 6
    endloop
  endfacet
  facet normal 0.744735 0.66736 0
    outer loop
      vertex 10.1845 19.761 1.2
      vertex 10.3501 19.5762 6
      vertex 10.3501 19.5762 1.2
    endloop
  endfacet
  facet normal -0.457339 0.889292 0
    outer loop
      vertex 12.4156 19.3489 1.2
      vertex 12.1949 19.2354 6
      vertex 12.4156 19.3489 6
    endloop
  endfacet
  facet normal -0.457339 0.889292 0
    outer loop
      vertex 12.1949 19.2354 6
      vertex 12.4156 19.3489 1.2
      vertex 12.1949 19.2354 1.2
    endloop
  endfacet
  facet normal -0.694098 0.71988 0
    outer loop
      vertex 12.7961 19.6656 1.2
      vertex 12.6174 19.4933 6
      vertex 12.7961 19.6656 6
    endloop
  endfacet
  facet normal -0.694098 0.71988 0
    outer loop
      vertex 12.6174 19.4933 6
      vertex 12.7961 19.6656 1.2
      vertex 12.6174 19.4933 1.2
    endloop
  endfacet
  facet normal 0.253045 0.967454 -0
    outer loop
      vertex 11.2212 19.1283 1.2
      vertex 10.9811 19.1911 6
      vertex 11.2212 19.1283 6
    endloop
  endfacet
  facet normal 0.253045 0.967454 0
    outer loop
      vertex 10.9811 19.1911 6
      vertex 11.2212 19.1283 1.2
      vertex 10.9811 19.1911 1.2
    endloop
  endfacet
  facet normal 0.905456 0.42444 0
    outer loop
      vertex 10.0475 19.968 6
      vertex 9.94217 20.1927 1.2
      vertex 9.94217 20.1927 6
    endloop
  endfacet
  facet normal 0.905456 0.42444 0
    outer loop
      vertex 9.94217 20.1927 1.2
      vertex 10.0475 19.968 6
      vertex 10.0475 19.968 1.2
    endloop
  endfacet
  facet normal 0.639907 0.768452 -0
    outer loop
      vertex 10.5408 19.4174 1.2
      vertex 10.3501 19.5762 6
      vertex 10.5408 19.4174 6
    endloop
  endfacet
  facet normal 0.639907 0.768452 0
    outer loop
      vertex 10.3501 19.5762 6
      vertex 10.5408 19.4174 1.2
      vertex 10.3501 19.5762 1.2
    endloop
  endfacet
  facet normal -0.866066 -0.499931 0
    outer loop
      vertex 14.2749 22.2406 -3
      vertex 14.1501 22.4568 1.2
      vertex 14.1501 22.4568 -3
    endloop
  endfacet
  facet normal -0.866066 -0.499931 0
    outer loop
      vertex 14.1501 22.4568 1.2
      vertex 14.2749 22.2406 -3
      vertex 14.2749 22.2406 1.2
    endloop
  endfacet
  facet normal 0.316829 -0.948483 0
    outer loop
      vertex 10.4307 23.6985 -3
      vertex 10.6675 23.7776 1.2
      vertex 10.4307 23.6985 1.2
    endloop
  endfacet
  facet normal 0.316829 -0.948483 0
    outer loop
      vertex 10.6675 23.7776 1.2
      vertex 10.4307 23.6985 -3
      vertex 10.6675 23.7776 -3
    endloop
  endfacet
  facet normal 0.903406 -0.428787 0
    outer loop
      vertex 8.67806 22.0151 1.2
      vertex 8.78509 22.2406 -3
      vertex 8.78509 22.2406 1.2
    endloop
  endfacet
  facet normal 0.903406 -0.428787 0
    outer loop
      vertex 8.78509 22.2406 -3
      vertex 8.67806 22.0151 1.2
      vertex 8.67806 22.0151 -3
    endloop
  endfacet
  facet normal -0.392226 0.919869 0
    outer loop
      vertex 12.8589 17.9993 -3
      vertex 12.6293 17.9014 1.2
      vertex 12.8589 17.9993 1.2
    endloop
  endfacet
  facet normal -0.392226 0.919869 0
    outer loop
      vertex 12.6293 17.9014 1.2
      vertex 12.8589 17.9993 -3
      vertex 12.6293 17.9014 -3
    endloop
  endfacet
  facet normal -0.464591 -0.885526 0
    outer loop
      vertex 12.8589 23.6007 -3
      vertex 13.08 23.4847 1.2
      vertex 12.8589 23.6007 1.2
    endloop
  endfacet
  facet normal -0.464591 -0.885526 -0
    outer loop
      vertex 13.08 23.4847 1.2
      vertex 12.8589 23.6007 -3
      vertex 13.08 23.4847 -3
    endloop
  endfacet
  facet normal 0.992714 -0.120495 0
    outer loop
      vertex 8.44005 21.0494 1.2
      vertex 8.47014 21.2973 -3
      vertex 8.47014 21.2973 1.2
    endloop
  endfacet
  facet normal 0.992714 -0.120495 0
    outer loop
      vertex 8.47014 21.2973 -3
      vertex 8.44005 21.0494 1.2
      vertex 8.44005 21.0494 -3
    endloop
  endfacet
  facet normal 0.600551 -0.799586 0
    outer loop
      vertex 9.56942 23.2013 -3
      vertex 9.769 23.3512 1.2
      vertex 9.56942 23.2013 1.2
    endloop
  endfacet
  facet normal 0.600551 -0.799586 0
    outer loop
      vertex 9.769 23.3512 1.2
      vertex 9.56942 23.2013 -3
      vertex 9.769 23.3512 -3
    endloop
  endfacet
  facet normal -0.903452 0.428689 0
    outer loop
      vertex 14.2749 19.3594 -3
      vertex 14.3819 19.5849 1.2
      vertex 14.3819 19.5849 -3
    endloop
  endfacet
  facet normal -0.903452 0.428689 0
    outer loop
      vertex 14.3819 19.5849 1.2
      vertex 14.2749 19.3594 -3
      vertex 14.2749 19.3594 1.2
    endloop
  endfacet
  facet normal -0.464591 0.885526 0
    outer loop
      vertex 13.08 18.1153 -3
      vertex 12.8589 17.9993 1.2
      vertex 13.08 18.1153 1.2
    endloop
  endfacet
  facet normal -0.464591 0.885526 0
    outer loop
      vertex 12.8589 17.9993 1.2
      vertex 13.08 18.1153 -3
      vertex 12.8589 17.9993 -3
    endloop
  endfacet
  facet normal -0.992757 -0.12014 0
    outer loop
      vertex 14.6199 21.0494 -3
      vertex 14.5899 21.2973 1.2
      vertex 14.5899 21.2973 -3
    endloop
  endfacet
  facet normal -0.992757 -0.12014 0
    outer loop
      vertex 14.5899 21.2973 1.2
      vertex 14.6199 21.0494 -3
      vertex 14.6199 21.0494 1.2
    endloop
  endfacet
  facet normal -0.823071 -0.567939 0
    outer loop
      vertex 14.1501 22.4568 -3
      vertex 14.0083 22.6623 1.2
      vertex 14.0083 22.6623 -3
    endloop
  endfacet
  facet normal -0.823071 -0.567939 0
    outer loop
      vertex 14.0083 22.6623 1.2
      vertex 14.1501 22.4568 -3
      vertex 14.1501 22.4568 1.2
    endloop
  endfacet
  facet normal -0.720987 -0.692949 0
    outer loop
      vertex 13.8504 22.8557 -3
      vertex 13.6774 23.0357 1.2
      vertex 13.6774 23.0357 -3
    endloop
  endfacet
  facet normal -0.720987 -0.692949 0
    outer loop
      vertex 13.6774 23.0357 1.2
      vertex 13.8504 22.8557 -3
      vertex 13.8504 22.8557 1.2
    endloop
  endfacet
  facet normal 0 -1 0
    outer loop
      vertex 11.4052 23.8975 -3
      vertex 11.6548 23.8975 1.2
      vertex 11.4052 23.8975 1.2
    endloop
  endfacet
  facet normal 0 -1 -0
    outer loop
      vertex 11.6548 23.8975 1.2
      vertex 11.4052 23.8975 -3
      vertex 11.6548 23.8975 -3
    endloop
  endfacet
  facet normal -0.16024 -0.987078 0
    outer loop
      vertex 11.9037 23.8774 -3
      vertex 12.1501 23.8374 1.2
      vertex 11.9037 23.8774 1.2
    endloop
  endfacet
  facet normal -0.16024 -0.987078 -0
    outer loop
      vertex 12.1501 23.8374 1.2
      vertex 11.9037 23.8774 -3
      vertex 12.1501 23.8374 -3
    endloop
  endfacet
  facet normal -0.316829 -0.948483 0
    outer loop
      vertex 12.3925 23.7776 -3
      vertex 12.6293 23.6985 1.2
      vertex 12.3925 23.7776 1.2
    endloop
  endfacet
  facet normal -0.316829 -0.948483 -0
    outer loop
      vertex 12.6293 23.6985 1.2
      vertex 12.3925 23.7776 -3
      vertex 12.6293 23.6985 -3
    endloop
  endfacet
  facet normal -0.663369 -0.748293 0
    outer loop
      vertex 13.4906 23.2013 -3
      vertex 13.6774 23.0357 1.2
      vertex 13.4906 23.2013 1.2
    endloop
  endfacet
  facet normal -0.663369 -0.748293 -0
    outer loop
      vertex 13.6774 23.0357 1.2
      vertex 13.4906 23.2013 -3
      vertex 13.6774 23.0357 -3
    endloop
  endfacet
  facet normal -0.600513 -0.799615 0
    outer loop
      vertex 13.291 23.3512 -3
      vertex 13.4906 23.2013 1.2
      vertex 13.291 23.3512 1.2
    endloop
  endfacet
  facet normal -0.600513 -0.799615 -0
    outer loop
      vertex 13.4906 23.2013 1.2
      vertex 13.291 23.3512 -3
      vertex 13.4906 23.2013 -3
    endloop
  endfacet
  facet normal 0.960517 -0.278221 0
    outer loop
      vertex 8.52008 21.5419 1.2
      vertex 8.58954 21.7817 -3
      vertex 8.58954 21.7817 1.2
    endloop
  endfacet
  facet normal 0.960517 -0.278221 0
    outer loop
      vertex 8.58954 21.7817 -3
      vertex 8.52008 21.5419 1.2
      vertex 8.52008 21.5419 -3
    endloop
  endfacet
  facet normal 0.721107 -0.692824 0
    outer loop
      vertex 9.20962 22.8557 1.2
      vertex 9.38256 23.0357 -3
      vertex 9.38256 23.0357 1.2
    endloop
  endfacet
  facet normal 0.721107 -0.692824 0
    outer loop
      vertex 9.38256 23.0357 -3
      vertex 9.20962 22.8557 1.2
      vertex 9.20962 22.8557 -3
    endloop
  endfacet
  facet normal 0.866031 -0.499991 0
    outer loop
      vertex 8.78509 22.2406 1.2
      vertex 8.90991 22.4568 -3
      vertex 8.90991 22.4568 1.2
    endloop
  endfacet
  facet normal 0.866031 -0.499991 0
    outer loop
      vertex 8.90991 22.4568 -3
      vertex 8.78509 22.2406 1.2
      vertex 8.78509 22.2406 -3
    endloop
  endfacet
  facet normal 0.774637 -0.632406 0
    outer loop
      vertex 9.05173 22.6623 1.2
      vertex 9.20962 22.8557 -3
      vertex 9.20962 22.8557 1.2
    endloop
  endfacet
  facet normal 0.774637 -0.632406 0
    outer loop
      vertex 9.20962 22.8557 -3
      vertex 9.05173 22.6623 1.2
      vertex 9.05173 22.6623 -3
    endloop
  endfacet
  facet normal 0.0804933 -0.996755 0
    outer loop
      vertex 11.1563 23.8774 -3
      vertex 11.4052 23.8975 1.2
      vertex 11.1563 23.8774 1.2
    endloop
  endfacet
  facet normal 0.0804933 -0.996755 0
    outer loop
      vertex 11.4052 23.8975 1.2
      vertex 11.1563 23.8774 -3
      vertex 11.4052 23.8975 -3
    endloop
  endfacet
  facet normal 0.16024 -0.987078 0
    outer loop
      vertex 10.9099 23.8374 -3
      vertex 11.1563 23.8774 1.2
      vertex 10.9099 23.8374 1.2
    endloop
  endfacet
  facet normal 0.16024 -0.987078 0
    outer loop
      vertex 11.1563 23.8774 1.2
      vertex 10.9099 23.8374 -3
      vertex 11.1563 23.8774 -3
    endloop
  endfacet
  facet normal 0.464591 -0.885526 0
    outer loop
      vertex 9.98 23.4847 -3
      vertex 10.2011 23.6007 1.2
      vertex 9.98 23.4847 1.2
    endloop
  endfacet
  facet normal 0.464591 -0.885526 0
    outer loop
      vertex 10.2011 23.6007 1.2
      vertex 9.98 23.4847 -3
      vertex 10.2011 23.6007 -3
    endloop
  endfacet
  facet normal 0.534671 -0.84506 0
    outer loop
      vertex 9.769 23.3512 -3
      vertex 9.98 23.4847 1.2
      vertex 9.769 23.3512 1.2
    endloop
  endfacet
  facet normal 0.534671 -0.84506 0
    outer loop
      vertex 9.98 23.4847 1.2
      vertex 9.769 23.3512 -3
      vertex 9.98 23.4847 -3
    endloop
  endfacet
  facet normal 0.663249 -0.748398 0
    outer loop
      vertex 9.38256 23.0357 -3
      vertex 9.56942 23.2013 1.2
      vertex 9.38256 23.0357 1.2
    endloop
  endfacet
  facet normal 0.663249 -0.748398 0
    outer loop
      vertex 9.56942 23.2013 1.2
      vertex 9.38256 23.0357 -3
      vertex 9.56942 23.2013 -3
    endloop
  endfacet
  facet normal -0.999181 -0.040464 0
    outer loop
      vertex 14.63 20.8 -3
      vertex 14.6199 21.0494 1.2
      vertex 14.6199 21.0494 -3
    endloop
  endfacet
  facet normal -0.999181 -0.040464 0
    outer loop
      vertex 14.6199 21.0494 1.2
      vertex 14.63 20.8 -3
      vertex 14.63 20.8 1.2
    endloop
  endfacet
  facet normal -0.999181 0.040464 0
    outer loop
      vertex 14.6199 20.5506 -3
      vertex 14.63 20.8 1.2
      vertex 14.63 20.8 -3
    endloop
  endfacet
  facet normal -0.999181 0.040464 0
    outer loop
      vertex 14.63 20.8 1.2
      vertex 14.6199 20.5506 -3
      vertex 14.6199 20.5506 1.2
    endloop
  endfacet
  facet normal 0.774637 0.632406 0
    outer loop
      vertex 9.20962 18.7443 1.2
      vertex 9.05173 18.9377 -3
      vertex 9.05173 18.9377 1.2
    endloop
  endfacet
  facet normal 0.774637 0.632406 0
    outer loop
      vertex 9.05173 18.9377 -3
      vertex 9.20962 18.7443 1.2
      vertex 9.20962 18.7443 -3
    endloop
  endfacet
  facet normal 0.960517 0.278221 0
    outer loop
      vertex 8.58954 19.8183 1.2
      vertex 8.52008 20.0581 -3
      vertex 8.52008 20.0581 1.2
    endloop
  endfacet
  facet normal 0.960517 0.278221 0
    outer loop
      vertex 8.52008 20.0581 -3
      vertex 8.58954 19.8183 1.2
      vertex 8.58954 19.8183 -3
    endloop
  endfacet
  facet normal -0.903452 -0.428689 0
    outer loop
      vertex 14.3819 22.0151 -3
      vertex 14.2749 22.2406 1.2
      vertex 14.2749 22.2406 -3
    endloop
  endfacet
  facet normal -0.903452 -0.428689 0
    outer loop
      vertex 14.2749 22.2406 1.2
      vertex 14.3819 22.0151 -3
      vertex 14.3819 22.0151 1.2
    endloop
  endfacet
  facet normal -0.934906 -0.354896 0
    outer loop
      vertex 14.4705 21.7817 -3
      vertex 14.3819 22.0151 1.2
      vertex 14.3819 22.0151 -3
    endloop
  endfacet
  facet normal -0.934906 -0.354896 0
    outer loop
      vertex 14.3819 22.0151 1.2
      vertex 14.4705 21.7817 -3
      vertex 14.4705 21.7817 1.2
    endloop
  endfacet
  facet normal -0.97974 -0.200274 0
    outer loop
      vertex 14.5899 21.2973 -3
      vertex 14.5399 21.5419 1.2
      vertex 14.5399 21.5419 -3
    endloop
  endfacet
  facet normal -0.97974 -0.200274 0
    outer loop
      vertex 14.5399 21.5419 1.2
      vertex 14.5899 21.2973 -3
      vertex 14.5899 21.2973 1.2
    endloop
  endfacet
  facet normal -0.774617 -0.63243 0
    outer loop
      vertex 14.0083 22.6623 -3
      vertex 13.8504 22.8557 1.2
      vertex 13.8504 22.8557 -3
    endloop
  endfacet
  facet normal -0.774617 -0.63243 0
    outer loop
      vertex 13.8504 22.8557 1.2
      vertex 14.0083 22.6623 -3
      vertex 14.0083 22.6623 1.2
    endloop
  endfacet
  facet normal -0.0804933 -0.996755 0
    outer loop
      vertex 11.6548 23.8975 -3
      vertex 11.9037 23.8774 1.2
      vertex 11.6548 23.8975 1.2
    endloop
  endfacet
  facet normal -0.0804933 -0.996755 -0
    outer loop
      vertex 11.9037 23.8774 1.2
      vertex 11.6548 23.8975 -3
      vertex 11.9037 23.8774 -3
    endloop
  endfacet
  facet normal -0.239519 -0.970892 0
    outer loop
      vertex 12.1501 23.8374 -3
      vertex 12.3925 23.7776 1.2
      vertex 12.1501 23.8374 1.2
    endloop
  endfacet
  facet normal -0.239519 -0.970892 -0
    outer loop
      vertex 12.3925 23.7776 1.2
      vertex 12.1501 23.8374 -3
      vertex 12.3925 23.7776 -3
    endloop
  endfacet
  facet normal -0.391887 -0.920013 0
    outer loop
      vertex 12.6293 23.6985 -3
      vertex 12.8589 23.6007 1.2
      vertex 12.6293 23.6985 1.2
    endloop
  endfacet
  facet normal -0.391887 -0.920013 -0
    outer loop
      vertex 12.8589 23.6007 1.2
      vertex 12.6293 23.6985 -3
      vertex 12.8589 23.6007 -3
    endloop
  endfacet
  facet normal -0.534671 -0.84506 0
    outer loop
      vertex 13.08 23.4847 -3
      vertex 13.291 23.3512 1.2
      vertex 13.08 23.4847 1.2
    endloop
  endfacet
  facet normal -0.534671 -0.84506 -0
    outer loop
      vertex 13.291 23.3512 1.2
      vertex 13.08 23.4847 -3
      vertex 13.291 23.3512 -3
    endloop
  endfacet
  facet normal 0.999189 -0.040264 0
    outer loop
      vertex 8.43 20.8 1.2
      vertex 8.44005 21.0494 -3
      vertex 8.44005 21.0494 1.2
    endloop
  endfacet
  facet normal 0.999189 -0.040264 0
    outer loop
      vertex 8.44005 21.0494 -3
      vertex 8.43 20.8 1.2
      vertex 8.43 20.8 -3
    endloop
  endfacet
  facet normal 0.979787 -0.200043 0
    outer loop
      vertex 8.47014 21.2973 1.2
      vertex 8.52008 21.5419 -3
      vertex 8.52008 21.5419 1.2
    endloop
  endfacet
  facet normal 0.979787 -0.200043 0
    outer loop
      vertex 8.52008 21.5419 -3
      vertex 8.47014 21.2973 1.2
      vertex 8.47014 21.2973 -3
    endloop
  endfacet
  facet normal 0.935012 -0.354616 0
    outer loop
      vertex 8.58954 21.7817 1.2
      vertex 8.67806 22.0151 -3
      vertex 8.67806 22.0151 1.2
    endloop
  endfacet
  facet normal 0.935012 -0.354616 0
    outer loop
      vertex 8.67806 22.0151 -3
      vertex 8.58954 21.7817 1.2
      vertex 8.58954 21.7817 -3
    endloop
  endfacet
  facet normal 0.823033 -0.567993 0
    outer loop
      vertex 8.90991 22.4568 1.2
      vertex 9.05173 22.6623 -3
      vertex 9.05173 22.6623 1.2
    endloop
  endfacet
  facet normal 0.823033 -0.567993 0
    outer loop
      vertex 9.05173 22.6623 -3
      vertex 8.90991 22.4568 1.2
      vertex 8.90991 22.4568 -3
    endloop
  endfacet
  facet normal 0.239519 -0.970892 0
    outer loop
      vertex 10.6675 23.7776 -3
      vertex 10.9099 23.8374 1.2
      vertex 10.6675 23.7776 1.2
    endloop
  endfacet
  facet normal 0.239519 -0.970892 0
    outer loop
      vertex 10.9099 23.8374 1.2
      vertex 10.6675 23.7776 -3
      vertex 10.9099 23.8374 -3
    endloop
  endfacet
  facet normal 0.391887 -0.920013 0
    outer loop
      vertex 10.2011 23.6007 -3
      vertex 10.4307 23.6985 1.2
      vertex 10.2011 23.6007 1.2
    endloop
  endfacet
  facet normal 0.391887 -0.920013 0
    outer loop
      vertex 10.4307 23.6985 1.2
      vertex 10.2011 23.6007 -3
      vertex 10.4307 23.6985 -3
    endloop
  endfacet
  facet normal -0.992757 0.12014 0
    outer loop
      vertex 14.5899 20.3027 -3
      vertex 14.6199 20.5506 1.2
      vertex 14.6199 20.5506 -3
    endloop
  endfacet
  facet normal -0.992757 0.12014 0
    outer loop
      vertex 14.6199 20.5506 1.2
      vertex 14.5899 20.3027 -3
      vertex 14.5899 20.3027 1.2
    endloop
  endfacet
  facet normal -0.97974 0.200274 0
    outer loop
      vertex 14.5399 20.0581 -3
      vertex 14.5899 20.3027 1.2
      vertex 14.5899 20.3027 -3
    endloop
  endfacet
  facet normal -0.97974 0.200274 0
    outer loop
      vertex 14.5899 20.3027 1.2
      vertex 14.5399 20.0581 -3
      vertex 14.5399 20.0581 1.2
    endloop
  endfacet
  facet normal 0.663249 0.748398 -0
    outer loop
      vertex 9.56942 18.3987 -3
      vertex 9.38256 18.5643 1.2
      vertex 9.56942 18.3987 1.2
    endloop
  endfacet
  facet normal 0.663249 0.748398 0
    outer loop
      vertex 9.38256 18.5643 1.2
      vertex 9.56942 18.3987 -3
      vertex 9.38256 18.5643 -3
    endloop
  endfacet
  facet normal 0 1 -0
    outer loop
      vertex 11.6548 17.7025 -3
      vertex 11.4052 17.7025 1.2
      vertex 11.6548 17.7025 1.2
    endloop
  endfacet
  facet normal 0 1 0
    outer loop
      vertex 11.4052 17.7025 1.2
      vertex 11.6548 17.7025 -3
      vertex 11.4052 17.7025 -3
    endloop
  endfacet
  facet normal 0.979787 0.200043 0
    outer loop
      vertex 8.52008 20.0581 1.2
      vertex 8.47014 20.3027 -3
      vertex 8.47014 20.3027 1.2
    endloop
  endfacet
  facet normal 0.979787 0.200043 0
    outer loop
      vertex 8.47014 20.3027 -3
      vertex 8.52008 20.0581 1.2
      vertex 8.52008 20.0581 -3
    endloop
  endfacet
  facet normal 0.935012 0.354616 0
    outer loop
      vertex 8.67806 19.5849 1.2
      vertex 8.58954 19.8183 -3
      vertex 8.58954 19.8183 1.2
    endloop
  endfacet
  facet normal 0.935012 0.354616 0
    outer loop
      vertex 8.58954 19.8183 -3
      vertex 8.67806 19.5849 1.2
      vertex 8.67806 19.5849 -3
    endloop
  endfacet
  facet normal 0.721107 0.692824 0
    outer loop
      vertex 9.38256 18.5643 1.2
      vertex 9.20962 18.7443 -3
      vertex 9.20962 18.7443 1.2
    endloop
  endfacet
  facet normal 0.721107 0.692824 0
    outer loop
      vertex 9.20962 18.7443 -3
      vertex 9.38256 18.5643 1.2
      vertex 9.38256 18.5643 -3
    endloop
  endfacet
  facet normal 0.903406 0.428787 0
    outer loop
      vertex 8.78509 19.3594 1.2
      vertex 8.67806 19.5849 -3
      vertex 8.67806 19.5849 1.2
    endloop
  endfacet
  facet normal 0.903406 0.428787 0
    outer loop
      vertex 8.67806 19.5849 -3
      vertex 8.78509 19.3594 1.2
      vertex 8.78509 19.3594 -3
    endloop
  endfacet
  facet normal -0.0804933 0.996755 0
    outer loop
      vertex 11.9037 17.7226 -3
      vertex 11.6548 17.7025 1.2
      vertex 11.9037 17.7226 1.2
    endloop
  endfacet
  facet normal -0.0804933 0.996755 0
    outer loop
      vertex 11.6548 17.7025 1.2
      vertex 11.9037 17.7226 -3
      vertex 11.6548 17.7025 -3
    endloop
  endfacet
  facet normal -0.16024 0.987078 0
    outer loop
      vertex 12.1501 17.7626 -3
      vertex 11.9037 17.7226 1.2
      vertex 12.1501 17.7626 1.2
    endloop
  endfacet
  facet normal -0.16024 0.987078 0
    outer loop
      vertex 11.9037 17.7226 1.2
      vertex 12.1501 17.7626 -3
      vertex 11.9037 17.7226 -3
    endloop
  endfacet
  facet normal -0.960581 -0.278 0
    outer loop
      vertex 14.5399 21.5419 -3
      vertex 14.4705 21.7817 1.2
      vertex 14.4705 21.7817 -3
    endloop
  endfacet
  facet normal -0.960581 -0.278 0
    outer loop
      vertex 14.4705 21.7817 1.2
      vertex 14.5399 21.5419 -3
      vertex 14.5399 21.5419 1.2
    endloop
  endfacet
  facet normal 0 0 -1
    outer loop
      vertex 13.23 20.8 1.2
      vertex 14.63 20.8 1.2
      vertex 14.6199 20.5506 1.2
    endloop
  endfacet
  facet normal 0 0 -1
    outer loop
      vertex 13.2119 20.5525 1.2
      vertex 14.6199 20.5506 1.2
      vertex 14.5899 20.3027 1.2
    endloop
  endfacet
  facet normal 0 0 -1
    outer loop
      vertex 14.63 20.8 1.2
      vertex 13.23 20.8 1.2
      vertex 14.6199 21.0494 1.2
    endloop
  endfacet
  facet normal 0 0 -1
    outer loop
      vertex 13.2119 20.5525 1.2
      vertex 14.5899 20.3027 1.2
      vertex 14.5399 20.0581 1.2
    endloop
  endfacet
  facet normal 0 0 -1
    outer loop
      vertex 13.2119 21.0475 1.2
      vertex 14.6199 21.0494 1.2
      vertex 13.23 20.8 1.2
    endloop
  endfacet
  facet normal 0 0 -1
    outer loop
      vertex 13.1579 20.3102 1.2
      vertex 14.5399 20.0581 1.2
      vertex 14.4705 19.8183 1.2
    endloop
  endfacet
  facet normal -0 0 -1
    outer loop
      vertex 14.6199 21.0494 1.2
      vertex 13.2119 21.0475 1.2
      vertex 14.5899 21.2973 1.2
    endloop
  endfacet
  facet normal 0 0 -1
    outer loop
      vertex 13.1579 20.3102 1.2
      vertex 14.4705 19.8183 1.2
      vertex 14.3819 19.5849 1.2
    endloop
  endfacet
  facet normal -0 0 -1
    outer loop
      vertex 14.5899 21.2973 1.2
      vertex 13.2119 21.0475 1.2
      vertex 14.5399 21.5419 1.2
    endloop
  endfacet
  facet normal 0 0 -1
    outer loop
      vertex 13.0693 20.0784 1.2
      vertex 14.3819 19.5849 1.2
      vertex 14.2749 19.3594 1.2
    endloop
  endfacet
  facet normal 0 0 -1
    outer loop
      vertex 13.1579 21.2898 1.2
      vertex 14.5399 21.5419 1.2
      vertex 13.2119 21.0475 1.2
    endloop
  endfacet
  facet normal 0 0 -1
    outer loop
      vertex 12.9478 19.862 1.2
      vertex 14.2749 19.3594 1.2
      vertex 14.1501 19.1432 1.2
    endloop
  endfacet
  facet normal -0 0 -1
    outer loop
      vertex 14.5399 21.5419 1.2
      vertex 13.1579 21.2898 1.2
      vertex 14.4705 21.7817 1.2
    endloop
  endfacet
  facet normal 0 0 -1
    outer loop
      vertex 12.9478 19.862 1.2
      vertex 14.1501 19.1432 1.2
      vertex 14.0083 18.9377 1.2
    endloop
  endfacet
  facet normal -0 0 -1
    outer loop
      vertex 14.4705 21.7817 1.2
      vertex 13.1579 21.2898 1.2
      vertex 14.3819 22.0151 1.2
    endloop
  endfacet
  facet normal 0 0 -1
    outer loop
      vertex 12.7961 19.6656 1.2
      vertex 14.0083 18.9377 1.2
      vertex 13.8504 18.7443 1.2
    endloop
  endfacet
  facet normal 0 0 -1
    outer loop
      vertex 13.0693 21.5216 1.2
      vertex 14.3819 22.0151 1.2
      vertex 13.1579 21.2898 1.2
    endloop
  endfacet
  facet normal 0 0 -1
    outer loop
      vertex 12.7961 19.6656 1.2
      vertex 13.8504 18.7443 1.2
      vertex 13.6774 18.5643 1.2
    endloop
  endfacet
  facet normal -0 0 -1
    outer loop
      vertex 14.3819 22.0151 1.2
      vertex 13.0693 21.5216 1.2
      vertex 14.2749 22.2406 1.2
    endloop
  endfacet
  facet normal 0 0 -1
    outer loop
      vertex 12.6174 19.4933 1.2
      vertex 13.6774 18.5643 1.2
      vertex 13.4906 18.3987 1.2
    endloop
  endfacet
  facet normal 0 0 -1
    outer loop
      vertex 12.9478 21.738 1.2
      vertex 14.2749 22.2406 1.2
      vertex 13.0693 21.5216 1.2
    endloop
  endfacet
  facet normal 0 0 -1
    outer loop
      vertex 12.6174 19.4933 1.2
      vertex 13.4906 18.3987 1.2
      vertex 13.291 18.2488 1.2
    endloop
  endfacet
  facet normal -0 0 -1
    outer loop
      vertex 14.2749 22.2406 1.2
      vertex 12.9478 21.738 1.2
      vertex 14.1501 22.4568 1.2
    endloop
  endfacet
  facet normal -0 0 -1
    outer loop
      vertex 14.1501 22.4568 1.2
      vertex 12.9478 21.738 1.2
      vertex 14.0083 22.6623 1.2
    endloop
  endfacet
  facet normal 0 0 -1
    outer loop
      vertex 14.6199 20.5506 1.2
      vertex 13.2119 20.5525 1.2
      vertex 13.23 20.8 1.2
    endloop
  endfacet
  facet normal 0 0 -1
    outer loop
      vertex 14.5399 20.0581 1.2
      vertex 13.1579 20.3102 1.2
      vertex 13.2119 20.5525 1.2
    endloop
  endfacet
  facet normal 0 0 -1
    outer loop
      vertex 12.4156 19.3489 1.2
      vertex 13.291 18.2488 1.2
      vertex 13.08 18.1153 1.2
    endloop
  endfacet
  facet normal 0 0 -1
    outer loop
      vertex 14.3819 19.5849 1.2
      vertex 13.0693 20.0784 1.2
      vertex 13.1579 20.3102 1.2
    endloop
  endfacet
  facet normal 0 0 -1
    outer loop
      vertex 14.2749 19.3594 1.2
      vertex 12.9478 19.862 1.2
      vertex 13.0693 20.0784 1.2
    endloop
  endfacet
  facet normal 0 0 -1
    outer loop
      vertex 12.4156 19.3489 1.2
      vertex 13.08 18.1153 1.2
      vertex 12.8589 17.9993 1.2
    endloop
  endfacet
  facet normal 0 0 -1
    outer loop
      vertex 14.0083 18.9377 1.2
      vertex 12.7961 19.6656 1.2
      vertex 12.9478 19.862 1.2
    endloop
  endfacet
  facet normal 0 0 -1
    outer loop
      vertex 12.1949 19.2354 1.2
      vertex 12.8589 17.9993 1.2
      vertex 12.6293 17.9014 1.2
    endloop
  endfacet
  facet normal 0 0 -1
    outer loop
      vertex 13.6774 18.5643 1.2
      vertex 12.6174 19.4933 1.2
      vertex 12.7961 19.6656 1.2
    endloop
  endfacet
  facet normal 0 0 -1
    outer loop
      vertex 13.291 18.2488 1.2
      vertex 12.4156 19.3489 1.2
      vertex 12.6174 19.4933 1.2
    endloop
  endfacet
  facet normal 0 0 -1
    outer loop
      vertex 11.96 19.1553 1.2
      vertex 12.6293 17.9014 1.2
      vertex 12.3925 17.8224 1.2
    endloop
  endfacet
  facet normal 0 0 -1
    outer loop
      vertex 12.8589 17.9993 1.2
      vertex 12.1949 19.2354 1.2
      vertex 12.4156 19.3489 1.2
    endloop
  endfacet
  facet normal 0 0 -1
    outer loop
      vertex 11.96 19.1553 1.2
      vertex 12.3925 17.8224 1.2
      vertex 12.1501 17.7626 1.2
    endloop
  endfacet
  facet normal 0 0 -1
    outer loop
      vertex 12.6293 17.9014 1.2
      vertex 11.96 19.1553 1.2
      vertex 12.1949 19.2354 1.2
    endloop
  endfacet
  facet normal 0 0 -1
    outer loop
      vertex 11.7159 19.1102 1.2
      vertex 12.1501 17.7626 1.2
      vertex 11.9037 17.7226 1.2
    endloop
  endfacet
  facet normal 0 0 -1
    outer loop
      vertex 12.1501 17.7626 1.2
      vertex 11.7159 19.1102 1.2
      vertex 11.96 19.1553 1.2
    endloop
  endfacet
  facet normal 0 0 -1
    outer loop
      vertex 11.6548 17.7025 1.2
      vertex 11.7159 19.1102 1.2
      vertex 11.9037 17.7226 1.2
    endloop
  endfacet
  facet normal 0 0 -1
    outer loop
      vertex 11.6548 17.7025 1.2
      vertex 11.4679 19.1011 1.2
      vertex 11.7159 19.1102 1.2
    endloop
  endfacet
  facet normal 0 0 -1
    outer loop
      vertex 11.4052 17.7025 1.2
      vertex 11.4679 19.1011 1.2
      vertex 11.6548 17.7025 1.2
    endloop
  endfacet
  facet normal 0 0 -1
    outer loop
      vertex 11.1563 17.7226 1.2
      vertex 11.4679 19.1011 1.2
      vertex 11.4052 17.7025 1.2
    endloop
  endfacet
  facet normal -0 0 -1
    outer loop
      vertex 11.4679 19.1011 1.2
      vertex 11.1563 17.7226 1.2
      vertex 11.2212 19.1283 1.2
    endloop
  endfacet
  facet normal 0 0 -1
    outer loop
      vertex 10.9099 17.7626 1.2
      vertex 11.2212 19.1283 1.2
      vertex 11.1563 17.7226 1.2
    endloop
  endfacet
  facet normal 0 0 -1
    outer loop
      vertex 10.6675 17.8224 1.2
      vertex 11.2212 19.1283 1.2
      vertex 10.9099 17.7626 1.2
    endloop
  endfacet
  facet normal -0 0 -1
    outer loop
      vertex 11.2212 19.1283 1.2
      vertex 10.6675 17.8224 1.2
      vertex 10.9811 19.1911 1.2
    endloop
  endfacet
  facet normal 0 0 -1
    outer loop
      vertex 10.4307 17.9014 1.2
      vertex 10.9811 19.1911 1.2
      vertex 10.6675 17.8224 1.2
    endloop
  endfacet
  facet normal -0 0 -1
    outer loop
      vertex 10.9811 19.1911 1.2
      vertex 10.4307 17.9014 1.2
      vertex 10.7527 19.2881 1.2
    endloop
  endfacet
  facet normal 0 0 -1
    outer loop
      vertex 10.2011 17.9993 1.2
      vertex 10.7527 19.2881 1.2
      vertex 10.4307 17.9014 1.2
    endloop
  endfacet
  facet normal 0 0 -1
    outer loop
      vertex 9.98 18.1153 1.2
      vertex 10.7527 19.2881 1.2
      vertex 10.2011 17.9993 1.2
    endloop
  endfacet
  facet normal -0 0 -1
    outer loop
      vertex 10.7527 19.2881 1.2
      vertex 9.98 18.1153 1.2
      vertex 10.5408 19.4174 1.2
    endloop
  endfacet
  facet normal 0 0 -1
    outer loop
      vertex 9.769 18.2488 1.2
      vertex 10.5408 19.4174 1.2
      vertex 9.98 18.1153 1.2
    endloop
  endfacet
  facet normal 0 0 -1
    outer loop
      vertex 9.56942 18.3987 1.2
      vertex 10.5408 19.4174 1.2
      vertex 9.769 18.2488 1.2
    endloop
  endfacet
  facet normal -0 0 -1
    outer loop
      vertex 10.5408 19.4174 1.2
      vertex 9.56942 18.3987 1.2
      vertex 10.3501 19.5762 1.2
    endloop
  endfacet
  facet normal 0 0 -1
    outer loop
      vertex 9.38256 18.5643 1.2
      vertex 10.3501 19.5762 1.2
      vertex 9.56942 18.3987 1.2
    endloop
  endfacet
  facet normal 0 0 -1
    outer loop
      vertex 9.20962 18.7443 1.2
      vertex 10.3501 19.5762 1.2
      vertex 9.38256 18.5643 1.2
    endloop
  endfacet
  facet normal -0 0 -1
    outer loop
      vertex 10.3501 19.5762 1.2
      vertex 9.20962 18.7443 1.2
      vertex 10.1845 19.761 1.2
    endloop
  endfacet
  facet normal 0 0 -1
    outer loop
      vertex 8.90991 19.1432 1.2
      vertex 10.1845 19.761 1.2
      vertex 9.05173 18.9377 1.2
    endloop
  endfacet
  facet normal 0 0 -1
    outer loop
      vertex 9.05173 18.9377 1.2
      vertex 10.1845 19.761 1.2
      vertex 9.20962 18.7443 1.2
    endloop
  endfacet
  facet normal 0 0 -1
    outer loop
      vertex 12.7961 21.9344 1.2
      vertex 14.0083 22.6623 1.2
      vertex 12.9478 21.738 1.2
    endloop
  endfacet
  facet normal -0 0 -1
    outer loop
      vertex 14.0083 22.6623 1.2
      vertex 12.7961 21.9344 1.2
      vertex 13.8504 22.8557 1.2
    endloop
  endfacet
  facet normal -0 0 -1
    outer loop
      vertex 13.8504 22.8557 1.2
      vertex 12.7961 21.9344 1.2
      vertex 13.6774 23.0357 1.2
    endloop
  endfacet
  facet normal 0 0 -1
    outer loop
      vertex 12.6174 22.1067 1.2
      vertex 13.6774 23.0357 1.2
      vertex 12.7961 21.9344 1.2
    endloop
  endfacet
  facet normal -0 0 -1
    outer loop
      vertex 13.6774 23.0357 1.2
      vertex 12.6174 22.1067 1.2
      vertex 13.4906 23.2013 1.2
    endloop
  endfacet
  facet normal -0 0 -1
    outer loop
      vertex 13.4906 23.2013 1.2
      vertex 12.6174 22.1067 1.2
      vertex 13.291 23.3512 1.2
    endloop
  endfacet
  facet normal 0 0 -1
    outer loop
      vertex 12.4156 22.2511 1.2
      vertex 13.291 23.3512 1.2
      vertex 12.6174 22.1067 1.2
    endloop
  endfacet
  facet normal -0 0 -1
    outer loop
      vertex 13.291 23.3512 1.2
      vertex 12.4156 22.2511 1.2
      vertex 13.08 23.4847 1.2
    endloop
  endfacet
  facet normal -0 0 -1
    outer loop
      vertex 13.08 23.4847 1.2
      vertex 12.4156 22.2511 1.2
      vertex 12.8589 23.6007 1.2
    endloop
  endfacet
  facet normal 0 0 -1
    outer loop
      vertex 12.1949 22.3646 1.2
      vertex 12.8589 23.6007 1.2
      vertex 12.4156 22.2511 1.2
    endloop
  endfacet
  facet normal -0 0 -1
    outer loop
      vertex 12.8589 23.6007 1.2
      vertex 12.1949 22.3646 1.2
      vertex 12.6293 23.6985 1.2
    endloop
  endfacet
  facet normal 0 0 -1
    outer loop
      vertex 11.96 22.4447 1.2
      vertex 12.6293 23.6985 1.2
      vertex 12.1949 22.3646 1.2
    endloop
  endfacet
  facet normal -0 0 -1
    outer loop
      vertex 12.6293 23.6985 1.2
      vertex 11.96 22.4447 1.2
      vertex 12.3925 23.7776 1.2
    endloop
  endfacet
  facet normal -0 0 -1
    outer loop
      vertex 12.3925 23.7776 1.2
      vertex 11.96 22.4447 1.2
      vertex 12.1501 23.8374 1.2
    endloop
  endfacet
  facet normal 0 0 -1
    outer loop
      vertex 11.7159 22.4898 1.2
      vertex 12.1501 23.8374 1.2
      vertex 11.96 22.4447 1.2
    endloop
  endfacet
  facet normal -0 0 -1
    outer loop
      vertex 12.1501 23.8374 1.2
      vertex 11.7159 22.4898 1.2
      vertex 11.9037 23.8774 1.2
    endloop
  endfacet
  facet normal 0 0 -1
    outer loop
      vertex 11.7159 22.4898 1.2
      vertex 11.6548 23.8975 1.2
      vertex 11.9037 23.8774 1.2
    endloop
  endfacet
  facet normal 0 0 -1
    outer loop
      vertex 11.4679 22.4989 1.2
      vertex 11.6548 23.8975 1.2
      vertex 11.7159 22.4898 1.2
    endloop
  endfacet
  facet normal 0 0 -1
    outer loop
      vertex 11.4679 22.4989 1.2
      vertex 11.4052 23.8975 1.2
      vertex 11.6548 23.8975 1.2
    endloop
  endfacet
  facet normal 0 0 -1
    outer loop
      vertex 11.1563 23.8774 1.2
      vertex 11.4679 22.4989 1.2
      vertex 11.2212 22.4717 1.2
    endloop
  endfacet
  facet normal 0 0 -1
    outer loop
      vertex 11.4679 22.4989 1.2
      vertex 11.1563 23.8774 1.2
      vertex 11.4052 23.8975 1.2
    endloop
  endfacet
  facet normal 0 0 -1
    outer loop
      vertex 10.6675 23.7776 1.2
      vertex 11.2212 22.4717 1.2
      vertex 10.9811 22.4089 1.2
    endloop
  endfacet
  facet normal 0 0 -1
    outer loop
      vertex 11.2212 22.4717 1.2
      vertex 10.9099 23.8374 1.2
      vertex 11.1563 23.8774 1.2
    endloop
  endfacet
  facet normal 0 0 -1
    outer loop
      vertex 10.4307 23.6985 1.2
      vertex 10.9811 22.4089 1.2
      vertex 10.7527 22.3119 1.2
    endloop
  endfacet
  facet normal 0 0 -1
    outer loop
      vertex 11.2212 22.4717 1.2
      vertex 10.6675 23.7776 1.2
      vertex 10.9099 23.8374 1.2
    endloop
  endfacet
  facet normal 0 0 -1
    outer loop
      vertex 9.98 23.4847 1.2
      vertex 10.7527 22.3119 1.2
      vertex 10.5408 22.1826 1.2
    endloop
  endfacet
  facet normal 0 0 -1
    outer loop
      vertex 10.9811 22.4089 1.2
      vertex 10.4307 23.6985 1.2
      vertex 10.6675 23.7776 1.2
    endloop
  endfacet
  facet normal 0 0 -1
    outer loop
      vertex 9.56942 23.2013 1.2
      vertex 10.5408 22.1826 1.2
      vertex 10.3501 22.0238 1.2
    endloop
  endfacet
  facet normal 0 0 -1
    outer loop
      vertex 10.7527 22.3119 1.2
      vertex 10.2011 23.6007 1.2
      vertex 10.4307 23.6985 1.2
    endloop
  endfacet
  facet normal 0 0 -1
    outer loop
      vertex 9.20962 22.8557 1.2
      vertex 10.3501 22.0238 1.2
      vertex 10.1845 21.839 1.2
    endloop
  endfacet
  facet normal 0 0 -1
    outer loop
      vertex 8.90991 22.4568 1.2
      vertex 10.1845 21.839 1.2
      vertex 10.0475 21.632 1.2
    endloop
  endfacet
  facet normal 0 0 -1
    outer loop
      vertex 10.7527 22.3119 1.2
      vertex 9.98 23.4847 1.2
      vertex 10.2011 23.6007 1.2
    endloop
  endfacet
  facet normal 0 0 -1
    outer loop
      vertex 8.67806 22.0151 1.2
      vertex 10.0475 21.632 1.2
      vertex 9.94217 21.4073 1.2
    endloop
  endfacet
  facet normal 0 0 -1
    outer loop
      vertex 8.58954 21.7817 1.2
      vertex 9.94217 21.4073 1.2
      vertex 9.87067 21.1696 1.2
    endloop
  endfacet
  facet normal 0 0 -1
    outer loop
      vertex 8.47014 21.2973 1.2
      vertex 9.87067 21.1696 1.2
      vertex 9.83454 20.9241 1.2
    endloop
  endfacet
  facet normal 0 0 -1
    outer loop
      vertex 10.5408 22.1826 1.2
      vertex 9.769 23.3512 1.2
      vertex 9.98 23.4847 1.2
    endloop
  endfacet
  facet normal -0 0 -1
    outer loop
      vertex 10.1845 19.761 1.2
      vertex 8.90991 19.1432 1.2
      vertex 10.0475 19.968 1.2
    endloop
  endfacet
  facet normal 0 0 -1
    outer loop
      vertex 8.78509 19.3594 1.2
      vertex 10.0475 19.968 1.2
      vertex 8.90991 19.1432 1.2
    endloop
  endfacet
  facet normal 0 0 -1
    outer loop
      vertex 10.5408 22.1826 1.2
      vertex 9.56942 23.2013 1.2
      vertex 9.769 23.3512 1.2
    endloop
  endfacet
  facet normal 0 0 -1
    outer loop
      vertex 8.67806 19.5849 1.2
      vertex 10.0475 19.968 1.2
      vertex 8.78509 19.3594 1.2
    endloop
  endfacet
  facet normal 0 0 -1
    outer loop
      vertex 10.3501 22.0238 1.2
      vertex 9.38256 23.0357 1.2
      vertex 9.56942 23.2013 1.2
    endloop
  endfacet
  facet normal -0 0 -1
    outer loop
      vertex 10.0475 19.968 1.2
      vertex 8.67806 19.5849 1.2
      vertex 9.94217 20.1927 1.2
    endloop
  endfacet
  facet normal 0 0 -1
    outer loop
      vertex 10.3501 22.0238 1.2
      vertex 9.20962 22.8557 1.2
      vertex 9.38256 23.0357 1.2
    endloop
  endfacet
  facet normal 0 0 -1
    outer loop
      vertex 8.58954 19.8183 1.2
      vertex 9.94217 20.1927 1.2
      vertex 8.67806 19.5849 1.2
    endloop
  endfacet
  facet normal 0 0 -1
    outer loop
      vertex 10.1845 21.839 1.2
      vertex 9.05173 22.6623 1.2
      vertex 9.20962 22.8557 1.2
    endloop
  endfacet
  facet normal -0 0 -1
    outer loop
      vertex 9.94217 20.1927 1.2
      vertex 8.58954 19.8183 1.2
      vertex 9.87067 20.4304 1.2
    endloop
  endfacet
  facet normal 0 0 -1
    outer loop
      vertex 10.1845 21.839 1.2
      vertex 8.90991 22.4568 1.2
      vertex 9.05173 22.6623 1.2
    endloop
  endfacet
  facet normal 0 0 -1
    outer loop
      vertex 8.52008 20.0581 1.2
      vertex 9.87067 20.4304 1.2
      vertex 8.58954 19.8183 1.2
    endloop
  endfacet
  facet normal 0 0 -1
    outer loop
      vertex 10.0475 21.632 1.2
      vertex 8.78509 22.2406 1.2
      vertex 8.90991 22.4568 1.2
    endloop
  endfacet
  facet normal 0 0 -1
    outer loop
      vertex 8.47014 20.3027 1.2
      vertex 9.87067 20.4304 1.2
      vertex 8.52008 20.0581 1.2
    endloop
  endfacet
  facet normal 0 0 -1
    outer loop
      vertex 10.0475 21.632 1.2
      vertex 8.67806 22.0151 1.2
      vertex 8.78509 22.2406 1.2
    endloop
  endfacet
  facet normal -0 0 -1
    outer loop
      vertex 9.87067 20.4304 1.2
      vertex 8.47014 20.3027 1.2
      vertex 9.83454 20.6759 1.2
    endloop
  endfacet
  facet normal 0 0 -1
    outer loop
      vertex 9.94217 21.4073 1.2
      vertex 8.58954 21.7817 1.2
      vertex 8.67806 22.0151 1.2
    endloop
  endfacet
  facet normal 0 0 -1
    outer loop
      vertex 8.44005 20.5506 1.2
      vertex 9.83454 20.6759 1.2
      vertex 8.47014 20.3027 1.2
    endloop
  endfacet
  facet normal 0 0 -1
    outer loop
      vertex 9.87067 21.1696 1.2
      vertex 8.52008 21.5419 1.2
      vertex 8.58954 21.7817 1.2
    endloop
  endfacet
  facet normal 0 0 -1
    outer loop
      vertex 8.43 20.8 1.2
      vertex 9.83454 20.6759 1.2
      vertex 8.44005 20.5506 1.2
    endloop
  endfacet
  facet normal 0 0 -1
    outer loop
      vertex 9.87067 21.1696 1.2
      vertex 8.47014 21.2973 1.2
      vertex 8.52008 21.5419 1.2
    endloop
  endfacet
  facet normal 0 0 -1
    outer loop
      vertex 9.83454 20.6759 1.2
      vertex 8.43 20.8 1.2
      vertex 9.83454 20.9241 1.2
    endloop
  endfacet
  facet normal 0 0 -1
    outer loop
      vertex 9.83454 20.9241 1.2
      vertex 8.44005 21.0494 1.2
      vertex 8.47014 21.2973 1.2
    endloop
  endfacet
  facet normal -0 0 -1
    outer loop
      vertex 9.83454 20.9241 1.2
      vertex 8.43 20.8 1.2
      vertex 8.44005 21.0494 1.2
    endloop
  endfacet
  facet normal -0.934906 0.354896 0
    outer loop
      vertex 14.3819 19.5849 -3
      vertex 14.4705 19.8183 1.2
      vertex 14.4705 19.8183 -3
    endloop
  endfacet
  facet normal -0.934906 0.354896 0
    outer loop
      vertex 14.4705 19.8183 1.2
      vertex 14.3819 19.5849 -3
      vertex 14.3819 19.5849 1.2
    endloop
  endfacet
  facet normal -0.960581 0.278 0
    outer loop
      vertex 14.4705 19.8183 -3
      vertex 14.5399 20.0581 1.2
      vertex 14.5399 20.0581 -3
    endloop
  endfacet
  facet normal -0.960581 0.278 0
    outer loop
      vertex 14.5399 20.0581 1.2
      vertex 14.4705 19.8183 -3
      vertex 14.4705 19.8183 1.2
    endloop
  endfacet
  facet normal -0.600513 0.799615 0
    outer loop
      vertex 13.4906 18.3987 -3
      vertex 13.291 18.2488 1.2
      vertex 13.4906 18.3987 1.2
    endloop
  endfacet
  facet normal -0.600513 0.799615 0
    outer loop
      vertex 13.291 18.2488 1.2
      vertex 13.4906 18.3987 -3
      vertex 13.291 18.2488 -3
    endloop
  endfacet
  facet normal -0.774617 0.63243 0
    outer loop
      vertex 13.8504 18.7443 -3
      vertex 14.0083 18.9377 1.2
      vertex 14.0083 18.9377 -3
    endloop
  endfacet
  facet normal -0.774617 0.63243 0
    outer loop
      vertex 14.0083 18.9377 1.2
      vertex 13.8504 18.7443 -3
      vertex 13.8504 18.7443 1.2
    endloop
  endfacet
  facet normal -0.823071 0.567939 0
    outer loop
      vertex 14.0083 18.9377 -3
      vertex 14.1501 19.1432 1.2
      vertex 14.1501 19.1432 -3
    endloop
  endfacet
  facet normal -0.823071 0.567939 0
    outer loop
      vertex 14.1501 19.1432 1.2
      vertex 14.0083 18.9377 -3
      vertex 14.0083 18.9377 1.2
    endloop
  endfacet
  facet normal -0.866066 0.499931 0
    outer loop
      vertex 14.1501 19.1432 -3
      vertex 14.2749 19.3594 1.2
      vertex 14.2749 19.3594 -3
    endloop
  endfacet
  facet normal -0.866066 0.499931 0
    outer loop
      vertex 14.2749 19.3594 1.2
      vertex 14.1501 19.1432 -3
      vertex 14.1501 19.1432 1.2
    endloop
  endfacet
  facet normal 0.316468 0.948603 -0
    outer loop
      vertex 10.6675 17.8224 -3
      vertex 10.4307 17.9014 1.2
      vertex 10.6675 17.8224 1.2
    endloop
  endfacet
  facet normal 0.316468 0.948603 0
    outer loop
      vertex 10.4307 17.9014 1.2
      vertex 10.6675 17.8224 -3
      vertex 10.4307 17.9014 -3
    endloop
  endfacet
  facet normal 0.16024 0.987078 -0
    outer loop
      vertex 11.1563 17.7226 -3
      vertex 10.9099 17.7626 1.2
      vertex 11.1563 17.7226 1.2
    endloop
  endfacet
  facet normal 0.16024 0.987078 0
    outer loop
      vertex 10.9099 17.7626 1.2
      vertex 11.1563 17.7226 -3
      vertex 10.9099 17.7626 -3
    endloop
  endfacet
  facet normal 0.0804933 0.996755 -0
    outer loop
      vertex 11.4052 17.7025 -3
      vertex 11.1563 17.7226 1.2
      vertex 11.4052 17.7025 1.2
    endloop
  endfacet
  facet normal 0.0804933 0.996755 0
    outer loop
      vertex 11.1563 17.7226 1.2
      vertex 11.4052 17.7025 -3
      vertex 11.1563 17.7226 -3
    endloop
  endfacet
  facet normal 0.534671 0.84506 -0
    outer loop
      vertex 9.98 18.1153 -3
      vertex 9.769 18.2488 1.2
      vertex 9.98 18.1153 1.2
    endloop
  endfacet
  facet normal 0.534671 0.84506 0
    outer loop
      vertex 9.769 18.2488 1.2
      vertex 9.98 18.1153 -3
      vertex 9.769 18.2488 -3
    endloop
  endfacet
  facet normal 0.999189 0.040264 0
    outer loop
      vertex 8.44005 20.5506 1.2
      vertex 8.43 20.8 -3
      vertex 8.43 20.8 1.2
    endloop
  endfacet
  facet normal 0.999189 0.040264 0
    outer loop
      vertex 8.43 20.8 -3
      vertex 8.44005 20.5506 1.2
      vertex 8.44005 20.5506 -3
    endloop
  endfacet
  facet normal 0.866031 0.499991 0
    outer loop
      vertex 8.90991 19.1432 1.2
      vertex 8.78509 19.3594 -3
      vertex 8.78509 19.3594 1.2
    endloop
  endfacet
  facet normal 0.866031 0.499991 0
    outer loop
      vertex 8.78509 19.3594 -3
      vertex 8.90991 19.1432 1.2
      vertex 8.90991 19.1432 -3
    endloop
  endfacet
  facet normal 0.823033 0.567993 0
    outer loop
      vertex 9.05173 18.9377 1.2
      vertex 8.90991 19.1432 -3
      vertex 8.90991 19.1432 1.2
    endloop
  endfacet
  facet normal 0.823033 0.567993 0
    outer loop
      vertex 8.90991 19.1432 -3
      vertex 9.05173 18.9377 1.2
      vertex 9.05173 18.9377 -3
    endloop
  endfacet
  facet normal -0.534671 0.84506 0
    outer loop
      vertex 13.291 18.2488 -3
      vertex 13.08 18.1153 1.2
      vertex 13.291 18.2488 1.2
    endloop
  endfacet
  facet normal -0.534671 0.84506 0
    outer loop
      vertex 13.08 18.1153 1.2
      vertex 13.291 18.2488 -3
      vertex 13.08 18.1153 -3
    endloop
  endfacet
  facet normal 0.239519 0.970892 -0
    outer loop
      vertex 10.9099 17.7626 -3
      vertex 10.6675 17.8224 1.2
      vertex 10.9099 17.7626 1.2
    endloop
  endfacet
  facet normal 0.239519 0.970892 0
    outer loop
      vertex 10.6675 17.8224 1.2
      vertex 10.9099 17.7626 -3
      vertex 10.6675 17.8224 -3
    endloop
  endfacet
  facet normal 0.600551 0.799586 -0
    outer loop
      vertex 9.769 18.2488 -3
      vertex 9.56942 18.3987 1.2
      vertex 9.769 18.2488 1.2
    endloop
  endfacet
  facet normal 0.600551 0.799586 0
    outer loop
      vertex 9.56942 18.3987 1.2
      vertex 9.769 18.2488 -3
      vertex 9.56942 18.3987 -3
    endloop
  endfacet
  facet normal 0.464591 0.885526 -0
    outer loop
      vertex 10.2011 17.9993 -3
      vertex 9.98 18.1153 1.2
      vertex 10.2011 17.9993 1.2
    endloop
  endfacet
  facet normal 0.464591 0.885526 0
    outer loop
      vertex 9.98 18.1153 1.2
      vertex 10.2011 17.9993 -3
      vertex 9.98 18.1153 -3
    endloop
  endfacet
  facet normal 0.992714 0.120495 0
    outer loop
      vertex 8.47014 20.3027 1.2
      vertex 8.44005 20.5506 -3
      vertex 8.44005 20.5506 1.2
    endloop
  endfacet
  facet normal 0.992714 0.120495 0
    outer loop
      vertex 8.44005 20.5506 -3
      vertex 8.47014 20.3027 1.2
      vertex 8.47014 20.3027 -3
    endloop
  endfacet
  facet normal -0.316468 0.948603 0
    outer loop
      vertex 12.6293 17.9014 -3
      vertex 12.3925 17.8224 1.2
      vertex 12.6293 17.9014 1.2
    endloop
  endfacet
  facet normal -0.316468 0.948603 0
    outer loop
      vertex 12.3925 17.8224 1.2
      vertex 12.6293 17.9014 -3
      vertex 12.3925 17.8224 -3
    endloop
  endfacet
  facet normal -0.239519 0.970892 0
    outer loop
      vertex 12.3925 17.8224 -3
      vertex 12.1501 17.7626 1.2
      vertex 12.3925 17.8224 1.2
    endloop
  endfacet
  facet normal -0.239519 0.970892 0
    outer loop
      vertex 12.1501 17.7626 1.2
      vertex 12.3925 17.8224 -3
      vertex 12.1501 17.7626 -3
    endloop
  endfacet
  facet normal -0.663369 0.748293 0
    outer loop
      vertex 13.6774 18.5643 -3
      vertex 13.4906 18.3987 1.2
      vertex 13.6774 18.5643 1.2
    endloop
  endfacet
  facet normal -0.663369 0.748293 0
    outer loop
      vertex 13.4906 18.3987 1.2
      vertex 13.6774 18.5643 -3
      vertex 13.4906 18.3987 -3
    endloop
  endfacet
  facet normal -0.720987 0.692949 0
    outer loop
      vertex 13.6774 18.5643 -3
      vertex 13.8504 18.7443 1.2
      vertex 13.8504 18.7443 -3
    endloop
  endfacet
  facet normal -0.720987 0.692949 0
    outer loop
      vertex 13.8504 18.7443 1.2
      vertex 13.6774 18.5643 -3
      vertex 13.6774 18.5643 1.2
    endloop
  endfacet
  facet normal 0.392226 0.919869 -0
    outer loop
      vertex 10.4307 17.9014 -3
      vertex 10.2011 17.9993 1.2
      vertex 10.4307 17.9014 1.2
    endloop
  endfacet
  facet normal 0.392226 0.919869 0
    outer loop
      vertex 10.2011 17.9993 1.2
      vertex 10.4307 17.9014 -3
      vertex 10.2011 17.9993 -3
    endloop
  endfacet
  facet normal -0.457339 -0.889292 0
    outer loop
      vertex 16.8449 42.1446 1.2
      vertex 17.0656 42.0311 6
      vertex 16.8449 42.1446 6
    endloop
  endfacet
  facet normal -0.457339 -0.889292 -0
    outer loop
      vertex 17.0656 42.0311 6
      vertex 16.8449 42.1446 1.2
      vertex 17.0656 42.0311 1.2
    endloop
  endfacet
  facet normal 0.989303 -0.145877 0
    outer loop
      vertex 14.4845 40.7041 6
      vertex 14.5207 40.9496 1.2
      vertex 14.5207 40.9496 6
    endloop
  endfacet
  facet normal 0.989303 -0.145877 0
    outer loop
      vertex 14.5207 40.9496 1.2
      vertex 14.4845 40.7041 6
      vertex 14.4845 40.7041 1.2
    endloop
  endfacet
  facet normal -0.997337 0.0729365 0
    outer loop
      vertex 17.8619 40.3325 1.2
      vertex 17.88 40.58 6
      vertex 17.88 40.58 1.2
    endloop
  endfacet
  facet normal -0.997337 0.0729365 0
    outer loop
      vertex 17.88 40.58 6
      vertex 17.8619 40.3325 1.2
      vertex 17.8619 40.3325 6
    endloop
  endfacet
  facet normal 0.109591 0.993977 -0
    outer loop
      vertex 16.1179 38.8811 1.2
      vertex 15.8712 38.9083 6
      vertex 16.1179 38.8811 6
    endloop
  endfacet
  facet normal 0.109591 0.993977 0
    outer loop
      vertex 15.8712 38.9083 6
      vertex 16.1179 38.8811 1.2
      vertex 15.8712 38.9083 1.2
    endloop
  endfacet
  facet normal 0.52088 -0.85363 0
    outer loop
      vertex 15.1908 41.9626 1.2
      vertex 15.4027 42.0919 6
      vertex 15.1908 41.9626 6
    endloop
  endfacet
  facet normal 0.52088 -0.85363 0
    outer loop
      vertex 15.4027 42.0919 6
      vertex 15.1908 41.9626 1.2
      vertex 15.4027 42.0919 1.2
    endloop
  endfacet
  facet normal 0.957615 -0.28805 0
    outer loop
      vertex 14.5207 40.9496 6
      vertex 14.5922 41.1873 1.2
      vertex 14.5922 41.1873 6
    endloop
  endfacet
  facet normal 0.957615 -0.28805 0
    outer loop
      vertex 14.5922 41.1873 1.2
      vertex 14.5207 40.9496 6
      vertex 14.5207 40.9496 1.2
    endloop
  endfacet
  facet normal 0.905502 0.424341 0
    outer loop
      vertex 14.6975 39.748 6
      vertex 14.5922 39.9727 1.2
      vertex 14.5922 39.9727 6
    endloop
  endfacet
  facet normal 0.905502 0.424341 0
    outer loop
      vertex 14.5922 39.9727 1.2
      vertex 14.6975 39.748 6
      vertex 14.6975 39.748 1.2
    endloop
  endfacet
  facet normal 0.253045 0.967454 -0
    outer loop
      vertex 15.8712 38.9083 1.2
      vertex 15.6311 38.9711 6
      vertex 15.8712 38.9083 6
    endloop
  endfacet
  facet normal 0.253045 0.967454 0
    outer loop
      vertex 15.6311 38.9711 6
      vertex 15.8712 38.9083 1.2
      vertex 15.6311 38.9711 1.2
    endloop
  endfacet
  facet normal -0.871963 -0.489572 0
    outer loop
      vertex 17.7193 41.3016 1.2
      vertex 17.5978 41.518 6
      vertex 17.5978 41.518 1.2
    endloop
  endfacet
  facet normal -0.871963 -0.489572 0
    outer loop
      vertex 17.5978 41.518 6
      vertex 17.7193 41.3016 1.2
      vertex 17.7193 41.3016 6
    endloop
  endfacet
  facet normal -0.791409 -0.611287 0
    outer loop
      vertex 17.5978 41.518 1.2
      vertex 17.4461 41.7144 6
      vertex 17.4461 41.7144 1.2
    endloop
  endfacet
  facet normal -0.791409 -0.611287 0
    outer loop
      vertex 17.4461 41.7144 6
      vertex 17.5978 41.518 1.2
      vertex 17.5978 41.518 6
    endloop
  endfacet
  facet normal -0.322748 -0.946485 0
    outer loop
      vertex 16.61 42.2247 1.2
      vertex 16.8449 42.1446 6
      vertex 16.61 42.2247 6
    endloop
  endfacet
  facet normal -0.322748 -0.946485 -0
    outer loop
      vertex 16.8449 42.1446 6
      vertex 16.61 42.2247 1.2
      vertex 16.8449 42.1446 1.2
    endloop
  endfacet
  facet normal -0.181685 -0.983357 0
    outer loop
      vertex 16.3659 42.2698 1.2
      vertex 16.61 42.2247 6
      vertex 16.3659 42.2698 6
    endloop
  endfacet
  facet normal -0.181685 -0.983357 -0
    outer loop
      vertex 16.61 42.2247 6
      vertex 16.3659 42.2698 1.2
      vertex 16.61 42.2247 1.2
    endloop
  endfacet
  facet normal 1 -0 0
    outer loop
      vertex 14.4845 40.4559 6
      vertex 14.4845 40.7041 1.2
      vertex 14.4845 40.7041 6
    endloop
  endfacet
  facet normal 1 0 0
    outer loop
      vertex 14.4845 40.7041 1.2
      vertex 14.4845 40.4559 6
      vertex 14.4845 40.4559 1.2
    endloop
  endfacet
  facet normal 0.833905 -0.551908 0
    outer loop
      vertex 14.6975 41.412 6
      vertex 14.8345 41.619 1.2
      vertex 14.8345 41.619 6
    endloop
  endfacet
  facet normal 0.833905 -0.551908 0
    outer loop
      vertex 14.8345 41.619 1.2
      vertex 14.6975 41.412 6
      vertex 14.6975 41.412 1.2
    endloop
  endfacet
  facet normal 0.639907 -0.768452 0
    outer loop
      vertex 15.0001 41.8038 1.2
      vertex 15.1908 41.9626 6
      vertex 15.0001 41.8038 6
    endloop
  endfacet
  facet normal 0.639907 -0.768452 0
    outer loop
      vertex 15.1908 41.9626 6
      vertex 15.0001 41.8038 1.2
      vertex 15.1908 41.9626 1.2
    endloop
  endfacet
  facet normal 0.390902 -0.920432 0
    outer loop
      vertex 15.4027 42.0919 1.2
      vertex 15.6311 42.1889 6
      vertex 15.4027 42.0919 6
    endloop
  endfacet
  facet normal 0.390902 -0.920432 0
    outer loop
      vertex 15.6311 42.1889 6
      vertex 15.4027 42.0919 1.2
      vertex 15.6311 42.1889 1.2
    endloop
  endfacet
  facet normal 0.744735 -0.66736 0
    outer loop
      vertex 14.8345 41.619 6
      vertex 15.0001 41.8038 1.2
      vertex 15.0001 41.8038 6
    endloop
  endfacet
  facet normal 0.744735 -0.66736 0
    outer loop
      vertex 15.0001 41.8038 1.2
      vertex 14.8345 41.619 6
      vertex 14.8345 41.619 1.2
    endloop
  endfacet
  facet normal -0.997337 -0.0729365 0
    outer loop
      vertex 17.88 40.58 1.2
      vertex 17.8619 40.8275 6
      vertex 17.8619 40.8275 1.2
    endloop
  endfacet
  facet normal -0.997337 -0.0729365 0
    outer loop
      vertex 17.8619 40.8275 6
      vertex 17.88 40.58 1.2
      vertex 17.88 40.58 6
    endloop
  endfacet
  facet normal -0.181685 0.983357 0
    outer loop
      vertex 16.61 38.9353 1.2
      vertex 16.3659 38.8902 6
      vertex 16.61 38.9353 6
    endloop
  endfacet
  facet normal -0.181685 0.983357 0
    outer loop
      vertex 16.3659 38.8902 6
      vertex 16.61 38.9353 1.2
      vertex 16.3659 38.8902 1.2
    endloop
  endfacet
  facet normal -0.976054 0.217528 0
    outer loop
      vertex 17.8079 40.0902 1.2
      vertex 17.8619 40.3325 6
      vertex 17.8619 40.3325 1.2
    endloop
  endfacet
  facet normal -0.976054 0.217528 0
    outer loop
      vertex 17.8619 40.3325 6
      vertex 17.8079 40.0902 1.2
      vertex 17.8079 40.0902 6
    endloop
  endfacet
  facet normal -0.0366689 0.999327 0
    outer loop
      vertex 16.3659 38.8902 1.2
      vertex 16.1179 38.8811 6
      vertex 16.3659 38.8902 6
    endloop
  endfacet
  facet normal -0.0366689 0.999327 0
    outer loop
      vertex 16.1179 38.8811 6
      vertex 16.3659 38.8902 1.2
      vertex 16.1179 38.8811 1.2
    endloop
  endfacet
  facet normal 0.52088 0.85363 -0
    outer loop
      vertex 15.4027 39.0681 1.2
      vertex 15.1908 39.1974 6
      vertex 15.4027 39.0681 6
    endloop
  endfacet
  facet normal 0.52088 0.85363 0
    outer loop
      vertex 15.1908 39.1974 6
      vertex 15.4027 39.0681 1.2
      vertex 15.1908 39.1974 1.2
    endloop
  endfacet
  facet normal 0.833905 0.551908 0
    outer loop
      vertex 14.8345 39.541 6
      vertex 14.6975 39.748 1.2
      vertex 14.6975 39.748 6
    endloop
  endfacet
  facet normal 0.833905 0.551908 0
    outer loop
      vertex 14.6975 39.748 1.2
      vertex 14.8345 39.541 6
      vertex 14.8345 39.541 1.2
    endloop
  endfacet
  facet normal 0.989303 0.145877 0
    outer loop
      vertex 14.5207 40.2104 6
      vertex 14.4845 40.4559 1.2
      vertex 14.4845 40.4559 6
    endloop
  endfacet
  facet normal 0.989303 0.145877 0
    outer loop
      vertex 14.4845 40.4559 1.2
      vertex 14.5207 40.2104 6
      vertex 14.5207 40.2104 1.2
    endloop
  endfacet
  facet normal -0.934091 -0.357034 0
    outer loop
      vertex 17.8079 41.0698 1.2
      vertex 17.7193 41.3016 6
      vertex 17.7193 41.3016 1.2
    endloop
  endfacet
  facet normal -0.934091 -0.357034 0
    outer loop
      vertex 17.7193 41.3016 6
      vertex 17.8079 41.0698 1.2
      vertex 17.8079 41.0698 6
    endloop
  endfacet
  facet normal -0.694098 -0.71988 0
    outer loop
      vertex 17.2674 41.8867 1.2
      vertex 17.4461 41.7144 6
      vertex 17.2674 41.8867 6
    endloop
  endfacet
  facet normal -0.694098 -0.71988 -0
    outer loop
      vertex 17.4461 41.7144 6
      vertex 17.2674 41.8867 1.2
      vertex 17.4461 41.7144 1.2
    endloop
  endfacet
  facet normal -0.581924 -0.813243 0
    outer loop
      vertex 17.0656 42.0311 1.2
      vertex 17.2674 41.8867 6
      vertex 17.0656 42.0311 6
    endloop
  endfacet
  facet normal -0.581924 -0.813243 -0
    outer loop
      vertex 17.2674 41.8867 6
      vertex 17.0656 42.0311 1.2
      vertex 17.2674 41.8867 1.2
    endloop
  endfacet
  facet normal 0.109591 -0.993977 0
    outer loop
      vertex 15.8712 42.2517 1.2
      vertex 16.1179 42.2789 6
      vertex 15.8712 42.2517 6
    endloop
  endfacet
  facet normal 0.109591 -0.993977 0
    outer loop
      vertex 16.1179 42.2789 6
      vertex 15.8712 42.2517 1.2
      vertex 16.1179 42.2789 1.2
    endloop
  endfacet
  facet normal 0.905502 -0.424341 0
    outer loop
      vertex 14.5922 41.1873 6
      vertex 14.6975 41.412 1.2
      vertex 14.6975 41.412 6
    endloop
  endfacet
  facet normal 0.905502 -0.424341 0
    outer loop
      vertex 14.6975 41.412 1.2
      vertex 14.5922 41.1873 6
      vertex 14.5922 41.1873 1.2
    endloop
  endfacet
  facet normal 0.253045 -0.967454 0
    outer loop
      vertex 15.6311 42.1889 1.2
      vertex 15.8712 42.2517 6
      vertex 15.6311 42.1889 6
    endloop
  endfacet
  facet normal 0.253045 -0.967454 0
    outer loop
      vertex 15.8712 42.2517 6
      vertex 15.6311 42.1889 1.2
      vertex 15.8712 42.2517 1.2
    endloop
  endfacet
  facet normal -0.871963 0.489572 0
    outer loop
      vertex 17.5978 39.642 1.2
      vertex 17.7193 39.8584 6
      vertex 17.7193 39.8584 1.2
    endloop
  endfacet
  facet normal -0.871963 0.489572 0
    outer loop
      vertex 17.7193 39.8584 6
      vertex 17.5978 39.642 1.2
      vertex 17.5978 39.642 6
    endloop
  endfacet
  facet normal -0.934091 0.357034 0
    outer loop
      vertex 17.7193 39.8584 1.2
      vertex 17.8079 40.0902 6
      vertex 17.8079 40.0902 1.2
    endloop
  endfacet
  facet normal -0.934091 0.357034 0
    outer loop
      vertex 17.8079 40.0902 6
      vertex 17.7193 39.8584 1.2
      vertex 17.7193 39.8584 6
    endloop
  endfacet
  facet normal -0.322748 0.946485 0
    outer loop
      vertex 16.8449 39.0154 1.2
      vertex 16.61 38.9353 6
      vertex 16.8449 39.0154 6
    endloop
  endfacet
  facet normal -0.322748 0.946485 0
    outer loop
      vertex 16.61 38.9353 6
      vertex 16.8449 39.0154 1.2
      vertex 16.61 38.9353 1.2
    endloop
  endfacet
  facet normal -0.791409 0.611287 0
    outer loop
      vertex 17.4461 39.4456 1.2
      vertex 17.5978 39.642 6
      vertex 17.5978 39.642 1.2
    endloop
  endfacet
  facet normal -0.791409 0.611287 0
    outer loop
      vertex 17.5978 39.642 6
      vertex 17.4461 39.4456 1.2
      vertex 17.4461 39.4456 6
    endloop
  endfacet
  facet normal -0.581924 0.813243 0
    outer loop
      vertex 17.2674 39.2733 1.2
      vertex 17.0656 39.1289 6
      vertex 17.2674 39.2733 6
    endloop
  endfacet
  facet normal -0.581924 0.813243 0
    outer loop
      vertex 17.0656 39.1289 6
      vertex 17.2674 39.2733 1.2
      vertex 17.0656 39.1289 1.2
    endloop
  endfacet
  facet normal 0.390902 0.920432 -0
    outer loop
      vertex 15.6311 38.9711 1.2
      vertex 15.4027 39.0681 6
      vertex 15.6311 38.9711 6
    endloop
  endfacet
  facet normal 0.390902 0.920432 0
    outer loop
      vertex 15.4027 39.0681 6
      vertex 15.6311 38.9711 1.2
      vertex 15.4027 39.0681 1.2
    endloop
  endfacet
  facet normal 0.957615 0.28805 0
    outer loop
      vertex 14.5922 39.9727 6
      vertex 14.5207 40.2104 1.2
      vertex 14.5207 40.2104 6
    endloop
  endfacet
  facet normal 0.957615 0.28805 0
    outer loop
      vertex 14.5207 40.2104 1.2
      vertex 14.5922 39.9727 6
      vertex 14.5922 39.9727 1.2
    endloop
  endfacet
  facet normal 0.744735 0.66736 0
    outer loop
      vertex 15.0001 39.3562 6
      vertex 14.8345 39.541 1.2
      vertex 14.8345 39.541 6
    endloop
  endfacet
  facet normal 0.744735 0.66736 0
    outer loop
      vertex 14.8345 39.541 1.2
      vertex 15.0001 39.3562 6
      vertex 15.0001 39.3562 1.2
    endloop
  endfacet
  facet normal 0.639907 0.768452 -0
    outer loop
      vertex 15.1908 39.1974 1.2
      vertex 15.0001 39.3562 6
      vertex 15.1908 39.1974 6
    endloop
  endfacet
  facet normal 0.639907 0.768452 0
    outer loop
      vertex 15.0001 39.3562 6
      vertex 15.1908 39.1974 1.2
      vertex 15.0001 39.3562 1.2
    endloop
  endfacet
  facet normal -0.976054 -0.217528 0
    outer loop
      vertex 17.8619 40.8275 1.2
      vertex 17.8079 41.0698 6
      vertex 17.8079 41.0698 1.2
    endloop
  endfacet
  facet normal -0.976054 -0.217528 0
    outer loop
      vertex 17.8079 41.0698 6
      vertex 17.8619 40.8275 1.2
      vertex 17.8619 40.8275 6
    endloop
  endfacet
  facet normal -0.0366689 -0.999327 0
    outer loop
      vertex 16.1179 42.2789 1.2
      vertex 16.3659 42.2698 6
      vertex 16.1179 42.2789 6
    endloop
  endfacet
  facet normal -0.0366689 -0.999327 -0
    outer loop
      vertex 16.3659 42.2698 6
      vertex 16.1179 42.2789 1.2
      vertex 16.3659 42.2698 1.2
    endloop
  endfacet
  facet normal -0.457339 0.889292 0
    outer loop
      vertex 17.0656 39.1289 1.2
      vertex 16.8449 39.0154 6
      vertex 17.0656 39.1289 6
    endloop
  endfacet
  facet normal -0.457339 0.889292 0
    outer loop
      vertex 16.8449 39.0154 6
      vertex 17.0656 39.1289 1.2
      vertex 16.8449 39.0154 1.2
    endloop
  endfacet
  facet normal -0.694098 0.71988 0
    outer loop
      vertex 17.4461 39.4456 1.2
      vertex 17.2674 39.2733 6
      vertex 17.4461 39.4456 6
    endloop
  endfacet
  facet normal -0.694098 0.71988 0
    outer loop
      vertex 17.2674 39.2733 6
      vertex 17.4461 39.4456 1.2
      vertex 17.2674 39.2733 1.2
    endloop
  endfacet
  facet normal -0.866066 -0.499931 0
    outer loop
      vertex 18.9249 42.0206 -3
      vertex 18.8001 42.2368 1.2
      vertex 18.8001 42.2368 -3
    endloop
  endfacet
  facet normal -0.866066 -0.499931 0
    outer loop
      vertex 18.8001 42.2368 1.2
      vertex 18.9249 42.0206 -3
      vertex 18.9249 42.0206 1.2
    endloop
  endfacet
  facet normal -0.391887 -0.920013 0
    outer loop
      vertex 17.2793 43.4785 -3
      vertex 17.5089 43.3807 1.2
      vertex 17.2793 43.4785 1.2
    endloop
  endfacet
  facet normal -0.391887 -0.920013 -0
    outer loop
      vertex 17.5089 43.3807 1.2
      vertex 17.2793 43.4785 -3
      vertex 17.5089 43.3807 -3
    endloop
  endfacet
  facet normal 0.316829 -0.948483 0
    outer loop
      vertex 15.0807 43.4785 -3
      vertex 15.3175 43.5576 1.2
      vertex 15.0807 43.4785 1.2
    endloop
  endfacet
  facet normal 0.316829 -0.948483 0
    outer loop
      vertex 15.3175 43.5576 1.2
      vertex 15.0807 43.4785 -3
      vertex 15.3175 43.5576 -3
    endloop
  endfacet
  facet normal 0.903452 -0.428689 0
    outer loop
      vertex 13.3281 41.7951 1.2
      vertex 13.4351 42.0206 -3
      vertex 13.4351 42.0206 1.2
    endloop
  endfacet
  facet normal 0.903452 -0.428689 0
    outer loop
      vertex 13.4351 42.0206 -3
      vertex 13.3281 41.7951 1.2
      vertex 13.3281 41.7951 -3
    endloop
  endfacet
  facet normal -0.0804933 -0.996755 0
    outer loop
      vertex 16.3048 43.6775 -3
      vertex 16.5537 43.6574 1.2
      vertex 16.3048 43.6775 1.2
    endloop
  endfacet
  facet normal -0.0804933 -0.996755 -0
    outer loop
      vertex 16.5537 43.6574 1.2
      vertex 16.3048 43.6775 -3
      vertex 16.5537 43.6574 -3
    endloop
  endfacet
  facet normal -0.600513 -0.799615 0
    outer loop
      vertex 17.941 43.1312 -3
      vertex 18.1406 42.9813 1.2
      vertex 17.941 43.1312 1.2
    endloop
  endfacet
  facet normal -0.600513 -0.799615 -0
    outer loop
      vertex 18.1406 42.9813 1.2
      vertex 17.941 43.1312 -3
      vertex 18.1406 42.9813 -3
    endloop
  endfacet
  facet normal 0.97974 -0.200274 0
    outer loop
      vertex 13.1201 41.0773 1.2
      vertex 13.1701 41.3219 -3
      vertex 13.1701 41.3219 1.2
    endloop
  endfacet
  facet normal 0.97974 -0.200274 0
    outer loop
      vertex 13.1701 41.3219 -3
      vertex 13.1201 41.0773 1.2
      vertex 13.1201 41.0773 -3
    endloop
  endfacet
  facet normal 0.720987 -0.692949 0
    outer loop
      vertex 13.8596 42.6357 1.2
      vertex 14.0326 42.8157 -3
      vertex 14.0326 42.8157 1.2
    endloop
  endfacet
  facet normal 0.720987 -0.692949 0
    outer loop
      vertex 14.0326 42.8157 -3
      vertex 13.8596 42.6357 1.2
      vertex 13.8596 42.6357 -3
    endloop
  endfacet
  facet normal 0.16024 -0.987078 0
    outer loop
      vertex 15.5599 43.6174 -3
      vertex 15.8063 43.6574 1.2
      vertex 15.5599 43.6174 1.2
    endloop
  endfacet
  facet normal 0.16024 -0.987078 0
    outer loop
      vertex 15.8063 43.6574 1.2
      vertex 15.5599 43.6174 -3
      vertex 15.8063 43.6574 -3
    endloop
  endfacet
  facet normal -0.992757 0.12014 0
    outer loop
      vertex 19.2399 40.0827 -3
      vertex 19.2699 40.3306 1.2
      vertex 19.2699 40.3306 -3
    endloop
  endfacet
  facet normal -0.992757 0.12014 0
    outer loop
      vertex 19.2699 40.3306 1.2
      vertex 19.2399 40.0827 -3
      vertex 19.2399 40.0827 1.2
    endloop
  endfacet
  facet normal -0.464591 0.885526 0
    outer loop
      vertex 17.73 37.8953 -3
      vertex 17.5089 37.7793 1.2
      vertex 17.73 37.8953 1.2
    endloop
  endfacet
  facet normal -0.464591 0.885526 0
    outer loop
      vertex 17.5089 37.7793 1.2
      vertex 17.73 37.8953 -3
      vertex 17.5089 37.7793 -3
    endloop
  endfacet
  facet normal 0.663369 0.748293 -0
    outer loop
      vertex 14.2194 38.1787 -3
      vertex 14.0326 38.3443 1.2
      vertex 14.2194 38.1787 1.2
    endloop
  endfacet
  facet normal 0.663369 0.748293 0
    outer loop
      vertex 14.0326 38.3443 1.2
      vertex 14.2194 38.1787 -3
      vertex 14.0326 38.3443 -3
    endloop
  endfacet
  facet normal 0.903452 0.428689 0
    outer loop
      vertex 13.4351 39.1394 1.2
      vertex 13.3281 39.3649 -3
      vertex 13.3281 39.3649 1.2
    endloop
  endfacet
  facet normal 0.903452 0.428689 0
    outer loop
      vertex 13.3281 39.3649 -3
      vertex 13.4351 39.1394 1.2
      vertex 13.4351 39.1394 -3
    endloop
  endfacet
  facet normal -0.934906 -0.354896 0
    outer loop
      vertex 19.1205 41.5617 -3
      vertex 19.0319 41.7951 1.2
      vertex 19.0319 41.7951 -3
    endloop
  endfacet
  facet normal -0.934906 -0.354896 0
    outer loop
      vertex 19.0319 41.7951 1.2
      vertex 19.1205 41.5617 -3
      vertex 19.1205 41.5617 1.2
    endloop
  endfacet
  facet normal -0.823071 -0.567939 0
    outer loop
      vertex 18.8001 42.2368 -3
      vertex 18.6583 42.4423 1.2
      vertex 18.6583 42.4423 -3
    endloop
  endfacet
  facet normal -0.823071 -0.567939 0
    outer loop
      vertex 18.6583 42.4423 1.2
      vertex 18.8001 42.2368 -3
      vertex 18.8001 42.2368 1.2
    endloop
  endfacet
  facet normal -0.720987 -0.692949 0
    outer loop
      vertex 18.5004 42.6357 -3
      vertex 18.3274 42.8157 1.2
      vertex 18.3274 42.8157 -3
    endloop
  endfacet
  facet normal -0.720987 -0.692949 0
    outer loop
      vertex 18.3274 42.8157 1.2
      vertex 18.5004 42.6357 -3
      vertex 18.5004 42.6357 1.2
    endloop
  endfacet
  facet normal -0.774617 -0.63243 0
    outer loop
      vertex 18.6583 42.4423 -3
      vertex 18.5004 42.6357 1.2
      vertex 18.5004 42.6357 -3
    endloop
  endfacet
  facet normal -0.774617 -0.63243 0
    outer loop
      vertex 18.5004 42.6357 1.2
      vertex 18.6583 42.4423 -3
      vertex 18.6583 42.4423 1.2
    endloop
  endfacet
  facet normal 0 -1 0
    outer loop
      vertex 16.0552 43.6775 -3
      vertex 16.3048 43.6775 1.2
      vertex 16.0552 43.6775 1.2
    endloop
  endfacet
  facet normal 0 -1 -0
    outer loop
      vertex 16.3048 43.6775 1.2
      vertex 16.0552 43.6775 -3
      vertex 16.3048 43.6775 -3
    endloop
  endfacet
  facet normal -0.316829 -0.948483 0
    outer loop
      vertex 17.0425 43.5576 -3
      vertex 17.2793 43.4785 1.2
      vertex 17.0425 43.5576 1.2
    endloop
  endfacet
  facet normal -0.316829 -0.948483 -0
    outer loop
      vertex 17.2793 43.4785 1.2
      vertex 17.0425 43.5576 -3
      vertex 17.2793 43.4785 -3
    endloop
  endfacet
  facet normal -0.16024 -0.987078 0
    outer loop
      vertex 16.5537 43.6574 -3
      vertex 16.8001 43.6174 1.2
      vertex 16.5537 43.6574 1.2
    endloop
  endfacet
  facet normal -0.16024 -0.987078 -0
    outer loop
      vertex 16.8001 43.6174 1.2
      vertex 16.5537 43.6574 -3
      vertex 16.8001 43.6174 -3
    endloop
  endfacet
  facet normal -0.534671 -0.84506 0
    outer loop
      vertex 17.73 43.2647 -3
      vertex 17.941 43.1312 1.2
      vertex 17.73 43.2647 1.2
    endloop
  endfacet
  facet normal -0.534671 -0.84506 -0
    outer loop
      vertex 17.941 43.1312 1.2
      vertex 17.73 43.2647 -3
      vertex 17.941 43.1312 -3
    endloop
  endfacet
  facet normal -0.663369 -0.748293 0
    outer loop
      vertex 18.1406 42.9813 -3
      vertex 18.3274 42.8157 1.2
      vertex 18.1406 42.9813 1.2
    endloop
  endfacet
  facet normal -0.663369 -0.748293 -0
    outer loop
      vertex 18.3274 42.8157 1.2
      vertex 18.1406 42.9813 -3
      vertex 18.3274 42.8157 -3
    endloop
  endfacet
  facet normal 0.999181 -0.040464 0
    outer loop
      vertex 13.08 40.58 1.2
      vertex 13.0901 40.8294 -3
      vertex 13.0901 40.8294 1.2
    endloop
  endfacet
  facet normal 0.999181 -0.040464 0
    outer loop
      vertex 13.0901 40.8294 -3
      vertex 13.08 40.58 1.2
      vertex 13.08 40.58 -3
    endloop
  endfacet
  facet normal 0.934906 -0.354896 0
    outer loop
      vertex 13.2395 41.5617 1.2
      vertex 13.3281 41.7951 -3
      vertex 13.3281 41.7951 1.2
    endloop
  endfacet
  facet normal 0.934906 -0.354896 0
    outer loop
      vertex 13.3281 41.7951 -3
      vertex 13.2395 41.5617 1.2
      vertex 13.2395 41.5617 -3
    endloop
  endfacet
  facet normal 0.960581 -0.278 0
    outer loop
      vertex 13.1701 41.3219 1.2
      vertex 13.2395 41.5617 -3
      vertex 13.2395 41.5617 1.2
    endloop
  endfacet
  facet normal 0.960581 -0.278 0
    outer loop
      vertex 13.2395 41.5617 -3
      vertex 13.1701 41.3219 1.2
      vertex 13.1701 41.3219 -3
    endloop
  endfacet
  facet normal 0.774617 -0.63243 0
    outer loop
      vertex 13.7017 42.4423 1.2
      vertex 13.8596 42.6357 -3
      vertex 13.8596 42.6357 1.2
    endloop
  endfacet
  facet normal 0.774617 -0.63243 0
    outer loop
      vertex 13.8596 42.6357 -3
      vertex 13.7017 42.4423 1.2
      vertex 13.7017 42.4423 -3
    endloop
  endfacet
  facet normal 0.239519 -0.970892 0
    outer loop
      vertex 15.3175 43.5576 -3
      vertex 15.5599 43.6174 1.2
      vertex 15.3175 43.5576 1.2
    endloop
  endfacet
  facet normal 0.239519 -0.970892 0
    outer loop
      vertex 15.5599 43.6174 1.2
      vertex 15.3175 43.5576 -3
      vertex 15.5599 43.6174 -3
    endloop
  endfacet
  facet normal 0.0804933 -0.996755 0
    outer loop
      vertex 15.8063 43.6574 -3
      vertex 16.0552 43.6775 1.2
      vertex 15.8063 43.6574 1.2
    endloop
  endfacet
  facet normal 0.0804933 -0.996755 0
    outer loop
      vertex 16.0552 43.6775 1.2
      vertex 15.8063 43.6574 -3
      vertex 16.0552 43.6775 -3
    endloop
  endfacet
  facet normal 0.534671 -0.84506 0
    outer loop
      vertex 14.419 43.1312 -3
      vertex 14.63 43.2647 1.2
      vertex 14.419 43.1312 1.2
    endloop
  endfacet
  facet normal 0.534671 -0.84506 0
    outer loop
      vertex 14.63 43.2647 1.2
      vertex 14.419 43.1312 -3
      vertex 14.63 43.2647 -3
    endloop
  endfacet
  facet normal 0.600513 -0.799615 0
    outer loop
      vertex 14.2194 42.9813 -3
      vertex 14.419 43.1312 1.2
      vertex 14.2194 42.9813 1.2
    endloop
  endfacet
  facet normal 0.600513 -0.799615 0
    outer loop
      vertex 14.419 43.1312 1.2
      vertex 14.2194 42.9813 -3
      vertex 14.419 43.1312 -3
    endloop
  endfacet
  facet normal 0.464591 -0.885526 0
    outer loop
      vertex 14.63 43.2647 -3
      vertex 14.8511 43.3807 1.2
      vertex 14.63 43.2647 1.2
    endloop
  endfacet
  facet normal 0.464591 -0.885526 0
    outer loop
      vertex 14.8511 43.3807 1.2
      vertex 14.63 43.2647 -3
      vertex 14.8511 43.3807 -3
    endloop
  endfacet
  facet normal 0.663369 -0.748293 0
    outer loop
      vertex 14.0326 42.8157 -3
      vertex 14.2194 42.9813 1.2
      vertex 14.0326 42.8157 1.2
    endloop
  endfacet
  facet normal 0.663369 -0.748293 0
    outer loop
      vertex 14.2194 42.9813 1.2
      vertex 14.0326 42.8157 -3
      vertex 14.2194 42.9813 -3
    endloop
  endfacet
  facet normal -0.999181 -0.040464 0
    outer loop
      vertex 19.28 40.58 -3
      vertex 19.2699 40.8294 1.2
      vertex 19.2699 40.8294 -3
    endloop
  endfacet
  facet normal -0.999181 -0.040464 0
    outer loop
      vertex 19.2699 40.8294 1.2
      vertex 19.28 40.58 -3
      vertex 19.28 40.58 1.2
    endloop
  endfacet
  facet normal -0.960581 0.278 0
    outer loop
      vertex 19.1205 39.5983 -3
      vertex 19.1899 39.8381 1.2
      vertex 19.1899 39.8381 -3
    endloop
  endfacet
  facet normal -0.960581 0.278 0
    outer loop
      vertex 19.1899 39.8381 1.2
      vertex 19.1205 39.5983 -3
      vertex 19.1205 39.5983 1.2
    endloop
  endfacet
  facet normal 0.774617 0.63243 0
    outer loop
      vertex 13.8596 38.5243 1.2
      vertex 13.7017 38.7177 -3
      vertex 13.7017 38.7177 1.2
    endloop
  endfacet
  facet normal 0.774617 0.63243 0
    outer loop
      vertex 13.7017 38.7177 -3
      vertex 13.8596 38.5243 1.2
      vertex 13.8596 38.5243 -3
    endloop
  endfacet
  facet normal -0.0804933 0.996755 0
    outer loop
      vertex 16.5537 37.5026 -3
      vertex 16.3048 37.4825 1.2
      vertex 16.5537 37.5026 1.2
    endloop
  endfacet
  facet normal -0.0804933 0.996755 0
    outer loop
      vertex 16.3048 37.4825 1.2
      vertex 16.5537 37.5026 -3
      vertex 16.3048 37.4825 -3
    endloop
  endfacet
  facet normal -0.16024 0.987078 0
    outer loop
      vertex 16.8001 37.5426 -3
      vertex 16.5537 37.5026 1.2
      vertex 16.8001 37.5426 1.2
    endloop
  endfacet
  facet normal -0.16024 0.987078 0
    outer loop
      vertex 16.5537 37.5026 1.2
      vertex 16.8001 37.5426 -3
      vertex 16.5537 37.5026 -3
    endloop
  endfacet
  facet normal -0.903452 -0.428689 0
    outer loop
      vertex 19.0319 41.7951 -3
      vertex 18.9249 42.0206 1.2
      vertex 18.9249 42.0206 -3
    endloop
  endfacet
  facet normal -0.903452 -0.428689 0
    outer loop
      vertex 18.9249 42.0206 1.2
      vertex 19.0319 41.7951 -3
      vertex 19.0319 41.7951 1.2
    endloop
  endfacet
  facet normal -0.97974 -0.200274 0
    outer loop
      vertex 19.2399 41.0773 -3
      vertex 19.1899 41.3219 1.2
      vertex 19.1899 41.3219 -3
    endloop
  endfacet
  facet normal -0.97974 -0.200274 0
    outer loop
      vertex 19.1899 41.3219 1.2
      vertex 19.2399 41.0773 -3
      vertex 19.2399 41.0773 1.2
    endloop
  endfacet
  facet normal -0.239519 -0.970892 0
    outer loop
      vertex 16.8001 43.6174 -3
      vertex 17.0425 43.5576 1.2
      vertex 16.8001 43.6174 1.2
    endloop
  endfacet
  facet normal -0.239519 -0.970892 -0
    outer loop
      vertex 17.0425 43.5576 1.2
      vertex 16.8001 43.6174 -3
      vertex 17.0425 43.5576 -3
    endloop
  endfacet
  facet normal -0.464591 -0.885526 0
    outer loop
      vertex 17.5089 43.3807 -3
      vertex 17.73 43.2647 1.2
      vertex 17.5089 43.3807 1.2
    endloop
  endfacet
  facet normal -0.464591 -0.885526 -0
    outer loop
      vertex 17.73 43.2647 1.2
      vertex 17.5089 43.3807 -3
      vertex 17.73 43.2647 -3
    endloop
  endfacet
  facet normal 0.992757 -0.12014 0
    outer loop
      vertex 13.0901 40.8294 1.2
      vertex 13.1201 41.0773 -3
      vertex 13.1201 41.0773 1.2
    endloop
  endfacet
  facet normal 0.992757 -0.12014 0
    outer loop
      vertex 13.1201 41.0773 -3
      vertex 13.0901 40.8294 1.2
      vertex 13.0901 40.8294 -3
    endloop
  endfacet
  facet normal 0 0 -1
    outer loop
      vertex 17.88 40.58 1.2
      vertex 19.28 40.58 1.2
      vertex 19.2699 40.3306 1.2
    endloop
  endfacet
  facet normal 0 0 -1
    outer loop
      vertex 17.8619 40.3325 1.2
      vertex 19.2699 40.3306 1.2
      vertex 19.2399 40.0827 1.2
    endloop
  endfacet
  facet normal 0 0 -1
    outer loop
      vertex 19.28 40.58 1.2
      vertex 17.88 40.58 1.2
      vertex 19.2699 40.8294 1.2
    endloop
  endfacet
  facet normal 0 0 -1
    outer loop
      vertex 17.8619 40.3325 1.2
      vertex 19.2399 40.0827 1.2
      vertex 19.1899 39.8381 1.2
    endloop
  endfacet
  facet normal 0 0 -1
    outer loop
      vertex 17.8619 40.8275 1.2
      vertex 19.2699 40.8294 1.2
      vertex 17.88 40.58 1.2
    endloop
  endfacet
  facet normal 0 0 -1
    outer loop
      vertex 17.8079 40.0902 1.2
      vertex 19.1899 39.8381 1.2
      vertex 19.1205 39.5983 1.2
    endloop
  endfacet
  facet normal -0 0 -1
    outer loop
      vertex 19.2699 40.8294 1.2
      vertex 17.8619 40.8275 1.2
      vertex 19.2399 41.0773 1.2
    endloop
  endfacet
  facet normal 0 0 -1
    outer loop
      vertex 17.8079 40.0902 1.2
      vertex 19.1205 39.5983 1.2
      vertex 19.0319 39.3649 1.2
    endloop
  endfacet
  facet normal -0 0 -1
    outer loop
      vertex 19.2399 41.0773 1.2
      vertex 17.8619 40.8275 1.2
      vertex 19.1899 41.3219 1.2
    endloop
  endfacet
  facet normal 0 0 -1
    outer loop
      vertex 17.7193 39.8584 1.2
      vertex 19.0319 39.3649 1.2
      vertex 18.9249 39.1394 1.2
    endloop
  endfacet
  facet normal 0 0 -1
    outer loop
      vertex 17.8079 41.0698 1.2
      vertex 19.1899 41.3219 1.2
      vertex 17.8619 40.8275 1.2
    endloop
  endfacet
  facet normal 0 0 -1
    outer loop
      vertex 17.5978 39.642 1.2
      vertex 18.9249 39.1394 1.2
      vertex 18.8001 38.9232 1.2
    endloop
  endfacet
  facet normal -0 0 -1
    outer loop
      vertex 19.1899 41.3219 1.2
      vertex 17.8079 41.0698 1.2
      vertex 19.1205 41.5617 1.2
    endloop
  endfacet
  facet normal 0 0 -1
    outer loop
      vertex 17.5978 39.642 1.2
      vertex 18.8001 38.9232 1.2
      vertex 18.6583 38.7177 1.2
    endloop
  endfacet
  facet normal -0 0 -1
    outer loop
      vertex 19.1205 41.5617 1.2
      vertex 17.8079 41.0698 1.2
      vertex 19.0319 41.7951 1.2
    endloop
  endfacet
  facet normal 0 0 -1
    outer loop
      vertex 17.4461 39.4456 1.2
      vertex 18.6583 38.7177 1.2
      vertex 18.5004 38.5243 1.2
    endloop
  endfacet
  facet normal 0 0 -1
    outer loop
      vertex 17.7193 41.3016 1.2
      vertex 19.0319 41.7951 1.2
      vertex 17.8079 41.0698 1.2
    endloop
  endfacet
  facet normal 0 0 -1
    outer loop
      vertex 17.4461 39.4456 1.2
      vertex 18.5004 38.5243 1.2
      vertex 18.3274 38.3443 1.2
    endloop
  endfacet
  facet normal -0 0 -1
    outer loop
      vertex 19.0319 41.7951 1.2
      vertex 17.7193 41.3016 1.2
      vertex 18.9249 42.0206 1.2
    endloop
  endfacet
  facet normal 0 0 -1
    outer loop
      vertex 17.2674 39.2733 1.2
      vertex 18.3274 38.3443 1.2
      vertex 18.1406 38.1787 1.2
    endloop
  endfacet
  facet normal 0 0 -1
    outer loop
      vertex 17.5978 41.518 1.2
      vertex 18.9249 42.0206 1.2
      vertex 17.7193 41.3016 1.2
    endloop
  endfacet
  facet normal 0 0 -1
    outer loop
      vertex 17.2674 39.2733 1.2
      vertex 18.1406 38.1787 1.2
      vertex 17.941 38.0288 1.2
    endloop
  endfacet
  facet normal -0 0 -1
    outer loop
      vertex 18.9249 42.0206 1.2
      vertex 17.5978 41.518 1.2
      vertex 18.8001 42.2368 1.2
    endloop
  endfacet
  facet normal -0 0 -1
    outer loop
      vertex 18.8001 42.2368 1.2
      vertex 17.5978 41.518 1.2
      vertex 18.6583 42.4423 1.2
    endloop
  endfacet
  facet normal 0 0 -1
    outer loop
      vertex 19.2699 40.3306 1.2
      vertex 17.8619 40.3325 1.2
      vertex 17.88 40.58 1.2
    endloop
  endfacet
  facet normal 0 0 -1
    outer loop
      vertex 19.1899 39.8381 1.2
      vertex 17.8079 40.0902 1.2
      vertex 17.8619 40.3325 1.2
    endloop
  endfacet
  facet normal 0 0 -1
    outer loop
      vertex 17.0656 39.1289 1.2
      vertex 17.941 38.0288 1.2
      vertex 17.73 37.8953 1.2
    endloop
  endfacet
  facet normal 0 0 -1
    outer loop
      vertex 19.0319 39.3649 1.2
      vertex 17.7193 39.8584 1.2
      vertex 17.8079 40.0902 1.2
    endloop
  endfacet
  facet normal 0 0 -1
    outer loop
      vertex 18.9249 39.1394 1.2
      vertex 17.5978 39.642 1.2
      vertex 17.7193 39.8584 1.2
    endloop
  endfacet
  facet normal 0 0 -1
    outer loop
      vertex 17.0656 39.1289 1.2
      vertex 17.73 37.8953 1.2
      vertex 17.5089 37.7793 1.2
    endloop
  endfacet
  facet normal 0 0 -1
    outer loop
      vertex 18.6583 38.7177 1.2
      vertex 17.4461 39.4456 1.2
      vertex 17.5978 39.642 1.2
    endloop
  endfacet
  facet normal 0 0 -1
    outer loop
      vertex 16.8449 39.0154 1.2
      vertex 17.5089 37.7793 1.2
      vertex 17.2793 37.6814 1.2
    endloop
  endfacet
  facet normal 0 0 -1
    outer loop
      vertex 18.3274 38.3443 1.2
      vertex 17.2674 39.2733 1.2
      vertex 17.4461 39.4456 1.2
    endloop
  endfacet
  facet normal 0 0 -1
    outer loop
      vertex 17.941 38.0288 1.2
      vertex 17.0656 39.1289 1.2
      vertex 17.2674 39.2733 1.2
    endloop
  endfacet
  facet normal 0 0 -1
    outer loop
      vertex 16.61 38.9353 1.2
      vertex 17.2793 37.6814 1.2
      vertex 17.0425 37.6024 1.2
    endloop
  endfacet
  facet normal 0 0 -1
    outer loop
      vertex 17.5089 37.7793 1.2
      vertex 16.8449 39.0154 1.2
      vertex 17.0656 39.1289 1.2
    endloop
  endfacet
  facet normal 0 0 -1
    outer loop
      vertex 16.61 38.9353 1.2
      vertex 17.0425 37.6024 1.2
      vertex 16.8001 37.5426 1.2
    endloop
  endfacet
  facet normal 0 0 -1
    outer loop
      vertex 17.2793 37.6814 1.2
      vertex 16.61 38.9353 1.2
      vertex 16.8449 39.0154 1.2
    endloop
  endfacet
  facet normal 0 0 -1
    outer loop
      vertex 16.3659 38.8902 1.2
      vertex 16.8001 37.5426 1.2
      vertex 16.5537 37.5026 1.2
    endloop
  endfacet
  facet normal 0 0 -1
    outer loop
      vertex 16.8001 37.5426 1.2
      vertex 16.3659 38.8902 1.2
      vertex 16.61 38.9353 1.2
    endloop
  endfacet
  facet normal 0 0 -1
    outer loop
      vertex 16.3048 37.4825 1.2
      vertex 16.3659 38.8902 1.2
      vertex 16.5537 37.5026 1.2
    endloop
  endfacet
  facet normal 0 0 -1
    outer loop
      vertex 16.3048 37.4825 1.2
      vertex 16.1179 38.8811 1.2
      vertex 16.3659 38.8902 1.2
    endloop
  endfacet
  facet normal 0 0 -1
    outer loop
      vertex 16.0552 37.4825 1.2
      vertex 16.1179 38.8811 1.2
      vertex 16.3048 37.4825 1.2
    endloop
  endfacet
  facet normal 0 0 -1
    outer loop
      vertex 15.8063 37.5026 1.2
      vertex 16.1179 38.8811 1.2
      vertex 16.0552 37.4825 1.2
    endloop
  endfacet
  facet normal -0 0 -1
    outer loop
      vertex 16.1179 38.8811 1.2
      vertex 15.8063 37.5026 1.2
      vertex 15.8712 38.9083 1.2
    endloop
  endfacet
  facet normal 0 0 -1
    outer loop
      vertex 15.5599 37.5426 1.2
      vertex 15.8712 38.9083 1.2
      vertex 15.8063 37.5026 1.2
    endloop
  endfacet
  facet normal 0 0 -1
    outer loop
      vertex 15.3175 37.6024 1.2
      vertex 15.8712 38.9083 1.2
      vertex 15.5599 37.5426 1.2
    endloop
  endfacet
  facet normal -0 0 -1
    outer loop
      vertex 15.8712 38.9083 1.2
      vertex 15.3175 37.6024 1.2
      vertex 15.6311 38.9711 1.2
    endloop
  endfacet
  facet normal 0 0 -1
    outer loop
      vertex 15.0807 37.6814 1.2
      vertex 15.6311 38.9711 1.2
      vertex 15.3175 37.6024 1.2
    endloop
  endfacet
  facet normal -0 0 -1
    outer loop
      vertex 15.6311 38.9711 1.2
      vertex 15.0807 37.6814 1.2
      vertex 15.4027 39.0681 1.2
    endloop
  endfacet
  facet normal 0 0 -1
    outer loop
      vertex 14.8511 37.7793 1.2
      vertex 15.4027 39.0681 1.2
      vertex 15.0807 37.6814 1.2
    endloop
  endfacet
  facet normal 0 0 -1
    outer loop
      vertex 14.63 37.8953 1.2
      vertex 15.4027 39.0681 1.2
      vertex 14.8511 37.7793 1.2
    endloop
  endfacet
  facet normal -0 0 -1
    outer loop
      vertex 15.4027 39.0681 1.2
      vertex 14.63 37.8953 1.2
      vertex 15.1908 39.1974 1.2
    endloop
  endfacet
  facet normal 0 0 -1
    outer loop
      vertex 14.419 38.0288 1.2
      vertex 15.1908 39.1974 1.2
      vertex 14.63 37.8953 1.2
    endloop
  endfacet
  facet normal 0 0 -1
    outer loop
      vertex 14.2194 38.1787 1.2
      vertex 15.1908 39.1974 1.2
      vertex 14.419 38.0288 1.2
    endloop
  endfacet
  facet normal -0 0 -1
    outer loop
      vertex 15.1908 39.1974 1.2
      vertex 14.2194 38.1787 1.2
      vertex 15.0001 39.3562 1.2
    endloop
  endfacet
  facet normal 0 0 -1
    outer loop
      vertex 14.0326 38.3443 1.2
      vertex 15.0001 39.3562 1.2
      vertex 14.2194 38.1787 1.2
    endloop
  endfacet
  facet normal 0 0 -1
    outer loop
      vertex 13.8596 38.5243 1.2
      vertex 15.0001 39.3562 1.2
      vertex 14.0326 38.3443 1.2
    endloop
  endfacet
  facet normal -0 0 -1
    outer loop
      vertex 15.0001 39.3562 1.2
      vertex 13.8596 38.5243 1.2
      vertex 14.8345 39.541 1.2
    endloop
  endfacet
  facet normal 0 0 -1
    outer loop
      vertex 13.5599 38.9232 1.2
      vertex 14.8345 39.541 1.2
      vertex 13.7017 38.7177 1.2
    endloop
  endfacet
  facet normal 0 0 -1
    outer loop
      vertex 13.7017 38.7177 1.2
      vertex 14.8345 39.541 1.2
      vertex 13.8596 38.5243 1.2
    endloop
  endfacet
  facet normal 0 0 -1
    outer loop
      vertex 17.4461 41.7144 1.2
      vertex 18.6583 42.4423 1.2
      vertex 17.5978 41.518 1.2
    endloop
  endfacet
  facet normal -0 0 -1
    outer loop
      vertex 18.6583 42.4423 1.2
      vertex 17.4461 41.7144 1.2
      vertex 18.5004 42.6357 1.2
    endloop
  endfacet
  facet normal -0 0 -1
    outer loop
      vertex 18.5004 42.6357 1.2
      vertex 17.4461 41.7144 1.2
      vertex 18.3274 42.8157 1.2
    endloop
  endfacet
  facet normal 0 0 -1
    outer loop
      vertex 17.2674 41.8867 1.2
      vertex 18.3274 42.8157 1.2
      vertex 17.4461 41.7144 1.2
    endloop
  endfacet
  facet normal -0 0 -1
    outer loop
      vertex 18.3274 42.8157 1.2
      vertex 17.2674 41.8867 1.2
      vertex 18.1406 42.9813 1.2
    endloop
  endfacet
  facet normal -0 0 -1
    outer loop
      vertex 18.1406 42.9813 1.2
      vertex 17.2674 41.8867 1.2
      vertex 17.941 43.1312 1.2
    endloop
  endfacet
  facet normal 0 0 -1
    outer loop
      vertex 17.0656 42.0311 1.2
      vertex 17.941 43.1312 1.2
      vertex 17.2674 41.8867 1.2
    endloop
  endfacet
  facet normal -0 0 -1
    outer loop
      vertex 17.941 43.1312 1.2
      vertex 17.0656 42.0311 1.2
      vertex 17.73 43.2647 1.2
    endloop
  endfacet
  facet normal -0 0 -1
    outer loop
      vertex 17.73 43.2647 1.2
      vertex 17.0656 42.0311 1.2
      vertex 17.5089 43.3807 1.2
    endloop
  endfacet
  facet normal 0 0 -1
    outer loop
      vertex 16.8449 42.1446 1.2
      vertex 17.5089 43.3807 1.2
      vertex 17.0656 42.0311 1.2
    endloop
  endfacet
  facet normal -0 0 -1
    outer loop
      vertex 17.5089 43.3807 1.2
      vertex 16.8449 42.1446 1.2
      vertex 17.2793 43.4785 1.2
    endloop
  endfacet
  facet normal 0 0 -1
    outer loop
      vertex 16.61 42.2247 1.2
      vertex 17.2793 43.4785 1.2
      vertex 16.8449 42.1446 1.2
    endloop
  endfacet
  facet normal -0 0 -1
    outer loop
      vertex 17.2793 43.4785 1.2
      vertex 16.61 42.2247 1.2
      vertex 17.0425 43.5576 1.2
    endloop
  endfacet
  facet normal -0 0 -1
    outer loop
      vertex 17.0425 43.5576 1.2
      vertex 16.61 42.2247 1.2
      vertex 16.8001 43.6174 1.2
    endloop
  endfacet
  facet normal 0 0 -1
    outer loop
      vertex 16.3659 42.2698 1.2
      vertex 16.8001 43.6174 1.2
      vertex 16.61 42.2247 1.2
    endloop
  endfacet
  facet normal -0 0 -1
    outer loop
      vertex 16.8001 43.6174 1.2
      vertex 16.3659 42.2698 1.2
      vertex 16.5537 43.6574 1.2
    endloop
  endfacet
  facet normal 0 0 -1
    outer loop
      vertex 16.3659 42.2698 1.2
      vertex 16.3048 43.6775 1.2
      vertex 16.5537 43.6574 1.2
    endloop
  endfacet
  facet normal 0 0 -1
    outer loop
      vertex 16.1179 42.2789 1.2
      vertex 16.3048 43.6775 1.2
      vertex 16.3659 42.2698 1.2
    endloop
  endfacet
  facet normal 0 0 -1
    outer loop
      vertex 16.1179 42.2789 1.2
      vertex 16.0552 43.6775 1.2
      vertex 16.3048 43.6775 1.2
    endloop
  endfacet
  facet normal 0 0 -1
    outer loop
      vertex 15.8063 43.6574 1.2
      vertex 16.1179 42.2789 1.2
      vertex 15.8712 42.2517 1.2
    endloop
  endfacet
  facet normal 0 0 -1
    outer loop
      vertex 16.1179 42.2789 1.2
      vertex 15.8063 43.6574 1.2
      vertex 16.0552 43.6775 1.2
    endloop
  endfacet
  facet normal 0 0 -1
    outer loop
      vertex 15.3175 43.5576 1.2
      vertex 15.8712 42.2517 1.2
      vertex 15.6311 42.1889 1.2
    endloop
  endfacet
  facet normal 0 0 -1
    outer loop
      vertex 15.8712 42.2517 1.2
      vertex 15.5599 43.6174 1.2
      vertex 15.8063 43.6574 1.2
    endloop
  endfacet
  facet normal 0 0 -1
    outer loop
      vertex 15.0807 43.4785 1.2
      vertex 15.6311 42.1889 1.2
      vertex 15.4027 42.0919 1.2
    endloop
  endfacet
  facet normal 0 0 -1
    outer loop
      vertex 15.8712 42.2517 1.2
      vertex 15.3175 43.5576 1.2
      vertex 15.5599 43.6174 1.2
    endloop
  endfacet
  facet normal 0 0 -1
    outer loop
      vertex 14.63 43.2647 1.2
      vertex 15.4027 42.0919 1.2
      vertex 15.1908 41.9626 1.2
    endloop
  endfacet
  facet normal 0 0 -1
    outer loop
      vertex 15.6311 42.1889 1.2
      vertex 15.0807 43.4785 1.2
      vertex 15.3175 43.5576 1.2
    endloop
  endfacet
  facet normal 0 0 -1
    outer loop
      vertex 14.2194 42.9813 1.2
      vertex 15.1908 41.9626 1.2
      vertex 15.0001 41.8038 1.2
    endloop
  endfacet
  facet normal 0 0 -1
    outer loop
      vertex 15.4027 42.0919 1.2
      vertex 14.8511 43.3807 1.2
      vertex 15.0807 43.4785 1.2
    endloop
  endfacet
  facet normal 0 0 -1
    outer loop
      vertex 13.8596 42.6357 1.2
      vertex 15.0001 41.8038 1.2
      vertex 14.8345 41.619 1.2
    endloop
  endfacet
  facet normal 0 0 -1
    outer loop
      vertex 13.5599 42.2368 1.2
      vertex 14.8345 41.619 1.2
      vertex 14.6975 41.412 1.2
    endloop
  endfacet
  facet normal 0 0 -1
    outer loop
      vertex 15.4027 42.0919 1.2
      vertex 14.63 43.2647 1.2
      vertex 14.8511 43.3807 1.2
    endloop
  endfacet
  facet normal 0 0 -1
    outer loop
      vertex 13.3281 41.7951 1.2
      vertex 14.6975 41.412 1.2
      vertex 14.5922 41.1873 1.2
    endloop
  endfacet
  facet normal 0 0 -1
    outer loop
      vertex 13.2395 41.5617 1.2
      vertex 14.5922 41.1873 1.2
      vertex 14.5207 40.9496 1.2
    endloop
  endfacet
  facet normal 0 0 -1
    outer loop
      vertex 13.1201 41.0773 1.2
      vertex 14.5207 40.9496 1.2
      vertex 14.4845 40.7041 1.2
    endloop
  endfacet
  facet normal 0 0 -1
    outer loop
      vertex 15.1908 41.9626 1.2
      vertex 14.419 43.1312 1.2
      vertex 14.63 43.2647 1.2
    endloop
  endfacet
  facet normal -0 0 -1
    outer loop
      vertex 14.8345 39.541 1.2
      vertex 13.5599 38.9232 1.2
      vertex 14.6975 39.748 1.2
    endloop
  endfacet
  facet normal 0 0 -1
    outer loop
      vertex 13.4351 39.1394 1.2
      vertex 14.6975 39.748 1.2
      vertex 13.5599 38.9232 1.2
    endloop
  endfacet
  facet normal 0 0 -1
    outer loop
      vertex 15.1908 41.9626 1.2
      vertex 14.2194 42.9813 1.2
      vertex 14.419 43.1312 1.2
    endloop
  endfacet
  facet normal 0 0 -1
    outer loop
      vertex 13.3281 39.3649 1.2
      vertex 14.6975 39.748 1.2
      vertex 13.4351 39.1394 1.2
    endloop
  endfacet
  facet normal 0 0 -1
    outer loop
      vertex 15.0001 41.8038 1.2
      vertex 14.0326 42.8157 1.2
      vertex 14.2194 42.9813 1.2
    endloop
  endfacet
  facet normal -0 0 -1
    outer loop
      vertex 14.6975 39.748 1.2
      vertex 13.3281 39.3649 1.2
      vertex 14.5922 39.9727 1.2
    endloop
  endfacet
  facet normal 0 0 -1
    outer loop
      vertex 15.0001 41.8038 1.2
      vertex 13.8596 42.6357 1.2
      vertex 14.0326 42.8157 1.2
    endloop
  endfacet
  facet normal 0 0 -1
    outer loop
      vertex 13.2395 39.5983 1.2
      vertex 14.5922 39.9727 1.2
      vertex 13.3281 39.3649 1.2
    endloop
  endfacet
  facet normal 0 0 -1
    outer loop
      vertex 14.8345 41.619 1.2
      vertex 13.7017 42.4423 1.2
      vertex 13.8596 42.6357 1.2
    endloop
  endfacet
  facet normal -0 0 -1
    outer loop
      vertex 14.5922 39.9727 1.2
      vertex 13.2395 39.5983 1.2
      vertex 14.5207 40.2104 1.2
    endloop
  endfacet
  facet normal 0 0 -1
    outer loop
      vertex 14.8345 41.619 1.2
      vertex 13.5599 42.2368 1.2
      vertex 13.7017 42.4423 1.2
    endloop
  endfacet
  facet normal 0 0 -1
    outer loop
      vertex 13.1701 39.8381 1.2
      vertex 14.5207 40.2104 1.2
      vertex 13.2395 39.5983 1.2
    endloop
  endfacet
  facet normal 0 0 -1
    outer loop
      vertex 14.6975 41.412 1.2
      vertex 13.4351 42.0206 1.2
      vertex 13.5599 42.2368 1.2
    endloop
  endfacet
  facet normal 0 0 -1
    outer loop
      vertex 13.1201 40.0827 1.2
      vertex 14.5207 40.2104 1.2
      vertex 13.1701 39.8381 1.2
    endloop
  endfacet
  facet normal 0 0 -1
    outer loop
      vertex 14.6975 41.412 1.2
      vertex 13.3281 41.7951 1.2
      vertex 13.4351 42.0206 1.2
    endloop
  endfacet
  facet normal -0 0 -1
    outer loop
      vertex 14.5207 40.2104 1.2
      vertex 13.1201 40.0827 1.2
      vertex 14.4845 40.4559 1.2
    endloop
  endfacet
  facet normal 0 0 -1
    outer loop
      vertex 14.5922 41.1873 1.2
      vertex 13.2395 41.5617 1.2
      vertex 13.3281 41.7951 1.2
    endloop
  endfacet
  facet normal 0 0 -1
    outer loop
      vertex 13.0901 40.3306 1.2
      vertex 14.4845 40.4559 1.2
      vertex 13.1201 40.0827 1.2
    endloop
  endfacet
  facet normal 0 0 -1
    outer loop
      vertex 14.5207 40.9496 1.2
      vertex 13.1701 41.3219 1.2
      vertex 13.2395 41.5617 1.2
    endloop
  endfacet
  facet normal 0 0 -1
    outer loop
      vertex 13.08 40.58 1.2
      vertex 14.4845 40.4559 1.2
      vertex 13.0901 40.3306 1.2
    endloop
  endfacet
  facet normal 0 0 -1
    outer loop
      vertex 14.5207 40.9496 1.2
      vertex 13.1201 41.0773 1.2
      vertex 13.1701 41.3219 1.2
    endloop
  endfacet
  facet normal 0 0 -1
    outer loop
      vertex 14.4845 40.4559 1.2
      vertex 13.08 40.58 1.2
      vertex 14.4845 40.7041 1.2
    endloop
  endfacet
  facet normal 0 0 -1
    outer loop
      vertex 14.4845 40.7041 1.2
      vertex 13.0901 40.8294 1.2
      vertex 13.1201 41.0773 1.2
    endloop
  endfacet
  facet normal -0 0 -1
    outer loop
      vertex 14.4845 40.7041 1.2
      vertex 13.08 40.58 1.2
      vertex 13.0901 40.8294 1.2
    endloop
  endfacet
  facet normal 0.823071 -0.567939 0
    outer loop
      vertex 13.5599 42.2368 1.2
      vertex 13.7017 42.4423 -3
      vertex 13.7017 42.4423 1.2
    endloop
  endfacet
  facet normal 0.823071 -0.567939 0
    outer loop
      vertex 13.7017 42.4423 -3
      vertex 13.5599 42.2368 1.2
      vertex 13.5599 42.2368 -3
    endloop
  endfacet
  facet normal 0.866066 -0.499931 0
    outer loop
      vertex 13.4351 42.0206 1.2
      vertex 13.5599 42.2368 -3
      vertex 13.5599 42.2368 1.2
    endloop
  endfacet
  facet normal 0.866066 -0.499931 0
    outer loop
      vertex 13.5599 42.2368 -3
      vertex 13.4351 42.0206 1.2
      vertex 13.4351 42.0206 -3
    endloop
  endfacet
  facet normal 0.391887 -0.920013 0
    outer loop
      vertex 14.8511 43.3807 -3
      vertex 15.0807 43.4785 1.2
      vertex 14.8511 43.3807 1.2
    endloop
  endfacet
  facet normal 0.391887 -0.920013 0
    outer loop
      vertex 15.0807 43.4785 1.2
      vertex 14.8511 43.3807 -3
      vertex 15.0807 43.4785 -3
    endloop
  endfacet
  facet normal -0.999181 0.040464 0
    outer loop
      vertex 19.2699 40.3306 -3
      vertex 19.28 40.58 1.2
      vertex 19.28 40.58 -3
    endloop
  endfacet
  facet normal -0.999181 0.040464 0
    outer loop
      vertex 19.28 40.58 1.2
      vertex 19.2699 40.3306 -3
      vertex 19.2699 40.3306 1.2
    endloop
  endfacet
  facet normal -0.97974 0.200274 0
    outer loop
      vertex 19.1899 39.8381 -3
      vertex 19.2399 40.0827 1.2
      vertex 19.2399 40.0827 -3
    endloop
  endfacet
  facet normal -0.97974 0.200274 0
    outer loop
      vertex 19.2399 40.0827 1.2
      vertex 19.1899 39.8381 -3
      vertex 19.1899 39.8381 1.2
    endloop
  endfacet
  facet normal -0.903452 0.428689 0
    outer loop
      vertex 18.9249 39.1394 -3
      vertex 19.0319 39.3649 1.2
      vertex 19.0319 39.3649 -3
    endloop
  endfacet
  facet normal -0.903452 0.428689 0
    outer loop
      vertex 19.0319 39.3649 1.2
      vertex 18.9249 39.1394 -3
      vertex 18.9249 39.1394 1.2
    endloop
  endfacet
  facet normal -0.934906 0.354896 0
    outer loop
      vertex 19.0319 39.3649 -3
      vertex 19.1205 39.5983 1.2
      vertex 19.1205 39.5983 -3
    endloop
  endfacet
  facet normal -0.934906 0.354896 0
    outer loop
      vertex 19.1205 39.5983 1.2
      vertex 19.0319 39.3649 -3
      vertex 19.0319 39.3649 1.2
    endloop
  endfacet
  facet normal 0.0804933 0.996755 -0
    outer loop
      vertex 16.0552 37.4825 -3
      vertex 15.8063 37.5026 1.2
      vertex 16.0552 37.4825 1.2
    endloop
  endfacet
  facet normal 0.0804933 0.996755 0
    outer loop
      vertex 15.8063 37.5026 1.2
      vertex 16.0552 37.4825 -3
      vertex 15.8063 37.5026 -3
    endloop
  endfacet
  facet normal 0.960581 0.278 0
    outer loop
      vertex 13.2395 39.5983 1.2
      vertex 13.1701 39.8381 -3
      vertex 13.1701 39.8381 1.2
    endloop
  endfacet
  facet normal 0.960581 0.278 0
    outer loop
      vertex 13.1701 39.8381 -3
      vertex 13.2395 39.5983 1.2
      vertex 13.2395 39.5983 -3
    endloop
  endfacet
  facet normal 0.720987 0.692949 0
    outer loop
      vertex 14.0326 38.3443 1.2
      vertex 13.8596 38.5243 -3
      vertex 13.8596 38.5243 1.2
    endloop
  endfacet
  facet normal 0.720987 0.692949 0
    outer loop
      vertex 13.8596 38.5243 -3
      vertex 14.0326 38.3443 1.2
      vertex 14.0326 38.3443 -3
    endloop
  endfacet
  facet normal -0.392226 0.919869 0
    outer loop
      vertex 17.5089 37.7793 -3
      vertex 17.2793 37.6814 1.2
      vertex 17.5089 37.7793 1.2
    endloop
  endfacet
  facet normal -0.392226 0.919869 0
    outer loop
      vertex 17.2793 37.6814 1.2
      vertex 17.5089 37.7793 -3
      vertex 17.2793 37.6814 -3
    endloop
  endfacet
  facet normal -0.960581 -0.278 0
    outer loop
      vertex 19.1899 41.3219 -3
      vertex 19.1205 41.5617 1.2
      vertex 19.1205 41.5617 -3
    endloop
  endfacet
  facet normal -0.960581 -0.278 0
    outer loop
      vertex 19.1205 41.5617 1.2
      vertex 19.1899 41.3219 -3
      vertex 19.1899 41.3219 1.2
    endloop
  endfacet
  facet normal -0.992757 -0.12014 0
    outer loop
      vertex 19.2699 40.8294 -3
      vertex 19.2399 41.0773 1.2
      vertex 19.2399 41.0773 -3
    endloop
  endfacet
  facet normal -0.992757 -0.12014 0
    outer loop
      vertex 19.2399 41.0773 1.2
      vertex 19.2699 40.8294 -3
      vertex 19.2699 40.8294 1.2
    endloop
  endfacet
  facet normal -0.774617 0.63243 0
    outer loop
      vertex 18.5004 38.5243 -3
      vertex 18.6583 38.7177 1.2
      vertex 18.6583 38.7177 -3
    endloop
  endfacet
  facet normal -0.774617 0.63243 0
    outer loop
      vertex 18.6583 38.7177 1.2
      vertex 18.5004 38.5243 -3
      vertex 18.5004 38.5243 1.2
    endloop
  endfacet
  facet normal 0 1 -0
    outer loop
      vertex 16.3048 37.4825 -3
      vertex 16.0552 37.4825 1.2
      vertex 16.3048 37.4825 1.2
    endloop
  endfacet
  facet normal 0 1 0
    outer loop
      vertex 16.0552 37.4825 1.2
      vertex 16.3048 37.4825 -3
      vertex 16.0552 37.4825 -3
    endloop
  endfacet
  facet normal 0.534671 0.84506 -0
    outer loop
      vertex 14.63 37.8953 -3
      vertex 14.419 38.0288 1.2
      vertex 14.63 37.8953 1.2
    endloop
  endfacet
  facet normal 0.534671 0.84506 0
    outer loop
      vertex 14.419 38.0288 1.2
      vertex 14.63 37.8953 -3
      vertex 14.419 38.0288 -3
    endloop
  endfacet
  facet normal 0.316468 0.948603 -0
    outer loop
      vertex 15.3175 37.6024 -3
      vertex 15.0807 37.6814 1.2
      vertex 15.3175 37.6024 1.2
    endloop
  endfacet
  facet normal 0.316468 0.948603 0
    outer loop
      vertex 15.0807 37.6814 1.2
      vertex 15.3175 37.6024 -3
      vertex 15.0807 37.6814 -3
    endloop
  endfacet
  facet normal 0.16024 0.987078 -0
    outer loop
      vertex 15.8063 37.5026 -3
      vertex 15.5599 37.5426 1.2
      vertex 15.8063 37.5026 1.2
    endloop
  endfacet
  facet normal 0.16024 0.987078 0
    outer loop
      vertex 15.5599 37.5426 1.2
      vertex 15.8063 37.5026 -3
      vertex 15.5599 37.5426 -3
    endloop
  endfacet
  facet normal 0.999181 0.040464 0
    outer loop
      vertex 13.0901 40.3306 1.2
      vertex 13.08 40.58 -3
      vertex 13.08 40.58 1.2
    endloop
  endfacet
  facet normal 0.999181 0.040464 0
    outer loop
      vertex 13.08 40.58 -3
      vertex 13.0901 40.3306 1.2
      vertex 13.0901 40.3306 -3
    endloop
  endfacet
  facet normal 0.97974 0.200274 0
    outer loop
      vertex 13.1701 39.8381 1.2
      vertex 13.1201 40.0827 -3
      vertex 13.1201 40.0827 1.2
    endloop
  endfacet
  facet normal 0.97974 0.200274 0
    outer loop
      vertex 13.1201 40.0827 -3
      vertex 13.1701 39.8381 1.2
      vertex 13.1701 39.8381 -3
    endloop
  endfacet
  facet normal 0.934906 0.354896 0
    outer loop
      vertex 13.3281 39.3649 1.2
      vertex 13.2395 39.5983 -3
      vertex 13.2395 39.5983 1.2
    endloop
  endfacet
  facet normal 0.934906 0.354896 0
    outer loop
      vertex 13.2395 39.5983 -3
      vertex 13.3281 39.3649 1.2
      vertex 13.3281 39.3649 -3
    endloop
  endfacet
  facet normal 0.823071 0.567939 0
    outer loop
      vertex 13.7017 38.7177 1.2
      vertex 13.5599 38.9232 -3
      vertex 13.5599 38.9232 1.2
    endloop
  endfacet
  facet normal 0.823071 0.567939 0
    outer loop
      vertex 13.5599 38.9232 -3
      vertex 13.7017 38.7177 1.2
      vertex 13.7017 38.7177 -3
    endloop
  endfacet
  facet normal 0.866066 0.499931 0
    outer loop
      vertex 13.5599 38.9232 1.2
      vertex 13.4351 39.1394 -3
      vertex 13.4351 39.1394 1.2
    endloop
  endfacet
  facet normal 0.866066 0.499931 0
    outer loop
      vertex 13.4351 39.1394 -3
      vertex 13.5599 38.9232 1.2
      vertex 13.5599 38.9232 -3
    endloop
  endfacet
  facet normal -0.720987 0.692949 0
    outer loop
      vertex 18.3274 38.3443 -3
      vertex 18.5004 38.5243 1.2
      vertex 18.5004 38.5243 -3
    endloop
  endfacet
  facet normal -0.720987 0.692949 0
    outer loop
      vertex 18.5004 38.5243 1.2
      vertex 18.3274 38.3443 -3
      vertex 18.3274 38.3443 1.2
    endloop
  endfacet
  facet normal -0.534671 0.84506 0
    outer loop
      vertex 17.941 38.0288 -3
      vertex 17.73 37.8953 1.2
      vertex 17.941 38.0288 1.2
    endloop
  endfacet
  facet normal -0.534671 0.84506 0
    outer loop
      vertex 17.73 37.8953 1.2
      vertex 17.941 38.0288 -3
      vertex 17.73 37.8953 -3
    endloop
  endfacet
  facet normal -0.866066 0.499931 0
    outer loop
      vertex 18.8001 38.9232 -3
      vertex 18.9249 39.1394 1.2
      vertex 18.9249 39.1394 -3
    endloop
  endfacet
  facet normal -0.866066 0.499931 0
    outer loop
      vertex 18.9249 39.1394 1.2
      vertex 18.8001 38.9232 -3
      vertex 18.8001 38.9232 1.2
    endloop
  endfacet
  facet normal -0.823071 0.567939 0
    outer loop
      vertex 18.6583 38.7177 -3
      vertex 18.8001 38.9232 1.2
      vertex 18.8001 38.9232 -3
    endloop
  endfacet
  facet normal -0.823071 0.567939 0
    outer loop
      vertex 18.8001 38.9232 1.2
      vertex 18.6583 38.7177 -3
      vertex 18.6583 38.7177 1.2
    endloop
  endfacet
  facet normal 0.600513 0.799615 -0
    outer loop
      vertex 14.419 38.0288 -3
      vertex 14.2194 38.1787 1.2
      vertex 14.419 38.0288 1.2
    endloop
  endfacet
  facet normal 0.600513 0.799615 0
    outer loop
      vertex 14.2194 38.1787 1.2
      vertex 14.419 38.0288 -3
      vertex 14.2194 38.1787 -3
    endloop
  endfacet
  facet normal 0.464591 0.885526 -0
    outer loop
      vertex 14.8511 37.7793 -3
      vertex 14.63 37.8953 1.2
      vertex 14.8511 37.7793 1.2
    endloop
  endfacet
  facet normal 0.464591 0.885526 0
    outer loop
      vertex 14.63 37.8953 1.2
      vertex 14.8511 37.7793 -3
      vertex 14.63 37.8953 -3
    endloop
  endfacet
  facet normal 0.239519 0.970892 -0
    outer loop
      vertex 15.5599 37.5426 -3
      vertex 15.3175 37.6024 1.2
      vertex 15.5599 37.5426 1.2
    endloop
  endfacet
  facet normal 0.239519 0.970892 0
    outer loop
      vertex 15.3175 37.6024 1.2
      vertex 15.5599 37.5426 -3
      vertex 15.3175 37.6024 -3
    endloop
  endfacet
  facet normal 0.992757 0.12014 0
    outer loop
      vertex 13.1201 40.0827 1.2
      vertex 13.0901 40.3306 -3
      vertex 13.0901 40.3306 1.2
    endloop
  endfacet
  facet normal 0.992757 0.12014 0
    outer loop
      vertex 13.0901 40.3306 -3
      vertex 13.1201 40.0827 1.2
      vertex 13.1201 40.0827 -3
    endloop
  endfacet
  facet normal -0.239519 0.970892 0
    outer loop
      vertex 17.0425 37.6024 -3
      vertex 16.8001 37.5426 1.2
      vertex 17.0425 37.6024 1.2
    endloop
  endfacet
  facet normal -0.239519 0.970892 0
    outer loop
      vertex 16.8001 37.5426 1.2
      vertex 17.0425 37.6024 -3
      vertex 16.8001 37.5426 -3
    endloop
  endfacet
  facet normal -0.316468 0.948603 0
    outer loop
      vertex 17.2793 37.6814 -3
      vertex 17.0425 37.6024 1.2
      vertex 17.2793 37.6814 1.2
    endloop
  endfacet
  facet normal -0.316468 0.948603 0
    outer loop
      vertex 17.0425 37.6024 1.2
      vertex 17.2793 37.6814 -3
      vertex 17.0425 37.6024 -3
    endloop
  endfacet
  facet normal -0.663369 0.748293 0
    outer loop
      vertex 18.3274 38.3443 -3
      vertex 18.1406 38.1787 1.2
      vertex 18.3274 38.3443 1.2
    endloop
  endfacet
  facet normal -0.663369 0.748293 0
    outer loop
      vertex 18.1406 38.1787 1.2
      vertex 18.3274 38.3443 -3
      vertex 18.1406 38.1787 -3
    endloop
  endfacet
  facet normal -0.600513 0.799615 0
    outer loop
      vertex 18.1406 38.1787 -3
      vertex 17.941 38.0288 1.2
      vertex 18.1406 38.1787 1.2
    endloop
  endfacet
  facet normal -0.600513 0.799615 0
    outer loop
      vertex 17.941 38.0288 1.2
      vertex 18.1406 38.1787 -3
      vertex 17.941 38.0288 -3
    endloop
  endfacet
  facet normal 0.392226 0.919869 -0
    outer loop
      vertex 15.0807 37.6814 -3
      vertex 14.8511 37.7793 1.2
      vertex 15.0807 37.6814 1.2
    endloop
  endfacet
  facet normal 0.392226 0.919869 0
    outer loop
      vertex 14.8511 37.7793 1.2
      vertex 15.0807 37.6814 -3
      vertex 14.8511 37.7793 -3
    endloop
  endfacet
  facet normal 0.991454 0.130455 0
    outer loop
      vertex 54.7454 30.8453 6
      vertex 54.6829 31.3203 -3
      vertex 54.6829 31.3203 6
    endloop
  endfacet
  facet normal 0.991454 0.130455 0
    outer loop
      vertex 54.6829 31.3203 -3
      vertex 54.7454 30.8453 6
      vertex 54.7454 30.8453 -3
    endloop
  endfacet
  facet normal 0.737423 0.675432 0
    outer loop
      vertex 47.8993 45.8676 6
      vertex 47.5757 46.2209 -3
      vertex 47.5757 46.2209 6
    endloop
  endfacet
  facet normal 0.737423 0.675432 0
    outer loop
      vertex 47.5757 46.2209 -3
      vertex 47.8993 45.8676 6
      vertex 47.8993 45.8676 -3
    endloop
  endfacet
  facet normal 0.852667 0.522454 0
    outer loop
      vertex 51.0292 41.6378 6
      vertex 50.7789 42.0463 -3
      vertex 50.7789 42.0463 6
    endloop
  endfacet
  facet normal 0.852667 0.522454 0
    outer loop
      vertex 50.7789 42.0463 -3
      vertex 51.0292 41.6378 6
      vertex 51.0292 41.6378 -3
    endloop
  endfacet
  facet normal 0.283861 0.958865 -0
    outer loop
      vertex 35.5256 53.7506 -3
      vertex 35.0662 53.8866 6
      vertex 35.5256 53.7506 6
    endloop
  endfacet
  facet normal 0.283861 0.958865 0
    outer loop
      vertex 35.0662 53.8866 6
      vertex 35.5256 53.7506 -3
      vertex 35.0662 53.8866 -3
    endloop
  endfacet
  facet normal 0.0436275 0.999048 -0
    outer loop
      vertex 28.9366 54.9124 -3
      vertex 28.458 54.9333 6
      vertex 28.9366 54.9124 6
    endloop
  endfacet
  facet normal 0.0436275 0.999048 0
    outer loop
      vertex 28.458 54.9333 6
      vertex 28.9366 54.9124 -3
      vertex 28.458 54.9333 -3
    endloop
  endfacet
  facet normal 0.414699 0.909959 -0
    outer loop
      vertex 39.1009 52.3781 -3
      vertex 38.6649 52.5768 6
      vertex 39.1009 52.3781 6
    endloop
  endfacet
  facet normal 0.414699 0.909959 0
    outer loop
      vertex 38.6649 52.5768 6
      vertex 39.1009 52.3781 -3
      vertex 38.6649 52.5768 -3
    endloop
  endfacet
  facet normal -0.958831 0.283976 0
    outer loop
      vertex 1.11337 35.0662 -3
      vertex 1.24943 35.5256 6
      vertex 1.24943 35.5256 -3
    endloop
  endfacet
  facet normal -0.958831 0.283976 0
    outer loop
      vertex 1.24943 35.5256 6
      vertex 1.11337 35.0662 -3
      vertex 1.11337 35.0662 6
    endloop
  endfacet
  facet normal -0.771642 0.636057 0
    outer loop
      vertex 6.16734 44.7748 -3
      vertex 6.47208 45.1445 6
      vertex 6.47208 45.1445 -3
    endloop
  endfacet
  facet normal -0.771642 0.636057 0
    outer loop
      vertex 6.47208 45.1445 6
      vertex 6.16734 44.7748 -3
      vertex 6.16734 44.7748 6
    endloop
  endfacet
  facet normal -0.909982 0.414647 0
    outer loop
      vertex 2.42318 38.6649 -3
      vertex 2.62185 39.1009 6
      vertex 2.62185 39.1009 -3
    endloop
  endfacet
  facet normal -0.909982 0.414647 0
    outer loop
      vertex 2.62185 39.1009 6
      vertex 2.42318 38.6649 -3
      vertex 2.42318 38.6649 6
    endloop
  endfacet
  facet normal -0.999048 0.0436231 0
    outer loop
      vertex 0.0667219 28.458 -3
      vertex 0.0876198 28.9366 6
      vertex 0.0876198 28.9366 -3
    endloop
  endfacet
  facet normal -0.999048 0.0436231 0
    outer loop
      vertex 0.0876198 28.9366 6
      vertex 0.0667219 28.458 -3
      vertex 0.0667219 28.458 6
    endloop
  endfacet
  facet normal -0.477184 0.878803 0
    outer loop
      vertex 14.613 51.7369 -3
      vertex 14.192 51.5083 6
      vertex 14.613 51.7369 6
    endloop
  endfacet
  facet normal -0.477184 0.878803 0
    outer loop
      vertex 14.192 51.5083 6
      vertex 14.613 51.7369 -3
      vertex 14.192 51.5083 -3
    endloop
  endfacet
  facet normal -0.675515 0.737346 0
    outer loop
      vertex 9.13237 47.8993 -3
      vertex 8.77915 47.5757 6
      vertex 9.13237 47.8993 6
    endloop
  endfacet
  facet normal -0.675515 0.737346 0
    outer loop
      vertex 8.77915 47.5757 6
      vertex 9.13237 47.8993 -3
      vertex 8.77915 47.5757 -3
    endloop
  endfacet
  facet normal -0.350277 0.936646 0
    outer loop
      vertex 18.1115 53.2946 -3
      vertex 17.6628 53.1268 6
      vertex 18.1115 53.2946 6
    endloop
  endfacet
  facet normal -0.350277 0.936646 0
    outer loop
      vertex 17.6628 53.1268 6
      vertex 18.1115 53.2946 -3
      vertex 17.6628 53.1268 -3
    endloop
  endfacet
  facet normal 0.113202 -0.993572 0
    outer loop
      vertex 30.3693 0.200375 -3
      vertex 30.8453 0.254608 6
      vertex 30.3693 0.200375 6
    endloop
  endfacet
  facet normal 0.113202 -0.993572 0
    outer loop
      vertex 30.8453 0.254608 6
      vertex 30.3693 0.200375 -3
      vertex 30.8453 0.254608 -3
    endloop
  endfacet
  facet normal 0.35024 -0.93666 0
    outer loop
      vertex 36.8885 1.70544 -3
      vertex 37.3372 1.87322 6
      vertex 36.8885 1.70544 6
    endloop
  endfacet
  facet normal 0.35024 -0.93666 0
    outer loop
      vertex 37.3372 1.87322 6
      vertex 36.8885 1.70544 -3
      vertex 37.3372 1.87322 -3
    endloop
  endfacet
  facet normal -0.608747 -0.793364 0
    outer loop
      vertex 10.6001 5.86911 -3
      vertex 10.9802 5.57746 6
      vertex 10.6001 5.86911 6
    endloop
  endfacet
  facet normal -0.608747 -0.793364 -0
    outer loop
      vertex 10.9802 5.57746 6
      vertex 10.6001 5.86911 -3
      vertex 10.9802 5.57746 -3
    endloop
  endfacet
  facet normal -0.3827 -0.923873 0
    outer loop
      vertex 16.7744 2.23214 -3
      vertex 17.217 2.0488 6
      vertex 16.7744 2.23214 6
    endloop
  endfacet
  facet normal -0.3827 -0.923873 -0
    outer loop
      vertex 17.217 2.0488 6
      vertex 16.7744 2.23214 -3
      vertex 17.217 2.0488 -3
    endloop
  endfacet
  facet normal -0.182223 -0.983257 0
    outer loop
      vertex 22.2623 0.554335 -3
      vertex 22.7334 0.467028 6
      vertex 22.2623 0.554335 6
    endloop
  endfacet
  facet normal -0.182223 -0.983257 -0
    outer loop
      vertex 22.7334 0.467028 6
      vertex 22.2623 0.554335 -3
      vertex 22.7334 0.467028 -3
    endloop
  endfacet
  facet normal 0.968171 0.250288 0
    outer loop
      vertex 54.1346 34.1408 6
      vertex 54.0147 34.6046 -3
      vertex 54.0147 34.6046 6
    endloop
  endfacet
  facet normal 0.968171 0.250288 0
    outer loop
      vertex 54.0147 34.6046 -3
      vertex 54.1346 34.1408 6
      vertex 54.1346 34.1408 -3
    endloop
  endfacet
  facet normal 0.942678 0.333704 0
    outer loop
      vertex 53.4545 36.4368 6
      vertex 53.2946 36.8885 -3
      vertex 53.2946 36.8885 6
    endloop
  endfacet
  facet normal 0.942678 0.333704 0
    outer loop
      vertex 53.2946 36.8885 -3
      vertex 53.4545 36.4368 6
      vertex 53.4545 36.4368 -3
    endloop
  endfacet
  facet normal 0.748893 0.662691 0
    outer loop
      vertex 48.2168 45.5088 6
      vertex 47.8993 45.8676 -3
      vertex 47.8993 45.8676 6
    endloop
  endfacet
  facet normal 0.748893 0.662691 0
    outer loop
      vertex 47.8993 45.8676 -3
      vertex 48.2168 45.5088 6
      vertex 48.2168 45.5088 -3
    endloop
  endfacet
  facet normal 0.909959 0.414699 0
    outer loop
      vertex 52.5768 38.6649 6
      vertex 52.3781 39.1009 -3
      vertex 52.3781 39.1009 6
    endloop
  endfacet
  facet normal 0.909959 0.414699 0
    outer loop
      vertex 52.3781 39.1009 -3
      vertex 52.5768 38.6649 6
      vertex 52.5768 38.6649 -3
    endloop
  endfacet
  facet normal 0.861591 0.507604 0
    outer loop
      vertex 51.2724 41.225 6
      vertex 51.0292 41.6378 -3
      vertex 51.0292 41.6378 6
    endloop
  endfacet
  facet normal 0.861591 0.507604 0
    outer loop
      vertex 51.0292 41.6378 -3
      vertex 51.2724 41.225 6
      vertex 51.2724 41.225 -3
    endloop
  endfacet
  facet normal 0.113134 0.99358 -0
    outer loop
      vertex 30.8453 54.7454 -3
      vertex 30.3693 54.7996 6
      vertex 30.8453 54.7454 6
    endloop
  endfacet
  facet normal 0.113134 0.99358 0
    outer loop
      vertex 30.3693 54.7996 6
      vertex 30.8453 54.7454 -3
      vertex 30.3693 54.7996 -3
    endloop
  endfacet
  facet normal 0.0611567 0.998128 -0
    outer loop
      vertex 29.4148 54.8831 -3
      vertex 28.9366 54.9124 6
      vertex 29.4148 54.8831 6
    endloop
  endfacet
  facet normal 0.0611567 0.998128 0
    outer loop
      vertex 28.9366 54.9124 6
      vertex 29.4148 54.8831 -3
      vertex 28.9366 54.9124 -3
    endloop
  endfacet
  facet normal 0.430436 0.902621 -0
    outer loop
      vertex 39.5333 52.1719 -3
      vertex 39.1009 52.3781 6
      vertex 39.5333 52.1719 6
    endloop
  endfacet
  facet normal 0.430436 0.902621 0
    outer loop
      vertex 39.1009 52.3781 6
      vertex 39.5333 52.1719 -3
      vertex 39.1009 52.3781 -3
    endloop
  endfacet
  facet normal 0.675432 0.737423 -0
    outer loop
      vertex 46.2209 47.5757 -3
      vertex 45.8676 47.8993 6
      vertex 46.2209 47.5757 6
    endloop
  endfacet
  facet normal 0.675432 0.737423 0
    outer loop
      vertex 45.8676 47.8993 6
      vertex 46.2209 47.5757 -3
      vertex 45.8676 47.8993 -3
    endloop
  endfacet
  facet normal 0.608681 0.793415 -0
    outer loop
      vertex 44.3999 49.1309 -3
      vertex 44.0198 49.4225 6
      vertex 44.3999 49.1309 6
    endloop
  endfacet
  facet normal 0.608681 0.793415 0
    outer loop
      vertex 44.0198 49.4225 6
      vertex 44.3999 49.1309 -3
      vertex 44.0198 49.4225 -3
    endloop
  endfacet
  facet normal -0.993572 0.113202 0
    outer loop
      vertex 0.200375 30.3693 -3
      vertex 0.254608 30.8453 6
      vertex 0.254608 30.8453 -3
    endloop
  endfacet
  facet normal -0.993572 0.113202 0
    outer loop
      vertex 0.254608 30.8453 6
      vertex 0.200375 30.3693 -3
      vertex 0.200375 30.3693 6
    endloop
  endfacet
  facet normal -0.852649 0.522485 0
    outer loop
      vertex 3.97076 41.6378 -3
      vertex 4.22108 42.0463 6
      vertex 4.22108 42.0463 -3
    endloop
  endfacet
  facet normal -0.852649 0.522485 0
    outer loop
      vertex 4.22108 42.0463 6
      vertex 3.97076 41.6378 -3
      vertex 3.97076 41.6378 6
    endloop
  endfacet
  facet normal -0.902581 0.430521 0
    outer loop
      vertex 2.62185 39.1009 -3
      vertex 2.8281 39.5333 6
      vertex 2.8281 39.5333 -3
    endloop
  endfacet
  facet normal -0.902581 0.430521 0
    outer loop
      vertex 2.8281 39.5333 6
      vertex 2.62185 39.1009 -3
      vertex 2.62185 39.1009 6
    endloop
  endfacet
  facet normal -0.998135 0.0610469 0
    outer loop
      vertex 0.0876198 28.9366 -3
      vertex 0.116867 29.4148 6
      vertex 0.116867 29.4148 -3
    endloop
  endfacet
  facet normal -0.998135 0.0610469 0
    outer loop
      vertex 0.116867 29.4148 6
      vertex 0.0876198 28.9366 -3
      vertex 0.0876198 28.9366 6
    endloop
  endfacet
  facet normal -0.662681 0.748902 0
    outer loop
      vertex 9.49118 48.2168 -3
      vertex 9.13237 47.8993 6
      vertex 9.49118 48.2168 6
    endloop
  endfacet
  facet normal -0.662681 0.748902 0
    outer loop
      vertex 9.13237 47.8993 6
      vertex 9.49118 48.2168 -3
      vertex 9.13237 47.8993 -3
    endloop
  endfacet
  facet normal -0.333704 0.942678 0
    outer loop
      vertex 18.5632 53.4545 -3
      vertex 18.1115 53.2946 6
      vertex 18.5632 53.4545 6
    endloop
  endfacet
  facet normal -0.333704 0.942678 0
    outer loop
      vertex 18.1115 53.2946 6
      vertex 18.5632 53.4545 -3
      vertex 18.1115 53.2946 -3
    endloop
  endfacet
  facet normal -0.0436275 0.999048 0
    outer loop
      vertex 26.542 54.9333 -3
      vertex 26.0634 54.9124 6
      vertex 26.542 54.9333 6
    endloop
  endfacet
  facet normal -0.0436275 0.999048 0
    outer loop
      vertex 26.0634 54.9124 6
      vertex 26.542 54.9333 -3
      vertex 26.0634 54.9124 -3
    endloop
  endfacet
  facet normal -0.130455 0.991454 0
    outer loop
      vertex 24.1547 54.7454 -3
      vertex 23.6797 54.6829 6
      vertex 24.1547 54.7454 6
    endloop
  endfacet
  facet normal -0.130455 0.991454 0
    outer loop
      vertex 23.6797 54.6829 6
      vertex 24.1547 54.7454 -3
      vertex 23.6797 54.6829 -3
    endloop
  endfacet
  facet normal 0.551947 -0.833879 0
    outer loop
      vertex 42.4503 4.47849 -3
      vertex 42.8498 4.74292 6
      vertex 42.4503 4.47849 6
    endloop
  endfacet
  facet normal 0.551947 -0.833879 0
    outer loop
      vertex 42.8498 4.74292 6
      vertex 42.4503 4.47849 -3
      vertex 42.8498 4.74292 -3
    endloop
  endfacet
  facet normal 0.522485 -0.852649 0
    outer loop
      vertex 41.6378 3.97076 -3
      vertex 42.0463 4.22108 6
      vertex 41.6378 3.97076 6
    endloop
  endfacet
  facet normal 0.522485 -0.852649 0
    outer loop
      vertex 42.0463 4.22108 6
      vertex 41.6378 3.97076 -3
      vertex 42.0463 4.22108 -3
    endloop
  endfacet
  facet normal 0.771598 -0.636111 0
    outer loop
      vertex 48.5279 9.85548 6
      vertex 48.8327 10.2252 -3
      vertex 48.8327 10.2252 6
    endloop
  endfacet
  facet normal 0.771598 -0.636111 0
    outer loop
      vertex 48.8327 10.2252 -3
      vertex 48.5279 9.85548 6
      vertex 48.5279 9.85548 -3
    endloop
  endfacet
  facet normal 0.852667 -0.522454 0
    outer loop
      vertex 50.7789 12.9537 6
      vertex 51.0292 13.3622 -3
      vertex 51.0292 13.3622 6
    endloop
  endfacet
  facet normal 0.852667 -0.522454 0
    outer loop
      vertex 51.0292 13.3622 -3
      vertex 50.7789 12.9537 6
      vertex 50.7789 12.9537 -3
    endloop
  endfacet
  facet normal 0.963584 -0.267407 0
    outer loop
      vertex 53.8866 19.9338 6
      vertex 54.0147 20.3954 -3
      vertex 54.0147 20.3954 6
    endloop
  endfacet
  facet normal 0.963584 -0.267407 0
    outer loop
      vertex 54.0147 20.3954 -3
      vertex 53.8866 19.9338 6
      vertex 53.8866 19.9338 -3
    endloop
  endfacet
  facet normal 0.99358 -0.113134 0
    outer loop
      vertex 54.7454 24.1547 6
      vertex 54.7996 24.6307 -3
      vertex 54.7996 24.6307 6
    endloop
  endfacet
  facet normal 0.99358 -0.113134 0
    outer loop
      vertex 54.7996 24.6307 -3
      vertex 54.7454 24.1547 6
      vertex 54.7454 24.1547 -3
    endloop
  endfacet
  facet normal -0.662622 -0.748954 0
    outer loop
      vertex 9.13237 7.10067 -3
      vertex 9.49118 6.78322 6
      vertex 9.13237 7.10067 6
    endloop
  endfacet
  facet normal -0.662622 -0.748954 -0
    outer loop
      vertex 9.49118 6.78322 6
      vertex 9.13237 7.10067 -3
      vertex 9.49118 6.78322 -3
    endloop
  endfacet
  facet normal -0.507542 -0.861627 0
    outer loop
      vertex 13.3622 3.97076 -3
      vertex 13.775 3.7276 6
      vertex 13.3622 3.97076 6
    endloop
  endfacet
  facet normal -0.507542 -0.861627 -0
    outer loop
      vertex 13.775 3.7276 6
      vertex 13.3622 3.97076 -3
      vertex 13.775 3.7276 -3
    endloop
  endfacet
  facet normal -0.333741 -0.942665 0
    outer loop
      vertex 18.1115 1.70544 -3
      vertex 18.5632 1.54552 6
      vertex 18.1115 1.70544 6
    endloop
  endfacet
  facet normal -0.333741 -0.942665 -0
    outer loop
      vertex 18.5632 1.54552 6
      vertex 18.1115 1.70544 -3
      vertex 18.5632 1.54552 -3
    endloop
  endfacet
  facet normal -0.130524 -0.991445 0
    outer loop
      vertex 23.6797 0.317142 -3
      vertex 24.1547 0.254608 6
      vertex 23.6797 0.317142 6
    endloop
  endfacet
  facet normal -0.130524 -0.991445 -0
    outer loop
      vertex 24.1547 0.254608 6
      vertex 23.6797 0.317142 -3
      vertex 24.1547 0.254608 -3
    endloop
  endfacet
  facet normal -0.00872624 -0.999962 0
    outer loop
      vertex 27.0209 0.0541811 -3
      vertex 27.5 0.0500002 6
      vertex 27.0209 0.0541811 6
    endloop
  endfacet
  facet normal -0.00872624 -0.999962 -0
    outer loop
      vertex 27.5 0.0500002 6
      vertex 27.0209 0.0541811 -3
      vertex 27.5 0.0500002 -3
    endloop
  endfacet
  facet normal -0.725379 -0.68835 0
    outer loop
      vertex 7.75412 8.43163 -3
      vertex 7.42434 8.77915 6
      vertex 7.42434 8.77915 -3
    endloop
  endfacet
  facet normal -0.725379 -0.68835 0
    outer loop
      vertex 7.42434 8.77915 6
      vertex 7.75412 8.43163 -3
      vertex 7.75412 8.43163 6
    endloop
  endfacet
  facet normal -0.824172 -0.566339 0
    outer loop
      vertex 5.01428 11.7553 -3
      vertex 4.74292 12.1502 6
      vertex 4.74292 12.1502 -3
    endloop
  endfacet
  facet normal -0.824172 -0.566339 0
    outer loop
      vertex 4.74292 12.1502 6
      vertex 5.01428 11.7553 -3
      vertex 5.01428 11.7553 6
    endloop
  endfacet
  facet normal -0.930436 -0.366456 0
    outer loop
      vertex 2.0488 17.217 -3
      vertex 1.87322 17.6628 6
      vertex 1.87322 17.6628 -3
    endloop
  endfacet
  facet normal -0.930436 -0.366456 0
    outer loop
      vertex 1.87322 17.6628 6
      vertex 2.0488 17.217 -3
      vertex 2.0488 17.217 6
    endloop
  endfacet
  facet normal -0.979927 -0.199354 0
    outer loop
      vertex 0.649849 21.7928 -3
      vertex 0.554335 22.2623 6
      vertex 0.554335 22.2623 -3
    endloop
  endfacet
  facet normal -0.979927 -0.199354 0
    outer loop
      vertex 0.554335 22.2623 6
      vertex 0.649849 21.7928 -3
      vertex 0.649849 21.7928 6
    endloop
  endfacet
  facet normal -0.996917 -0.0784613 0
    outer loop
      vertex 0.154456 25.1076 -3
      vertex 0.116867 25.5852 6
      vertex 0.116867 25.5852 -3
    endloop
  endfacet
  facet normal -0.996917 -0.0784613 0
    outer loop
      vertex 0.116867 25.5852 6
      vertex 0.154456 25.1076 -3
      vertex 0.154456 25.1076 6
    endloop
  endfacet
  facet normal 0.99966 0.0260926 0
    outer loop
      vertex 54.9458 27.9791 6
      vertex 54.9333 28.458 -3
      vertex 54.9333 28.458 6
    endloop
  endfacet
  facet normal 0.99966 0.0260926 0
    outer loop
      vertex 54.9333 28.458 -3
      vertex 54.9458 27.9791 6
      vertex 54.9458 27.9791 -3
    endloop
  endfacet
  facet normal 0.986309 0.164907 0
    outer loop
      vertex 54.612 31.7941 6
      vertex 54.533 32.2666 -3
      vertex 54.533 32.2666 6
    endloop
  endfacet
  facet normal 0.986309 0.164907 0
    outer loop
      vertex 54.533 32.2666 -3
      vertex 54.612 31.7941 6
      vertex 54.612 31.7941 -3
    endloop
  endfacet
  facet normal 0.979933 0.199326 0
    outer loop
      vertex 54.4457 32.7377 6
      vertex 54.3502 33.2072 -3
      vertex 54.3502 33.2072 6
    endloop
  endfacet
  facet normal 0.979933 0.199326 0
    outer loop
      vertex 54.3502 33.2072 -3
      vertex 54.4457 32.7377 6
      vertex 54.4457 32.7377 -3
    endloop
  endfacet
  facet normal 0.923902 0.382628 0
    outer loop
      vertex 52.9512 37.783 6
      vertex 52.7679 38.2256 -3
      vertex 52.7679 38.2256 6
    endloop
  endfacet
  facet normal 0.923902 0.382628 0
    outer loop
      vertex 52.7679 38.2256 -3
      vertex 52.9512 37.783 6
      vertex 52.9512 37.783 -3
    endloop
  endfacet
  facet normal 0.930421 0.366492 0
    outer loop
      vertex 53.1268 37.3372 6
      vertex 52.9512 37.783 -3
      vertex 52.9512 37.783 6
    endloop
  endfacet
  facet normal 0.930421 0.366492 0
    outer loop
      vertex 52.9512 37.783 -3
      vertex 53.1268 37.3372 6
      vertex 53.1268 37.3372 -3
    endloop
  endfacet
  facet normal 0.953693 0.300782 0
    outer loop
      vertex 53.7506 35.5256 6
      vertex 53.6065 35.9825 -3
      vertex 53.6065 35.9825 6
    endloop
  endfacet
  facet normal 0.953693 0.300782 0
    outer loop
      vertex 53.6065 35.9825 -3
      vertex 53.7506 35.5256 6
      vertex 53.7506 35.5256 -3
    endloop
  endfacet
  facet normal 0.963584 0.267407 0
    outer loop
      vertex 54.0147 34.6046 6
      vertex 53.8866 35.0662 -3
      vertex 53.8866 35.0662 6
    endloop
  endfacet
  facet normal 0.963584 0.267407 0
    outer loop
      vertex 53.8866 35.0662 -3
      vertex 54.0147 34.6046 6
      vertex 54.0147 34.6046 -3
    endloop
  endfacet
  facet normal 0.97629 0.216466 0
    outer loop
      vertex 54.3502 33.2072 6
      vertex 54.2465 33.6749 -3
      vertex 54.2465 33.6749 6
    endloop
  endfacet
  facet normal 0.97629 0.216466 0
    outer loop
      vertex 54.2465 33.6749 -3
      vertex 54.3502 33.2072 6
      vertex 54.3502 33.2072 -3
    endloop
  endfacet
  facet normal 0.958865 0.283861 0
    outer loop
      vertex 53.8866 35.0662 6
      vertex 53.7506 35.5256 -3
      vertex 53.7506 35.5256 6
    endloop
  endfacet
  facet normal 0.958865 0.283861 0
    outer loop
      vertex 53.7506 35.5256 -3
      vertex 53.8866 35.0662 6
      vertex 53.8866 35.0662 -3
    endloop
  endfacet
  facet normal 0.713238 0.700922 0
    outer loop
      vertex 47.2459 46.5684 6
      vertex 46.9101 46.9101 -3
      vertex 46.9101 46.9101 6
    endloop
  endfacet
  facet normal 0.713238 0.700922 0
    outer loop
      vertex 46.9101 46.9101 -3
      vertex 47.2459 46.5684 6
      vertex 47.2459 46.5684 -3
    endloop
  endfacet
  facet normal 0.824133 0.566396 0
    outer loop
      vertex 50.2571 42.8498 6
      vertex 49.9857 43.2447 -3
      vertex 49.9857 43.2447 6
    endloop
  endfacet
  facet normal 0.824133 0.566396 0
    outer loop
      vertex 49.9857 43.2447 -3
      vertex 50.2571 42.8498 6
      vertex 50.2571 42.8498 -3
    endloop
  endfacet
  facet normal 0.803816 0.594878 0
    outer loop
      vertex 49.7075 43.6347 6
      vertex 49.4225 44.0198 -3
      vertex 49.4225 44.0198 6
    endloop
  endfacet
  facet normal 0.803816 0.594878 0
    outer loop
      vertex 49.4225 44.0198 -3
      vertex 49.7075 43.6347 6
      vertex 49.7075 43.6347 -3
    endloop
  endfacet
  facet normal 0.793415 0.608681 0
    outer loop
      vertex 49.4225 44.0198 6
      vertex 49.1309 44.3999 -3
      vertex 49.1309 44.3999 6
    endloop
  endfacet
  facet normal 0.793415 0.608681 0
    outer loop
      vertex 49.1309 44.3999 -3
      vertex 49.4225 44.0198 6
      vertex 49.4225 44.0198 -3
    endloop
  endfacet
  facet normal 0.760449 0.649398 0
    outer loop
      vertex 48.5279 45.1445 6
      vertex 48.2168 45.5088 -3
      vertex 48.2168 45.5088 6
    endloop
  endfacet
  facet normal 0.760449 0.649398 0
    outer loop
      vertex 48.2168 45.5088 -3
      vertex 48.5279 45.1445 6
      vertex 48.5279 45.1445 -3
    endloop
  endfacet
  facet normal 0.833908 0.551903 0
    outer loop
      vertex 50.5215 42.4503 6
      vertex 50.2571 42.8498 -3
      vertex 50.2571 42.8498 6
    endloop
  endfacet
  facet normal 0.833908 0.551903 0
    outer loop
      vertex 50.2571 42.8498 -3
      vertex 50.5215 42.4503 6
      vertex 50.5215 42.4503 -3
    endloop
  endfacet
  facet normal 0.878803 0.477184 0
    outer loop
      vertex 51.7369 40.387 6
      vertex 51.5083 40.808 -3
      vertex 51.5083 40.808 6
    endloop
  endfacet
  facet normal 0.878803 0.477184 0
    outer loop
      vertex 51.5083 40.808 -3
      vertex 51.7369 40.387 6
      vertex 51.7369 40.387 -3
    endloop
  endfacet
  facet normal 0.916994 0.398902 0
    outer loop
      vertex 52.7679 38.2256 6
      vertex 52.5768 38.6649 -3
      vertex 52.5768 38.6649 6
    endloop
  endfacet
  facet normal 0.916994 0.398902 0
    outer loop
      vertex 52.5768 38.6649 -3
      vertex 52.7679 38.2256 6
      vertex 52.7679 38.2256 -3
    endloop
  endfacet
  facet normal 0.887046 0.461681 0
    outer loop
      vertex 51.9581 39.962 6
      vertex 51.7369 40.387 -3
      vertex 51.7369 40.387 6
    endloop
  endfacet
  facet normal 0.887046 0.461681 0
    outer loop
      vertex 51.7369 40.387 -3
      vertex 51.9581 39.962 6
      vertex 51.9581 39.962 -3
    endloop
  endfacet
  facet normal 0.0087661 0.999962 -0
    outer loop
      vertex 27.9791 54.9458 -3
      vertex 27.5 54.95 6
      vertex 27.9791 54.9458 6
    endloop
  endfacet
  facet normal 0.0087661 0.999962 0
    outer loop
      vertex 27.5 54.95 6
      vertex 27.9791 54.9458 -3
      vertex 27.5 54.95 -3
    endloop
  endfacet
  facet normal 0.366492 0.930421 -0
    outer loop
      vertex 37.783 52.9512 -3
      vertex 37.3372 53.1268 6
      vertex 37.783 52.9512 6
    endloop
  endfacet
  facet normal 0.366492 0.930421 0
    outer loop
      vertex 37.3372 53.1268 6
      vertex 37.783 52.9512 -3
      vertex 37.3372 53.1268 -3
    endloop
  endfacet
  facet normal 0.317292 0.948328 -0
    outer loop
      vertex 36.4368 53.4545 -3
      vertex 35.9825 53.6065 6
      vertex 36.4368 53.4545 6
    endloop
  endfacet
  facet normal 0.317292 0.948328 0
    outer loop
      vertex 35.9825 53.6065 6
      vertex 36.4368 53.4545 -3
      vertex 35.9825 53.6065 -3
    endloop
  endfacet
  facet normal 0.250288 0.968171 -0
    outer loop
      vertex 34.6046 54.0147 -3
      vertex 34.1408 54.1346 6
      vertex 34.6046 54.0147 6
    endloop
  endfacet
  facet normal 0.250288 0.968171 0
    outer loop
      vertex 34.1408 54.1346 6
      vertex 34.6046 54.0147 -3
      vertex 34.1408 54.1346 -3
    endloop
  endfacet
  facet normal 0.199326 0.979933 -0
    outer loop
      vertex 33.2072 54.3502 -3
      vertex 32.7377 54.4457 6
      vertex 33.2072 54.3502 6
    endloop
  endfacet
  facet normal 0.199326 0.979933 0
    outer loop
      vertex 32.7377 54.4457 6
      vertex 33.2072 54.3502 -3
      vertex 32.7377 54.4457 -3
    endloop
  endfacet
  facet normal 0.233539 0.972348 -0
    outer loop
      vertex 34.1408 54.1346 -3
      vertex 33.6749 54.2465 6
      vertex 34.1408 54.1346 6
    endloop
  endfacet
  facet normal 0.233539 0.972348 0
    outer loop
      vertex 33.6749 54.2465 6
      vertex 34.1408 54.1346 -3
      vertex 33.6749 54.2465 -3
    endloop
  endfacet
  facet normal 0.182209 0.98326 -0
    outer loop
      vertex 32.7377 54.4457 -3
      vertex 32.2666 54.533 6
      vertex 32.7377 54.4457 6
    endloop
  endfacet
  facet normal 0.182209 0.98326 0
    outer loop
      vertex 32.2666 54.533 6
      vertex 32.7377 54.4457 -3
      vertex 32.2666 54.533 -3
    endloop
  endfacet
  facet normal 0.147993 0.988988 -0
    outer loop
      vertex 31.7941 54.612 -3
      vertex 31.3203 54.6829 6
      vertex 31.7941 54.612 6
    endloop
  endfacet
  facet normal 0.147993 0.988988 0
    outer loop
      vertex 31.3203 54.6829 6
      vertex 31.7941 54.612 -3
      vertex 31.3203 54.6829 -3
    endloop
  endfacet
  facet normal 0.130455 0.991454 -0
    outer loop
      vertex 31.3203 54.6829 -3
      vertex 30.8453 54.7454 6
      vertex 31.3203 54.6829 6
    endloop
  endfacet
  facet normal 0.130455 0.991454 0
    outer loop
      vertex 30.8453 54.7454 6
      vertex 31.3203 54.6829 -3
      vertex 30.8453 54.7454 -3
    endloop
  endfacet
  facet normal 0.0958039 0.9954 -0
    outer loop
      vertex 30.3693 54.7996 -3
      vertex 29.8924 54.8455 6
      vertex 30.3693 54.7996 6
    endloop
  endfacet
  facet normal 0.0958039 0.9954 0
    outer loop
      vertex 29.8924 54.8455 6
      vertex 30.3693 54.7996 -3
      vertex 29.8924 54.8455 -3
    endloop
  endfacet
  facet normal 0.382628 0.923902 -0
    outer loop
      vertex 38.2256 52.7679 -3
      vertex 37.783 52.9512 6
      vertex 38.2256 52.7679 6
    endloop
  endfacet
  facet normal 0.382628 0.923902 0
    outer loop
      vertex 37.783 52.9512 6
      vertex 38.2256 52.7679 -3
      vertex 37.783 52.9512 -3
    endloop
  endfacet
  facet normal 0.537335 0.843369 -0
    outer loop
      vertex 42.4503 50.5215 -3
      vertex 42.0463 50.7789 6
      vertex 42.4503 50.5215 6
    endloop
  endfacet
  facet normal 0.537335 0.843369 0
    outer loop
      vertex 42.0463 50.7789 6
      vertex 42.4503 50.5215 -3
      vertex 42.0463 50.7789 -3
    endloop
  endfacet
  facet normal 0.522454 0.852667 -0
    outer loop
      vertex 42.0463 50.7789 -3
      vertex 41.6378 51.0292 6
      vertex 42.0463 50.7789 6
    endloop
  endfacet
  facet normal 0.522454 0.852667 0
    outer loop
      vertex 41.6378 51.0292 6
      vertex 42.0463 50.7789 -3
      vertex 41.6378 51.0292 -3
    endloop
  endfacet
  facet normal 0.507604 0.861591 -0
    outer loop
      vertex 41.6378 51.0292 -3
      vertex 41.225 51.2724 6
      vertex 41.6378 51.0292 6
    endloop
  endfacet
  facet normal 0.507604 0.861591 0
    outer loop
      vertex 41.225 51.2724 6
      vertex 41.6378 51.0292 -3
      vertex 41.225 51.2724 -3
    endloop
  endfacet
  facet normal 0.461681 0.887046 -0
    outer loop
      vertex 40.387 51.7369 -3
      vertex 39.962 51.9581 6
      vertex 40.387 51.7369 6
    endloop
  endfacet
  facet normal 0.461681 0.887046 0
    outer loop
      vertex 39.962 51.9581 6
      vertex 40.387 51.7369 -3
      vertex 39.962 51.9581 -3
    endloop
  endfacet
  facet normal 0.566396 0.824133 -0
    outer loop
      vertex 43.2447 49.9857 -3
      vertex 42.8498 50.2571 6
      vertex 43.2447 49.9857 6
    endloop
  endfacet
  facet normal 0.566396 0.824133 0
    outer loop
      vertex 42.8498 50.2571 6
      vertex 43.2447 49.9857 -3
      vertex 42.8498 50.2571 -3
    endloop
  endfacet
  facet normal 0.580725 0.8141 -0
    outer loop
      vertex 43.6347 49.7075 -3
      vertex 43.2447 49.9857 6
      vertex 43.6347 49.7075 6
    endloop
  endfacet
  facet normal 0.580725 0.8141 0
    outer loop
      vertex 43.2447 49.9857 6
      vertex 43.6347 49.7075 -3
      vertex 43.2447 49.9857 -3
    endloop
  endfacet
  facet normal 0.636131 0.771581 -0
    outer loop
      vertex 45.1445 48.5279 -3
      vertex 44.7748 48.8327 6
      vertex 45.1445 48.5279 6
    endloop
  endfacet
  facet normal 0.636131 0.771581 0
    outer loop
      vertex 44.7748 48.8327 6
      vertex 45.1445 48.5279 -3
      vertex 44.7748 48.8327 -3
    endloop
  endfacet
  facet normal 0.700922 0.713238 -0
    outer loop
      vertex 46.9101 46.9101 -3
      vertex 46.5684 47.2459 6
      vertex 46.9101 46.9101 6
    endloop
  endfacet
  facet normal 0.700922 0.713238 0
    outer loop
      vertex 46.5684 47.2459 6
      vertex 46.9101 46.9101 -3
      vertex 46.5684 47.2459 -3
    endloop
  endfacet
  facet normal 0.662691 0.748893 -0
    outer loop
      vertex 45.8676 47.8993 -3
      vertex 45.5088 48.2168 6
      vertex 45.8676 47.8993 6
    endloop
  endfacet
  facet normal 0.662691 0.748893 0
    outer loop
      vertex 45.5088 48.2168 6
      vertex 45.8676 47.8993 -3
      vertex 45.5088 48.2168 -3
    endloop
  endfacet
  facet normal 0.649398 0.760449 -0
    outer loop
      vertex 45.5088 48.2168 -3
      vertex 45.1445 48.5279 6
      vertex 45.5088 48.2168 6
    endloop
  endfacet
  facet normal 0.649398 0.760449 0
    outer loop
      vertex 45.1445 48.5279 6
      vertex 45.5088 48.2168 -3
      vertex 45.1445 48.5279 -3
    endloop
  endfacet
  facet normal -0.999962 0.00872624 0
    outer loop
      vertex 0.0500002 27.5 -3
      vertex 0.0541811 27.9791 6
      vertex 0.0541811 27.9791 -3
    endloop
  endfacet
  facet normal -0.999962 0.00872624 0
    outer loop
      vertex 0.0541811 27.9791 6
      vertex 0.0500002 27.5 -3
      vertex 0.0500002 27.5 6
    endloop
  endfacet
  facet normal -0.793364 0.608747 0
    outer loop
      vertex 5.57746 44.0198 -3
      vertex 5.86911 44.3999 6
      vertex 5.86911 44.3999 -3
    endloop
  endfacet
  facet normal -0.793364 0.608747 0
    outer loop
      vertex 5.86911 44.3999 6
      vertex 5.57746 44.0198 -3
      vertex 5.57746 44.0198 6
    endloop
  endfacet
  facet normal -0.824172 0.566339 0
    outer loop
      vertex 4.74292 42.8498 -3
      vertex 5.01428 43.2447 6
      vertex 5.01428 43.2447 -3
    endloop
  endfacet
  facet normal -0.824172 0.566339 0
    outer loop
      vertex 5.01428 43.2447 6
      vertex 4.74292 42.8498 -3
      vertex 4.74292 42.8498 6
    endloop
  endfacet
  facet normal -0.8141 0.580725 0
    outer loop
      vertex 5.01428 43.2447 -3
      vertex 5.29248 43.6347 6
      vertex 5.29248 43.6347 -3
    endloop
  endfacet
  facet normal -0.8141 0.580725 0
    outer loop
      vertex 5.29248 43.6347 6
      vertex 5.01428 43.2447 -3
      vertex 5.01428 43.2447 6
    endloop
  endfacet
  facet normal -0.923873 0.3827 0
    outer loop
      vertex 2.0488 37.783 -3
      vertex 2.23214 38.2256 6
      vertex 2.23214 38.2256 -3
    endloop
  endfacet
  facet normal -0.923873 0.3827 0
    outer loop
      vertex 2.23214 38.2256 6
      vertex 2.0488 37.783 -3
      vertex 2.0488 37.783 6
    endloop
  endfacet
  facet normal -0.887029 0.461714 0
    outer loop
      vertex 3.04187 39.962 -3
      vertex 3.26309 40.387 6
      vertex 3.26309 40.387 -3
    endloop
  endfacet
  facet normal -0.887029 0.461714 0
    outer loop
      vertex 3.26309 40.387 6
      vertex 3.04187 39.962 -3
      vertex 3.04187 39.962 6
    endloop
  endfacet
  facet normal -0.861627 0.507542 0
    outer loop
      vertex 3.7276 41.225 -3
      vertex 3.97076 41.6378 6
      vertex 3.97076 41.6378 -3
    endloop
  endfacet
  facet normal -0.861627 0.507542 0
    outer loop
      vertex 3.97076 41.6378 6
      vertex 3.7276 41.225 -3
      vertex 3.7276 41.225 6
    endloop
  endfacet
  facet normal -0.930436 0.366456 0
    outer loop
      vertex 1.87322 37.3372 -3
      vertex 2.0488 37.783 6
      vertex 2.0488 37.783 -3
    endloop
  endfacet
  facet normal -0.930436 0.366456 0
    outer loop
      vertex 2.0488 37.783 6
      vertex 1.87322 37.3372 -3
      vertex 1.87322 37.3372 6
    endloop
  endfacet
  facet normal -0.948315 0.31733 0
    outer loop
      vertex 1.3935 35.9825 -3
      vertex 1.54552 36.4368 6
      vertex 1.54552 36.4368 -3
    endloop
  endfacet
  facet normal -0.948315 0.31733 0
    outer loop
      vertex 1.54552 36.4368 6
      vertex 1.3935 35.9825 -3
      vertex 1.3935 35.9825 6
    endloop
  endfacet
  facet normal -0.968145 0.250392 0
    outer loop
      vertex 0.865383 34.1408 -3
      vertex 0.985336 34.6046 6
      vertex 0.985336 34.6046 -3
    endloop
  endfacet
  facet normal -0.968145 0.250392 0
    outer loop
      vertex 0.985336 34.6046 6
      vertex 0.865383 34.1408 -3
      vertex 0.865383 34.1408 6
    endloop
  endfacet
  facet normal -0.979927 0.199354 0
    outer loop
      vertex 0.554335 32.7377 -3
      vertex 0.649849 33.2072 6
      vertex 0.649849 33.2072 -3
    endloop
  endfacet
  facet normal -0.979927 0.199354 0
    outer loop
      vertex 0.649849 33.2072 6
      vertex 0.554335 32.7377 -3
      vertex 0.554335 32.7377 6
    endloop
  endfacet
  facet normal -0.972375 0.233422 0
    outer loop
      vertex 0.753542 33.6749 -3
      vertex 0.865383 34.1408 6
      vertex 0.865383 34.1408 -3
    endloop
  endfacet
  facet normal -0.972375 0.233422 0
    outer loop
      vertex 0.865383 34.1408 6
      vertex 0.753542 33.6749 -3
      vertex 0.753542 33.6749 6
    endloop
  endfacet
  facet normal -0.983257 0.182223 0
    outer loop
      vertex 0.467028 32.2666 -3
      vertex 0.554335 32.7377 6
      vertex 0.554335 32.7377 -3
    endloop
  endfacet
  facet normal -0.983257 0.182223 0
    outer loop
      vertex 0.554335 32.7377 6
      vertex 0.467028 32.2666 -3
      vertex 0.467028 32.2666 6
    endloop
  endfacet
  facet normal -0.989015 0.147818 0
    outer loop
      vertex 0.317142 31.3203 -3
      vertex 0.387956 31.7941 6
      vertex 0.387956 31.7941 -3
    endloop
  endfacet
  facet normal -0.989015 0.147818 0
    outer loop
      vertex 0.387956 31.7941 6
      vertex 0.317142 31.3203 -3
      vertex 0.317142 31.3203 6
    endloop
  endfacet
  facet normal -0.991445 0.130524 0
    outer loop
      vertex 0.254608 30.8453 -3
      vertex 0.317142 31.3203 6
      vertex 0.317142 31.3203 -3
    endloop
  endfacet
  facet normal -0.991445 0.130524 0
    outer loop
      vertex 0.317142 31.3203 6
      vertex 0.254608 30.8453 -3
      vertex 0.254608 30.8453 6
    endloop
  endfacet
  facet normal -0.995396 0.0958432 0
    outer loop
      vertex 0.154456 29.8924 -3
      vertex 0.200375 30.3693 6
      vertex 0.200375 30.3693 -3
    endloop
  endfacet
  facet normal -0.995396 0.0958432 0
    outer loop
      vertex 0.200375 30.3693 6
      vertex 0.154456 29.8924 -3
      vertex 0.154456 29.8924 6
    endloop
  endfacet
  facet normal -0.700912 0.713248 0
    outer loop
      vertex 8.43163 47.2459 -3
      vertex 8.08992 46.9101 6
      vertex 8.43163 47.2459 6
    endloop
  endfacet
  facet normal -0.700912 0.713248 0
    outer loop
      vertex 8.08992 46.9101 6
      vertex 8.43163 47.2459 -3
      vertex 8.08992 46.9101 -3
    endloop
  endfacet
  facet normal -0.430436 0.902621 0
    outer loop
      vertex 15.8991 52.3781 -3
      vertex 15.4667 52.1719 6
      vertex 15.8991 52.3781 6
    endloop
  endfacet
  facet normal -0.430436 0.902621 0
    outer loop
      vertex 15.4667 52.1719 6
      vertex 15.8991 52.3781 -3
      vertex 15.4667 52.1719 -3
    endloop
  endfacet
  facet normal -0.507604 0.861591 0
    outer loop
      vertex 13.775 51.2724 -3
      vertex 13.3622 51.0292 6
      vertex 13.775 51.2724 6
    endloop
  endfacet
  facet normal -0.507604 0.861591 0
    outer loop
      vertex 13.3622 51.0292 6
      vertex 13.775 51.2724 -3
      vertex 13.3622 51.0292 -3
    endloop
  endfacet
  facet normal -0.551903 0.833908 0
    outer loop
      vertex 12.5497 50.5215 -3
      vertex 12.1502 50.2571 6
      vertex 12.5497 50.5215 6
    endloop
  endfacet
  facet normal -0.551903 0.833908 0
    outer loop
      vertex 12.1502 50.2571 6
      vertex 12.5497 50.5215 -3
      vertex 12.1502 50.2571 -3
    endloop
  endfacet
  facet normal -0.522454 0.852667 0
    outer loop
      vertex 13.3622 51.0292 -3
      vertex 12.9537 50.7789 6
      vertex 13.3622 51.0292 6
    endloop
  endfacet
  facet normal -0.522454 0.852667 0
    outer loop
      vertex 12.9537 50.7789 6
      vertex 13.3622 51.0292 -3
      vertex 12.9537 50.7789 -3
    endloop
  endfacet
  facet normal -0.566396 0.824133 0
    outer loop
      vertex 12.1502 50.2571 -3
      vertex 11.7553 49.9857 6
      vertex 12.1502 50.2571 6
    endloop
  endfacet
  facet normal -0.566396 0.824133 0
    outer loop
      vertex 11.7553 49.9857 6
      vertex 12.1502 50.2571 -3
      vertex 11.7553 49.9857 -3
    endloop
  endfacet
  facet normal -0.594878 0.803816 0
    outer loop
      vertex 11.3653 49.7075 -3
      vertex 10.9802 49.4225 6
      vertex 11.3653 49.7075 6
    endloop
  endfacet
  facet normal -0.594878 0.803816 0
    outer loop
      vertex 10.9802 49.4225 6
      vertex 11.3653 49.7075 -3
      vertex 10.9802 49.4225 -3
    endloop
  endfacet
  facet normal -0.608681 0.793415 0
    outer loop
      vertex 10.9802 49.4225 -3
      vertex 10.6001 49.1309 6
      vertex 10.9802 49.4225 6
    endloop
  endfacet
  facet normal -0.608681 0.793415 0
    outer loop
      vertex 10.6001 49.1309 6
      vertex 10.9802 49.4225 -3
      vertex 10.6001 49.1309 -3
    endloop
  endfacet
  facet normal -0.649398 0.760449 0
    outer loop
      vertex 9.85548 48.5279 -3
      vertex 9.49118 48.2168 6
      vertex 9.85548 48.5279 6
    endloop
  endfacet
  facet normal -0.649398 0.760449 0
    outer loop
      vertex 9.49118 48.2168 6
      vertex 9.85548 48.5279 -3
      vertex 9.49118 48.2168 -3
    endloop
  endfacet
  facet normal -0.366492 0.930421 0
    outer loop
      vertex 17.6628 53.1268 -3
      vertex 17.217 52.9512 6
      vertex 17.6628 53.1268 6
    endloop
  endfacet
  facet normal -0.366492 0.930421 0
    outer loop
      vertex 17.217 52.9512 6
      vertex 17.6628 53.1268 -3
      vertex 17.217 52.9512 -3
    endloop
  endfacet
  facet normal -0.216466 0.97629 0
    outer loop
      vertex 21.7928 54.3502 -3
      vertex 21.3251 54.2465 6
      vertex 21.7928 54.3502 6
    endloop
  endfacet
  facet normal -0.216466 0.97629 0
    outer loop
      vertex 21.3251 54.2465 6
      vertex 21.7928 54.3502 -3
      vertex 21.3251 54.2465 -3
    endloop
  endfacet
  facet normal -0.233539 0.972348 0
    outer loop
      vertex 21.3251 54.2465 -3
      vertex 20.8592 54.1346 6
      vertex 21.3251 54.2465 6
    endloop
  endfacet
  facet normal -0.233539 0.972348 0
    outer loop
      vertex 20.8592 54.1346 6
      vertex 21.3251 54.2465 -3
      vertex 20.8592 54.1346 -3
    endloop
  endfacet
  facet normal -0.250288 0.968171 0
    outer loop
      vertex 20.8592 54.1346 -3
      vertex 20.3954 54.0147 6
      vertex 20.8592 54.1346 6
    endloop
  endfacet
  facet normal -0.250288 0.968171 0
    outer loop
      vertex 20.3954 54.0147 6
      vertex 20.8592 54.1346 -3
      vertex 20.3954 54.0147 -3
    endloop
  endfacet
  facet normal -0.300782 0.953693 0
    outer loop
      vertex 19.4744 53.7506 -3
      vertex 19.0175 53.6065 6
      vertex 19.4744 53.7506 6
    endloop
  endfacet
  facet normal -0.300782 0.953693 0
    outer loop
      vertex 19.0175 53.6065 6
      vertex 19.4744 53.7506 -3
      vertex 19.0175 53.6065 -3
    endloop
  endfacet
  facet normal -0.182209 0.98326 0
    outer loop
      vertex 22.7334 54.533 -3
      vertex 22.2623 54.4457 6
      vertex 22.7334 54.533 6
    endloop
  endfacet
  facet normal -0.182209 0.98326 0
    outer loop
      vertex 22.2623 54.4457 6
      vertex 22.7334 54.533 -3
      vertex 22.2623 54.4457 -3
    endloop
  endfacet
  facet normal -0.164907 0.986309 0
    outer loop
      vertex 23.2059 54.612 -3
      vertex 22.7334 54.533 6
      vertex 23.2059 54.612 6
    endloop
  endfacet
  facet normal -0.164907 0.986309 0
    outer loop
      vertex 22.7334 54.533 6
      vertex 23.2059 54.612 -3
      vertex 22.7334 54.533 -3
    endloop
  endfacet
  facet normal -0.113134 0.99358 0
    outer loop
      vertex 24.6307 54.7996 -3
      vertex 24.1547 54.7454 6
      vertex 24.6307 54.7996 6
    endloop
  endfacet
  facet normal -0.113134 0.99358 0
    outer loop
      vertex 24.1547 54.7454 6
      vertex 24.6307 54.7996 -3
      vertex 24.1547 54.7454 -3
    endloop
  endfacet
  facet normal -0.0087661 0.999962 0
    outer loop
      vertex 27.5 54.95 -3
      vertex 27.0209 54.9458 6
      vertex 27.5 54.95 6
    endloop
  endfacet
  facet normal -0.0087661 0.999962 0
    outer loop
      vertex 27.0209 54.9458 6
      vertex 27.5 54.95 -3
      vertex 27.0209 54.9458 -3
    endloop
  endfacet
  facet normal -0.0611567 0.998128 0
    outer loop
      vertex 26.0634 54.9124 -3
      vertex 25.5852 54.8831 6
      vertex 26.0634 54.9124 6
    endloop
  endfacet
  facet normal -0.0611567 0.998128 0
    outer loop
      vertex 25.5852 54.8831 6
      vertex 26.0634 54.9124 -3
      vertex 25.5852 54.8831 -3
    endloop
  endfacet
  facet normal 0.999962 0.0087661 0
    outer loop
      vertex 54.95 27.5 6
      vertex 54.9458 27.9791 -3
      vertex 54.9458 27.9791 6
    endloop
  endfacet
  facet normal 0.999962 0.0087661 0
    outer loop
      vertex 54.9458 27.9791 -3
      vertex 54.95 27.5 6
      vertex 54.95 27.5 -3
    endloop
  endfacet
  facet normal 0.0610469 -0.998135 0
    outer loop
      vertex 28.9366 0.0876198 -3
      vertex 29.4148 0.116867 6
      vertex 28.9366 0.0876198 6
    endloop
  endfacet
  facet normal 0.0610469 -0.998135 0
    outer loop
      vertex 29.4148 0.116867 6
      vertex 28.9366 0.0876198 -3
      vertex 29.4148 0.116867 -3
    endloop
  endfacet
  facet normal 0.300725 -0.953711 0
    outer loop
      vertex 35.5256 1.24943 -3
      vertex 35.9825 1.3935 6
      vertex 35.5256 1.24943 6
    endloop
  endfacet
  facet normal 0.300725 -0.953711 0
    outer loop
      vertex 35.9825 1.3935 6
      vertex 35.5256 1.24943 -3
      vertex 35.9825 1.3935 -3
    endloop
  endfacet
  facet normal 0.250392 -0.968145 0
    outer loop
      vertex 34.1408 0.865383 -3
      vertex 34.6046 0.985336 6
      vertex 34.1408 0.865383 6
    endloop
  endfacet
  facet normal 0.250392 -0.968145 0
    outer loop
      vertex 34.6046 0.985336 6
      vertex 34.1408 0.865383 -3
      vertex 34.6046 0.985336 -3
    endloop
  endfacet
  facet normal 0.566339 -0.824172 0
    outer loop
      vertex 42.8498 4.74292 -3
      vertex 43.2447 5.01428 6
      vertex 42.8498 4.74292 6
    endloop
  endfacet
  facet normal 0.566339 -0.824172 0
    outer loop
      vertex 43.2447 5.01428 6
      vertex 42.8498 4.74292 -3
      vertex 43.2447 5.01428 -3
    endloop
  endfacet
  facet normal 0.580725 -0.8141 0
    outer loop
      vertex 43.2447 5.01428 -3
      vertex 43.6347 5.29248 6
      vertex 43.2447 5.01428 6
    endloop
  endfacet
  facet normal 0.580725 -0.8141 0
    outer loop
      vertex 43.6347 5.29248 6
      vertex 43.2447 5.01428 -3
      vertex 43.6347 5.29248 -3
    endloop
  endfacet
  facet normal 0.636057 -0.771642 0
    outer loop
      vertex 44.7748 6.16734 -3
      vertex 45.1445 6.47208 6
      vertex 44.7748 6.16734 6
    endloop
  endfacet
  facet normal 0.636057 -0.771642 0
    outer loop
      vertex 45.1445 6.47208 6
      vertex 44.7748 6.16734 -3
      vertex 45.1445 6.47208 -3
    endloop
  endfacet
  facet normal 0.608747 -0.793364 0
    outer loop
      vertex 44.0198 5.57746 -3
      vertex 44.3999 5.86911 6
      vertex 44.0198 5.57746 6
    endloop
  endfacet
  facet normal 0.608747 -0.793364 0
    outer loop
      vertex 44.3999 5.86911 6
      vertex 44.0198 5.57746 -3
      vertex 44.3999 5.86911 -3
    endloop
  endfacet
  facet normal 0.649446 -0.760408 0
    outer loop
      vertex 45.1445 6.47208 -3
      vertex 45.5088 6.78322 6
      vertex 45.1445 6.47208 6
    endloop
  endfacet
  facet normal 0.649446 -0.760408 0
    outer loop
      vertex 45.5088 6.78322 6
      vertex 45.1445 6.47208 -3
      vertex 45.5088 6.78322 -3
    endloop
  endfacet
  facet normal 0.675511 -0.73735 0
    outer loop
      vertex 45.8676 7.10067 -3
      vertex 46.2209 7.42434 6
      vertex 45.8676 7.10067 6
    endloop
  endfacet
  facet normal 0.675511 -0.73735 0
    outer loop
      vertex 46.2209 7.42434 6
      vertex 45.8676 7.10067 -3
      vertex 46.2209 7.42434 -3
    endloop
  endfacet
  facet normal 0.700922 -0.713238 0
    outer loop
      vertex 46.5684 7.75412 -3
      vertex 46.9101 8.08992 6
      vertex 46.5684 7.75412 6
    endloop
  endfacet
  facet normal 0.700922 -0.713238 0
    outer loop
      vertex 46.9101 8.08992 6
      vertex 46.5684 7.75412 -3
      vertex 46.9101 8.08992 -3
    endloop
  endfacet
  facet normal 0.477184 -0.878803 0
    outer loop
      vertex 40.387 3.26309 -3
      vertex 40.808 3.49169 6
      vertex 40.387 3.26309 6
    endloop
  endfacet
  facet normal 0.477184 -0.878803 0
    outer loop
      vertex 40.808 3.49169 6
      vertex 40.387 3.26309 -3
      vertex 40.808 3.49169 -3
    endloop
  endfacet
  facet normal 0.3827 -0.923873 0
    outer loop
      vertex 37.783 2.0488 -3
      vertex 38.2256 2.23214 6
      vertex 37.783 2.0488 6
    endloop
  endfacet
  facet normal 0.3827 -0.923873 0
    outer loop
      vertex 38.2256 2.23214 6
      vertex 37.783 2.0488 -3
      vertex 38.2256 2.23214 -3
    endloop
  endfacet
  facet normal 0.748902 -0.662681 0
    outer loop
      vertex 47.8993 9.13237 6
      vertex 48.2168 9.49118 -3
      vertex 48.2168 9.49118 6
    endloop
  endfacet
  facet normal 0.748902 -0.662681 0
    outer loop
      vertex 48.2168 9.49118 -3
      vertex 47.8993 9.13237 6
      vertex 47.8993 9.13237 -3
    endloop
  endfacet
  facet normal 0.894886 -0.446295 0
    outer loop
      vertex 51.9581 15.038 6
      vertex 52.1719 15.4667 -3
      vertex 52.1719 15.4667 6
    endloop
  endfacet
  facet normal 0.894886 -0.446295 0
    outer loop
      vertex 52.1719 15.4667 -3
      vertex 51.9581 15.038 6
      vertex 51.9581 15.038 -3
    endloop
  endfacet
  facet normal 0.887046 -0.461681 0
    outer loop
      vertex 51.7369 14.613 6
      vertex 51.9581 15.038 -3
      vertex 51.9581 15.038 6
    endloop
  endfacet
  facet normal 0.887046 -0.461681 0
    outer loop
      vertex 51.9581 15.038 -3
      vertex 51.7369 14.613 6
      vertex 51.7369 14.613 -3
    endloop
  endfacet
  facet normal 0.909959 -0.414699 0
    outer loop
      vertex 52.3781 15.8991 6
      vertex 52.5768 16.3351 -3
      vertex 52.5768 16.3351 6
    endloop
  endfacet
  facet normal 0.909959 -0.414699 0
    outer loop
      vertex 52.5768 16.3351 -3
      vertex 52.3781 15.8991 6
      vertex 52.3781 15.8991 -3
    endloop
  endfacet
  facet normal 0.923902 -0.382628 0
    outer loop
      vertex 52.7679 16.7744 6
      vertex 52.9512 17.217 -3
      vertex 52.9512 17.217 6
    endloop
  endfacet
  facet normal 0.923902 -0.382628 0
    outer loop
      vertex 52.9512 17.217 -3
      vertex 52.7679 16.7744 6
      vertex 52.7679 16.7744 -3
    endloop
  endfacet
  facet normal 0.861591 -0.507604 0
    outer loop
      vertex 51.0292 13.3622 6
      vertex 51.2724 13.775 -3
      vertex 51.2724 13.775 6
    endloop
  endfacet
  facet normal 0.861591 -0.507604 0
    outer loop
      vertex 51.2724 13.775 -3
      vertex 51.0292 13.3622 6
      vertex 51.0292 13.3622 -3
    endloop
  endfacet
  facet normal 0.878803 -0.477184 0
    outer loop
      vertex 51.5083 14.192 6
      vertex 51.7369 14.613 -3
      vertex 51.7369 14.613 6
    endloop
  endfacet
  facet normal 0.878803 -0.477184 0
    outer loop
      vertex 51.7369 14.613 -3
      vertex 51.5083 14.192 6
      vertex 51.5083 14.192 -3
    endloop
  endfacet
  facet normal 0.97629 -0.216466 0
    outer loop
      vertex 54.2465 21.3251 6
      vertex 54.3502 21.7928 -3
      vertex 54.3502 21.7928 6
    endloop
  endfacet
  facet normal 0.97629 -0.216466 0
    outer loop
      vertex 54.3502 21.7928 -3
      vertex 54.2465 21.3251 6
      vertex 54.2465 21.3251 -3
    endloop
  endfacet
  facet normal 0.98326 -0.182209 0
    outer loop
      vertex 54.4457 22.2623 6
      vertex 54.533 22.7334 -3
      vertex 54.533 22.7334 6
    endloop
  endfacet
  facet normal 0.98326 -0.182209 0
    outer loop
      vertex 54.533 22.7334 -3
      vertex 54.4457 22.2623 6
      vertex 54.4457 22.2623 -3
    endloop
  endfacet
  facet normal 0.968171 -0.250288 0
    outer loop
      vertex 54.0147 20.3954 6
      vertex 54.1346 20.8592 -3
      vertex 54.1346 20.8592 6
    endloop
  endfacet
  facet normal 0.968171 -0.250288 0
    outer loop
      vertex 54.1346 20.8592 -3
      vertex 54.0147 20.3954 6
      vertex 54.0147 20.3954 -3
    endloop
  endfacet
  facet normal 0.991454 -0.130455 0
    outer loop
      vertex 54.6829 23.6797 6
      vertex 54.7454 24.1547 -3
      vertex 54.7454 24.1547 6
    endloop
  endfacet
  facet normal 0.991454 -0.130455 0
    outer loop
      vertex 54.7454 24.1547 -3
      vertex 54.6829 23.6797 6
      vertex 54.6829 23.6797 -3
    endloop
  endfacet
  facet normal 0.998128 -0.0611567 0
    outer loop
      vertex 54.8831 25.5852 6
      vertex 54.9124 26.0634 -3
      vertex 54.9124 26.0634 6
    endloop
  endfacet
  facet normal 0.998128 -0.0611567 0
    outer loop
      vertex 54.9124 26.0634 -3
      vertex 54.8831 25.5852 6
      vertex 54.8831 25.5852 -3
    endloop
  endfacet
  facet normal -0.0610469 -0.998135 0
    outer loop
      vertex 25.5852 0.116867 -3
      vertex 26.0634 0.0876198 6
      vertex 25.5852 0.116867 6
    endloop
  endfacet
  facet normal -0.0610469 -0.998135 -0
    outer loop
      vertex 26.0634 0.0876198 6
      vertex 25.5852 0.116867 -3
      vertex 26.0634 0.0876198 -3
    endloop
  endfacet
  facet normal -0.675594 -0.737274 0
    outer loop
      vertex 8.77915 7.42434 -3
      vertex 9.13237 7.10067 6
      vertex 8.77915 7.42434 6
    endloop
  endfacet
  facet normal -0.675594 -0.737274 -0
    outer loop
      vertex 9.13237 7.10067 6
      vertex 8.77915 7.42434 -3
      vertex 9.13237 7.10067 -3
    endloop
  endfacet
  facet normal -0.566339 -0.824172 0
    outer loop
      vertex 11.7553 5.01428 -3
      vertex 12.1502 4.74292 6
      vertex 11.7553 5.01428 6
    endloop
  endfacet
  facet normal -0.566339 -0.824172 -0
    outer loop
      vertex 12.1502 4.74292 6
      vertex 11.7553 5.01428 -3
      vertex 12.1502 4.74292 -3
    endloop
  endfacet
  facet normal -0.461714 -0.887029 0
    outer loop
      vertex 14.613 3.26309 -3
      vertex 15.038 3.04187 6
      vertex 14.613 3.26309 6
    endloop
  endfacet
  facet normal -0.461714 -0.887029 -0
    outer loop
      vertex 15.038 3.04187 6
      vertex 14.613 3.26309 -3
      vertex 15.038 3.04187 -3
    endloop
  endfacet
  facet normal -0.414647 -0.909982 0
    outer loop
      vertex 15.8991 2.62185 -3
      vertex 16.3351 2.42318 6
      vertex 15.8991 2.62185 6
    endloop
  endfacet
  facet normal -0.414647 -0.909982 -0
    outer loop
      vertex 16.3351 2.42318 6
      vertex 15.8991 2.62185 -3
      vertex 16.3351 2.42318 -3
    endloop
  endfacet
  facet normal -0.446245 -0.894911 0
    outer loop
      vertex 15.038 3.04187 -3
      vertex 15.4667 2.8281 6
      vertex 15.038 3.04187 6
    endloop
  endfacet
  facet normal -0.446245 -0.894911 -0
    outer loop
      vertex 15.4667 2.8281 6
      vertex 15.038 3.04187 -3
      vertex 15.4667 2.8281 -3
    endloop
  endfacet
  facet normal -0.366456 -0.930436 0
    outer loop
      vertex 17.217 2.0488 -3
      vertex 17.6628 1.87322 6
      vertex 17.217 2.0488 6
    endloop
  endfacet
  facet normal -0.366456 -0.930436 -0
    outer loop
      vertex 17.6628 1.87322 6
      vertex 17.217 2.0488 -3
      vertex 17.6628 1.87322 -3
    endloop
  endfacet
  facet normal -0.35024 -0.93666 0
    outer loop
      vertex 17.6628 1.87322 -3
      vertex 18.1115 1.70544 6
      vertex 17.6628 1.87322 6
    endloop
  endfacet
  facet normal -0.35024 -0.93666 -0
    outer loop
      vertex 18.1115 1.70544 6
      vertex 17.6628 1.87322 -3
      vertex 18.1115 1.70544 -3
    endloop
  endfacet
  facet normal -0.233422 -0.972375 0
    outer loop
      vertex 20.8592 0.865383 -3
      vertex 21.3251 0.753542 6
      vertex 20.8592 0.865383 6
    endloop
  endfacet
  facet normal -0.233422 -0.972375 -0
    outer loop
      vertex 21.3251 0.753542 6
      vertex 20.8592 0.865383 -3
      vertex 21.3251 0.753542 -3
    endloop
  endfacet
  facet normal -0.0436231 -0.999048 0
    outer loop
      vertex 26.0634 0.0876198 -3
      vertex 26.542 0.0667219 6
      vertex 26.0634 0.0876198 6
    endloop
  endfacet
  facet normal -0.0436231 -0.999048 -0
    outer loop
      vertex 26.542 0.0667219 6
      vertex 26.0634 0.0876198 -3
      vertex 26.542 0.0667219 -3
    endloop
  endfacet
  facet normal -0.748954 -0.662622 0
    outer loop
      vertex 7.10067 9.13237 -3
      vertex 6.78322 9.49118 6
      vertex 6.78322 9.49118 -3
    endloop
  endfacet
  facet normal -0.748954 -0.662622 0
    outer loop
      vertex 6.78322 9.49118 6
      vertex 7.10067 9.13237 -3
      vertex 7.10067 9.13237 6
    endloop
  endfacet
  facet normal -0.760408 -0.649446 0
    outer loop
      vertex 6.78322 9.49118 -3
      vertex 6.47208 9.85548 6
      vertex 6.47208 9.85548 -3
    endloop
  endfacet
  facet normal -0.760408 -0.649446 0
    outer loop
      vertex 6.47208 9.85548 6
      vertex 6.78322 9.49118 -3
      vertex 6.78322 9.49118 6
    endloop
  endfacet
  facet normal -0.737274 -0.675594 0
    outer loop
      vertex 7.42434 8.77915 -3
      vertex 7.10067 9.13237 6
      vertex 7.10067 9.13237 -3
    endloop
  endfacet
  facet normal -0.737274 -0.675594 0
    outer loop
      vertex 7.10067 9.13237 6
      vertex 7.42434 8.77915 -3
      vertex 7.42434 8.77915 6
    endloop
  endfacet
  facet normal -0.909982 -0.414647 0
    outer loop
      vertex 2.62185 15.8991 -3
      vertex 2.42318 16.3351 6
      vertex 2.42318 16.3351 -3
    endloop
  endfacet
  facet normal -0.909982 -0.414647 0
    outer loop
      vertex 2.42318 16.3351 6
      vertex 2.62185 15.8991 -3
      vertex 2.62185 15.8991 6
    endloop
  endfacet
  facet normal -0.902581 -0.430521 0
    outer loop
      vertex 2.8281 15.4667 -3
      vertex 2.62185 15.8991 6
      vertex 2.62185 15.8991 -3
    endloop
  endfacet
  facet normal -0.902581 -0.430521 0
    outer loop
      vertex 2.62185 15.8991 6
      vertex 2.8281 15.4667 -3
      vertex 2.8281 15.4667 6
    endloop
  endfacet
  facet normal -0.852649 -0.522485 0
    outer loop
      vertex 4.22108 12.9537 -3
      vertex 3.97076 13.3622 6
      vertex 3.97076 13.3622 -3
    endloop
  endfacet
  facet normal -0.852649 -0.522485 0
    outer loop
      vertex 3.97076 13.3622 6
      vertex 4.22108 12.9537 -3
      vertex 4.22108 12.9537 6
    endloop
  endfacet
  facet normal -0.793364 -0.608747 0
    outer loop
      vertex 5.86911 10.6001 -3
      vertex 5.57746 10.9802 6
      vertex 5.57746 10.9802 -3
    endloop
  endfacet
  facet normal -0.793364 -0.608747 0
    outer loop
      vertex 5.57746 10.9802 6
      vertex 5.86911 10.6001 -3
      vertex 5.86911 10.6001 6
    endloop
  endfacet
  facet normal -0.782587 -0.622542 0
    outer loop
      vertex 6.16734 10.2252 -3
      vertex 5.86911 10.6001 6
      vertex 5.86911 10.6001 -3
    endloop
  endfacet
  facet normal -0.782587 -0.622542 0
    outer loop
      vertex 5.86911 10.6001 6
      vertex 6.16734 10.2252 -3
      vertex 6.16734 10.2252 6
    endloop
  endfacet
  facet normal -0.8141 -0.580725 0
    outer loop
      vertex 5.29248 11.3653 -3
      vertex 5.01428 11.7553 6
      vertex 5.01428 11.7553 -3
    endloop
  endfacet
  facet normal -0.8141 -0.580725 0
    outer loop
      vertex 5.01428 11.7553 6
      vertex 5.29248 11.3653 -3
      vertex 5.29248 11.3653 6
    endloop
  endfacet
  facet normal -0.942665 -0.333741 0
    outer loop
      vertex 1.70544 18.1115 -3
      vertex 1.54552 18.5632 6
      vertex 1.54552 18.5632 -3
    endloop
  endfacet
  facet normal -0.942665 -0.333741 0
    outer loop
      vertex 1.54552 18.5632 6
      vertex 1.70544 18.1115 -3
      vertex 1.70544 18.1115 6
    endloop
  endfacet
  facet normal -0.953711 -0.300725 0
    outer loop
      vertex 1.3935 19.0175 -3
      vertex 1.24943 19.4744 6
      vertex 1.24943 19.4744 -3
    endloop
  endfacet
  facet normal -0.953711 -0.300725 0
    outer loop
      vertex 1.24943 19.4744 6
      vertex 1.3935 19.0175 -3
      vertex 1.3935 19.0175 6
    endloop
  endfacet
  facet normal -0.93666 -0.35024 0
    outer loop
      vertex 1.87322 17.6628 -3
      vertex 1.70544 18.1115 6
      vertex 1.70544 18.1115 -3
    endloop
  endfacet
  facet normal -0.93666 -0.35024 0
    outer loop
      vertex 1.70544 18.1115 6
      vertex 1.87322 17.6628 -3
      vertex 1.87322 17.6628 6
    endloop
  endfacet
  facet normal -0.968145 -0.250392 0
    outer loop
      vertex 0.985336 20.3954 -3
      vertex 0.865383 20.8592 6
      vertex 0.865383 20.8592 -3
    endloop
  endfacet
  facet normal -0.968145 -0.250392 0
    outer loop
      vertex 0.865383 20.8592 6
      vertex 0.985336 20.3954 -3
      vertex 0.985336 20.3954 6
    endloop
  endfacet
  facet normal -0.963619 -0.267279 0
    outer loop
      vertex 1.11337 19.9338 -3
      vertex 0.985336 20.3954 6
      vertex 0.985336 20.3954 -3
    endloop
  endfacet
  facet normal -0.963619 -0.267279 0
    outer loop
      vertex 0.985336 20.3954 6
      vertex 1.11337 19.9338 -3
      vertex 1.11337 19.9338 6
    endloop
  endfacet
  facet normal -0.998135 -0.0610469 0
    outer loop
      vertex 0.116867 25.5852 -3
      vertex 0.0876198 26.0634 6
      vertex 0.0876198 26.0634 -3
    endloop
  endfacet
  facet normal -0.998135 -0.0610469 0
    outer loop
      vertex 0.0876198 26.0634 6
      vertex 0.116867 25.5852 -3
      vertex 0.116867 25.5852 6
    endloop
  endfacet
  facet normal 0 0 -1
    outer loop
      vertex 23.3029 37.592 -3
      vertex 19.2699 40.3306 -3
      vertex 19.28 40.58 -3
    endloop
  endfacet
  facet normal 0 0 -1
    outer loop
      vertex 19.4474 34.8906 -3
      vertex 19.2399 40.0827 -3
      vertex 19.2699 40.3306 -3
    endloop
  endfacet
  facet normal 0 0 -1
    outer loop
      vertex 19.4474 34.8906 -3
      vertex 19.1899 39.8381 -3
      vertex 19.2399 40.0827 -3
    endloop
  endfacet
  facet normal 0 0 -1
    outer loop
      vertex 19.4474 34.8906 -3
      vertex 19.1205 39.5983 -3
      vertex 19.1899 39.8381 -3
    endloop
  endfacet
  facet normal 0 0 -1
    outer loop
      vertex 17.2793 37.6814 -3
      vertex 19.2807 34.7047 -3
      vertex 19.1182 34.515 -3
    endloop
  endfacet
  facet normal 0 0 -1
    outer loop
      vertex 19.4474 34.8906 -3
      vertex 19.0319 39.3649 -3
      vertex 19.1205 39.5983 -3
    endloop
  endfacet
  facet normal 0 0 -1
    outer loop
      vertex 17.0425 37.6024 -3
      vertex 19.1182 34.515 -3
      vertex 18.9601 34.3217 -3
    endloop
  endfacet
  facet normal 0 0 -1
    outer loop
      vertex 19.4474 34.8906 -3
      vertex 18.9249 39.1394 -3
      vertex 19.0319 39.3649 -3
    endloop
  endfacet
  facet normal 0 0 -1
    outer loop
      vertex 16.8001 37.5426 -3
      vertex 18.9601 34.3217 -3
      vertex 18.8065 34.1248 -3
    endloop
  endfacet
  facet normal 0 0 -1
    outer loop
      vertex 19.4474 34.8906 -3
      vertex 18.8001 38.9232 -3
      vertex 18.9249 39.1394 -3
    endloop
  endfacet
  facet normal 0 0 -1
    outer loop
      vertex 19.4474 34.8906 -3
      vertex 18.6583 38.7177 -3
      vertex 18.8001 38.9232 -3
    endloop
  endfacet
  facet normal 0 0 -1
    outer loop
      vertex 16.5537 37.5026 -3
      vertex 18.8065 34.1248 -3
      vertex 18.6574 33.9245 -3
    endloop
  endfacet
  facet normal 0 0 -1
    outer loop
      vertex 16.5537 37.5026 -3
      vertex 18.6574 33.9245 -3
      vertex 18.513 33.7208 -3
    endloop
  endfacet
  facet normal 0 0 -1
    outer loop
      vertex 19.4474 34.8906 -3
      vertex 18.5004 38.5243 -3
      vertex 18.6583 38.7177 -3
    endloop
  endfacet
  facet normal 0 0 -1
    outer loop
      vertex 16.3048 37.4825 -3
      vertex 18.513 33.7208 -3
      vertex 18.3732 33.5139 -3
    endloop
  endfacet
  facet normal 0 0 -1
    outer loop
      vertex 19.4474 34.8906 -3
      vertex 18.3274 38.3443 -3
      vertex 18.5004 38.5243 -3
    endloop
  endfacet
  facet normal 0 0 -1
    outer loop
      vertex 16.0552 37.4825 -3
      vertex 18.3732 33.5139 -3
      vertex 18.2382 33.3038 -3
    endloop
  endfacet
  facet normal 0 0 -1
    outer loop
      vertex 19.4474 34.8906 -3
      vertex 18.1406 38.1787 -3
      vertex 18.3274 38.3443 -3
    endloop
  endfacet
  facet normal 0 0 -1
    outer loop
      vertex 16.0552 37.4825 -3
      vertex 18.2382 33.3038 -3
      vertex 18.108 33.0907 -3
    endloop
  endfacet
  facet normal 0 0 -1
    outer loop
      vertex 15.8063 37.5026 -3
      vertex 18.108 33.0907 -3
      vertex 17.9827 32.8746 -3
    endloop
  endfacet
  facet normal 0 0 -1
    outer loop
      vertex 19.4474 34.8906 -3
      vertex 17.941 38.0288 -3
      vertex 18.1406 38.1787 -3
    endloop
  endfacet
  facet normal 0 0 -1
    outer loop
      vertex 15.5599 37.5426 -3
      vertex 17.9827 32.8746 -3
      vertex 17.8624 32.6558 -3
    endloop
  endfacet
  facet normal 0 0 -1
    outer loop
      vertex 15.5599 37.5426 -3
      vertex 17.8624 32.6558 -3
      vertex 17.7472 32.4343 -3
    endloop
  endfacet
  facet normal 0 0 -1
    outer loop
      vertex 19.4474 34.8906 -3
      vertex 17.73 37.8953 -3
      vertex 17.941 38.0288 -3
    endloop
  endfacet
  facet normal 0 0 -1
    outer loop
      vertex 15.3175 37.6024 -3
      vertex 17.7472 32.4343 -3
      vertex 17.637 32.2102 -3
    endloop
  endfacet
  facet normal 0 0 -1
    outer loop
      vertex 15.3175 37.6024 -3
      vertex 17.637 32.2102 -3
      vertex 17.5319 31.9836 -3
    endloop
  endfacet
  facet normal 0 0 -1
    outer loop
      vertex 19.4474 34.8906 -3
      vertex 17.5089 37.7793 -3
      vertex 17.73 37.8953 -3
    endloop
  endfacet
  facet normal 0 0 -1
    outer loop
      vertex 15.0807 37.6814 -3
      vertex 17.5319 31.9836 -3
      vertex 17.4321 31.7547 -3
    endloop
  endfacet
  facet normal 0 0 -1
    outer loop
      vertex 14.8511 37.7793 -3
      vertex 17.4321 31.7547 -3
      vertex 17.3375 31.5236 -3
    endloop
  endfacet
  facet normal 0 0 -1
    outer loop
      vertex 19.4474 34.8906 -3
      vertex 17.2793 37.6814 -3
      vertex 17.5089 37.7793 -3
    endloop
  endfacet
  facet normal 0 0 -1
    outer loop
      vertex 14.8511 37.7793 -3
      vertex 17.3375 31.5236 -3
      vertex 17.2483 31.2904 -3
    endloop
  endfacet
  facet normal 0 0 -1
    outer loop
      vertex 14.63 37.8953 -3
      vertex 17.2483 31.2904 -3
      vertex 17.1644 31.0552 -3
    endloop
  endfacet
  facet normal 0 0 -1
    outer loop
      vertex 14.63 37.8953 -3
      vertex 17.1644 31.0552 -3
      vertex 17.0858 30.8181 -3
    endloop
  endfacet
  facet normal 0 0 -1
    outer loop
      vertex 19.1182 34.515 -3
      vertex 17.0425 37.6024 -3
      vertex 17.2793 37.6814 -3
    endloop
  endfacet
  facet normal 0 0 -1
    outer loop
      vertex 14.419 38.0288 -3
      vertex 17.0858 30.8181 -3
      vertex 17.0127 30.5793 -3
    endloop
  endfacet
  facet normal 0 0 -1
    outer loop
      vertex 14.419 38.0288 -3
      vertex 17.0127 30.5793 -3
      vertex 16.9451 30.3389 -3
    endloop
  endfacet
  facet normal 0 0 -1
    outer loop
      vertex 14.2194 38.1787 -3
      vertex 16.9451 30.3389 -3
      vertex 16.883 30.0971 -3
    endloop
  endfacet
  facet normal 0 0 -1
    outer loop
      vertex 14.2194 38.1787 -3
      vertex 16.883 30.0971 -3
      vertex 16.8265 29.8538 -3
    endloop
  endfacet
  facet normal 0 0 -1
    outer loop
      vertex 18.9601 34.3217 -3
      vertex 16.8001 37.5426 -3
      vertex 17.0425 37.6024 -3
    endloop
  endfacet
  facet normal 0 0 -1
    outer loop
      vertex 10.9099 23.8374 -3
      vertex 16.8265 29.8538 -3
      vertex 16.7755 29.6094 -3
    endloop
  endfacet
  facet normal 0 0 -1
    outer loop
      vertex 10.9099 23.8374 -3
      vertex 16.7755 29.6094 -3
      vertex 16.7301 29.3638 -3
    endloop
  endfacet
  facet normal 0 0 -1
    outer loop
      vertex 11.1563 23.8774 -3
      vertex 16.7301 29.3638 -3
      vertex 16.6903 29.1173 -3
    endloop
  endfacet
  facet normal 0 0 -1
    outer loop
      vertex 11.1563 23.8774 -3
      vertex 16.6903 29.1173 -3
      vertex 16.6562 28.8699 -3
    endloop
  endfacet
  facet normal 0 0 -1
    outer loop
      vertex 11.4052 23.8975 -3
      vertex 16.6562 28.8699 -3
      vertex 16.6277 28.6218 -3
    endloop
  endfacet
  facet normal 0 0 -1
    outer loop
      vertex 11.4052 23.8975 -3
      vertex 16.6277 28.6218 -3
      vertex 16.6049 28.3731 -3
    endloop
  endfacet
  facet normal 0 0 -1
    outer loop
      vertex 11.6548 23.8975 -3
      vertex 16.6049 28.3731 -3
      vertex 16.5878 28.124 -3
    endloop
  endfacet
  facet normal 0 0 -1
    outer loop
      vertex 11.9037 23.8774 -3
      vertex 16.5878 28.124 -3
      vertex 16.5764 27.8745 -3
    endloop
  endfacet
  facet normal 0 0 -1
    outer loop
      vertex 18.8065 34.1248 -3
      vertex 16.5537 37.5026 -3
      vertex 16.8001 37.5426 -3
    endloop
  endfacet
  facet normal 0 0 -1
    outer loop
      vertex 11.9037 23.8774 -3
      vertex 16.5764 27.8745 -3
      vertex 16.5707 27.6249 -3
    endloop
  endfacet
  facet normal -0 0 -1
    outer loop
      vertex 16.8265 25.1462 -3
      vertex 13.4906 23.2013 -3
      vertex 16.7755 25.3906 -3
    endloop
  endfacet
  facet normal 0 0 -1
    outer loop
      vertex 13.291 23.3512 -3
      vertex 16.7755 25.3906 -3
      vertex 13.4906 23.2013 -3
    endloop
  endfacet
  facet normal -0 0 -1
    outer loop
      vertex 16.7755 25.3906 -3
      vertex 13.291 23.3512 -3
      vertex 16.7301 25.6362 -3
    endloop
  endfacet
  facet normal -0 0 -1
    outer loop
      vertex 16.7301 25.6362 -3
      vertex 13.291 23.3512 -3
      vertex 16.6903 25.8827 -3
    endloop
  endfacet
  facet normal 0 0 -1
    outer loop
      vertex 13.08 23.4847 -3
      vertex 16.6903 25.8827 -3
      vertex 13.291 23.3512 -3
    endloop
  endfacet
  facet normal -0 0 -1
    outer loop
      vertex 16.6903 25.8827 -3
      vertex 13.08 23.4847 -3
      vertex 16.6562 26.1301 -3
    endloop
  endfacet
  facet normal 0 0 -1
    outer loop
      vertex 12.8589 23.6007 -3
      vertex 16.6562 26.1301 -3
      vertex 13.08 23.4847 -3
    endloop
  endfacet
  facet normal -0 0 -1
    outer loop
      vertex 16.6562 26.1301 -3
      vertex 12.8589 23.6007 -3
      vertex 16.6277 26.3782 -3
    endloop
  endfacet
  facet normal 0 0 -1
    outer loop
      vertex 12.6293 23.6985 -3
      vertex 16.6277 26.3782 -3
      vertex 12.8589 23.6007 -3
    endloop
  endfacet
  facet normal -0 0 -1
    outer loop
      vertex 16.6277 26.3782 -3
      vertex 12.6293 23.6985 -3
      vertex 16.6049 26.6269 -3
    endloop
  endfacet
  facet normal -0 0 -1
    outer loop
      vertex 16.6049 26.6269 -3
      vertex 12.6293 23.6985 -3
      vertex 16.5878 26.876 -3
    endloop
  endfacet
  facet normal 0 0 -1
    outer loop
      vertex 12.3925 23.7776 -3
      vertex 16.5878 26.876 -3
      vertex 12.6293 23.6985 -3
    endloop
  endfacet
  facet normal -0 0 -1
    outer loop
      vertex 16.5878 26.876 -3
      vertex 12.3925 23.7776 -3
      vertex 16.5764 27.1255 -3
    endloop
  endfacet
  facet normal -0 0 -1
    outer loop
      vertex 16.5764 27.1255 -3
      vertex 12.3925 23.7776 -3
      vertex 16.5707 27.3751 -3
    endloop
  endfacet
  facet normal 0 0 -1
    outer loop
      vertex 12.1501 23.8374 -3
      vertex 16.5707 27.3751 -3
      vertex 12.3925 23.7776 -3
    endloop
  endfacet
  facet normal -0 0 -1
    outer loop
      vertex 16.5707 27.3751 -3
      vertex 12.1501 23.8374 -3
      vertex 16.5707 27.6249 -3
    endloop
  endfacet
  facet normal 0 0 -1
    outer loop
      vertex 11.9037 23.8774 -3
      vertex 16.5707 27.6249 -3
      vertex 12.1501 23.8374 -3
    endloop
  endfacet
  facet normal 0 0 -1
    outer loop
      vertex 16.5878 28.124 -3
      vertex 11.9037 23.8774 -3
      vertex 11.6548 23.8975 -3
    endloop
  endfacet
  facet normal 0 0 -1
    outer loop
      vertex 16.6049 28.3731 -3
      vertex 11.6548 23.8975 -3
      vertex 11.4052 23.8975 -3
    endloop
  endfacet
  facet normal 0 0 -1
    outer loop
      vertex 16.6562 28.8699 -3
      vertex 11.4052 23.8975 -3
      vertex 11.1563 23.8774 -3
    endloop
  endfacet
  facet normal 0 0 -1
    outer loop
      vertex 16.7301 29.3638 -3
      vertex 11.1563 23.8774 -3
      vertex 10.9099 23.8374 -3
    endloop
  endfacet
  facet normal 0 0 -1
    outer loop
      vertex 17.0858 30.8181 -3
      vertex 14.419 38.0288 -3
      vertex 14.63 37.8953 -3
    endloop
  endfacet
  facet normal 0 0 -1
    outer loop
      vertex 0.753542 33.6749 -3
      vertex 16.8265 29.8538 -3
      vertex 10.9099 23.8374 -3
    endloop
  endfacet
  facet normal 0 0 -1
    outer loop
      vertex 16.9451 30.3389 -3
      vertex 14.2194 38.1787 -3
      vertex 14.419 38.0288 -3
    endloop
  endfacet
  facet normal 0 0 -1
    outer loop
      vertex 16.8265 29.8538 -3
      vertex 0.753542 33.6749 -3
      vertex 14.2194 38.1787 -3
    endloop
  endfacet
  facet normal 0 -0 -1
    outer loop
      vertex 0.865383 34.1408 -3
      vertex 14.2194 38.1787 -3
      vertex 0.753542 33.6749 -3
    endloop
  endfacet
  facet normal 0 0 -1
    outer loop
      vertex 26.1818 30.2781 -3
      vertex 25.2189 31.9494 -3
      vertex 25.25 31.9643 -3
    endloop
  endfacet
  facet normal 0 0 -1
    outer loop
      vertex 23.8347 30.9009 -3
      vertex 25.3699 29.7177 -3
      vertex 25.1983 29.5391 -3
    endloop
  endfacet
  facet normal 0 0 -1
    outer loop
      vertex 23.6698 30.7139 -3
      vertex 25.1983 29.5391 -3
      vertex 25.0417 29.3473 -3
    endloop
  endfacet
  facet normal 0 0 -1
    outer loop
      vertex 25.5552 29.8819 -3
      vertex 25 31.8301 -3
      vertex 25.2189 31.9494 -3
    endloop
  endfacet
  facet normal 0 0 -1
    outer loop
      vertex 23.3688 30.3166 -3
      vertex 25.0417 29.3473 -3
      vertex 24.901 29.1435 -3
    endloop
  endfacet
  facet normal 0 0 -1
    outer loop
      vertex 25.5552 29.8819 -3
      vertex 24.7873 31.7001 -3
      vertex 25 31.8301 -3
    endloop
  endfacet
  facet normal 0 0 -1
    outer loop
      vertex 23.2335 30.1072 -3
      vertex 24.901 29.1435 -3
      vertex 24.7772 28.929 -3
    endloop
  endfacet
  facet normal 0 0 -1
    outer loop
      vertex 22.9952 29.6694 -3
      vertex 24.7772 28.929 -3
      vertex 24.6711 28.7053 -3
    endloop
  endfacet
  facet normal 0 0 -1
    outer loop
      vertex 22.8015 29.2101 -3
      vertex 24.6711 28.7053 -3
      vertex 24.5833 28.4738 -3
    endloop
  endfacet
  facet normal 0 0 -1
    outer loop
      vertex 25.5552 29.8819 -3
      vertex 24.5813 31.5597 -3
      vertex 24.7873 31.7001 -3
    endloop
  endfacet
  facet normal 0 0 -1
    outer loop
      vertex 22.7221 28.9738 -3
      vertex 24.5833 28.4738 -3
      vertex 24.5144 28.2359 -3
    endloop
  endfacet
  facet normal 0 0 -1
    outer loop
      vertex 22.5991 28.4907 -3
      vertex 24.5144 28.2359 -3
      vertex 24.4648 27.9933 -3
    endloop
  endfacet
  facet normal 0 0 -1
    outer loop
      vertex 22.5248 27.9978 -3
      vertex 24.4648 27.9933 -3
      vertex 24.435 27.7474 -3
    endloop
  endfacet
  facet normal 0 0 -1
    outer loop
      vertex 22.5062 27.7492 -3
      vertex 24.435 27.7474 -3
      vertex 24.425 27.5 -3
    endloop
  endfacet
  facet normal 0 0 -1
    outer loop
      vertex 25.5552 29.8819 -3
      vertex 24.3826 31.4092 -3
      vertex 24.5813 31.5597 -3
    endloop
  endfacet
  facet normal 0 0 -1
    outer loop
      vertex 22.5 27.5 -3
      vertex 24.425 27.5 -3
      vertex 22.5062 27.2508 -3
    endloop
  endfacet
  facet normal 0 0 -1
    outer loop
      vertex 24.435 27.7474 -3
      vertex 22.5062 27.7492 -3
      vertex 22.5248 27.9978 -3
    endloop
  endfacet
  facet normal 0 0 -1
    outer loop
      vertex 24.425 27.5 -3
      vertex 22.5 27.5 -3
      vertex 22.5062 27.7492 -3
    endloop
  endfacet
  facet normal 0 0 -1
    outer loop
      vertex 43.009 21.0487 -3
      vertex 35.6365 20.2019 -3
      vertex 35.6379 20.2035 -3
    endloop
  endfacet
  facet normal 0 0 -1
    outer loop
      vertex 31.5704 8.11432 -3
      vertex 35.9825 1.3935 -3
      vertex 35.5256 1.24943 -3
    endloop
  endfacet
  facet normal 0 0 -1
    outer loop
      vertex 32.3399 10.4194 -3
      vertex 36.4368 1.54552 -3
      vertex 32.35 10.17 -3
    endloop
  endfacet
  facet normal 0 0 -1
    outer loop
      vertex 36.4368 1.54552 -3
      vertex 32.3399 10.4194 -3
      vertex 35.6365 20.2019 -3
    endloop
  endfacet
  facet normal 0 0 -1
    outer loop
      vertex 35.6365 20.2019 -3
      vertex 32.3399 10.4194 -3
      vertex 35.4676 20.0179 -3
    endloop
  endfacet
  facet normal 0 0 -1
    outer loop
      vertex 31.3974 7.93427 -3
      vertex 35.5256 1.24943 -3
      vertex 35.0662 1.11337 -3
    endloop
  endfacet
  facet normal 0 0 -1
    outer loop
      vertex 32.3099 10.6673 -3
      vertex 35.4676 20.0179 -3
      vertex 32.3399 10.4194 -3
    endloop
  endfacet
  facet normal 0 0 -1
    outer loop
      vertex 35.4676 20.0179 -3
      vertex 32.3099 10.6673 -3
      vertex 35.2946 19.8378 -3
    endloop
  endfacet
  facet normal 0 0 -1
    outer loop
      vertex 31.2106 7.76873 -3
      vertex 35.0662 1.11337 -3
      vertex 34.6046 0.985336 -3
    endloop
  endfacet
  facet normal 0 0 -1
    outer loop
      vertex 35.2946 19.8378 -3
      vertex 32.3099 10.6673 -3
      vertex 35.1175 19.6618 -3
    endloop
  endfacet
  facet normal 0 0 -1
    outer loop
      vertex 35.1175 19.6618 -3
      vertex 32.3099 10.6673 -3
      vertex 34.9365 19.4898 -3
    endloop
  endfacet
  facet normal 0 0 -1
    outer loop
      vertex 32.2599 10.9119 -3
      vertex 34.9365 19.4898 -3
      vertex 32.3099 10.6673 -3
    endloop
  endfacet
  facet normal 0 0 -1
    outer loop
      vertex 31.2106 7.76873 -3
      vertex 34.6046 0.985336 -3
      vertex 34.1408 0.865383 -3
    endloop
  endfacet
  facet normal 0 0 -1
    outer loop
      vertex 34.9365 19.4898 -3
      vertex 32.2599 10.9119 -3
      vertex 34.7515 19.322 -3
    endloop
  endfacet
  facet normal 0 0 -1
    outer loop
      vertex 34.7515 19.322 -3
      vertex 32.2599 10.9119 -3
      vertex 34.5628 19.1584 -3
    endloop
  endfacet
  facet normal 0 0 -1
    outer loop
      vertex 31.011 7.61875 -3
      vertex 34.1408 0.865383 -3
      vertex 33.6749 0.753542 -3
    endloop
  endfacet
  facet normal 0 0 -1
    outer loop
      vertex 32.1905 11.1517 -3
      vertex 34.5628 19.1584 -3
      vertex 32.2599 10.9119 -3
    endloop
  endfacet
  facet normal 0 0 -1
    outer loop
      vertex 34.5628 19.1584 -3
      vertex 32.1905 11.1517 -3
      vertex 34.3704 18.9993 -3
    endloop
  endfacet
  facet normal 0 0 -1
    outer loop
      vertex 30.8 7.48532 -3
      vertex 33.6749 0.753542 -3
      vertex 33.2072 0.649849 -3
    endloop
  endfacet
  facet normal 0 0 -1
    outer loop
      vertex 34.3704 18.9993 -3
      vertex 32.1905 11.1517 -3
      vertex 34.1744 18.8445 -3
    endloop
  endfacet
  facet normal 0 0 -1
    outer loop
      vertex 32.1019 11.3851 -3
      vertex 34.1744 18.8445 -3
      vertex 32.1905 11.1517 -3
    endloop
  endfacet
  facet normal 0 0 -1
    outer loop
      vertex 30.5789 7.3693 -3
      vertex 33.2072 0.649849 -3
      vertex 32.7377 0.554335 -3
    endloop
  endfacet
  facet normal 0 0 -1
    outer loop
      vertex 34.1744 18.8445 -3
      vertex 32.1019 11.3851 -3
      vertex 33.9749 18.6943 -3
    endloop
  endfacet
  facet normal 0 0 -1
    outer loop
      vertex 33.9749 18.6943 -3
      vertex 32.1019 11.3851 -3
      vertex 33.772 18.5487 -3
    endloop
  endfacet
  facet normal 0 0 -1
    outer loop
      vertex 31.9949 11.6106 -3
      vertex 33.772 18.5487 -3
      vertex 32.1019 11.3851 -3
    endloop
  endfacet
  facet normal 0 0 -1
    outer loop
      vertex 36.4368 1.54552 -3
      vertex 32.3399 9.92055 -3
      vertex 32.35 10.17 -3
    endloop
  endfacet
  facet normal 0 0 -1
    outer loop
      vertex 36.4368 1.54552 -3
      vertex 32.3099 9.67273 -3
      vertex 32.3399 9.92055 -3
    endloop
  endfacet
  facet normal 0 0 -1
    outer loop
      vertex 30.5789 7.3693 -3
      vertex 32.7377 0.554335 -3
      vertex 32.2666 0.467028 -3
    endloop
  endfacet
  facet normal 0 0 -1
    outer loop
      vertex 36.4368 1.54552 -3
      vertex 32.2599 9.42812 -3
      vertex 32.3099 9.67273 -3
    endloop
  endfacet
  facet normal 0 0 -1
    outer loop
      vertex 36.4368 1.54552 -3
      vertex 32.1905 9.18833 -3
      vertex 32.2599 9.42812 -3
    endloop
  endfacet
  facet normal 0 0 -1
    outer loop
      vertex 36.4368 1.54552 -3
      vertex 32.1019 8.9549 -3
      vertex 32.1905 9.18833 -3
    endloop
  endfacet
  facet normal 0 0 -1
    outer loop
      vertex 36.4368 1.54552 -3
      vertex 31.9949 8.72936 -3
      vertex 32.1019 8.9549 -3
    endloop
  endfacet
  facet normal 0 0 -1
    outer loop
      vertex 36.4368 1.54552 -3
      vertex 31.8701 8.51316 -3
      vertex 31.9949 8.72936 -3
    endloop
  endfacet
  facet normal 0 0 -1
    outer loop
      vertex 30.3493 7.27145 -3
      vertex 32.2666 0.467028 -3
      vertex 31.7941 0.387956 -3
    endloop
  endfacet
  facet normal 0 0 -1
    outer loop
      vertex 36.4368 1.54552 -3
      vertex 31.7283 8.3077 -3
      vertex 31.8701 8.51316 -3
    endloop
  endfacet
  facet normal 0 0 -1
    outer loop
      vertex 36.4368 1.54552 -3
      vertex 31.5704 8.11432 -3
      vertex 31.7283 8.3077 -3
    endloop
  endfacet
  facet normal 0 0 -1
    outer loop
      vertex 35.5256 1.24943 -3
      vertex 31.3974 7.93427 -3
      vertex 31.5704 8.11432 -3
    endloop
  endfacet
  facet normal 0 0 -1
    outer loop
      vertex 30.1125 7.19239 -3
      vertex 31.7941 0.387956 -3
      vertex 31.3203 0.317142 -3
    endloop
  endfacet
  facet normal 0 0 -1
    outer loop
      vertex 35.0662 1.11337 -3
      vertex 31.2106 7.76873 -3
      vertex 31.3974 7.93427 -3
    endloop
  endfacet
  facet normal 0 0 -1
    outer loop
      vertex 34.1408 0.865383 -3
      vertex 31.011 7.61875 -3
      vertex 31.2106 7.76873 -3
    endloop
  endfacet
  facet normal 0 0 -1
    outer loop
      vertex 29.8701 7.13265 -3
      vertex 31.3203 0.317142 -3
      vertex 30.8453 0.254608 -3
    endloop
  endfacet
  facet normal 0 0 -1
    outer loop
      vertex 33.6749 0.753542 -3
      vertex 30.8 7.48532 -3
      vertex 31.011 7.61875 -3
    endloop
  endfacet
  facet normal 0 0 -1
    outer loop
      vertex 33.2072 0.649849 -3
      vertex 30.5789 7.3693 -3
      vertex 30.8 7.48532 -3
    endloop
  endfacet
  facet normal 0 0 -1
    outer loop
      vertex 29.6237 7.0926 -3
      vertex 30.8453 0.254608 -3
      vertex 30.3693 0.200375 -3
    endloop
  endfacet
  facet normal 0 0 -1
    outer loop
      vertex 32.2666 0.467028 -3
      vertex 30.3493 7.27145 -3
      vertex 30.5789 7.3693 -3
    endloop
  endfacet
  facet normal 0 0 -1
    outer loop
      vertex 31.7941 0.387956 -3
      vertex 30.1125 7.19239 -3
      vertex 30.3493 7.27145 -3
    endloop
  endfacet
  facet normal 0 0 -1
    outer loop
      vertex 29.6237 7.0926 -3
      vertex 30.3693 0.200375 -3
      vertex 29.8924 0.154456 -3
    endloop
  endfacet
  facet normal 0 0 -1
    outer loop
      vertex 31.3203 0.317142 -3
      vertex 29.8701 7.13265 -3
      vertex 30.1125 7.19239 -3
    endloop
  endfacet
  facet normal 0 0 -1
    outer loop
      vertex 30.8453 0.254608 -3
      vertex 29.6237 7.0926 -3
      vertex 29.8701 7.13265 -3
    endloop
  endfacet
  facet normal 0 0 -1
    outer loop
      vertex 29.3748 7.07251 -3
      vertex 29.8924 0.154456 -3
      vertex 29.4148 0.116867 -3
    endloop
  endfacet
  facet normal 0 0 -1
    outer loop
      vertex 29.8924 0.154456 -3
      vertex 29.3748 7.07251 -3
      vertex 29.6237 7.0926 -3
    endloop
  endfacet
  facet normal 0 0 -1
    outer loop
      vertex 29.4148 0.116867 -3
      vertex 29.1252 7.07251 -3
      vertex 29.3748 7.07251 -3
    endloop
  endfacet
  facet normal 0 0 -1
    outer loop
      vertex 28.9366 0.0876198 -3
      vertex 29.1252 7.07251 -3
      vertex 29.4148 0.116867 -3
    endloop
  endfacet
  facet normal 0 0 -1
    outer loop
      vertex 28.9366 0.0876198 -3
      vertex 28.8763 7.0926 -3
      vertex 29.1252 7.07251 -3
    endloop
  endfacet
  facet normal 0 0 -1
    outer loop
      vertex 28.458 0.0667219 -3
      vertex 28.8763 7.0926 -3
      vertex 28.9366 0.0876198 -3
    endloop
  endfacet
  facet normal -0 0 -1
    outer loop
      vertex 28.8763 7.0926 -3
      vertex 28.458 0.0667219 -3
      vertex 28.6299 7.13265 -3
    endloop
  endfacet
  facet normal 0 0 -1
    outer loop
      vertex 27.9791 0.0541811 -3
      vertex 28.6299 7.13265 -3
      vertex 28.458 0.0667219 -3
    endloop
  endfacet
  facet normal 0 0 -1
    outer loop
      vertex 27.5 0.0500002 -3
      vertex 28.6299 7.13265 -3
      vertex 27.9791 0.0541811 -3
    endloop
  endfacet
  facet normal -0 0 -1
    outer loop
      vertex 28.6299 7.13265 -3
      vertex 27.5 0.0500002 -3
      vertex 28.3875 7.19239 -3
    endloop
  endfacet
  facet normal 0 0 -1
    outer loop
      vertex 27.0209 0.0541811 -3
      vertex 28.3875 7.19239 -3
      vertex 27.5 0.0500002 -3
    endloop
  endfacet
  facet normal -0 0 -1
    outer loop
      vertex 28.3875 7.19239 -3
      vertex 27.0209 0.0541811 -3
      vertex 28.1507 7.27145 -3
    endloop
  endfacet
  facet normal 0 0 -1
    outer loop
      vertex 26.542 0.0667219 -3
      vertex 28.1507 7.27145 -3
      vertex 27.0209 0.0541811 -3
    endloop
  endfacet
  facet normal -0 0 -1
    outer loop
      vertex 28.1507 7.27145 -3
      vertex 26.542 0.0667219 -3
      vertex 27.9211 7.3693 -3
    endloop
  endfacet
  facet normal 0 0 -1
    outer loop
      vertex 26.0634 0.0876198 -3
      vertex 27.9211 7.3693 -3
      vertex 26.542 0.0667219 -3
    endloop
  endfacet
  facet normal 0 0 -1
    outer loop
      vertex 25.5852 0.116867 -3
      vertex 27.9211 7.3693 -3
      vertex 26.0634 0.0876198 -3
    endloop
  endfacet
  facet normal -0 0 -1
    outer loop
      vertex 27.9211 7.3693 -3
      vertex 25.5852 0.116867 -3
      vertex 27.7 7.48532 -3
    endloop
  endfacet
  facet normal 0 0 -1
    outer loop
      vertex 25.1076 0.154456 -3
      vertex 27.7 7.48532 -3
      vertex 25.5852 0.116867 -3
    endloop
  endfacet
  facet normal -0 0 -1
    outer loop
      vertex 27.7 7.48532 -3
      vertex 25.1076 0.154456 -3
      vertex 27.489 7.61875 -3
    endloop
  endfacet
  facet normal 0 0 -1
    outer loop
      vertex 24.6307 0.200375 -3
      vertex 27.489 7.61875 -3
      vertex 25.1076 0.154456 -3
    endloop
  endfacet
  facet normal -0 0 -1
    outer loop
      vertex 27.489 7.61875 -3
      vertex 24.6307 0.200375 -3
      vertex 27.2894 7.76873 -3
    endloop
  endfacet
  facet normal 0 0 -1
    outer loop
      vertex 24.1547 0.254608 -3
      vertex 27.2894 7.76873 -3
      vertex 24.6307 0.200375 -3
    endloop
  endfacet
  facet normal 0 0 -1
    outer loop
      vertex 23.6797 0.317142 -3
      vertex 27.2894 7.76873 -3
      vertex 24.1547 0.254608 -3
    endloop
  endfacet
  facet normal -0 0 -1
    outer loop
      vertex 27.2894 7.76873 -3
      vertex 23.6797 0.317142 -3
      vertex 27.1026 7.93427 -3
    endloop
  endfacet
  facet normal 0 0 -1
    outer loop
      vertex 23.2059 0.387956 -3
      vertex 27.1026 7.93427 -3
      vertex 23.6797 0.317142 -3
    endloop
  endfacet
  facet normal -0 0 -1
    outer loop
      vertex 27.1026 7.93427 -3
      vertex 23.2059 0.387956 -3
      vertex 26.9296 8.11432 -3
    endloop
  endfacet
  facet normal 0 0 -1
    outer loop
      vertex 22.7334 0.467028 -3
      vertex 26.9296 8.11432 -3
      vertex 23.2059 0.387956 -3
    endloop
  endfacet
  facet normal 0 0 -1
    outer loop
      vertex 22.2623 0.554335 -3
      vertex 26.9296 8.11432 -3
      vertex 22.7334 0.467028 -3
    endloop
  endfacet
  facet normal -0 0 -1
    outer loop
      vertex 26.9296 8.11432 -3
      vertex 22.2623 0.554335 -3
      vertex 26.7717 8.3077 -3
    endloop
  endfacet
  facet normal 0 0 -1
    outer loop
      vertex 38.5574 44.5557 -3
      vertex 43.2447 49.9857 -3
      vertex 38.7304 44.3757 -3
    endloop
  endfacet
  facet normal -0 0 -1
    outer loop
      vertex 43.2447 49.9857 -3
      vertex 38.5574 44.5557 -3
      vertex 42.8498 50.2571 -3
    endloop
  endfacet
  facet normal 0 0 -1
    outer loop
      vertex 38.3706 44.7213 -3
      vertex 42.8498 50.2571 -3
      vertex 38.5574 44.5557 -3
    endloop
  endfacet
  facet normal -0 0 -1
    outer loop
      vertex 42.8498 50.2571 -3
      vertex 38.3706 44.7213 -3
      vertex 42.4503 50.5215 -3
    endloop
  endfacet
  facet normal 0 0 -1
    outer loop
      vertex 38.171 44.8713 -3
      vertex 42.4503 50.5215 -3
      vertex 38.3706 44.7213 -3
    endloop
  endfacet
  facet normal -0 0 -1
    outer loop
      vertex 42.4503 50.5215 -3
      vertex 38.171 44.8713 -3
      vertex 42.0463 50.7789 -3
    endloop
  endfacet
  facet normal -0 0 -1
    outer loop
      vertex 42.0463 50.7789 -3
      vertex 38.171 44.8713 -3
      vertex 41.6378 51.0292 -3
    endloop
  endfacet
  facet normal 0 0 -1
    outer loop
      vertex 37.96 45.0047 -3
      vertex 41.6378 51.0292 -3
      vertex 38.171 44.8713 -3
    endloop
  endfacet
  facet normal -0 0 -1
    outer loop
      vertex 41.6378 51.0292 -3
      vertex 37.96 45.0047 -3
      vertex 41.225 51.2724 -3
    endloop
  endfacet
  facet normal 0 0 -1
    outer loop
      vertex 37.7389 45.1207 -3
      vertex 41.225 51.2724 -3
      vertex 37.96 45.0047 -3
    endloop
  endfacet
  facet normal -0 0 -1
    outer loop
      vertex 41.225 51.2724 -3
      vertex 37.7389 45.1207 -3
      vertex 40.808 51.5083 -3
    endloop
  endfacet
  facet normal 0 0 -1
    outer loop
      vertex 37.5093 45.2186 -3
      vertex 40.808 51.5083 -3
      vertex 37.7389 45.1207 -3
    endloop
  endfacet
  facet normal -0 0 -1
    outer loop
      vertex 40.808 51.5083 -3
      vertex 37.5093 45.2186 -3
      vertex 40.387 51.7369 -3
    endloop
  endfacet
  facet normal -0 0 -1
    outer loop
      vertex 40.387 51.7369 -3
      vertex 37.5093 45.2186 -3
      vertex 39.962 51.9581 -3
    endloop
  endfacet
  facet normal 0 0 -1
    outer loop
      vertex 37.2725 45.2976 -3
      vertex 39.962 51.9581 -3
      vertex 37.5093 45.2186 -3
    endloop
  endfacet
  facet normal -0 0 -1
    outer loop
      vertex 39.962 51.9581 -3
      vertex 37.2725 45.2976 -3
      vertex 39.5333 52.1719 -3
    endloop
  endfacet
  facet normal 0 0 -1
    outer loop
      vertex 37.0301 45.3573 -3
      vertex 39.5333 52.1719 -3
      vertex 37.2725 45.2976 -3
    endloop
  endfacet
  facet normal -0 0 -1
    outer loop
      vertex 39.5333 52.1719 -3
      vertex 37.0301 45.3573 -3
      vertex 39.1009 52.3781 -3
    endloop
  endfacet
  facet normal 0 0 -1
    outer loop
      vertex 36.7837 45.3974 -3
      vertex 39.1009 52.3781 -3
      vertex 37.0301 45.3573 -3
    endloop
  endfacet
  facet normal -0 0 -1
    outer loop
      vertex 39.1009 52.3781 -3
      vertex 36.7837 45.3974 -3
      vertex 38.6649 52.5768 -3
    endloop
  endfacet
  facet normal -0 0 -1
    outer loop
      vertex 38.6649 52.5768 -3
      vertex 36.7837 45.3974 -3
      vertex 38.2256 52.7679 -3
    endloop
  endfacet
  facet normal 0 0 -1
    outer loop
      vertex 36.5348 45.4175 -3
      vertex 38.2256 52.7679 -3
      vertex 36.7837 45.3974 -3
    endloop
  endfacet
  facet normal -0 0 -1
    outer loop
      vertex 38.2256 52.7679 -3
      vertex 36.5348 45.4175 -3
      vertex 37.783 52.9512 -3
    endloop
  endfacet
  facet normal 0 0 -1
    outer loop
      vertex 36.2852 45.4175 -3
      vertex 37.783 52.9512 -3
      vertex 36.5348 45.4175 -3
    endloop
  endfacet
  facet normal -0 0 -1
    outer loop
      vertex 37.783 52.9512 -3
      vertex 36.2852 45.4175 -3
      vertex 37.3372 53.1268 -3
    endloop
  endfacet
  facet normal 0 0 -1
    outer loop
      vertex 36.0363 45.3974 -3
      vertex 37.3372 53.1268 -3
      vertex 36.2852 45.4175 -3
    endloop
  endfacet
  facet normal -0 0 -1
    outer loop
      vertex 37.3372 53.1268 -3
      vertex 36.0363 45.3974 -3
      vertex 36.8885 53.2946 -3
    endloop
  endfacet
  facet normal -0 0 -1
    outer loop
      vertex 36.8885 53.2946 -3
      vertex 36.0363 45.3974 -3
      vertex 36.4368 53.4545 -3
    endloop
  endfacet
  facet normal 0 0 -1
    outer loop
      vertex 35.7899 45.3573 -3
      vertex 36.4368 53.4545 -3
      vertex 36.0363 45.3974 -3
    endloop
  endfacet
  facet normal -0 0 -1
    outer loop
      vertex 36.4368 53.4545 -3
      vertex 35.7899 45.3573 -3
      vertex 35.9825 53.6065 -3
    endloop
  endfacet
  facet normal 0 0 -1
    outer loop
      vertex 35.5475 45.2976 -3
      vertex 35.9825 53.6065 -3
      vertex 35.7899 45.3573 -3
    endloop
  endfacet
  facet normal 0 0 -1
    outer loop
      vertex 35.5475 45.2976 -3
      vertex 35.5256 53.7506 -3
      vertex 35.9825 53.6065 -3
    endloop
  endfacet
  facet normal 0 0 -1
    outer loop
      vertex 35.3107 45.2186 -3
      vertex 35.5256 53.7506 -3
      vertex 35.5475 45.2976 -3
    endloop
  endfacet
  facet normal 0 0 -1
    outer loop
      vertex 34.6046 54.0147 -3
      vertex 35.3107 45.2186 -3
      vertex 35.0811 45.1207 -3
    endloop
  endfacet
  facet normal 0 0 -1
    outer loop
      vertex 35.3107 45.2186 -3
      vertex 35.0662 53.8866 -3
      vertex 35.5256 53.7506 -3
    endloop
  endfacet
  facet normal 0 0 -1
    outer loop
      vertex 33.6749 54.2465 -3
      vertex 35.0811 45.1207 -3
      vertex 34.86 45.0047 -3
    endloop
  endfacet
  facet normal 0 0 -1
    outer loop
      vertex 33.2072 54.3502 -3
      vertex 34.86 45.0047 -3
      vertex 34.649 44.8713 -3
    endloop
  endfacet
  facet normal 0 0 -1
    outer loop
      vertex 35.3107 45.2186 -3
      vertex 34.6046 54.0147 -3
      vertex 35.0662 53.8866 -3
    endloop
  endfacet
  facet normal 0 0 -1
    outer loop
      vertex 32.2666 54.533 -3
      vertex 34.649 44.8713 -3
      vertex 34.4494 44.7213 -3
    endloop
  endfacet
  facet normal 0 0 -1
    outer loop
      vertex 31.3203 54.6829 -3
      vertex 34.4494 44.7213 -3
      vertex 34.2626 44.5557 -3
    endloop
  endfacet
  facet normal 0 0 -1
    outer loop
      vertex 35.0811 45.1207 -3
      vertex 34.1408 54.1346 -3
      vertex 34.6046 54.0147 -3
    endloop
  endfacet
  facet normal 0 0 -1
    outer loop
      vertex 30.3693 54.7996 -3
      vertex 34.2626 44.5557 -3
      vertex 34.0896 44.3757 -3
    endloop
  endfacet
  facet normal 0 0 -1
    outer loop
      vertex 29.4148 54.8831 -3
      vertex 34.0896 44.3757 -3
      vertex 33.9317 44.1823 -3
    endloop
  endfacet
  facet normal 0 0 -1
    outer loop
      vertex 28.458 54.9333 -3
      vertex 33.9317 44.1823 -3
      vertex 33.7899 43.9768 -3
    endloop
  endfacet
  facet normal 0 0 -1
    outer loop
      vertex 35.0811 45.1207 -3
      vertex 33.6749 54.2465 -3
      vertex 34.1408 54.1346 -3
    endloop
  endfacet
  facet normal 0 0 -1
    outer loop
      vertex 27.5 54.95 -3
      vertex 33.7899 43.9768 -3
      vertex 33.6651 43.7606 -3
    endloop
  endfacet
  facet normal 0 0 -1
    outer loop
      vertex 26.0634 54.9124 -3
      vertex 33.6651 43.7606 -3
      vertex 33.5581 43.5351 -3
    endloop
  endfacet
  facet normal 0 0 -1
    outer loop
      vertex 18.8001 42.2368 -3
      vertex 33.5581 43.5351 -3
      vertex 33.4695 43.3017 -3
    endloop
  endfacet
  facet normal 0 0 -1
    outer loop
      vertex 25.25 38.1955 -3
      vertex 33.4695 43.3017 -3
      vertex 33.4001 43.0619 -3
    endloop
  endfacet
  facet normal 0 0 -1
    outer loop
      vertex 25.25 38.1955 -3
      vertex 33.4001 43.0619 -3
      vertex 33.3501 42.8173 -3
    endloop
  endfacet
  facet normal 0 0 -1
    outer loop
      vertex 29.75 38.1953 -3
      vertex 33.3501 42.8173 -3
      vertex 33.3201 42.5694 -3
    endloop
  endfacet
  facet normal 0 0 -1
    outer loop
      vertex 29.75 38.1953 -3
      vertex 33.3201 42.5694 -3
      vertex 33.31 42.32 -3
    endloop
  endfacet
  facet normal 0 0 -1
    outer loop
      vertex 34.86 45.0047 -3
      vertex 33.2072 54.3502 -3
      vertex 33.6749 54.2465 -3
    endloop
  endfacet
  facet normal 0 0 -1
    outer loop
      vertex 38.3275 28.9937 -3
      vertex 43.22 26.2847 -3
      vertex 38.3588 28.7459 -3
    endloop
  endfacet
  facet normal 0 0 -1
    outer loop
      vertex 43.22 26.2847 -3
      vertex 38.3275 28.9937 -3
      vertex 43.4411 26.4007 -3
    endloop
  endfacet
  facet normal 0 0 -1
    outer loop
      vertex 38.2905 29.2407 -3
      vertex 43.4411 26.4007 -3
      vertex 38.3275 28.9937 -3
    endloop
  endfacet
  facet normal 0 0 -1
    outer loop
      vertex 43.4411 26.4007 -3
      vertex 38.2905 29.2407 -3
      vertex 43.6707 26.4986 -3
    endloop
  endfacet
  facet normal 0 0 -1
    outer loop
      vertex 38.2479 29.4867 -3
      vertex 43.6707 26.4986 -3
      vertex 38.2905 29.2407 -3
    endloop
  endfacet
  facet normal 0 0 -1
    outer loop
      vertex 38.1997 29.7317 -3
      vertex 43.6707 26.4986 -3
      vertex 38.2479 29.4867 -3
    endloop
  endfacet
  facet normal 0 0 -1
    outer loop
      vertex 43.6707 26.4986 -3
      vertex 38.1997 29.7317 -3
      vertex 43.9075 26.5776 -3
    endloop
  endfacet
  facet normal 0 0 -1
    outer loop
      vertex 38.146 29.9756 -3
      vertex 43.9075 26.5776 -3
      vertex 38.1997 29.7317 -3
    endloop
  endfacet
  facet normal 0 0 -1
    outer loop
      vertex 38.0866 30.2182 -3
      vertex 43.9075 26.5776 -3
      vertex 38.146 29.9756 -3
    endloop
  endfacet
  facet normal 0 0 -1
    outer loop
      vertex 43.9075 26.5776 -3
      vertex 38.0866 30.2182 -3
      vertex 44.1499 26.6374 -3
    endloop
  endfacet
  facet normal 0 0 -1
    outer loop
      vertex 38.0218 30.4593 -3
      vertex 44.1499 26.6374 -3
      vertex 38.0866 30.2182 -3
    endloop
  endfacet
  facet normal 0 0 -1
    outer loop
      vertex 37.9514 30.6989 -3
      vertex 44.1499 26.6374 -3
      vertex 38.0218 30.4593 -3
    endloop
  endfacet
  facet normal 0 0 -1
    outer loop
      vertex 37.8756 30.9369 -3
      vertex 44.1499 26.6374 -3
      vertex 37.9514 30.6989 -3
    endloop
  endfacet
  facet normal 0 0 -1
    outer loop
      vertex 37.7944 31.173 -3
      vertex 44.1499 26.6374 -3
      vertex 37.8756 30.9369 -3
    endloop
  endfacet
  facet normal 0 0 -1
    outer loop
      vertex 37.7078 31.4072 -3
      vertex 44.1499 26.6374 -3
      vertex 37.7944 31.173 -3
    endloop
  endfacet
  facet normal 0 0 -1
    outer loop
      vertex 37.6158 31.6394 -3
      vertex 44.1499 26.6374 -3
      vertex 37.7078 31.4072 -3
    endloop
  endfacet
  facet normal 0 0 -1
    outer loop
      vertex 44.1499 26.6374 -3
      vertex 37.6158 31.6394 -3
      vertex 38.5574 40.0843 -3
    endloop
  endfacet
  facet normal 0 0 -1
    outer loop
      vertex 37.5186 31.8695 -3
      vertex 38.5574 40.0843 -3
      vertex 37.6158 31.6394 -3
    endloop
  endfacet
  facet normal 0 0 -1
    outer loop
      vertex 37.4162 32.0972 -3
      vertex 38.5574 40.0843 -3
      vertex 37.5186 31.8695 -3
    endloop
  endfacet
  facet normal 0 0 -1
    outer loop
      vertex 37.3086 32.3225 -3
      vertex 38.5574 40.0843 -3
      vertex 37.4162 32.0972 -3
    endloop
  endfacet
  facet normal 0 0 -1
    outer loop
      vertex 37.1958 32.5454 -3
      vertex 38.5574 40.0843 -3
      vertex 37.3086 32.3225 -3
    endloop
  endfacet
  facet normal 0 0 -1
    outer loop
      vertex 38.5574 40.0843 -3
      vertex 37.1958 32.5454 -3
      vertex 38.3706 39.9187 -3
    endloop
  endfacet
  facet normal 0 0 -1
    outer loop
      vertex 37.078 32.7656 -3
      vertex 38.3706 39.9187 -3
      vertex 37.1958 32.5454 -3
    endloop
  endfacet
  facet normal 0 0 -1
    outer loop
      vertex 36.9552 32.983 -3
      vertex 38.3706 39.9187 -3
      vertex 37.078 32.7656 -3
    endloop
  endfacet
  facet normal 0 0 -1
    outer loop
      vertex 38.3706 39.9187 -3
      vertex 36.9552 32.983 -3
      vertex 38.171 39.7687 -3
    endloop
  endfacet
  facet normal 0 0 -1
    outer loop
      vertex 36.8275 33.1976 -3
      vertex 38.171 39.7687 -3
      vertex 36.9552 32.983 -3
    endloop
  endfacet
  facet normal 0 0 -1
    outer loop
      vertex 36.6949 33.4092 -3
      vertex 38.171 39.7687 -3
      vertex 36.8275 33.1976 -3
    endloop
  endfacet
  facet normal 0 0 -1
    outer loop
      vertex 38.171 39.7687 -3
      vertex 36.6949 33.4092 -3
      vertex 37.96 39.6353 -3
    endloop
  endfacet
  facet normal 0 0 -1
    outer loop
      vertex 36.5575 33.6177 -3
      vertex 37.96 39.6353 -3
      vertex 36.6949 33.4092 -3
    endloop
  endfacet
  facet normal 0 0 -1
    outer loop
      vertex 36.4154 33.8231 -3
      vertex 37.96 39.6353 -3
      vertex 36.5575 33.6177 -3
    endloop
  endfacet
  facet normal 0 0 -1
    outer loop
      vertex 37.96 39.6353 -3
      vertex 36.4154 33.8231 -3
      vertex 37.7389 39.5193 -3
    endloop
  endfacet
  facet normal 0 0 -1
    outer loop
      vertex 36.2686 34.0251 -3
      vertex 37.7389 39.5193 -3
      vertex 36.4154 33.8231 -3
    endloop
  endfacet
  facet normal 0 0 -1
    outer loop
      vertex 37.7389 39.5193 -3
      vertex 36.2686 34.0251 -3
      vertex 37.5093 39.4215 -3
    endloop
  endfacet
  facet normal 0 0 -1
    outer loop
      vertex 36.1172 34.2237 -3
      vertex 37.5093 39.4215 -3
      vertex 36.2686 34.0251 -3
    endloop
  endfacet
  facet normal 0 0 -1
    outer loop
      vertex 35.9614 34.4188 -3
      vertex 37.5093 39.4215 -3
      vertex 36.1172 34.2237 -3
    endloop
  endfacet
  facet normal 0 0 -1
    outer loop
      vertex 37.5093 39.4215 -3
      vertex 35.9614 34.4188 -3
      vertex 37.2725 39.3424 -3
    endloop
  endfacet
  facet normal 0 0 -1
    outer loop
      vertex 35.8011 34.6103 -3
      vertex 37.2725 39.3424 -3
      vertex 35.9614 34.4188 -3
    endloop
  endfacet
  facet normal 0 0 -1
    outer loop
      vertex 37.2725 39.3424 -3
      vertex 35.8011 34.6103 -3
      vertex 37.0301 39.2826 -3
    endloop
  endfacet
  facet normal 0 0 -1
    outer loop
      vertex 35.6365 34.7981 -3
      vertex 37.0301 39.2826 -3
      vertex 35.8011 34.6103 -3
    endloop
  endfacet
  facet normal 0 0 -1
    outer loop
      vertex 35.4676 34.9821 -3
      vertex 37.0301 39.2826 -3
      vertex 35.6365 34.7981 -3
    endloop
  endfacet
  facet normal 0 0 -1
    outer loop
      vertex 37.0301 39.2826 -3
      vertex 35.4676 34.9821 -3
      vertex 36.7837 39.2426 -3
    endloop
  endfacet
  facet normal 0 0 -1
    outer loop
      vertex 35.2946 35.1622 -3
      vertex 36.7837 39.2426 -3
      vertex 35.4676 34.9821 -3
    endloop
  endfacet
  facet normal 0 0 -1
    outer loop
      vertex 36.7837 39.2426 -3
      vertex 35.2946 35.1622 -3
      vertex 36.5348 39.2225 -3
    endloop
  endfacet
  facet normal 0 0 -1
    outer loop
      vertex 35.1175 35.3382 -3
      vertex 36.5348 39.2225 -3
      vertex 35.2946 35.1622 -3
    endloop
  endfacet
  facet normal 0 0 -1
    outer loop
      vertex 34.9365 35.5102 -3
      vertex 36.5348 39.2225 -3
      vertex 35.1175 35.3382 -3
    endloop
  endfacet
  facet normal -0 0 -1
    outer loop
      vertex 36.5348 39.2225 -3
      vertex 34.9365 35.5102 -3
      vertex 36.2852 39.2225 -3
    endloop
  endfacet
  facet normal 0 0 -1
    outer loop
      vertex 34.7515 35.678 -3
      vertex 36.2852 39.2225 -3
      vertex 34.9365 35.5102 -3
    endloop
  endfacet
  facet normal -0 0 -1
    outer loop
      vertex 36.2852 39.2225 -3
      vertex 34.7515 35.678 -3
      vertex 36.0363 39.2426 -3
    endloop
  endfacet
  facet normal 0 0 -1
    outer loop
      vertex 34.5628 35.8416 -3
      vertex 36.0363 39.2426 -3
      vertex 34.7515 35.678 -3
    endloop
  endfacet
  facet normal 0 0 -1
    outer loop
      vertex 34.3704 36.0007 -3
      vertex 36.0363 39.2426 -3
      vertex 34.5628 35.8416 -3
    endloop
  endfacet
  facet normal -0 0 -1
    outer loop
      vertex 36.0363 39.2426 -3
      vertex 34.3704 36.0007 -3
      vertex 35.7899 39.2826 -3
    endloop
  endfacet
  facet normal 0 0 -1
    outer loop
      vertex 34.1744 36.1555 -3
      vertex 35.7899 39.2826 -3
      vertex 34.3704 36.0007 -3
    endloop
  endfacet
  facet normal -0 0 -1
    outer loop
      vertex 35.7899 39.2826 -3
      vertex 34.1744 36.1555 -3
      vertex 35.5475 39.3424 -3
    endloop
  endfacet
  facet normal 0 0 -1
    outer loop
      vertex 33.9749 36.3057 -3
      vertex 35.5475 39.3424 -3
      vertex 34.1744 36.1555 -3
    endloop
  endfacet
  facet normal -0 0 -1
    outer loop
      vertex 35.5475 39.3424 -3
      vertex 33.9749 36.3057 -3
      vertex 35.3107 39.4215 -3
    endloop
  endfacet
  facet normal 0 0 -1
    outer loop
      vertex 33.772 36.4513 -3
      vertex 35.3107 39.4215 -3
      vertex 33.9749 36.3057 -3
    endloop
  endfacet
  facet normal 0 0 -1
    outer loop
      vertex 33.5659 36.5923 -3
      vertex 35.3107 39.4215 -3
      vertex 33.772 36.4513 -3
    endloop
  endfacet
  facet normal -0 0 -1
    outer loop
      vertex 35.3107 39.4215 -3
      vertex 33.5659 36.5923 -3
      vertex 35.0811 39.5193 -3
    endloop
  endfacet
  facet normal 0 0 -1
    outer loop
      vertex 33.3566 36.7285 -3
      vertex 35.0811 39.5193 -3
      vertex 33.5659 36.5923 -3
    endloop
  endfacet
  facet normal -0 0 -1
    outer loop
      vertex 35.0811 39.5193 -3
      vertex 33.3566 36.7285 -3
      vertex 34.86 39.6353 -3
    endloop
  endfacet
  facet normal 0 0 -1
    outer loop
      vertex 33.1442 36.8599 -3
      vertex 34.86 39.6353 -3
      vertex 33.3566 36.7285 -3
    endloop
  endfacet
  facet normal -0 0 -1
    outer loop
      vertex 34.86 39.6353 -3
      vertex 33.1442 36.8599 -3
      vertex 34.649 39.7687 -3
    endloop
  endfacet
  facet normal 0 0 -1
    outer loop
      vertex 32.9289 36.9864 -3
      vertex 34.649 39.7687 -3
      vertex 33.1442 36.8599 -3
    endloop
  endfacet
  facet normal 0 0 -1
    outer loop
      vertex 32.7108 37.108 -3
      vertex 34.649 39.7687 -3
      vertex 32.9289 36.9864 -3
    endloop
  endfacet
  facet normal -0 0 -1
    outer loop
      vertex 34.649 39.7687 -3
      vertex 32.7108 37.108 -3
      vertex 34.4494 39.9187 -3
    endloop
  endfacet
  facet normal 0 0 -1
    outer loop
      vertex 32.4899 37.2245 -3
      vertex 34.4494 39.9187 -3
      vertex 32.7108 37.108 -3
    endloop
  endfacet
  facet normal -0 0 -1
    outer loop
      vertex 34.4494 39.9187 -3
      vertex 32.4899 37.2245 -3
      vertex 34.2626 40.0843 -3
    endloop
  endfacet
  facet normal 0 0 -1
    outer loop
      vertex 32.2664 37.336 -3
      vertex 34.2626 40.0843 -3
      vertex 32.4899 37.2245 -3
    endloop
  endfacet
  facet normal -0 0 -1
    outer loop
      vertex 34.2626 40.0843 -3
      vertex 32.2664 37.336 -3
      vertex 34.0896 40.2643 -3
    endloop
  endfacet
  facet normal 0 0 -1
    outer loop
      vertex 32.0405 37.4423 -3
      vertex 34.0896 40.2643 -3
      vertex 32.2664 37.336 -3
    endloop
  endfacet
  facet normal 0 0 -1
    outer loop
      vertex 31.8122 37.5434 -3
      vertex 34.0896 40.2643 -3
      vertex 32.0405 37.4423 -3
    endloop
  endfacet
  facet normal -0 0 -1
    outer loop
      vertex 34.0896 40.2643 -3
      vertex 31.8122 37.5434 -3
      vertex 33.9317 40.4577 -3
    endloop
  endfacet
  facet normal 0 0 -1
    outer loop
      vertex 31.5816 37.6393 -3
      vertex 33.9317 40.4577 -3
      vertex 31.8122 37.5434 -3
    endloop
  endfacet
  facet normal -0 0 -1
    outer loop
      vertex 33.9317 40.4577 -3
      vertex 31.5816 37.6393 -3
      vertex 33.7899 40.6632 -3
    endloop
  endfacet
  facet normal 0 0 -1
    outer loop
      vertex 31.3489 37.7299 -3
      vertex 33.7899 40.6632 -3
      vertex 31.5816 37.6393 -3
    endloop
  endfacet
  facet normal -0 0 -1
    outer loop
      vertex 33.7899 40.6632 -3
      vertex 31.3489 37.7299 -3
      vertex 33.6651 40.8794 -3
    endloop
  endfacet
  facet normal 0 0 -1
    outer loop
      vertex 31.1142 37.8152 -3
      vertex 33.6651 40.8794 -3
      vertex 31.3489 37.7299 -3
    endloop
  endfacet
  facet normal 0 0 -1
    outer loop
      vertex 30.8776 37.895 -3
      vertex 33.6651 40.8794 -3
      vertex 31.1142 37.8152 -3
    endloop
  endfacet
  facet normal -0 0 -1
    outer loop
      vertex 33.6651 40.8794 -3
      vertex 30.8776 37.895 -3
      vertex 33.5581 41.1049 -3
    endloop
  endfacet
  facet normal 0 0 -1
    outer loop
      vertex 30.6392 37.9695 -3
      vertex 33.5581 41.1049 -3
      vertex 30.8776 37.895 -3
    endloop
  endfacet
  facet normal -0 0 -1
    outer loop
      vertex 33.5581 41.1049 -3
      vertex 30.6392 37.9695 -3
      vertex 33.4695 41.3383 -3
    endloop
  endfacet
  facet normal 0 0 -1
    outer loop
      vertex 30.3992 38.0385 -3
      vertex 33.4695 41.3383 -3
      vertex 30.6392 37.9695 -3
    endloop
  endfacet
  facet normal 0 0 -1
    outer loop
      vertex 30.1577 38.102 -3
      vertex 33.4695 41.3383 -3
      vertex 30.3992 38.0385 -3
    endloop
  endfacet
  facet normal -0 0 -1
    outer loop
      vertex 33.4695 41.3383 -3
      vertex 30.1577 38.102 -3
      vertex 33.4001 41.5781 -3
    endloop
  endfacet
  facet normal 0 0 -1
    outer loop
      vertex 29.9148 38.1599 -3
      vertex 33.4001 41.5781 -3
      vertex 30.1577 38.102 -3
    endloop
  endfacet
  facet normal -0 0 -1
    outer loop
      vertex 33.4001 41.5781 -3
      vertex 29.9148 38.1599 -3
      vertex 33.3501 41.8227 -3
    endloop
  endfacet
  facet normal 0 0 -1
    outer loop
      vertex 29.75 38.1953 -3
      vertex 33.3501 41.8227 -3
      vertex 29.9148 38.1599 -3
    endloop
  endfacet
  facet normal -0 0 -1
    outer loop
      vertex 33.3501 41.8227 -3
      vertex 29.75 38.1953 -3
      vertex 33.3201 42.0706 -3
    endloop
  endfacet
  facet normal -0 0 -1
    outer loop
      vertex 33.3201 42.0706 -3
      vertex 29.75 38.1953 -3
      vertex 33.31 42.32 -3
    endloop
  endfacet
  facet normal 0 0 -1
    outer loop
      vertex 33.3501 42.8173 -3
      vertex 29.75 38.1953 -3
      vertex 25.25 38.1955 -3
    endloop
  endfacet
  facet normal 0 0 -1
    outer loop
      vertex 34.649 44.8713 -3
      vertex 32.7377 54.4457 -3
      vertex 33.2072 54.3502 -3
    endloop
  endfacet
  facet normal 0 0 -1
    outer loop
      vertex 34.649 44.8713 -3
      vertex 32.2666 54.533 -3
      vertex 32.7377 54.4457 -3
    endloop
  endfacet
  facet normal 0 0 -1
    outer loop
      vertex 34.4494 44.7213 -3
      vertex 31.7941 54.612 -3
      vertex 32.2666 54.533 -3
    endloop
  endfacet
  facet normal 0 0 -1
    outer loop
      vertex 34.4494 44.7213 -3
      vertex 31.3203 54.6829 -3
      vertex 31.7941 54.612 -3
    endloop
  endfacet
  facet normal 0 0 -1
    outer loop
      vertex 34.2626 44.5557 -3
      vertex 30.8453 54.7454 -3
      vertex 31.3203 54.6829 -3
    endloop
  endfacet
  facet normal 0 0 -1
    outer loop
      vertex 34.2626 44.5557 -3
      vertex 30.3693 54.7996 -3
      vertex 30.8453 54.7454 -3
    endloop
  endfacet
  facet normal 0 0 -1
    outer loop
      vertex 34.0896 44.3757 -3
      vertex 29.8924 54.8455 -3
      vertex 30.3693 54.7996 -3
    endloop
  endfacet
  facet normal -0 0 -1
    outer loop
      vertex 30 31.8301 -3
      vertex 29.0375 30.163 -3
      vertex 29.7811 31.9494 -3
    endloop
  endfacet
  facet normal 0 0 -1
    outer loop
      vertex 28.8182 30.2781 -3
      vertex 29.7811 31.9494 -3
      vertex 29.0375 30.163 -3
    endloop
  endfacet
  facet normal 0 0 -1
    outer loop
      vertex 33.4695 43.3017 -3
      vertex 25.25 38.1955 -3
      vertex 18.8001 42.2368 -3
    endloop
  endfacet
  facet normal -0 0 -1
    outer loop
      vertex 29.7811 31.9494 -3
      vertex 28.8182 30.2781 -3
      vertex 29.75 31.9643 -3
    endloop
  endfacet
  facet normal 0 0 -1
    outer loop
      vertex 28.5904 30.3752 -3
      vertex 29.75 31.9643 -3
      vertex 28.8182 30.2781 -3
    endloop
  endfacet
  facet normal 0 0 -1
    outer loop
      vertex 34.0896 44.3757 -3
      vertex 29.4148 54.8831 -3
      vertex 29.8924 54.8455 -3
    endloop
  endfacet
  facet normal 0 0 -1
    outer loop
      vertex 28.3555 30.4536 -3
      vertex 29.75 31.9643 -3
      vertex 28.5904 30.3752 -3
    endloop
  endfacet
  facet normal 0 0 -1
    outer loop
      vertex 28.1151 30.5129 -3
      vertex 29.75 31.9643 -3
      vertex 28.3555 30.4536 -3
    endloop
  endfacet
  facet normal 0 0 -1
    outer loop
      vertex 33.9317 44.1823 -3
      vertex 28.9366 54.9124 -3
      vertex 29.4148 54.8831 -3
    endloop
  endfacet
  facet normal 0 0 -1
    outer loop
      vertex 27.8707 30.5526 -3
      vertex 29.75 31.9643 -3
      vertex 28.1151 30.5129 -3
    endloop
  endfacet
  facet normal 0 0 -1
    outer loop
      vertex 27.6238 30.5725 -3
      vertex 29.75 31.9643 -3
      vertex 27.8707 30.5526 -3
    endloop
  endfacet
  facet normal 0 0 -1
    outer loop
      vertex 33.9317 44.1823 -3
      vertex 28.458 54.9333 -3
      vertex 28.9366 54.9124 -3
    endloop
  endfacet
  facet normal 0 0 -1
    outer loop
      vertex 29.75 31.9643 -3
      vertex 25.25 31.9643 -3
      vertex 29.75 38.1953 -3
    endloop
  endfacet
  facet normal -0 0 -1
    outer loop
      vertex 29.75 31.9643 -3
      vertex 27.6238 30.5725 -3
      vertex 25.25 31.9643 -3
    endloop
  endfacet
  facet normal 0 0 -1
    outer loop
      vertex 33.7899 43.9768 -3
      vertex 27.9791 54.9458 -3
      vertex 28.458 54.9333 -3
    endloop
  endfacet
  facet normal 0 0 -1
    outer loop
      vertex 25.25 31.9643 -3
      vertex 27.6238 30.5725 -3
      vertex 27.3762 30.5725 -3
    endloop
  endfacet
  facet normal 0 0 -1
    outer loop
      vertex 25.25 31.9643 -3
      vertex 27.3762 30.5725 -3
      vertex 27.1293 30.5526 -3
    endloop
  endfacet
  facet normal 0 0 -1
    outer loop
      vertex 33.7899 43.9768 -3
      vertex 27.5 54.95 -3
      vertex 27.9791 54.9458 -3
    endloop
  endfacet
  facet normal 0 0 -1
    outer loop
      vertex 25.25 31.9643 -3
      vertex 27.1293 30.5526 -3
      vertex 26.8849 30.5129 -3
    endloop
  endfacet
  facet normal 0 0 -1
    outer loop
      vertex 25.25 31.9643 -3
      vertex 26.8849 30.5129 -3
      vertex 26.6445 30.4536 -3
    endloop
  endfacet
  facet normal 0 0 -1
    outer loop
      vertex 33.6651 43.7606 -3
      vertex 27.0209 54.9458 -3
      vertex 27.5 54.95 -3
    endloop
  endfacet
  facet normal 0 0 -1
    outer loop
      vertex 25.25 31.9643 -3
      vertex 26.6445 30.4536 -3
      vertex 26.4096 30.3752 -3
    endloop
  endfacet
  facet normal 0 0 -1
    outer loop
      vertex 25.25 31.9643 -3
      vertex 26.4096 30.3752 -3
      vertex 26.1818 30.2781 -3
    endloop
  endfacet
  facet normal 0 0 -1
    outer loop
      vertex 33.6651 43.7606 -3
      vertex 26.542 54.9333 -3
      vertex 27.0209 54.9458 -3
    endloop
  endfacet
  facet normal 0 0 -1
    outer loop
      vertex 25.2189 31.9494 -3
      vertex 26.1818 30.2781 -3
      vertex 25.9625 30.163 -3
    endloop
  endfacet
  facet normal 0 0 -1
    outer loop
      vertex 25.2189 31.9494 -3
      vertex 25.9625 30.163 -3
      vertex 25.7532 30.0307 -3
    endloop
  endfacet
  facet normal 0 0 -1
    outer loop
      vertex 33.6651 43.7606 -3
      vertex 26.0634 54.9124 -3
      vertex 26.542 54.9333 -3
    endloop
  endfacet
  facet normal 0 0 -1
    outer loop
      vertex 25.2189 31.9494 -3
      vertex 25.7532 30.0307 -3
      vertex 25.5552 29.8819 -3
    endloop
  endfacet
  facet normal 0 0 -1
    outer loop
      vertex 24.1916 31.2489 -3
      vertex 25.5552 29.8819 -3
      vertex 25.3699 29.7177 -3
    endloop
  endfacet
  facet normal -0 0 -1
    outer loop
      vertex 29.75 38.1953 -3
      vertex 25.25 31.9643 -3
      vertex 25.25 38.1955 -3
    endloop
  endfacet
  facet normal 0 0 -1
    outer loop
      vertex 33.5581 43.5351 -3
      vertex 25.5852 54.8831 -3
      vertex 26.0634 54.9124 -3
    endloop
  endfacet
  facet normal 0 0 -1
    outer loop
      vertex 19.1205 41.5617 -3
      vertex 25.25 38.1955 -3
      vertex 25.2072 38.1868 -3
    endloop
  endfacet
  facet normal 0 0 -1
    outer loop
      vertex 33.5581 43.5351 -3
      vertex 25.1076 54.8455 -3
      vertex 25.5852 54.8831 -3
    endloop
  endfacet
  facet normal 0 0 -1
    outer loop
      vertex 19.1205 41.5617 -3
      vertex 25.2072 38.1868 -3
      vertex 24.9636 38.1316 -3
    endloop
  endfacet
  facet normal 0 0 -1
    outer loop
      vertex 19.1899 41.3219 -3
      vertex 24.9636 38.1316 -3
      vertex 24.7214 38.0709 -3
    endloop
  endfacet
  facet normal 0 0 -1
    outer loop
      vertex 25.25 38.1955 -3
      vertex 18.9249 42.0206 -3
      vertex 18.8001 42.2368 -3
    endloop
  endfacet
  facet normal 0 0 -1
    outer loop
      vertex 19.1899 41.3219 -3
      vertex 24.7214 38.0709 -3
      vertex 24.4806 38.0047 -3
    endloop
  endfacet
  facet normal 0 0 -1
    outer loop
      vertex 19.2399 41.0773 -3
      vertex 24.4806 38.0047 -3
      vertex 24.2414 37.933 -3
    endloop
  endfacet
  facet normal -0 0 -1
    outer loop
      vertex 33.5581 43.5351 -3
      vertex 18.8001 42.2368 -3
      vertex 25.1076 54.8455 -3
    endloop
  endfacet
  facet normal 0 0 -1
    outer loop
      vertex 19.2399 41.0773 -3
      vertex 24.2414 37.933 -3
      vertex 24.0039 37.8558 -3
    endloop
  endfacet
  facet normal 0 0 -1
    outer loop
      vertex 19.2699 40.8294 -3
      vertex 24.0039 37.8558 -3
      vertex 23.7682 37.7732 -3
    endloop
  endfacet
  facet normal 0 0 -1
    outer loop
      vertex 25.1076 54.8455 -3
      vertex 18.8001 42.2368 -3
      vertex 24.6307 54.7996 -3
    endloop
  endfacet
  facet normal 0 0 -1
    outer loop
      vertex 19.28 40.58 -3
      vertex 23.7682 37.7732 -3
      vertex 23.5345 37.6853 -3
    endloop
  endfacet
  facet normal 0 0 -1
    outer loop
      vertex 19.28 40.58 -3
      vertex 23.5345 37.6853 -3
      vertex 23.3029 37.592 -3
    endloop
  endfacet
  facet normal 0 0 -1
    outer loop
      vertex 24.6307 54.7996 -3
      vertex 18.8001 42.2368 -3
      vertex 24.1547 54.7454 -3
    endloop
  endfacet
  facet normal 0 0 -1
    outer loop
      vertex 19.2699 40.3306 -3
      vertex 23.3029 37.592 -3
      vertex 23.0734 37.4935 -3
    endloop
  endfacet
  facet normal 0 0 -1
    outer loop
      vertex 19.2699 40.3306 -3
      vertex 23.0734 37.4935 -3
      vertex 22.8462 37.3898 -3
    endloop
  endfacet
  facet normal 0 0 -1
    outer loop
      vertex 25.25 38.1955 -3
      vertex 19.0319 41.7951 -3
      vertex 18.9249 42.0206 -3
    endloop
  endfacet
  facet normal 0 0 -1
    outer loop
      vertex 19.2699 40.3306 -3
      vertex 22.8462 37.3898 -3
      vertex 22.6215 37.2809 -3
    endloop
  endfacet
  facet normal 0 0 -1
    outer loop
      vertex 19.2699 40.3306 -3
      vertex 22.6215 37.2809 -3
      vertex 22.3993 37.1669 -3
    endloop
  endfacet
  facet normal 0 0 -1
    outer loop
      vertex 18.6583 42.4423 -3
      vertex 24.1547 54.7454 -3
      vertex 18.8001 42.2368 -3
    endloop
  endfacet
  facet normal 0 0 -1
    outer loop
      vertex 19.2699 40.3306 -3
      vertex 22.3993 37.1669 -3
      vertex 22.1798 37.0478 -3
    endloop
  endfacet
  facet normal 0 0 -1
    outer loop
      vertex 19.2699 40.3306 -3
      vertex 22.1798 37.0478 -3
      vertex 21.9631 36.9238 -3
    endloop
  endfacet
  facet normal 0 0 -1
    outer loop
      vertex 25.25 38.1955 -3
      vertex 19.1205 41.5617 -3
      vertex 19.0319 41.7951 -3
    endloop
  endfacet
  facet normal 0 0 -1
    outer loop
      vertex 19.2699 40.3306 -3
      vertex 21.9631 36.9238 -3
      vertex 21.7492 36.7948 -3
    endloop
  endfacet
  facet normal 0 0 -1
    outer loop
      vertex 19.2699 40.3306 -3
      vertex 21.7492 36.7948 -3
      vertex 21.5384 36.661 -3
    endloop
  endfacet
  facet normal 0 0 -1
    outer loop
      vertex 19.2699 40.3306 -3
      vertex 21.5384 36.661 -3
      vertex 21.3306 36.5224 -3
    endloop
  endfacet
  facet normal 0 0 -1
    outer loop
      vertex 24.9636 38.1316 -3
      vertex 19.1899 41.3219 -3
      vertex 19.1205 41.5617 -3
    endloop
  endfacet
  facet normal 0 0 -1
    outer loop
      vertex 19.2699 40.3306 -3
      vertex 21.3306 36.5224 -3
      vertex 21.1261 36.3791 -3
    endloop
  endfacet
  facet normal 0 0 -1
    outer loop
      vertex 19.2699 40.3306 -3
      vertex 21.1261 36.3791 -3
      vertex 20.9249 36.2312 -3
    endloop
  endfacet
  facet normal 0 0 -1
    outer loop
      vertex 24.4806 38.0047 -3
      vertex 19.2399 41.0773 -3
      vertex 19.1899 41.3219 -3
    endloop
  endfacet
  facet normal 0 0 -1
    outer loop
      vertex 19.2699 40.3306 -3
      vertex 20.9249 36.2312 -3
      vertex 20.7272 36.0787 -3
    endloop
  endfacet
  facet normal 0 0 -1
    outer loop
      vertex 19.2699 40.3306 -3
      vertex 20.7272 36.0787 -3
      vertex 20.533 35.9217 -3
    endloop
  endfacet
  facet normal 0 0 -1
    outer loop
      vertex 24.1547 54.7454 -3
      vertex 18.6583 42.4423 -3
      vertex 23.6797 54.6829 -3
    endloop
  endfacet
  facet normal 0 0 -1
    outer loop
      vertex 19.2699 40.3306 -3
      vertex 20.533 35.9217 -3
      vertex 20.3424 35.7603 -3
    endloop
  endfacet
  facet normal 0 0 -1
    outer loop
      vertex 19.2699 40.3306 -3
      vertex 20.3424 35.7603 -3
      vertex 20.1555 35.5947 -3
    endloop
  endfacet
  facet normal 0 0 -1
    outer loop
      vertex 19.2699 40.3306 -3
      vertex 20.1555 35.5947 -3
      vertex 19.9725 35.4248 -3
    endloop
  endfacet
  facet normal 0 0 -1
    outer loop
      vertex 24.0039 37.8558 -3
      vertex 19.2699 40.8294 -3
      vertex 19.2399 41.0773 -3
    endloop
  endfacet
  facet normal 0 0 -1
    outer loop
      vertex 19.2699 40.3306 -3
      vertex 19.9725 35.4248 -3
      vertex 19.7934 35.2507 -3
    endloop
  endfacet
  facet normal 0 0 -1
    outer loop
      vertex 19.2699 40.3306 -3
      vertex 19.7934 35.2507 -3
      vertex 19.6184 35.0726 -3
    endloop
  endfacet
  facet normal 0 0 -1
    outer loop
      vertex 23.7682 37.7732 -3
      vertex 19.28 40.58 -3
      vertex 19.2699 40.8294 -3
    endloop
  endfacet
  facet normal 0 0 -1
    outer loop
      vertex 19.2699 40.3306 -3
      vertex 19.6184 35.0726 -3
      vertex 19.4474 34.8906 -3
    endloop
  endfacet
  facet normal 0 0 -1
    outer loop
      vertex 17.2793 37.6814 -3
      vertex 19.4474 34.8906 -3
      vertex 19.2807 34.7047 -3
    endloop
  endfacet
  facet normal 0 0 -1
    outer loop
      vertex 23.6797 54.6829 -3
      vertex 18.6583 42.4423 -3
      vertex 23.2059 54.612 -3
    endloop
  endfacet
  facet normal 0 0 -1
    outer loop
      vertex 18.5004 42.6357 -3
      vertex 23.2059 54.612 -3
      vertex 18.6583 42.4423 -3
    endloop
  endfacet
  facet normal 0 0 -1
    outer loop
      vertex 23.2059 54.612 -3
      vertex 18.5004 42.6357 -3
      vertex 22.7334 54.533 -3
    endloop
  endfacet
  facet normal 0 0 -1
    outer loop
      vertex 22.7334 54.533 -3
      vertex 18.5004 42.6357 -3
      vertex 22.2623 54.4457 -3
    endloop
  endfacet
  facet normal 0 0 -1
    outer loop
      vertex 22.2623 54.4457 -3
      vertex 18.5004 42.6357 -3
      vertex 21.7928 54.3502 -3
    endloop
  endfacet
  facet normal 0 0 -1
    outer loop
      vertex 18.3274 42.8157 -3
      vertex 21.7928 54.3502 -3
      vertex 18.5004 42.6357 -3
    endloop
  endfacet
  facet normal 0 0 -1
    outer loop
      vertex 21.7928 54.3502 -3
      vertex 18.3274 42.8157 -3
      vertex 21.3251 54.2465 -3
    endloop
  endfacet
  facet normal 0 0 -1
    outer loop
      vertex 21.3251 54.2465 -3
      vertex 18.3274 42.8157 -3
      vertex 20.8592 54.1346 -3
    endloop
  endfacet
  facet normal 0 0 -1
    outer loop
      vertex 18.1406 42.9813 -3
      vertex 20.8592 54.1346 -3
      vertex 18.3274 42.8157 -3
    endloop
  endfacet
  facet normal 0 0 -1
    outer loop
      vertex 20.8592 54.1346 -3
      vertex 18.1406 42.9813 -3
      vertex 20.3954 54.0147 -3
    endloop
  endfacet
  facet normal 0 0 -1
    outer loop
      vertex 20.3954 54.0147 -3
      vertex 18.1406 42.9813 -3
      vertex 19.9338 53.8866 -3
    endloop
  endfacet
  facet normal 0 0 -1
    outer loop
      vertex 17.941 43.1312 -3
      vertex 19.9338 53.8866 -3
      vertex 18.1406 42.9813 -3
    endloop
  endfacet
  facet normal 0 0 -1
    outer loop
      vertex 19.9338 53.8866 -3
      vertex 17.941 43.1312 -3
      vertex 19.4744 53.7506 -3
    endloop
  endfacet
  facet normal 0 0 -1
    outer loop
      vertex 19.4744 53.7506 -3
      vertex 17.941 43.1312 -3
      vertex 19.0175 53.6065 -3
    endloop
  endfacet
  facet normal 0 0 -1
    outer loop
      vertex 17.73 43.2647 -3
      vertex 19.0175 53.6065 -3
      vertex 17.941 43.1312 -3
    endloop
  endfacet
  facet normal 0 0 -1
    outer loop
      vertex 19.0175 53.6065 -3
      vertex 17.73 43.2647 -3
      vertex 18.5632 53.4545 -3
    endloop
  endfacet
  facet normal 0 0 -1
    outer loop
      vertex 18.5632 53.4545 -3
      vertex 17.73 43.2647 -3
      vertex 18.1115 53.2946 -3
    endloop
  endfacet
  facet normal 0 0 -1
    outer loop
      vertex 17.5089 43.3807 -3
      vertex 18.1115 53.2946 -3
      vertex 17.73 43.2647 -3
    endloop
  endfacet
  facet normal 0 0 -1
    outer loop
      vertex 18.1115 53.2946 -3
      vertex 17.5089 43.3807 -3
      vertex 17.6628 53.1268 -3
    endloop
  endfacet
  facet normal 0 0 -1
    outer loop
      vertex 17.2793 43.4785 -3
      vertex 17.6628 53.1268 -3
      vertex 17.5089 43.3807 -3
    endloop
  endfacet
  facet normal 0 0 -1
    outer loop
      vertex 17.2793 43.4785 -3
      vertex 17.217 52.9512 -3
      vertex 17.6628 53.1268 -3
    endloop
  endfacet
  facet normal 0 0 -1
    outer loop
      vertex 16.7744 52.7679 -3
      vertex 17.2793 43.4785 -3
      vertex 17.0425 43.5576 -3
    endloop
  endfacet
  facet normal 0 0 -1
    outer loop
      vertex 16.3351 52.5768 -3
      vertex 17.0425 43.5576 -3
      vertex 16.8001 43.6174 -3
    endloop
  endfacet
  facet normal 0 0 -1
    outer loop
      vertex 17.2793 43.4785 -3
      vertex 16.7744 52.7679 -3
      vertex 17.217 52.9512 -3
    endloop
  endfacet
  facet normal 0 0 -1
    outer loop
      vertex 15.4667 52.1719 -3
      vertex 16.8001 43.6174 -3
      vertex 16.5537 43.6574 -3
    endloop
  endfacet
  facet normal 0 0 -1
    outer loop
      vertex 17.0425 43.5576 -3
      vertex 16.3351 52.5768 -3
      vertex 16.7744 52.7679 -3
    endloop
  endfacet
  facet normal 0 0 -1
    outer loop
      vertex 14.613 51.7369 -3
      vertex 16.5537 43.6574 -3
      vertex 16.3048 43.6775 -3
    endloop
  endfacet
  facet normal 0 0 -1
    outer loop
      vertex 14.192 51.5083 -3
      vertex 16.3048 43.6775 -3
      vertex 16.0552 43.6775 -3
    endloop
  endfacet
  facet normal 0 0 -1
    outer loop
      vertex 16.8001 43.6174 -3
      vertex 15.8991 52.3781 -3
      vertex 16.3351 52.5768 -3
    endloop
  endfacet
  facet normal 0 0 -1
    outer loop
      vertex 13.775 51.2724 -3
      vertex 16.0552 43.6775 -3
      vertex 15.8063 43.6574 -3
    endloop
  endfacet
  facet normal 0 0 -1
    outer loop
      vertex 12.9537 50.7789 -3
      vertex 15.8063 43.6574 -3
      vertex 15.5599 43.6174 -3
    endloop
  endfacet
  facet normal 0 0 -1
    outer loop
      vertex 16.8001 43.6174 -3
      vertex 15.4667 52.1719 -3
      vertex 15.8991 52.3781 -3
    endloop
  endfacet
  facet normal 0 0 -1
    outer loop
      vertex 12.5497 50.5215 -3
      vertex 15.5599 43.6174 -3
      vertex 15.3175 43.5576 -3
    endloop
  endfacet
  facet normal 0 0 -1
    outer loop
      vertex 11.7553 49.9857 -3
      vertex 15.3175 43.5576 -3
      vertex 15.0807 43.4785 -3
    endloop
  endfacet
  facet normal 0 0 -1
    outer loop
      vertex 16.5537 43.6574 -3
      vertex 15.038 51.9581 -3
      vertex 15.4667 52.1719 -3
    endloop
  endfacet
  facet normal 0 0 -1
    outer loop
      vertex 11.3653 49.7075 -3
      vertex 15.0807 43.4785 -3
      vertex 14.8511 43.3807 -3
    endloop
  endfacet
  facet normal 0 0 -1
    outer loop
      vertex 10.9802 49.4225 -3
      vertex 14.8511 43.3807 -3
      vertex 14.63 43.2647 -3
    endloop
  endfacet
  facet normal 0 0 -1
    outer loop
      vertex 16.5537 43.6574 -3
      vertex 14.613 51.7369 -3
      vertex 15.038 51.9581 -3
    endloop
  endfacet
  facet normal 0 0 -1
    outer loop
      vertex 10.6001 49.1309 -3
      vertex 14.63 43.2647 -3
      vertex 14.419 43.1312 -3
    endloop
  endfacet
  facet normal 0 0 -1
    outer loop
      vertex 9.85548 48.5279 -3
      vertex 14.419 43.1312 -3
      vertex 14.2194 42.9813 -3
    endloop
  endfacet
  facet normal 0 0 -1
    outer loop
      vertex 16.3048 43.6775 -3
      vertex 14.192 51.5083 -3
      vertex 14.613 51.7369 -3
    endloop
  endfacet
  facet normal 0 0 -1
    outer loop
      vertex 9.49118 48.2168 -3
      vertex 14.2194 42.9813 -3
      vertex 14.0326 42.8157 -3
    endloop
  endfacet
  facet normal 0 0 -1
    outer loop
      vertex 9.13237 47.8993 -3
      vertex 14.0326 42.8157 -3
      vertex 13.8596 42.6357 -3
    endloop
  endfacet
  facet normal 0 0 -1
    outer loop
      vertex 16.0552 43.6775 -3
      vertex 13.775 51.2724 -3
      vertex 14.192 51.5083 -3
    endloop
  endfacet
  facet normal 0 0 -1
    outer loop
      vertex 8.43163 47.2459 -3
      vertex 13.8596 42.6357 -3
      vertex 13.7017 42.4423 -3
    endloop
  endfacet
  facet normal 0 0 -1
    outer loop
      vertex 8.08992 46.9101 -3
      vertex 13.7017 42.4423 -3
      vertex 13.5599 42.2368 -3
    endloop
  endfacet
  facet normal 0 0 -1
    outer loop
      vertex 7.75412 46.5684 -3
      vertex 13.5599 42.2368 -3
      vertex 13.4351 42.0206 -3
    endloop
  endfacet
  facet normal 0 0 -1
    outer loop
      vertex 15.8063 43.6574 -3
      vertex 13.3622 51.0292 -3
      vertex 13.775 51.2724 -3
    endloop
  endfacet
  facet normal 0 0 -1
    outer loop
      vertex 7.42434 46.2209 -3
      vertex 13.4351 42.0206 -3
      vertex 13.3281 41.7951 -3
    endloop
  endfacet
  facet normal 0 0 -1
    outer loop
      vertex 6.78322 45.5088 -3
      vertex 13.3281 41.7951 -3
      vertex 13.2395 41.5617 -3
    endloop
  endfacet
  facet normal 0 0 -1
    outer loop
      vertex 6.47208 45.1445 -3
      vertex 13.2395 41.5617 -3
      vertex 13.1701 41.3219 -3
    endloop
  endfacet
  facet normal 0 0 -1
    outer loop
      vertex 5.86911 44.3999 -3
      vertex 13.1701 41.3219 -3
      vertex 13.1201 41.0773 -3
    endloop
  endfacet
  facet normal 0 0 -1
    outer loop
      vertex 5.57746 44.0198 -3
      vertex 13.1201 41.0773 -3
      vertex 13.0901 40.8294 -3
    endloop
  endfacet
  facet normal 0 0 -1
    outer loop
      vertex 5.29248 43.6347 -3
      vertex 13.0901 40.8294 -3
      vertex 13.08 40.58 -3
    endloop
  endfacet
  facet normal 0 0 -1
    outer loop
      vertex 15.8063 43.6574 -3
      vertex 12.9537 50.7789 -3
      vertex 13.3622 51.0292 -3
    endloop
  endfacet
  facet normal -0 0 -1
    outer loop
      vertex 14.2194 38.1787 -3
      vertex 0.865383 34.1408 -3
      vertex 14.0326 38.3443 -3
    endloop
  endfacet
  facet normal 0 -0 -1
    outer loop
      vertex 1.11337 35.0662 -3
      vertex 14.0326 38.3443 -3
      vertex 0.985336 34.6046 -3
    endloop
  endfacet
  facet normal -0 0 -1
    outer loop
      vertex 14.0326 38.3443 -3
      vertex 1.11337 35.0662 -3
      vertex 13.8596 38.5243 -3
    endloop
  endfacet
  facet normal 0 0 -1
    outer loop
      vertex 15.5599 43.6174 -3
      vertex 12.5497 50.5215 -3
      vertex 12.9537 50.7789 -3
    endloop
  endfacet
  facet normal 0 -0 -1
    outer loop
      vertex 1.24943 35.5256 -3
      vertex 13.8596 38.5243 -3
      vertex 1.11337 35.0662 -3
    endloop
  endfacet
  facet normal 0 0 -1
    outer loop
      vertex 15.3175 43.5576 -3
      vertex 12.1502 50.2571 -3
      vertex 12.5497 50.5215 -3
    endloop
  endfacet
  facet normal 0 -0 -1
    outer loop
      vertex 1.3935 35.9825 -3
      vertex 13.8596 38.5243 -3
      vertex 1.24943 35.5256 -3
    endloop
  endfacet
  facet normal 0 -0 -1
    outer loop
      vertex 1.54552 36.4368 -3
      vertex 13.8596 38.5243 -3
      vertex 1.3935 35.9825 -3
    endloop
  endfacet
  facet normal 0 0 -1
    outer loop
      vertex 15.3175 43.5576 -3
      vertex 11.7553 49.9857 -3
      vertex 12.1502 50.2571 -3
    endloop
  endfacet
  facet normal 0 -0 -1
    outer loop
      vertex 1.70544 36.8885 -3
      vertex 13.7017 38.7177 -3
      vertex 1.54552 36.4368 -3
    endloop
  endfacet
  facet normal 0 -0 -1
    outer loop
      vertex 1.87322 37.3372 -3
      vertex 13.7017 38.7177 -3
      vertex 1.70544 36.8885 -3
    endloop
  endfacet
  facet normal 0 0 -1
    outer loop
      vertex 15.0807 43.4785 -3
      vertex 11.3653 49.7075 -3
      vertex 11.7553 49.9857 -3
    endloop
  endfacet
  facet normal 0 -0 -1
    outer loop
      vertex 2.23214 38.2256 -3
      vertex 13.5599 38.9232 -3
      vertex 2.0488 37.783 -3
    endloop
  endfacet
  facet normal 0 0 -1
    outer loop
      vertex 14.8511 43.3807 -3
      vertex 10.9802 49.4225 -3
      vertex 11.3653 49.7075 -3
    endloop
  endfacet
  facet normal -0 0 -1
    outer loop
      vertex 13.7017 38.7177 -3
      vertex 1.87322 37.3372 -3
      vertex 13.5599 38.9232 -3
    endloop
  endfacet
  facet normal 0 0 -1
    outer loop
      vertex 0.753542 33.6749 -3
      vertex 10.9099 23.8374 -3
      vertex 10.6675 23.7776 -3
    endloop
  endfacet
  facet normal 0 0 -1
    outer loop
      vertex 14.63 43.2647 -3
      vertex 10.6001 49.1309 -3
      vertex 10.9802 49.4225 -3
    endloop
  endfacet
  facet normal 0 0 -1
    outer loop
      vertex 0.554335 32.7377 -3
      vertex 10.6675 23.7776 -3
      vertex 10.4307 23.6985 -3
    endloop
  endfacet
  facet normal 0 0 -1
    outer loop
      vertex 14.419 43.1312 -3
      vertex 10.2252 48.8327 -3
      vertex 10.6001 49.1309 -3
    endloop
  endfacet
  facet normal 0 0 -1
    outer loop
      vertex 0.317142 31.3203 -3
      vertex 10.4307 23.6985 -3
      vertex 10.2011 23.6007 -3
    endloop
  endfacet
  facet normal 0 0 -1
    outer loop
      vertex 0.200375 30.3693 -3
      vertex 10.2011 23.6007 -3
      vertex 9.98 23.4847 -3
    endloop
  endfacet
  facet normal 0 0 -1
    outer loop
      vertex 14.419 43.1312 -3
      vertex 9.85548 48.5279 -3
      vertex 10.2252 48.8327 -3
    endloop
  endfacet
  facet normal 0 0 -1
    outer loop
      vertex 0.116867 29.4148 -3
      vertex 9.98 23.4847 -3
      vertex 9.769 23.3512 -3
    endloop
  endfacet
  facet normal 0 0 -1
    outer loop
      vertex 0.0667219 28.458 -3
      vertex 9.769 23.3512 -3
      vertex 9.56942 23.2013 -3
    endloop
  endfacet
  facet normal 0 0 -1
    outer loop
      vertex 14.2194 42.9813 -3
      vertex 9.49118 48.2168 -3
      vertex 9.85548 48.5279 -3
    endloop
  endfacet
  facet normal 0 0 -1
    outer loop
      vertex 0.0500002 27.5 -3
      vertex 9.56942 23.2013 -3
      vertex 9.38256 23.0357 -3
    endloop
  endfacet
  facet normal 0 0 -1
    outer loop
      vertex 0.0667219 26.542 -3
      vertex 9.38256 23.0357 -3
      vertex 9.20962 22.8557 -3
    endloop
  endfacet
  facet normal 0 0 -1
    outer loop
      vertex 14.0326 42.8157 -3
      vertex 9.13237 47.8993 -3
      vertex 9.49118 48.2168 -3
    endloop
  endfacet
  facet normal 0 0 -1
    outer loop
      vertex 0.116867 25.5852 -3
      vertex 9.20962 22.8557 -3
      vertex 9.05173 22.6623 -3
    endloop
  endfacet
  facet normal 0 0 -1
    outer loop
      vertex 0.154456 25.1076 -3
      vertex 9.05173 22.6623 -3
      vertex 8.90991 22.4568 -3
    endloop
  endfacet
  facet normal 0 0 -1
    outer loop
      vertex 0.254608 24.1547 -3
      vertex 8.90991 22.4568 -3
      vertex 8.78509 22.2406 -3
    endloop
  endfacet
  facet normal 0 0 -1
    outer loop
      vertex 13.8596 42.6357 -3
      vertex 8.77915 47.5757 -3
      vertex 9.13237 47.8993 -3
    endloop
  endfacet
  facet normal 0 0 -1
    outer loop
      vertex 0.387956 23.2059 -3
      vertex 8.78509 22.2406 -3
      vertex 8.67806 22.0151 -3
    endloop
  endfacet
  facet normal 0 0 -1
    outer loop
      vertex 0.467028 22.7334 -3
      vertex 8.67806 22.0151 -3
      vertex 8.58954 21.7817 -3
    endloop
  endfacet
  facet normal 0 0 -1
    outer loop
      vertex 0.649849 21.7928 -3
      vertex 8.58954 21.7817 -3
      vertex 8.52008 21.5419 -3
    endloop
  endfacet
  facet normal 0 0 -1
    outer loop
      vertex 0.753542 21.3251 -3
      vertex 8.52008 21.5419 -3
      vertex 8.47014 21.2973 -3
    endloop
  endfacet
  facet normal 0 0 -1
    outer loop
      vertex 0.865383 20.8592 -3
      vertex 8.47014 21.2973 -3
      vertex 8.44005 21.0494 -3
    endloop
  endfacet
  facet normal 0 0 -1
    outer loop
      vertex 13.8596 42.6357 -3
      vertex 8.43163 47.2459 -3
      vertex 8.77915 47.5757 -3
    endloop
  endfacet
  facet normal 0 0 -1
    outer loop
      vertex 1.11337 19.9338 -3
      vertex 8.44005 21.0494 -3
      vertex 8.43 20.8 -3
    endloop
  endfacet
  facet normal 0 0 -1
    outer loop
      vertex 4.22108 12.9537 -3
      vertex 9.769 18.2488 -3
      vertex 4.47849 12.5497 -3
    endloop
  endfacet
  facet normal 0 0 -1
    outer loop
      vertex 13.7017 42.4423 -3
      vertex 8.08992 46.9101 -3
      vertex 8.43163 47.2459 -3
    endloop
  endfacet
  facet normal 0 0 -1
    outer loop
      vertex 3.97076 13.3622 -3
      vertex 9.769 18.2488 -3
      vertex 4.22108 12.9537 -3
    endloop
  endfacet
  facet normal 0 0 -1
    outer loop
      vertex 13.5599 42.2368 -3
      vertex 7.75412 46.5684 -3
      vertex 8.08992 46.9101 -3
    endloop
  endfacet
  facet normal -0 0 -1
    outer loop
      vertex 9.769 18.2488 -3
      vertex 3.97076 13.3622 -3
      vertex 9.56942 18.3987 -3
    endloop
  endfacet
  facet normal 0 0 -1
    outer loop
      vertex 13.4351 42.0206 -3
      vertex 7.42434 46.2209 -3
      vertex 7.75412 46.5684 -3
    endloop
  endfacet
  facet normal 0 0 -1
    outer loop
      vertex 3.7276 13.775 -3
      vertex 9.56942 18.3987 -3
      vertex 3.97076 13.3622 -3
    endloop
  endfacet
  facet normal 0 0 -1
    outer loop
      vertex 13.3281 41.7951 -3
      vertex 7.10067 45.8676 -3
      vertex 7.42434 46.2209 -3
    endloop
  endfacet
  facet normal -0 0 -1
    outer loop
      vertex 9.56942 18.3987 -3
      vertex 3.7276 13.775 -3
      vertex 9.38256 18.5643 -3
    endloop
  endfacet
  facet normal 0 0 -1
    outer loop
      vertex 13.3281 41.7951 -3
      vertex 6.78322 45.5088 -3
      vertex 7.10067 45.8676 -3
    endloop
  endfacet
  facet normal 0 0 -1
    outer loop
      vertex 3.49169 14.192 -3
      vertex 9.38256 18.5643 -3
      vertex 3.7276 13.775 -3
    endloop
  endfacet
  facet normal 0 0 -1
    outer loop
      vertex 13.2395 41.5617 -3
      vertex 6.47208 45.1445 -3
      vertex 6.78322 45.5088 -3
    endloop
  endfacet
  facet normal -0 0 -1
    outer loop
      vertex 9.38256 18.5643 -3
      vertex 3.49169 14.192 -3
      vertex 9.20962 18.7443 -3
    endloop
  endfacet
  facet normal 0 0 -1
    outer loop
      vertex 13.1701 41.3219 -3
      vertex 6.16734 44.7748 -3
      vertex 6.47208 45.1445 -3
    endloop
  endfacet
  facet normal 0 0 -1
    outer loop
      vertex 3.26309 14.613 -3
      vertex 9.20962 18.7443 -3
      vertex 3.49169 14.192 -3
    endloop
  endfacet
  facet normal 0 0 -1
    outer loop
      vertex 13.1701 41.3219 -3
      vertex 5.86911 44.3999 -3
      vertex 6.16734 44.7748 -3
    endloop
  endfacet
  facet normal 0 0 -1
    outer loop
      vertex 3.04187 15.038 -3
      vertex 9.20962 18.7443 -3
      vertex 3.26309 14.613 -3
    endloop
  endfacet
  facet normal 0 0 -1
    outer loop
      vertex 13.1201 41.0773 -3
      vertex 5.57746 44.0198 -3
      vertex 5.86911 44.3999 -3
    endloop
  endfacet
  facet normal -0 0 -1
    outer loop
      vertex 9.20962 18.7443 -3
      vertex 3.04187 15.038 -3
      vertex 9.05173 18.9377 -3
    endloop
  endfacet
  facet normal 0 0 -1
    outer loop
      vertex 13.0901 40.8294 -3
      vertex 5.29248 43.6347 -3
      vertex 5.57746 44.0198 -3
    endloop
  endfacet
  facet normal 0 0 -1
    outer loop
      vertex 2.8281 15.4667 -3
      vertex 9.05173 18.9377 -3
      vertex 3.04187 15.038 -3
    endloop
  endfacet
  facet normal 0 0 -1
    outer loop
      vertex 13.08 40.58 -3
      vertex 5.01428 43.2447 -3
      vertex 5.29248 43.6347 -3
    endloop
  endfacet
  facet normal -0 0 -1
    outer loop
      vertex 9.05173 18.9377 -3
      vertex 2.8281 15.4667 -3
      vertex 8.90991 19.1432 -3
    endloop
  endfacet
  facet normal 0 0 -1
    outer loop
      vertex 13.08 40.58 -3
      vertex 4.74292 42.8498 -3
      vertex 5.01428 43.2447 -3
    endloop
  endfacet
  facet normal 0 0 -1
    outer loop
      vertex 2.62185 15.8991 -3
      vertex 8.90991 19.1432 -3
      vertex 2.8281 15.4667 -3
    endloop
  endfacet
  facet normal 0 0 -1
    outer loop
      vertex 13.0901 40.3306 -3
      vertex 4.74292 42.8498 -3
      vertex 13.08 40.58 -3
    endloop
  endfacet
  facet normal -0 0 -1
    outer loop
      vertex 8.90991 19.1432 -3
      vertex 2.62185 15.8991 -3
      vertex 8.78509 19.3594 -3
    endloop
  endfacet
  facet normal 0 -0 -1
    outer loop
      vertex 4.74292 42.8498 -3
      vertex 13.0901 40.3306 -3
      vertex 4.47849 42.4503 -3
    endloop
  endfacet
  facet normal 0 0 -1
    outer loop
      vertex 2.42318 16.3351 -3
      vertex 8.78509 19.3594 -3
      vertex 2.62185 15.8991 -3
    endloop
  endfacet
  facet normal 0 -0 -1
    outer loop
      vertex 4.47849 42.4503 -3
      vertex 13.0901 40.3306 -3
      vertex 4.22108 42.0463 -3
    endloop
  endfacet
  facet normal -0 0 -1
    outer loop
      vertex 8.78509 19.3594 -3
      vertex 2.42318 16.3351 -3
      vertex 8.67806 19.5849 -3
    endloop
  endfacet
  facet normal 0 0 -1
    outer loop
      vertex 13.1201 40.0827 -3
      vertex 4.22108 42.0463 -3
      vertex 13.0901 40.3306 -3
    endloop
  endfacet
  facet normal 0 0 -1
    outer loop
      vertex 2.23214 16.7744 -3
      vertex 8.67806 19.5849 -3
      vertex 2.42318 16.3351 -3
    endloop
  endfacet
  facet normal 0 -0 -1
    outer loop
      vertex 4.22108 42.0463 -3
      vertex 13.1201 40.0827 -3
      vertex 3.97076 41.6378 -3
    endloop
  endfacet
  facet normal 0 0 -1
    outer loop
      vertex 2.0488 17.217 -3
      vertex 8.67806 19.5849 -3
      vertex 2.23214 16.7744 -3
    endloop
  endfacet
  facet normal 0 0 -1
    outer loop
      vertex 13.1701 39.8381 -3
      vertex 3.97076 41.6378 -3
      vertex 13.1201 40.0827 -3
    endloop
  endfacet
  facet normal -0 0 -1
    outer loop
      vertex 8.67806 19.5849 -3
      vertex 2.0488 17.217 -3
      vertex 8.58954 19.8183 -3
    endloop
  endfacet
  facet normal 0 -0 -1
    outer loop
      vertex 3.97076 41.6378 -3
      vertex 13.1701 39.8381 -3
      vertex 3.7276 41.225 -3
    endloop
  endfacet
  facet normal 0 0 -1
    outer loop
      vertex 1.87322 17.6628 -3
      vertex 8.58954 19.8183 -3
      vertex 2.0488 17.217 -3
    endloop
  endfacet
  facet normal 0 -0 -1
    outer loop
      vertex 3.7276 41.225 -3
      vertex 13.1701 39.8381 -3
      vertex 3.49169 40.808 -3
    endloop
  endfacet
  facet normal -0 0 -1
    outer loop
      vertex 8.58954 19.8183 -3
      vertex 1.87322 17.6628 -3
      vertex 8.52008 20.0581 -3
    endloop
  endfacet
  facet normal 0 0 -1
    outer loop
      vertex 13.2395 39.5983 -3
      vertex 3.49169 40.808 -3
      vertex 13.1701 39.8381 -3
    endloop
  endfacet
  facet normal 0 0 -1
    outer loop
      vertex 1.70544 18.1115 -3
      vertex 8.52008 20.0581 -3
      vertex 1.87322 17.6628 -3
    endloop
  endfacet
  facet normal 0 -0 -1
    outer loop
      vertex 3.49169 40.808 -3
      vertex 13.2395 39.5983 -3
      vertex 3.26309 40.387 -3
    endloop
  endfacet
  facet normal -0 0 -1
    outer loop
      vertex 8.52008 20.0581 -3
      vertex 1.70544 18.1115 -3
      vertex 8.47014 20.3027 -3
    endloop
  endfacet
  facet normal 0 -0 -1
    outer loop
      vertex 3.26309 40.387 -3
      vertex 13.2395 39.5983 -3
      vertex 3.04187 39.962 -3
    endloop
  endfacet
  facet normal 0 0 -1
    outer loop
      vertex 1.54552 18.5632 -3
      vertex 8.47014 20.3027 -3
      vertex 1.70544 18.1115 -3
    endloop
  endfacet
  facet normal 0 0 -1
    outer loop
      vertex 13.3281 39.3649 -3
      vertex 3.04187 39.962 -3
      vertex 13.2395 39.5983 -3
    endloop
  endfacet
  facet normal 0 0 -1
    outer loop
      vertex 1.3935 19.0175 -3
      vertex 8.47014 20.3027 -3
      vertex 1.54552 18.5632 -3
    endloop
  endfacet
  facet normal 0 -0 -1
    outer loop
      vertex 3.04187 39.962 -3
      vertex 13.3281 39.3649 -3
      vertex 2.8281 39.5333 -3
    endloop
  endfacet
  facet normal -0 0 -1
    outer loop
      vertex 8.47014 20.3027 -3
      vertex 1.3935 19.0175 -3
      vertex 8.44005 20.5506 -3
    endloop
  endfacet
  facet normal 0 -0 -1
    outer loop
      vertex 2.8281 39.5333 -3
      vertex 13.3281 39.3649 -3
      vertex 2.62185 39.1009 -3
    endloop
  endfacet
  facet normal 0 0 -1
    outer loop
      vertex 1.24943 19.4744 -3
      vertex 8.44005 20.5506 -3
      vertex 1.3935 19.0175 -3
    endloop
  endfacet
  facet normal -0 0 -1
    outer loop
      vertex 13.4351 39.1394 -3
      vertex 2.62185 39.1009 -3
      vertex 13.3281 39.3649 -3
    endloop
  endfacet
  facet normal -0 0 -1
    outer loop
      vertex 8.44005 20.5506 -3
      vertex 1.24943 19.4744 -3
      vertex 8.43 20.8 -3
    endloop
  endfacet
  facet normal 0 -0 -1
    outer loop
      vertex 2.62185 39.1009 -3
      vertex 13.4351 39.1394 -3
      vertex 2.42318 38.6649 -3
    endloop
  endfacet
  facet normal 0 0 -1
    outer loop
      vertex 1.11337 19.9338 -3
      vertex 8.43 20.8 -3
      vertex 1.24943 19.4744 -3
    endloop
  endfacet
  facet normal 0 -0 -1
    outer loop
      vertex 2.42318 38.6649 -3
      vertex 13.4351 39.1394 -3
      vertex 2.23214 38.2256 -3
    endloop
  endfacet
  facet normal 0 0 -1
    outer loop
      vertex 8.44005 21.0494 -3
      vertex 1.11337 19.9338 -3
      vertex 0.985336 20.3954 -3
    endloop
  endfacet
  facet normal -0 0 -1
    outer loop
      vertex 13.5599 38.9232 -3
      vertex 2.23214 38.2256 -3
      vertex 13.4351 39.1394 -3
    endloop
  endfacet
  facet normal 0 0 -1
    outer loop
      vertex 8.44005 21.0494 -3
      vertex 0.985336 20.3954 -3
      vertex 0.865383 20.8592 -3
    endloop
  endfacet
  facet normal 0 -0 -1
    outer loop
      vertex 2.0488 37.783 -3
      vertex 13.5599 38.9232 -3
      vertex 1.87322 37.3372 -3
    endloop
  endfacet
  facet normal -0 0 -1
    outer loop
      vertex 8.47014 21.2973 -3
      vertex 0.865383 20.8592 -3
      vertex 0.753542 21.3251 -3
    endloop
  endfacet
  facet normal -0 0 -1
    outer loop
      vertex 13.8596 38.5243 -3
      vertex 1.54552 36.4368 -3
      vertex 13.7017 38.7177 -3
    endloop
  endfacet
  facet normal -0 0 -1
    outer loop
      vertex 8.52008 21.5419 -3
      vertex 0.753542 21.3251 -3
      vertex 0.649849 21.7928 -3
    endloop
  endfacet
  facet normal 0 -0 -1
    outer loop
      vertex 0.985336 34.6046 -3
      vertex 14.0326 38.3443 -3
      vertex 0.865383 34.1408 -3
    endloop
  endfacet
  facet normal 0 0 -1
    outer loop
      vertex 8.58954 21.7817 -3
      vertex 0.649849 21.7928 -3
      vertex 0.554335 22.2623 -3
    endloop
  endfacet
  facet normal 0 0 -1
    outer loop
      vertex 10.6675 23.7776 -3
      vertex 0.649849 33.2072 -3
      vertex 0.753542 33.6749 -3
    endloop
  endfacet
  facet normal 0 0 -1
    outer loop
      vertex 8.58954 21.7817 -3
      vertex 0.554335 22.2623 -3
      vertex 0.467028 22.7334 -3
    endloop
  endfacet
  facet normal 0 0 -1
    outer loop
      vertex 10.6675 23.7776 -3
      vertex 0.554335 32.7377 -3
      vertex 0.649849 33.2072 -3
    endloop
  endfacet
  facet normal 0 0 -1
    outer loop
      vertex 8.67806 22.0151 -3
      vertex 0.467028 22.7334 -3
      vertex 0.387956 23.2059 -3
    endloop
  endfacet
  facet normal 0 0 -1
    outer loop
      vertex 10.4307 23.6985 -3
      vertex 0.467028 32.2666 -3
      vertex 0.554335 32.7377 -3
    endloop
  endfacet
  facet normal 0 0 -1
    outer loop
      vertex 8.78509 22.2406 -3
      vertex 0.387956 23.2059 -3
      vertex 0.317142 23.6797 -3
    endloop
  endfacet
  facet normal 0 0 -1
    outer loop
      vertex 10.4307 23.6985 -3
      vertex 0.387956 31.7941 -3
      vertex 0.467028 32.2666 -3
    endloop
  endfacet
  facet normal 0 0 -1
    outer loop
      vertex 8.78509 22.2406 -3
      vertex 0.317142 23.6797 -3
      vertex 0.254608 24.1547 -3
    endloop
  endfacet
  facet normal 0 0 -1
    outer loop
      vertex 10.4307 23.6985 -3
      vertex 0.317142 31.3203 -3
      vertex 0.387956 31.7941 -3
    endloop
  endfacet
  facet normal 0 0 -1
    outer loop
      vertex 8.90991 22.4568 -3
      vertex 0.254608 24.1547 -3
      vertex 0.200375 24.6307 -3
    endloop
  endfacet
  facet normal 0 0 -1
    outer loop
      vertex 10.2011 23.6007 -3
      vertex 0.254608 30.8453 -3
      vertex 0.317142 31.3203 -3
    endloop
  endfacet
  facet normal 0 0 -1
    outer loop
      vertex 8.90991 22.4568 -3
      vertex 0.200375 24.6307 -3
      vertex 0.154456 25.1076 -3
    endloop
  endfacet
  facet normal 0 0 -1
    outer loop
      vertex 10.2011 23.6007 -3
      vertex 0.200375 30.3693 -3
      vertex 0.254608 30.8453 -3
    endloop
  endfacet
  facet normal 0 0 -1
    outer loop
      vertex 9.05173 22.6623 -3
      vertex 0.154456 25.1076 -3
      vertex 0.116867 25.5852 -3
    endloop
  endfacet
  facet normal 0 0 -1
    outer loop
      vertex 9.98 23.4847 -3
      vertex 0.154456 29.8924 -3
      vertex 0.200375 30.3693 -3
    endloop
  endfacet
  facet normal 0 0 -1
    outer loop
      vertex 9.20962 22.8557 -3
      vertex 0.116867 25.5852 -3
      vertex 0.0876198 26.0634 -3
    endloop
  endfacet
  facet normal 0 0 -1
    outer loop
      vertex 9.98 23.4847 -3
      vertex 0.116867 29.4148 -3
      vertex 0.154456 29.8924 -3
    endloop
  endfacet
  facet normal 0 0 -1
    outer loop
      vertex 9.20962 22.8557 -3
      vertex 0.0876198 26.0634 -3
      vertex 0.0667219 26.542 -3
    endloop
  endfacet
  facet normal 0 0 -1
    outer loop
      vertex 9.769 23.3512 -3
      vertex 0.0876198 28.9366 -3
      vertex 0.116867 29.4148 -3
    endloop
  endfacet
  facet normal 0 0 -1
    outer loop
      vertex 9.38256 23.0357 -3
      vertex 0.0667219 26.542 -3
      vertex 0.0541811 27.0209 -3
    endloop
  endfacet
  facet normal 0 0 -1
    outer loop
      vertex 9.769 23.3512 -3
      vertex 0.0667219 28.458 -3
      vertex 0.0876198 28.9366 -3
    endloop
  endfacet
  facet normal 0 0 -1
    outer loop
      vertex 9.38256 23.0357 -3
      vertex 0.0541811 27.0209 -3
      vertex 0.0500002 27.5 -3
    endloop
  endfacet
  facet normal 0 0 -1
    outer loop
      vertex 9.56942 23.2013 -3
      vertex 0.0541811 27.9791 -3
      vertex 0.0667219 28.458 -3
    endloop
  endfacet
  facet normal 0 0 -1
    outer loop
      vertex 9.56942 23.2013 -3
      vertex 0.0500002 27.5 -3
      vertex 0.0541811 27.9791 -3
    endloop
  endfacet
  facet normal 0 0 -1
    outer loop
      vertex 30.575 27.5 -3
      vertex 32.5 27.5 -3
      vertex 32.4938 27.2508 -3
    endloop
  endfacet
  facet normal 0 0 -1
    outer loop
      vertex 30.565 27.2526 -3
      vertex 32.4938 27.2508 -3
      vertex 32.4912 27.2164 -3
    endloop
  endfacet
  facet normal 0 0 -1
    outer loop
      vertex 32.5 27.5 -3
      vertex 30.575 27.5 -3
      vertex 32.4938 27.7492 -3
    endloop
  endfacet
  facet normal 0 0 -1
    outer loop
      vertex 33.772 18.5487 -3
      vertex 31.9949 11.6106 -3
      vertex 33.5659 18.4077 -3
    endloop
  endfacet
  facet normal 0 0 -1
    outer loop
      vertex 31.8701 11.8268 -3
      vertex 33.5659 18.4077 -3
      vertex 31.9949 11.6106 -3
    endloop
  endfacet
  facet normal 0 0 -1
    outer loop
      vertex 33.5659 18.4077 -3
      vertex 31.8701 11.8268 -3
      vertex 33.3566 18.2715 -3
    endloop
  endfacet
  facet normal 0 0 -1
    outer loop
      vertex 33.3566 18.2715 -3
      vertex 31.8701 11.8268 -3
      vertex 33.1442 18.1401 -3
    endloop
  endfacet
  facet normal 0 0 -1
    outer loop
      vertex 31.7283 12.0323 -3
      vertex 33.1442 18.1401 -3
      vertex 31.8701 11.8268 -3
    endloop
  endfacet
  facet normal 0 0 -1
    outer loop
      vertex 33.1442 18.1401 -3
      vertex 31.7283 12.0323 -3
      vertex 32.9289 18.0136 -3
    endloop
  endfacet
  facet normal 0 0 -1
    outer loop
      vertex 32.9289 18.0136 -3
      vertex 31.7283 12.0323 -3
      vertex 32.7108 17.892 -3
    endloop
  endfacet
  facet normal 0 0 -1
    outer loop
      vertex 31.5704 12.2257 -3
      vertex 32.7108 17.892 -3
      vertex 31.7283 12.0323 -3
    endloop
  endfacet
  facet normal 0 0 -1
    outer loop
      vertex 32.7108 17.892 -3
      vertex 31.5704 12.2257 -3
      vertex 32.4899 17.7755 -3
    endloop
  endfacet
  facet normal 0 0 -1
    outer loop
      vertex 31.3974 12.4057 -3
      vertex 32.4899 17.7755 -3
      vertex 31.5704 12.2257 -3
    endloop
  endfacet
  facet normal 0 0 -1
    outer loop
      vertex 32.4899 17.7755 -3
      vertex 31.3974 12.4057 -3
      vertex 32.2664 17.664 -3
    endloop
  endfacet
  facet normal 0 0 -1
    outer loop
      vertex 32.2664 17.664 -3
      vertex 31.3974 12.4057 -3
      vertex 32.0405 17.5577 -3
    endloop
  endfacet
  facet normal 0 0 -1
    outer loop
      vertex 31.2106 12.5713 -3
      vertex 32.0405 17.5577 -3
      vertex 31.3974 12.4057 -3
    endloop
  endfacet
  facet normal 0 0 -1
    outer loop
      vertex 32.0405 17.5577 -3
      vertex 31.2106 12.5713 -3
      vertex 31.8122 17.4566 -3
    endloop
  endfacet
  facet normal 0 0 -1
    outer loop
      vertex 31.8122 17.4566 -3
      vertex 31.2106 12.5713 -3
      vertex 31.5816 17.3607 -3
    endloop
  endfacet
  facet normal 0 0 -1
    outer loop
      vertex 31.011 12.7212 -3
      vertex 31.5816 17.3607 -3
      vertex 31.2106 12.5713 -3
    endloop
  endfacet
  facet normal 0 0 -1
    outer loop
      vertex 31.5816 17.3607 -3
      vertex 31.011 12.7212 -3
      vertex 31.3489 17.2701 -3
    endloop
  endfacet
  facet normal 0 0 -1
    outer loop
      vertex 30.8 12.8547 -3
      vertex 31.3489 17.2701 -3
      vertex 31.011 12.7212 -3
    endloop
  endfacet
  facet normal 0 0 -1
    outer loop
      vertex 31.3489 17.2701 -3
      vertex 30.8 12.8547 -3
      vertex 31.1142 17.1848 -3
    endloop
  endfacet
  facet normal 0 0 -1
    outer loop
      vertex 30.5789 12.9707 -3
      vertex 31.1142 17.1848 -3
      vertex 30.8 12.8547 -3
    endloop
  endfacet
  facet normal 0 0 -1
    outer loop
      vertex 31.1142 17.1848 -3
      vertex 30.5789 12.9707 -3
      vertex 30.8776 17.105 -3
    endloop
  endfacet
  facet normal 0 0 -1
    outer loop
      vertex 30.8776 17.105 -3
      vertex 30.5789 12.9707 -3
      vertex 30.6392 17.0305 -3
    endloop
  endfacet
  facet normal 0 0 -1
    outer loop
      vertex 30.3493 13.0686 -3
      vertex 30.6392 17.0305 -3
      vertex 30.5789 12.9707 -3
    endloop
  endfacet
  facet normal 0 0 -1
    outer loop
      vertex 30.6392 17.0305 -3
      vertex 30.3493 13.0686 -3
      vertex 30.3992 16.9615 -3
    endloop
  endfacet
  facet normal 0 0 -1
    outer loop
      vertex 30.1125 13.1476 -3
      vertex 30.3992 16.9615 -3
      vertex 30.3493 13.0686 -3
    endloop
  endfacet
  facet normal 0 0 -1
    outer loop
      vertex 30.3992 16.9615 -3
      vertex 30.1125 13.1476 -3
      vertex 30.1577 16.898 -3
    endloop
  endfacet
  facet normal 0 0 -1
    outer loop
      vertex 30.1125 13.1476 -3
      vertex 29.9148 16.8401 -3
      vertex 30.1577 16.898 -3
    endloop
  endfacet
  facet normal 0 0 -1
    outer loop
      vertex 29.8701 13.2074 -3
      vertex 29.9148 16.8401 -3
      vertex 30.1125 13.1476 -3
    endloop
  endfacet
  facet normal 0 0 -1
    outer loop
      vertex 29.8701 13.2074 -3
      vertex 29.6706 16.7877 -3
      vertex 29.9148 16.8401 -3
    endloop
  endfacet
  facet normal 0 0 -1
    outer loop
      vertex 29.6237 13.2474 -3
      vertex 29.6706 16.7877 -3
      vertex 29.8701 13.2074 -3
    endloop
  endfacet
  facet normal 0 0 -1
    outer loop
      vertex 29.6237 13.2474 -3
      vertex 29.4253 16.7409 -3
      vertex 29.6706 16.7877 -3
    endloop
  endfacet
  facet normal 0 0 -1
    outer loop
      vertex 29.3748 13.2675 -3
      vertex 29.4253 16.7409 -3
      vertex 29.6237 13.2474 -3
    endloop
  endfacet
  facet normal 0 0 -1
    outer loop
      vertex 29.3748 13.2675 -3
      vertex 29.179 16.6997 -3
      vertex 29.4253 16.7409 -3
    endloop
  endfacet
  facet normal 0 0 -1
    outer loop
      vertex 28.9318 16.6642 -3
      vertex 29.3748 13.2675 -3
      vertex 29.1252 13.2675 -3
    endloop
  endfacet
  facet normal 0 0 -1
    outer loop
      vertex 29.3748 13.2675 -3
      vertex 28.9318 16.6642 -3
      vertex 29.179 16.6997 -3
    endloop
  endfacet
  facet normal 0 0 -1
    outer loop
      vertex 28.6839 16.6343 -3
      vertex 29.1252 13.2675 -3
      vertex 28.8763 13.2474 -3
    endloop
  endfacet
  facet normal 0 0 -1
    outer loop
      vertex 29.1252 13.2675 -3
      vertex 28.6839 16.6343 -3
      vertex 28.9318 16.6642 -3
    endloop
  endfacet
  facet normal 0 0 -1
    outer loop
      vertex 28.4353 16.6101 -3
      vertex 28.8763 13.2474 -3
      vertex 28.6299 13.2074 -3
    endloop
  endfacet
  facet normal 0 0 -1
    outer loop
      vertex 28.8763 13.2474 -3
      vertex 28.4353 16.6101 -3
      vertex 28.6839 16.6343 -3
    endloop
  endfacet
  facet normal 0 0 -1
    outer loop
      vertex 27.9369 16.5787 -3
      vertex 28.6299 13.2074 -3
      vertex 28.3875 13.1476 -3
    endloop
  endfacet
  facet normal 0 0 -1
    outer loop
      vertex 28.6299 13.2074 -3
      vertex 28.1863 16.5916 -3
      vertex 28.4353 16.6101 -3
    endloop
  endfacet
  facet normal 0 0 -1
    outer loop
      vertex 27.6873 16.5716 -3
      vertex 28.3875 13.1476 -3
      vertex 28.1507 13.0686 -3
    endloop
  endfacet
  facet normal 0 0 -1
    outer loop
      vertex 28.6299 13.2074 -3
      vertex 27.9369 16.5787 -3
      vertex 28.1863 16.5916 -3
    endloop
  endfacet
  facet normal 0 0 -1
    outer loop
      vertex 27.4376 16.5702 -3
      vertex 28.1507 13.0686 -3
      vertex 27.9211 12.9707 -3
    endloop
  endfacet
  facet normal 0 0 -1
    outer loop
      vertex 26.9384 16.5844 -3
      vertex 27.9211 12.9707 -3
      vertex 27.7 12.8547 -3
    endloop
  endfacet
  facet normal 0 0 -1
    outer loop
      vertex 28.3875 13.1476 -3
      vertex 27.6873 16.5716 -3
      vertex 27.9369 16.5787 -3
    endloop
  endfacet
  facet normal 0 0 -1
    outer loop
      vertex 26.6891 16.6001 -3
      vertex 27.7 12.8547 -3
      vertex 27.489 12.7212 -3
    endloop
  endfacet
  facet normal 0 0 -1
    outer loop
      vertex 28.1507 13.0686 -3
      vertex 27.4376 16.5702 -3
      vertex 27.6873 16.5716 -3
    endloop
  endfacet
  facet normal 0 0 -1
    outer loop
      vertex 26.1921 16.6485 -3
      vertex 27.489 12.7212 -3
      vertex 27.2894 12.5713 -3
    endloop
  endfacet
  facet normal 0 0 -1
    outer loop
      vertex 27.9211 12.9707 -3
      vertex 27.1879 16.5745 -3
      vertex 27.4376 16.5702 -3
    endloop
  endfacet
  facet normal 0 0 -1
    outer loop
      vertex 25.9445 16.6813 -3
      vertex 27.2894 12.5713 -3
      vertex 27.1026 12.4057 -3
    endloop
  endfacet
  facet normal 0 0 -1
    outer loop
      vertex 27.9211 12.9707 -3
      vertex 26.9384 16.5844 -3
      vertex 27.1879 16.5745 -3
    endloop
  endfacet
  facet normal 0 0 -1
    outer loop
      vertex 25.6977 16.7196 -3
      vertex 27.1026 12.4057 -3
      vertex 26.9296 12.2257 -3
    endloop
  endfacet
  facet normal 0 0 -1
    outer loop
      vertex 25.2072 16.8132 -3
      vertex 26.9296 12.2257 -3
      vertex 26.7717 12.0323 -3
    endloop
  endfacet
  facet normal 0 0 -1
    outer loop
      vertex 27.7 12.8547 -3
      vertex 26.6891 16.6001 -3
      vertex 26.9384 16.5844 -3
    endloop
  endfacet
  facet normal 0 0 -1
    outer loop
      vertex 24.9636 16.8684 -3
      vertex 26.7717 12.0323 -3
      vertex 26.6299 11.8268 -3
    endloop
  endfacet
  facet normal 0 0 -1
    outer loop
      vertex 24.4806 16.9953 -3
      vertex 26.6299 11.8268 -3
      vertex 26.5051 11.6106 -3
    endloop
  endfacet
  facet normal 0 0 -1
    outer loop
      vertex 27.489 12.7212 -3
      vertex 26.4403 16.6215 -3
      vertex 26.6891 16.6001 -3
    endloop
  endfacet
  facet normal 0 0 -1
    outer loop
      vertex 24.0039 17.1442 -3
      vertex 26.5051 11.6106 -3
      vertex 26.3981 11.3851 -3
    endloop
  endfacet
  facet normal 0 0 -1
    outer loop
      vertex 23.7682 17.2268 -3
      vertex 26.3981 11.3851 -3
      vertex 26.3095 11.1517 -3
    endloop
  endfacet
  facet normal 0 0 -1
    outer loop
      vertex 23.3029 17.408 -3
      vertex 26.3095 11.1517 -3
      vertex 26.2401 10.9119 -3
    endloop
  endfacet
  facet normal 0 0 -1
    outer loop
      vertex 27.489 12.7212 -3
      vertex 26.1921 16.6485 -3
      vertex 26.4403 16.6215 -3
    endloop
  endfacet
  facet normal 0 0 -1
    outer loop
      vertex 22.8462 17.6102 -3
      vertex 26.2401 10.9119 -3
      vertex 26.1901 10.6673 -3
    endloop
  endfacet
  facet normal 0 0 -1
    outer loop
      vertex 22.3993 17.8331 -3
      vertex 26.1901 10.6673 -3
      vertex 26.1601 10.4194 -3
    endloop
  endfacet
  facet normal 0 0 -1
    outer loop
      vertex 14.192 3.49169 -3
      vertex 26.1601 10.4194 -3
      vertex 26.15 10.17 -3
    endloop
  endfacet
  facet normal 0 0 -1
    outer loop
      vertex 21.7928 0.649849 -3
      vertex 26.7717 8.3077 -3
      vertex 22.2623 0.554335 -3
    endloop
  endfacet
  facet normal -0 0 -1
    outer loop
      vertex 26.7717 8.3077 -3
      vertex 21.7928 0.649849 -3
      vertex 26.6299 8.51316 -3
    endloop
  endfacet
  facet normal 0 0 -1
    outer loop
      vertex 21.3251 0.753542 -3
      vertex 26.6299 8.51316 -3
      vertex 21.7928 0.649849 -3
    endloop
  endfacet
  facet normal 0 0 -1
    outer loop
      vertex 20.8592 0.865383 -3
      vertex 26.6299 8.51316 -3
      vertex 21.3251 0.753542 -3
    endloop
  endfacet
  facet normal -0 0 -1
    outer loop
      vertex 26.6299 8.51316 -3
      vertex 20.8592 0.865383 -3
      vertex 26.5051 8.72936 -3
    endloop
  endfacet
  facet normal 0 0 -1
    outer loop
      vertex 27.2894 12.5713 -3
      vertex 25.9445 16.6813 -3
      vertex 26.1921 16.6485 -3
    endloop
  endfacet
  facet normal 0 0 -1
    outer loop
      vertex 20.3954 0.985336 -3
      vertex 26.5051 8.72936 -3
      vertex 20.8592 0.865383 -3
    endloop
  endfacet
  facet normal 0 0 -1
    outer loop
      vertex 19.9338 1.11337 -3
      vertex 26.5051 8.72936 -3
      vertex 20.3954 0.985336 -3
    endloop
  endfacet
  facet normal 0 0 -1
    outer loop
      vertex 27.1026 12.4057 -3
      vertex 25.6977 16.7196 -3
      vertex 25.9445 16.6813 -3
    endloop
  endfacet
  facet normal -0 0 -1
    outer loop
      vertex 26.5051 8.72936 -3
      vertex 19.9338 1.11337 -3
      vertex 26.3981 8.9549 -3
    endloop
  endfacet
  facet normal 0 0 -1
    outer loop
      vertex 26.9296 12.2257 -3
      vertex 25.4519 16.7636 -3
      vertex 25.6977 16.7196 -3
    endloop
  endfacet
  facet normal 0 0 -1
    outer loop
      vertex 19.4744 1.24943 -3
      vertex 26.3981 8.9549 -3
      vertex 19.9338 1.11337 -3
    endloop
  endfacet
  facet normal 0 0 -1
    outer loop
      vertex 26.9296 12.2257 -3
      vertex 25.2072 16.8132 -3
      vertex 25.4519 16.7636 -3
    endloop
  endfacet
  facet normal 0 0 -1
    outer loop
      vertex 19.0175 1.3935 -3
      vertex 26.3981 8.9549 -3
      vertex 19.4744 1.24943 -3
    endloop
  endfacet
  facet normal -0 0 -1
    outer loop
      vertex 26.3981 8.9549 -3
      vertex 19.0175 1.3935 -3
      vertex 26.3095 9.18833 -3
    endloop
  endfacet
  facet normal 0 0 -1
    outer loop
      vertex 26.7717 12.0323 -3
      vertex 24.9636 16.8684 -3
      vertex 25.2072 16.8132 -3
    endloop
  endfacet
  facet normal 0 0 -1
    outer loop
      vertex 18.5632 1.54552 -3
      vertex 26.3095 9.18833 -3
      vertex 19.0175 1.3935 -3
    endloop
  endfacet
  facet normal 0 0 -1
    outer loop
      vertex 26.6299 11.8268 -3
      vertex 24.7214 16.9291 -3
      vertex 24.9636 16.8684 -3
    endloop
  endfacet
  facet normal 0 0 -1
    outer loop
      vertex 18.1115 1.70544 -3
      vertex 26.3095 9.18833 -3
      vertex 18.5632 1.54552 -3
    endloop
  endfacet
  facet normal 0 0 -1
    outer loop
      vertex 26.6299 11.8268 -3
      vertex 24.4806 16.9953 -3
      vertex 24.7214 16.9291 -3
    endloop
  endfacet
  facet normal -0 0 -1
    outer loop
      vertex 26.3095 9.18833 -3
      vertex 18.1115 1.70544 -3
      vertex 26.2401 9.42812 -3
    endloop
  endfacet
  facet normal 0 0 -1
    outer loop
      vertex 26.5051 11.6106 -3
      vertex 24.2414 17.067 -3
      vertex 24.4806 16.9953 -3
    endloop
  endfacet
  facet normal 0 0 -1
    outer loop
      vertex 17.6628 1.87322 -3
      vertex 26.2401 9.42812 -3
      vertex 18.1115 1.70544 -3
    endloop
  endfacet
  facet normal 0 0 -1
    outer loop
      vertex 17.217 2.0488 -3
      vertex 26.2401 9.42812 -3
      vertex 17.6628 1.87322 -3
    endloop
  endfacet
  facet normal 0 0 -1
    outer loop
      vertex 26.5051 11.6106 -3
      vertex 24.0039 17.1442 -3
      vertex 24.2414 17.067 -3
    endloop
  endfacet
  facet normal -0 0 -1
    outer loop
      vertex 26.2401 9.42812 -3
      vertex 17.217 2.0488 -3
      vertex 26.1901 9.67273 -3
    endloop
  endfacet
  facet normal 0 0 -1
    outer loop
      vertex 26.3981 11.3851 -3
      vertex 23.7682 17.2268 -3
      vertex 24.0039 17.1442 -3
    endloop
  endfacet
  facet normal 0 0 -1
    outer loop
      vertex 16.7744 2.23214 -3
      vertex 26.1901 9.67273 -3
      vertex 17.217 2.0488 -3
    endloop
  endfacet
  facet normal 0 0 -1
    outer loop
      vertex 26.3095 11.1517 -3
      vertex 23.5345 17.3147 -3
      vertex 23.7682 17.2268 -3
    endloop
  endfacet
  facet normal 0 0 -1
    outer loop
      vertex 16.3351 2.42318 -3
      vertex 26.1901 9.67273 -3
      vertex 16.7744 2.23214 -3
    endloop
  endfacet
  facet normal -0 0 -1
    outer loop
      vertex 26.1901 9.67273 -3
      vertex 16.3351 2.42318 -3
      vertex 26.1601 9.92055 -3
    endloop
  endfacet
  facet normal 0 0 -1
    outer loop
      vertex 26.3095 11.1517 -3
      vertex 23.3029 17.408 -3
      vertex 23.5345 17.3147 -3
    endloop
  endfacet
  facet normal 0 0 -1
    outer loop
      vertex 15.8991 2.62185 -3
      vertex 26.1601 9.92055 -3
      vertex 16.3351 2.42318 -3
    endloop
  endfacet
  facet normal 0 0 -1
    outer loop
      vertex 26.2401 10.9119 -3
      vertex 23.0734 17.5065 -3
      vertex 23.3029 17.408 -3
    endloop
  endfacet
  facet normal 0 0 -1
    outer loop
      vertex 15.4667 2.8281 -3
      vertex 26.1601 9.92055 -3
      vertex 15.8991 2.62185 -3
    endloop
  endfacet
  facet normal 0 0 -1
    outer loop
      vertex 26.2401 10.9119 -3
      vertex 22.8462 17.6102 -3
      vertex 23.0734 17.5065 -3
    endloop
  endfacet
  facet normal -0 0 -1
    outer loop
      vertex 26.1601 9.92055 -3
      vertex 15.4667 2.8281 -3
      vertex 26.15 10.17 -3
    endloop
  endfacet
  facet normal 0 0 -1
    outer loop
      vertex 15.038 3.04187 -3
      vertex 26.15 10.17 -3
      vertex 15.4667 2.8281 -3
    endloop
  endfacet
  facet normal 0 0 -1
    outer loop
      vertex 26.1901 10.6673 -3
      vertex 22.6215 17.7191 -3
      vertex 22.8462 17.6102 -3
    endloop
  endfacet
  facet normal 0 0 -1
    outer loop
      vertex 14.613 3.26309 -3
      vertex 26.15 10.17 -3
      vertex 15.038 3.04187 -3
    endloop
  endfacet
  facet normal 0 0 -1
    outer loop
      vertex 26.1901 10.6673 -3
      vertex 22.3993 17.8331 -3
      vertex 22.6215 17.7191 -3
    endloop
  endfacet
  facet normal 0 0 -1
    outer loop
      vertex 14.192 3.49169 -3
      vertex 26.15 10.17 -3
      vertex 14.613 3.26309 -3
    endloop
  endfacet
  facet normal 0 0 -1
    outer loop
      vertex 26.1601 10.4194 -3
      vertex 22.1798 17.9522 -3
      vertex 22.3993 17.8331 -3
    endloop
  endfacet
  facet normal 0 0 -1
    outer loop
      vertex 26.1601 10.4194 -3
      vertex 14.192 3.49169 -3
      vertex 13.775 3.7276 -3
    endloop
  endfacet
  facet normal -0 0 -1
    outer loop
      vertex 26.1601 10.4194 -3
      vertex 13.775 3.7276 -3
      vertex 22.1798 17.9522 -3
    endloop
  endfacet
  facet normal -0 0 -1
    outer loop
      vertex 22.1798 17.9522 -3
      vertex 13.775 3.7276 -3
      vertex 21.9631 18.0762 -3
    endloop
  endfacet
  facet normal 0 0 -1
    outer loop
      vertex 13.3622 3.97076 -3
      vertex 21.9631 18.0762 -3
      vertex 13.775 3.7276 -3
    endloop
  endfacet
  facet normal -0 0 -1
    outer loop
      vertex 21.9631 18.0762 -3
      vertex 13.3622 3.97076 -3
      vertex 21.7492 18.2052 -3
    endloop
  endfacet
  facet normal -0 0 -1
    outer loop
      vertex 31.7665 30.1072 -3
      vertex 30.099 29.1435 -3
      vertex 31.6312 30.3166 -3
    endloop
  endfacet
  facet normal 0 0 -1
    outer loop
      vertex 29.9583 29.3473 -3
      vertex 31.6312 30.3166 -3
      vertex 30.099 29.1435 -3
    endloop
  endfacet
  facet normal -0 0 -1
    outer loop
      vertex 31.6312 30.3166 -3
      vertex 29.9583 29.3473 -3
      vertex 31.4857 30.519 -3
    endloop
  endfacet
  facet normal -0 0 -1
    outer loop
      vertex 31.4857 30.519 -3
      vertex 29.9583 29.3473 -3
      vertex 31.3302 30.7139 -3
    endloop
  endfacet
  facet normal 0 0 -1
    outer loop
      vertex 29.8017 29.5391 -3
      vertex 31.3302 30.7139 -3
      vertex 29.9583 29.3473 -3
    endloop
  endfacet
  facet normal -0 0 -1
    outer loop
      vertex 31.3302 30.7139 -3
      vertex 29.8017 29.5391 -3
      vertex 31.1653 30.9009 -3
    endloop
  endfacet
  facet normal 0 0 -1
    outer loop
      vertex 29.6301 29.7177 -3
      vertex 31.1653 30.9009 -3
      vertex 29.8017 29.5391 -3
    endloop
  endfacet
  facet normal -0 0 -1
    outer loop
      vertex 31.1653 30.9009 -3
      vertex 29.6301 29.7177 -3
      vertex 30.9912 31.0793 -3
    endloop
  endfacet
  facet normal -0 0 -1
    outer loop
      vertex 30.9912 31.0793 -3
      vertex 29.6301 29.7177 -3
      vertex 30.8084 31.2489 -3
    endloop
  endfacet
  facet normal 0 0 -1
    outer loop
      vertex 29.4448 29.8819 -3
      vertex 30.8084 31.2489 -3
      vertex 29.6301 29.7177 -3
    endloop
  endfacet
  facet normal -0 0 -1
    outer loop
      vertex 30.8084 31.2489 -3
      vertex 29.4448 29.8819 -3
      vertex 30.6174 31.4092 -3
    endloop
  endfacet
  facet normal -0 0 -1
    outer loop
      vertex 30.6174 31.4092 -3
      vertex 29.4448 29.8819 -3
      vertex 30.4187 31.5597 -3
    endloop
  endfacet
  facet normal 0 0 -1
    outer loop
      vertex 29.2468 30.0307 -3
      vertex 30.4187 31.5597 -3
      vertex 29.4448 29.8819 -3
    endloop
  endfacet
  facet normal -0 0 -1
    outer loop
      vertex 30.4187 31.5597 -3
      vertex 29.2468 30.0307 -3
      vertex 30.2127 31.7001 -3
    endloop
  endfacet
  facet normal -0 0 -1
    outer loop
      vertex 30.2127 31.7001 -3
      vertex 29.0375 30.163 -3
      vertex 30 31.8301 -3
    endloop
  endfacet
  facet normal 0 0 -1
    outer loop
      vertex 29.0375 30.163 -3
      vertex 30.2127 31.7001 -3
      vertex 29.2468 30.0307 -3
    endloop
  endfacet
  facet normal 0 0 -1
    outer loop
      vertex 47.3901 25.2568 -3
      vertex 54.95 27.5 -3
      vertex 54.9458 27.0209 -3
    endloop
  endfacet
  facet normal 0 0 -1
    outer loop
      vertex 47.5149 25.0406 -3
      vertex 54.9458 27.0209 -3
      vertex 54.9333 26.542 -3
    endloop
  endfacet
  facet normal -0 0 -1
    outer loop
      vertex 54.95 27.5 -3
      vertex 47.3901 25.2568 -3
      vertex 54.9458 27.9791 -3
    endloop
  endfacet
  facet normal 0 0 -1
    outer loop
      vertex 47.6219 24.8151 -3
      vertex 54.9333 26.542 -3
      vertex 54.9124 26.0634 -3
    endloop
  endfacet
  facet normal 0 0 -1
    outer loop
      vertex 47.2483 25.4623 -3
      vertex 54.9458 27.9791 -3
      vertex 47.3901 25.2568 -3
    endloop
  endfacet
  facet normal 0 0 -1
    outer loop
      vertex 47.6219 24.8151 -3
      vertex 54.9124 26.0634 -3
      vertex 54.8831 25.5852 -3
    endloop
  endfacet
  facet normal -0 0 -1
    outer loop
      vertex 54.9458 27.9791 -3
      vertex 47.2483 25.4623 -3
      vertex 54.9333 28.458 -3
    endloop
  endfacet
  facet normal 0 0 -1
    outer loop
      vertex 47.7105 24.5817 -3
      vertex 54.8831 25.5852 -3
      vertex 54.8455 25.1076 -3
    endloop
  endfacet
  facet normal 0 0 -1
    outer loop
      vertex 47.0904 25.6557 -3
      vertex 54.9333 28.458 -3
      vertex 47.2483 25.4623 -3
    endloop
  endfacet
  facet normal 0 0 -1
    outer loop
      vertex 47.7799 24.3419 -3
      vertex 54.8455 25.1076 -3
      vertex 54.7996 24.6307 -3
    endloop
  endfacet
  facet normal 0 0 -1
    outer loop
      vertex 54.9458 27.0209 -3
      vertex 47.5149 25.0406 -3
      vertex 47.3901 25.2568 -3
    endloop
  endfacet
  facet normal 0 0 -1
    outer loop
      vertex 47.8299 24.0973 -3
      vertex 54.7996 24.6307 -3
      vertex 54.7454 24.1547 -3
    endloop
  endfacet
  facet normal -0 0 -1
    outer loop
      vertex 54.9333 28.458 -3
      vertex 47.0904 25.6557 -3
      vertex 54.9124 28.9366 -3
    endloop
  endfacet
  facet normal 0 0 -1
    outer loop
      vertex 47.8299 24.0973 -3
      vertex 54.7454 24.1547 -3
      vertex 54.6829 23.6797 -3
    endloop
  endfacet
  facet normal -0 0 -1
    outer loop
      vertex 54.9124 28.9366 -3
      vertex 47.0904 25.6557 -3
      vertex 54.8831 29.4148 -3
    endloop
  endfacet
  facet normal 0 0 -1
    outer loop
      vertex 47.8599 23.8494 -3
      vertex 54.6829 23.6797 -3
      vertex 54.612 23.2059 -3
    endloop
  endfacet
  facet normal 0 0 -1
    outer loop
      vertex 46.9174 25.8357 -3
      vertex 54.8831 29.4148 -3
      vertex 47.0904 25.6557 -3
    endloop
  endfacet
  facet normal 0 0 -1
    outer loop
      vertex 47.87 23.6 -3
      vertex 54.612 23.2059 -3
      vertex 54.533 22.7334 -3
    endloop
  endfacet
  facet normal -0 0 -1
    outer loop
      vertex 54.8831 29.4148 -3
      vertex 46.9174 25.8357 -3
      vertex 54.8455 29.8924 -3
    endloop
  endfacet
  facet normal 0 0 -1
    outer loop
      vertex 47.8599 23.3506 -3
      vertex 54.533 22.7334 -3
      vertex 54.4457 22.2623 -3
    endloop
  endfacet
  facet normal 0 0 -1
    outer loop
      vertex 46.7306 26.0013 -3
      vertex 54.8455 29.8924 -3
      vertex 46.9174 25.8357 -3
    endloop
  endfacet
  facet normal 0 0 -1
    outer loop
      vertex 47.8299 23.1027 -3
      vertex 54.4457 22.2623 -3
      vertex 54.3502 21.7928 -3
    endloop
  endfacet
  facet normal 0 0 -1
    outer loop
      vertex 54.9333 26.542 -3
      vertex 47.6219 24.8151 -3
      vertex 47.5149 25.0406 -3
    endloop
  endfacet
  facet normal 0 0 -1
    outer loop
      vertex 47.7799 22.8581 -3
      vertex 54.3502 21.7928 -3
      vertex 54.2465 21.3251 -3
    endloop
  endfacet
  facet normal -0 0 -1
    outer loop
      vertex 54.8455 29.8924 -3
      vertex 46.7306 26.0013 -3
      vertex 54.7996 30.3693 -3
    endloop
  endfacet
  facet normal 0 0 -1
    outer loop
      vertex 47.7799 22.8581 -3
      vertex 54.2465 21.3251 -3
      vertex 54.1346 20.8592 -3
    endloop
  endfacet
  facet normal -0 0 -1
    outer loop
      vertex 54.7996 30.3693 -3
      vertex 46.7306 26.0013 -3
      vertex 54.7454 30.8453 -3
    endloop
  endfacet
  facet normal 0 0 -1
    outer loop
      vertex 47.7105 22.6183 -3
      vertex 54.1346 20.8592 -3
      vertex 54.0147 20.3954 -3
    endloop
  endfacet
  facet normal 0 0 -1
    outer loop
      vertex 46.531 26.1512 -3
      vertex 54.7454 30.8453 -3
      vertex 46.7306 26.0013 -3
    endloop
  endfacet
  facet normal 0 0 -1
    outer loop
      vertex 47.6219 22.3849 -3
      vertex 54.0147 20.3954 -3
      vertex 53.8866 19.9338 -3
    endloop
  endfacet
  facet normal -0 0 -1
    outer loop
      vertex 54.7454 30.8453 -3
      vertex 46.531 26.1512 -3
      vertex 54.6829 31.3203 -3
    endloop
  endfacet
  facet normal 0 0 -1
    outer loop
      vertex 47.5149 22.1594 -3
      vertex 53.8866 19.9338 -3
      vertex 53.7506 19.4744 -3
    endloop
  endfacet
  facet normal 0 0 -1
    outer loop
      vertex 54.8831 25.5852 -3
      vertex 47.7105 24.5817 -3
      vertex 47.6219 24.8151 -3
    endloop
  endfacet
  facet normal 0 0 -1
    outer loop
      vertex 47.3901 21.9432 -3
      vertex 53.7506 19.4744 -3
      vertex 53.6065 19.0175 -3
    endloop
  endfacet
  facet normal -0 0 -1
    outer loop
      vertex 54.6829 31.3203 -3
      vertex 46.531 26.1512 -3
      vertex 54.612 31.7941 -3
    endloop
  endfacet
  facet normal 0 0 -1
    outer loop
      vertex 47.3901 21.9432 -3
      vertex 53.6065 19.0175 -3
      vertex 53.4545 18.5632 -3
    endloop
  endfacet
  facet normal 0 0 -1
    outer loop
      vertex 46.32 26.2847 -3
      vertex 54.612 31.7941 -3
      vertex 46.531 26.1512 -3
    endloop
  endfacet
  facet normal 0 0 -1
    outer loop
      vertex 47.2483 21.7377 -3
      vertex 53.4545 18.5632 -3
      vertex 53.2946 18.1115 -3
    endloop
  endfacet
  facet normal -0 0 -1
    outer loop
      vertex 54.612 31.7941 -3
      vertex 46.32 26.2847 -3
      vertex 54.533 32.2666 -3
    endloop
  endfacet
  facet normal 0 0 -1
    outer loop
      vertex 47.0904 21.5443 -3
      vertex 53.2946 18.1115 -3
      vertex 53.1268 17.6628 -3
    endloop
  endfacet
  facet normal 0 0 -1
    outer loop
      vertex 54.8455 25.1076 -3
      vertex 47.7799 24.3419 -3
      vertex 47.7105 24.5817 -3
    endloop
  endfacet
  facet normal 0 0 -1
    outer loop
      vertex 46.9174 21.3643 -3
      vertex 53.1268 17.6628 -3
      vertex 52.9512 17.217 -3
    endloop
  endfacet
  facet normal -0 0 -1
    outer loop
      vertex 54.533 32.2666 -3
      vertex 46.32 26.2847 -3
      vertex 54.4457 32.7377 -3
    endloop
  endfacet
  facet normal 0 0 -1
    outer loop
      vertex 46.9174 21.3643 -3
      vertex 52.9512 17.217 -3
      vertex 52.7679 16.7744 -3
    endloop
  endfacet
  facet normal 0 0 -1
    outer loop
      vertex 46.0989 26.4007 -3
      vertex 54.4457 32.7377 -3
      vertex 46.32 26.2847 -3
    endloop
  endfacet
  facet normal 0 0 -1
    outer loop
      vertex 46.7306 21.1987 -3
      vertex 52.7679 16.7744 -3
      vertex 52.5768 16.3351 -3
    endloop
  endfacet
  facet normal -0 0 -1
    outer loop
      vertex 54.4457 32.7377 -3
      vertex 46.0989 26.4007 -3
      vertex 54.3502 33.2072 -3
    endloop
  endfacet
  facet normal 0 0 -1
    outer loop
      vertex 46.531 21.0487 -3
      vertex 52.5768 16.3351 -3
      vertex 52.3781 15.8991 -3
    endloop
  endfacet
  facet normal 0 0 -1
    outer loop
      vertex 54.7996 24.6307 -3
      vertex 47.8299 24.0973 -3
      vertex 47.7799 24.3419 -3
    endloop
  endfacet
  facet normal 0 0 -1
    outer loop
      vertex 46.32 20.9153 -3
      vertex 52.3781 15.8991 -3
      vertex 52.1719 15.4667 -3
    endloop
  endfacet
  facet normal 0 0 -1
    outer loop
      vertex 45.8693 26.4986 -3
      vertex 54.3502 33.2072 -3
      vertex 46.0989 26.4007 -3
    endloop
  endfacet
  facet normal 0 0 -1
    outer loop
      vertex 46.32 20.9153 -3
      vertex 52.1719 15.4667 -3
      vertex 51.9581 15.038 -3
    endloop
  endfacet
  facet normal -0 0 -1
    outer loop
      vertex 54.3502 33.2072 -3
      vertex 45.8693 26.4986 -3
      vertex 54.2465 33.6749 -3
    endloop
  endfacet
  facet normal 0 0 -1
    outer loop
      vertex 46.0989 20.7993 -3
      vertex 51.9581 15.038 -3
      vertex 51.7369 14.613 -3
    endloop
  endfacet
  facet normal -0 0 -1
    outer loop
      vertex 54.2465 33.6749 -3
      vertex 45.8693 26.4986 -3
      vertex 54.1346 34.1408 -3
    endloop
  endfacet
  facet normal 0 0 -1
    outer loop
      vertex 45.8693 20.7015 -3
      vertex 51.7369 14.613 -3
      vertex 51.5083 14.192 -3
    endloop
  endfacet
  facet normal -0 0 -1
    outer loop
      vertex 54.1346 34.1408 -3
      vertex 45.8693 26.4986 -3
      vertex 54.0147 34.6046 -3
    endloop
  endfacet
  facet normal 0 0 -1
    outer loop
      vertex 45.8693 20.7015 -3
      vertex 51.5083 14.192 -3
      vertex 51.2724 13.775 -3
    endloop
  endfacet
  facet normal 0 0 -1
    outer loop
      vertex 54.6829 23.6797 -3
      vertex 47.8599 23.8494 -3
      vertex 47.8299 24.0973 -3
    endloop
  endfacet
  facet normal 0 0 -1
    outer loop
      vertex 45.6325 20.6224 -3
      vertex 51.2724 13.775 -3
      vertex 51.0292 13.3622 -3
    endloop
  endfacet
  facet normal 0 0 -1
    outer loop
      vertex 45.6325 26.5776 -3
      vertex 54.0147 34.6046 -3
      vertex 45.8693 26.4986 -3
    endloop
  endfacet
  facet normal 0 0 -1
    outer loop
      vertex 45.6325 20.6224 -3
      vertex 51.0292 13.3622 -3
      vertex 50.7789 12.9537 -3
    endloop
  endfacet
  facet normal -0 0 -1
    outer loop
      vertex 54.0147 34.6046 -3
      vertex 45.6325 26.5776 -3
      vertex 53.8866 35.0662 -3
    endloop
  endfacet
  facet normal 0 0 -1
    outer loop
      vertex 45.3901 20.5626 -3
      vertex 50.7789 12.9537 -3
      vertex 50.5215 12.5497 -3
    endloop
  endfacet
  facet normal -0 0 -1
    outer loop
      vertex 53.8866 35.0662 -3
      vertex 45.6325 26.5776 -3
      vertex 53.7506 35.5256 -3
    endloop
  endfacet
  facet normal 0 0 -1
    outer loop
      vertex 45.1437 20.5226 -3
      vertex 50.5215 12.5497 -3
      vertex 50.2571 12.1502 -3
    endloop
  endfacet
  facet normal 0 0 -1
    outer loop
      vertex 45.3901 26.6374 -3
      vertex 53.7506 35.5256 -3
      vertex 45.6325 26.5776 -3
    endloop
  endfacet
  facet normal 0 0 -1
    outer loop
      vertex 45.1437 20.5226 -3
      vertex 50.2571 12.1502 -3
      vertex 49.9857 11.7553 -3
    endloop
  endfacet
  facet normal -0 0 -1
    outer loop
      vertex 53.7506 35.5256 -3
      vertex 45.3901 26.6374 -3
      vertex 53.6065 35.9825 -3
    endloop
  endfacet
  facet normal 0 0 -1
    outer loop
      vertex 44.8948 20.5025 -3
      vertex 49.9857 11.7553 -3
      vertex 49.7075 11.3653 -3
    endloop
  endfacet
  facet normal -0 0 -1
    outer loop
      vertex 53.6065 35.9825 -3
      vertex 45.3901 26.6374 -3
      vertex 53.4545 36.4368 -3
    endloop
  endfacet
  facet normal 0 0 -1
    outer loop
      vertex 44.8948 20.5025 -3
      vertex 49.7075 11.3653 -3
      vertex 49.4225 10.9802 -3
    endloop
  endfacet
  facet normal 0 0 -1
    outer loop
      vertex 54.612 23.2059 -3
      vertex 47.87 23.6 -3
      vertex 47.8599 23.8494 -3
    endloop
  endfacet
  facet normal 0 0 -1
    outer loop
      vertex 44.6452 20.5025 -3
      vertex 49.4225 10.9802 -3
      vertex 49.1309 10.6001 -3
    endloop
  endfacet
  facet normal 0 0 -1
    outer loop
      vertex 45.1437 26.6774 -3
      vertex 53.4545 36.4368 -3
      vertex 45.3901 26.6374 -3
    endloop
  endfacet
  facet normal 0 0 -1
    outer loop
      vertex 44.6452 20.5025 -3
      vertex 49.1309 10.6001 -3
      vertex 48.8327 10.2252 -3
    endloop
  endfacet
  facet normal -0 0 -1
    outer loop
      vertex 53.4545 36.4368 -3
      vertex 45.1437 26.6774 -3
      vertex 53.2946 36.8885 -3
    endloop
  endfacet
  facet normal 0 0 -1
    outer loop
      vertex 44.3963 20.5226 -3
      vertex 48.8327 10.2252 -3
      vertex 48.5279 9.85548 -3
    endloop
  endfacet
  facet normal -0 0 -1
    outer loop
      vertex 53.2946 36.8885 -3
      vertex 45.1437 26.6774 -3
      vertex 53.1268 37.3372 -3
    endloop
  endfacet
  facet normal 0 0 -1
    outer loop
      vertex 44.3963 20.5226 -3
      vertex 48.5279 9.85548 -3
      vertex 48.2168 9.49118 -3
    endloop
  endfacet
  facet normal -0 0 -1
    outer loop
      vertex 53.1268 37.3372 -3
      vertex 45.1437 26.6774 -3
      vertex 52.9512 37.783 -3
    endloop
  endfacet
  facet normal 0 0 -1
    outer loop
      vertex 44.1499 20.5626 -3
      vertex 48.2168 9.49118 -3
      vertex 47.8993 9.13237 -3
    endloop
  endfacet
  facet normal 0 0 -1
    outer loop
      vertex 44.8948 26.6975 -3
      vertex 52.9512 37.783 -3
      vertex 45.1437 26.6774 -3
    endloop
  endfacet
  facet normal -0 0 -1
    outer loop
      vertex 52.9512 37.783 -3
      vertex 44.8948 26.6975 -3
      vertex 52.7679 38.2256 -3
    endloop
  endfacet
  facet normal 0 0 -1
    outer loop
      vertex 54.533 22.7334 -3
      vertex 47.8599 23.3506 -3
      vertex 47.87 23.6 -3
    endloop
  endfacet
  facet normal 0 0 -1
    outer loop
      vertex 54.4457 22.2623 -3
      vertex 47.8299 23.1027 -3
      vertex 47.8599 23.3506 -3
    endloop
  endfacet
  facet normal 0 0 -1
    outer loop
      vertex 54.3502 21.7928 -3
      vertex 47.7799 22.8581 -3
      vertex 47.8299 23.1027 -3
    endloop
  endfacet
  facet normal 0 0 -1
    outer loop
      vertex 54.1346 20.8592 -3
      vertex 47.7105 22.6183 -3
      vertex 47.7799 22.8581 -3
    endloop
  endfacet
  facet normal 0 0 -1
    outer loop
      vertex 54.0147 20.3954 -3
      vertex 47.6219 22.3849 -3
      vertex 47.7105 22.6183 -3
    endloop
  endfacet
  facet normal 0 0 -1
    outer loop
      vertex 44.1499 20.5626 -3
      vertex 47.8993 9.13237 -3
      vertex 47.5757 8.77915 -3
    endloop
  endfacet
  facet normal 0 0 -1
    outer loop
      vertex 53.8866 19.9338 -3
      vertex 47.5149 22.1594 -3
      vertex 47.6219 22.3849 -3
    endloop
  endfacet
  facet normal 0 0 -1
    outer loop
      vertex 53.7506 19.4744 -3
      vertex 47.3901 21.9432 -3
      vertex 47.5149 22.1594 -3
    endloop
  endfacet
  facet normal 0 0 -1
    outer loop
      vertex 53.4545 18.5632 -3
      vertex 47.2483 21.7377 -3
      vertex 47.3901 21.9432 -3
    endloop
  endfacet
  facet normal 0 0 -1
    outer loop
      vertex 43.9075 20.6224 -3
      vertex 47.5757 8.77915 -3
      vertex 47.2459 8.43163 -3
    endloop
  endfacet
  facet normal 0 0 -1
    outer loop
      vertex 53.2946 18.1115 -3
      vertex 47.0904 21.5443 -3
      vertex 47.2483 21.7377 -3
    endloop
  endfacet
  facet normal 0 0 -1
    outer loop
      vertex 53.1268 17.6628 -3
      vertex 46.9174 21.3643 -3
      vertex 47.0904 21.5443 -3
    endloop
  endfacet
  facet normal 0 0 -1
    outer loop
      vertex 43.9075 20.6224 -3
      vertex 47.2459 8.43163 -3
      vertex 46.9101 8.08992 -3
    endloop
  endfacet
  facet normal 0 0 -1
    outer loop
      vertex 52.7679 16.7744 -3
      vertex 46.7306 21.1987 -3
      vertex 46.9174 21.3643 -3
    endloop
  endfacet
  facet normal 0 0 -1
    outer loop
      vertex 43.9075 20.6224 -3
      vertex 46.9101 8.08992 -3
      vertex 46.5684 7.75412 -3
    endloop
  endfacet
  facet normal 0 0 -1
    outer loop
      vertex 52.5768 16.3351 -3
      vertex 46.531 21.0487 -3
      vertex 46.7306 21.1987 -3
    endloop
  endfacet
  facet normal 0 0 -1
    outer loop
      vertex 52.3781 15.8991 -3
      vertex 46.32 20.9153 -3
      vertex 46.531 21.0487 -3
    endloop
  endfacet
  facet normal 0 0 -1
    outer loop
      vertex 43.6707 20.7015 -3
      vertex 46.5684 7.75412 -3
      vertex 46.2209 7.42434 -3
    endloop
  endfacet
  facet normal 0 0 -1
    outer loop
      vertex 51.9581 15.038 -3
      vertex 46.0989 20.7993 -3
      vertex 46.32 20.9153 -3
    endloop
  endfacet
  facet normal 0 0 -1
    outer loop
      vertex 51.7369 14.613 -3
      vertex 45.8693 20.7015 -3
      vertex 46.0989 20.7993 -3
    endloop
  endfacet
  facet normal 0 0 -1
    outer loop
      vertex 43.6707 20.7015 -3
      vertex 46.2209 7.42434 -3
      vertex 45.8676 7.10067 -3
    endloop
  endfacet
  facet normal 0 0 -1
    outer loop
      vertex 51.2724 13.775 -3
      vertex 45.6325 20.6224 -3
      vertex 45.8693 20.7015 -3
    endloop
  endfacet
  facet normal 0 0 -1
    outer loop
      vertex 43.4411 20.7993 -3
      vertex 45.8676 7.10067 -3
      vertex 45.5088 6.78322 -3
    endloop
  endfacet
  facet normal 0 0 -1
    outer loop
      vertex 50.7789 12.9537 -3
      vertex 45.3901 20.5626 -3
      vertex 45.6325 20.6224 -3
    endloop
  endfacet
  facet normal 0 0 -1
    outer loop
      vertex 35.6365 20.2019 -3
      vertex 45.5088 6.78322 -3
      vertex 45.1445 6.47208 -3
    endloop
  endfacet
  facet normal 0 0 -1
    outer loop
      vertex 50.5215 12.5497 -3
      vertex 45.1437 20.5226 -3
      vertex 45.3901 20.5626 -3
    endloop
  endfacet
  facet normal 0 0 -1
    outer loop
      vertex 49.9857 11.7553 -3
      vertex 44.8948 20.5025 -3
      vertex 45.1437 20.5226 -3
    endloop
  endfacet
  facet normal 0 0 -1
    outer loop
      vertex 35.6365 20.2019 -3
      vertex 45.1445 6.47208 -3
      vertex 44.7748 6.16734 -3
    endloop
  endfacet
  facet normal 0 0 -1
    outer loop
      vertex 49.4225 10.9802 -3
      vertex 44.6452 20.5025 -3
      vertex 44.8948 20.5025 -3
    endloop
  endfacet
  facet normal 0 0 -1
    outer loop
      vertex 35.6365 20.2019 -3
      vertex 44.7748 6.16734 -3
      vertex 44.3999 5.86911 -3
    endloop
  endfacet
  facet normal 0 0 -1
    outer loop
      vertex 48.8327 10.2252 -3
      vertex 44.3963 20.5226 -3
      vertex 44.6452 20.5025 -3
    endloop
  endfacet
  facet normal 0 0 -1
    outer loop
      vertex 48.2168 9.49118 -3
      vertex 44.1499 20.5626 -3
      vertex 44.3963 20.5226 -3
    endloop
  endfacet
  facet normal 0 0 -1
    outer loop
      vertex 35.6365 20.2019 -3
      vertex 44.3999 5.86911 -3
      vertex 44.0198 5.57746 -3
    endloop
  endfacet
  facet normal 0 0 -1
    outer loop
      vertex 47.5757 8.77915 -3
      vertex 43.9075 20.6224 -3
      vertex 44.1499 20.5626 -3
    endloop
  endfacet
  facet normal 0 0 -1
    outer loop
      vertex 46.5684 7.75412 -3
      vertex 43.6707 20.7015 -3
      vertex 43.9075 20.6224 -3
    endloop
  endfacet
  facet normal 0 0 -1
    outer loop
      vertex 35.6365 20.2019 -3
      vertex 44.0198 5.57746 -3
      vertex 43.6347 5.29248 -3
    endloop
  endfacet
  facet normal 0 0 -1
    outer loop
      vertex 45.8676 7.10067 -3
      vertex 43.4411 20.7993 -3
      vertex 43.6707 20.7015 -3
    endloop
  endfacet
  facet normal 0 0 -1
    outer loop
      vertex 35.6365 20.2019 -3
      vertex 43.6347 5.29248 -3
      vertex 43.2447 5.01428 -3
    endloop
  endfacet
  facet normal 0 0 -1
    outer loop
      vertex 35.6365 20.2019 -3
      vertex 43.4411 20.7993 -3
      vertex 45.5088 6.78322 -3
    endloop
  endfacet
  facet normal 0 0 -1
    outer loop
      vertex 35.6365 20.2019 -3
      vertex 43.22 20.9153 -3
      vertex 43.4411 20.7993 -3
    endloop
  endfacet
  facet normal 0 0 -1
    outer loop
      vertex 35.6365 20.2019 -3
      vertex 43.2447 5.01428 -3
      vertex 42.8498 4.74292 -3
    endloop
  endfacet
  facet normal 0 0 -1
    outer loop
      vertex 35.6365 20.2019 -3
      vertex 43.009 21.0487 -3
      vertex 43.22 20.9153 -3
    endloop
  endfacet
  facet normal -0 0 -1
    outer loop
      vertex 43.009 21.0487 -3
      vertex 35.6379 20.2035 -3
      vertex 42.8094 21.1987 -3
    endloop
  endfacet
  facet normal 0 0 -1
    outer loop
      vertex 35.6365 20.2019 -3
      vertex 42.8498 4.74292 -3
      vertex 42.4503 4.47849 -3
    endloop
  endfacet
  facet normal -0 0 -1
    outer loop
      vertex 42.8094 21.1987 -3
      vertex 35.6379 20.2035 -3
      vertex 42.6226 21.3643 -3
    endloop
  endfacet
  facet normal -0 0 -1
    outer loop
      vertex 42.6226 21.3643 -3
      vertex 35.6379 20.2035 -3
      vertex 42.4496 21.5443 -3
    endloop
  endfacet
  facet normal -0 0 -1
    outer loop
      vertex 42.4496 21.5443 -3
      vertex 35.6379 20.2035 -3
      vertex 42.2917 21.7377 -3
    endloop
  endfacet
  facet normal 0 0 -1
    outer loop
      vertex 35.6365 20.2019 -3
      vertex 42.4503 4.47849 -3
      vertex 42.0463 4.22108 -3
    endloop
  endfacet
  facet normal -0 0 -1
    outer loop
      vertex 42.2917 21.7377 -3
      vertex 35.6379 20.2035 -3
      vertex 42.1499 21.9432 -3
    endloop
  endfacet
  facet normal -0 0 -1
    outer loop
      vertex 42.1499 21.9432 -3
      vertex 35.6379 20.2035 -3
      vertex 42.0251 22.1594 -3
    endloop
  endfacet
  facet normal -0 0 -1
    outer loop
      vertex 42.0251 22.1594 -3
      vertex 35.6379 20.2035 -3
      vertex 41.9181 22.3849 -3
    endloop
  endfacet
  facet normal 0 -0 -1
    outer loop
      vertex 37.8876 24.1008 -3
      vertex 41.9181 22.3849 -3
      vertex 35.6379 20.2035 -3
    endloop
  endfacet
  facet normal 0 0 -1
    outer loop
      vertex 41.9181 22.3849 -3
      vertex 37.8876 24.1008 -3
      vertex 41.8295 22.6183 -3
    endloop
  endfacet
  facet normal 0 0 -1
    outer loop
      vertex 41.8295 22.6183 -3
      vertex 37.8876 24.1008 -3
      vertex 41.7601 22.8581 -3
    endloop
  endfacet
  facet normal 0 0 -1
    outer loop
      vertex 41.7601 22.8581 -3
      vertex 37.8876 24.1008 -3
      vertex 41.7101 23.1027 -3
    endloop
  endfacet
  facet normal 0 0 -1
    outer loop
      vertex 35.6365 20.2019 -3
      vertex 42.0463 4.22108 -3
      vertex 41.6378 3.97076 -3
    endloop
  endfacet
  facet normal 0 0 -1
    outer loop
      vertex 38.7304 40.2643 -3
      vertex 52.7679 38.2256 -3
      vertex 44.8948 26.6975 -3
    endloop
  endfacet
  facet normal 0 0 -1
    outer loop
      vertex 52.7679 38.2256 -3
      vertex 38.7304 40.2643 -3
      vertex 52.5768 38.6649 -3
    endloop
  endfacet
  facet normal 0 -0 -1
    outer loop
      vertex 38.8883 40.4577 -3
      vertex 52.5768 38.6649 -3
      vertex 38.7304 40.2643 -3
    endloop
  endfacet
  facet normal 0 0 -1
    outer loop
      vertex 52.5768 38.6649 -3
      vertex 38.8883 40.4577 -3
      vertex 52.3781 39.1009 -3
    endloop
  endfacet
  facet normal 0 -0 -1
    outer loop
      vertex 39.0301 40.6632 -3
      vertex 52.1719 39.5333 -3
      vertex 38.8883 40.4577 -3
    endloop
  endfacet
  facet normal 0 0 -1
    outer loop
      vertex 52.1719 39.5333 -3
      vertex 39.0301 40.6632 -3
      vertex 51.9581 39.962 -3
    endloop
  endfacet
  facet normal 0 0 -1
    outer loop
      vertex 51.9581 39.962 -3
      vertex 39.0301 40.6632 -3
      vertex 51.7369 40.387 -3
    endloop
  endfacet
  facet normal 0 0 -1
    outer loop
      vertex 51.7369 40.387 -3
      vertex 39.0301 40.6632 -3
      vertex 51.5083 40.808 -3
    endloop
  endfacet
  facet normal 0 0 -1
    outer loop
      vertex 51.5083 40.808 -3
      vertex 39.1549 40.8794 -3
      vertex 51.2724 41.225 -3
    endloop
  endfacet
  facet normal -0 0 -1
    outer loop
      vertex 51.2724 41.225 -3
      vertex 39.1549 40.8794 -3
      vertex 51.0292 41.6378 -3
    endloop
  endfacet
  facet normal 0 -0 -1
    outer loop
      vertex 39.2619 41.1049 -3
      vertex 51.0292 41.6378 -3
      vertex 39.1549 40.8794 -3
    endloop
  endfacet
  facet normal -0 0 -1
    outer loop
      vertex 51.0292 41.6378 -3
      vertex 39.2619 41.1049 -3
      vertex 50.7789 42.0463 -3
    endloop
  endfacet
  facet normal 0 -0 -1
    outer loop
      vertex 39.3505 41.3383 -3
      vertex 50.5215 42.4503 -3
      vertex 39.2619 41.1049 -3
    endloop
  endfacet
  facet normal -0 0 -1
    outer loop
      vertex 50.5215 42.4503 -3
      vertex 39.3505 41.3383 -3
      vertex 50.2571 42.8498 -3
    endloop
  endfacet
  facet normal 0 -0 -1
    outer loop
      vertex 39.4199 41.5781 -3
      vertex 49.9857 43.2447 -3
      vertex 39.3505 41.3383 -3
    endloop
  endfacet
  facet normal -0 0 -1
    outer loop
      vertex 49.9857 43.2447 -3
      vertex 39.4199 41.5781 -3
      vertex 49.7075 43.6347 -3
    endloop
  endfacet
  facet normal 0 -0 -1
    outer loop
      vertex 39.4699 41.8227 -3
      vertex 49.4225 44.0198 -3
      vertex 39.4199 41.5781 -3
    endloop
  endfacet
  facet normal -0 0 -1
    outer loop
      vertex 49.1309 44.3999 -3
      vertex 39.4699 41.8227 -3
      vertex 48.8327 44.7748 -3
    endloop
  endfacet
  facet normal 0 -0 -1
    outer loop
      vertex 39.4999 42.0706 -3
      vertex 48.8327 44.7748 -3
      vertex 39.4699 41.8227 -3
    endloop
  endfacet
  facet normal -0 0 -1
    outer loop
      vertex 48.5279 45.1445 -3
      vertex 39.51 42.32 -3
      vertex 48.2168 45.5088 -3
    endloop
  endfacet
  facet normal -0 0 -1
    outer loop
      vertex 48.2168 45.5088 -3
      vertex 39.51 42.32 -3
      vertex 47.8993 45.8676 -3
    endloop
  endfacet
  facet normal 0 -0 -1
    outer loop
      vertex 39.51 42.32 -3
      vertex 48.5279 45.1445 -3
      vertex 39.4999 42.0706 -3
    endloop
  endfacet
  facet normal -0 0 -1
    outer loop
      vertex 47.8993 45.8676 -3
      vertex 39.4999 42.5694 -3
      vertex 47.5757 46.2209 -3
    endloop
  endfacet
  facet normal -0 0 -1
    outer loop
      vertex 49.4225 44.0198 -3
      vertex 39.4699 41.8227 -3
      vertex 49.1309 44.3999 -3
    endloop
  endfacet
  facet normal -0 0 -1
    outer loop
      vertex 47.5757 46.2209 -3
      vertex 39.4999 42.5694 -3
      vertex 47.2459 46.5684 -3
    endloop
  endfacet
  facet normal -0 0 -1
    outer loop
      vertex 50.2571 42.8498 -3
      vertex 39.3505 41.3383 -3
      vertex 49.9857 43.2447 -3
    endloop
  endfacet
  facet normal 0 -0 -1
    outer loop
      vertex 39.1549 40.8794 -3
      vertex 51.5083 40.808 -3
      vertex 39.0301 40.6632 -3
    endloop
  endfacet
  facet normal 0 0 -1
    outer loop
      vertex 39.4699 42.8173 -3
      vertex 47.2459 46.5684 -3
      vertex 39.4999 42.5694 -3
    endloop
  endfacet
  facet normal 0 0 -1
    outer loop
      vertex 38.7304 40.2643 -3
      vertex 44.8948 26.6975 -3
      vertex 44.6452 26.6975 -3
    endloop
  endfacet
  facet normal 0 0 -1
    outer loop
      vertex 39.4199 43.0619 -3
      vertex 46.9101 46.9101 -3
      vertex 39.4699 42.8173 -3
    endloop
  endfacet
  facet normal 0 0 -1
    outer loop
      vertex 38.5574 40.0843 -3
      vertex 44.6452 26.6975 -3
      vertex 44.3963 26.6774 -3
    endloop
  endfacet
  facet normal 0 0 -1
    outer loop
      vertex 38.5574 40.0843 -3
      vertex 44.3963 26.6774 -3
      vertex 44.1499 26.6374 -3
    endloop
  endfacet
  facet normal -0 0 -1
    outer loop
      vertex 46.9101 46.9101 -3
      vertex 39.4199 43.0619 -3
      vertex 46.5684 47.2459 -3
    endloop
  endfacet
  facet normal 0 0 -1
    outer loop
      vertex 38.3588 28.7459 -3
      vertex 43.22 26.2847 -3
      vertex 38.3844 28.4975 -3
    endloop
  endfacet
  facet normal 0 0 -1
    outer loop
      vertex 38.3844 28.4975 -3
      vertex 43.009 26.1512 -3
      vertex 38.4043 28.2486 -3
    endloop
  endfacet
  facet normal -0 0 -1
    outer loop
      vertex 46.5684 47.2459 -3
      vertex 39.4199 43.0619 -3
      vertex 46.2209 47.5757 -3
    endloop
  endfacet
  facet normal 0 0 -1
    outer loop
      vertex 42.8094 26.0013 -3
      vertex 38.4043 28.2486 -3
      vertex 43.009 26.1512 -3
    endloop
  endfacet
  facet normal 0 0 -1
    outer loop
      vertex 39.3505 43.3017 -3
      vertex 46.2209 47.5757 -3
      vertex 39.4199 43.0619 -3
    endloop
  endfacet
  facet normal 0 0 -1
    outer loop
      vertex 38.4043 28.2486 -3
      vertex 42.8094 26.0013 -3
      vertex 38.4186 27.9993 -3
    endloop
  endfacet
  facet normal 0 0 -1
    outer loop
      vertex 38.4186 27.9993 -3
      vertex 42.8094 26.0013 -3
      vertex 38.4271 27.7497 -3
    endloop
  endfacet
  facet normal 0 0 -1
    outer loop
      vertex 39.2619 43.5351 -3
      vertex 45.8676 47.8993 -3
      vertex 39.3505 43.3017 -3
    endloop
  endfacet
  facet normal 0 0 -1
    outer loop
      vertex 42.6226 25.8357 -3
      vertex 38.4271 27.7497 -3
      vertex 42.8094 26.0013 -3
    endloop
  endfacet
  facet normal 0 0 -1
    outer loop
      vertex 38.4271 27.7497 -3
      vertex 42.6226 25.8357 -3
      vertex 38.43 27.5 -3
    endloop
  endfacet
  facet normal -0 0 -1
    outer loop
      vertex 45.8676 47.8993 -3
      vertex 39.2619 43.5351 -3
      vertex 45.5088 48.2168 -3
    endloop
  endfacet
  facet normal 0 0 -1
    outer loop
      vertex 38.43 27.5 -3
      vertex 42.6226 25.8357 -3
      vertex 42.4496 25.6557 -3
    endloop
  endfacet
  facet normal 0 0 -1
    outer loop
      vertex 38.4186 27.0007 -3
      vertex 42.4496 25.6557 -3
      vertex 42.2917 25.4623 -3
    endloop
  endfacet
  facet normal 0 0 -1
    outer loop
      vertex 38.4043 26.7514 -3
      vertex 42.2917 25.4623 -3
      vertex 42.1499 25.2568 -3
    endloop
  endfacet
  facet normal -0 0 -1
    outer loop
      vertex 45.5088 48.2168 -3
      vertex 39.2619 43.5351 -3
      vertex 45.1445 48.5279 -3
    endloop
  endfacet
  facet normal 0 0 -1
    outer loop
      vertex 38.3588 26.2541 -3
      vertex 42.1499 25.2568 -3
      vertex 42.0251 25.0406 -3
    endloop
  endfacet
  facet normal 0 0 -1
    outer loop
      vertex 38.3275 26.0063 -3
      vertex 42.0251 25.0406 -3
      vertex 41.9181 24.8151 -3
    endloop
  endfacet
  facet normal 0 0 -1
    outer loop
      vertex 38.2905 25.7593 -3
      vertex 41.9181 24.8151 -3
      vertex 41.8295 24.5817 -3
    endloop
  endfacet
  facet normal 0 0 -1
    outer loop
      vertex 38.1997 25.2683 -3
      vertex 41.8295 24.5817 -3
      vertex 41.7601 24.3419 -3
    endloop
  endfacet
  facet normal 0 0 -1
    outer loop
      vertex 38.146 25.0244 -3
      vertex 41.7601 24.3419 -3
      vertex 41.7101 24.0973 -3
    endloop
  endfacet
  facet normal 0 0 -1
    outer loop
      vertex 38.0866 24.7818 -3
      vertex 41.7101 24.0973 -3
      vertex 41.6801 23.8494 -3
    endloop
  endfacet
  facet normal 0 0 -1
    outer loop
      vertex 37.9514 24.3011 -3
      vertex 41.6801 23.8494 -3
      vertex 41.67 23.6 -3
    endloop
  endfacet
  facet normal 0 0 -1
    outer loop
      vertex 39.1549 43.7606 -3
      vertex 45.1445 48.5279 -3
      vertex 39.2619 43.5351 -3
    endloop
  endfacet
  facet normal 0 0 -1
    outer loop
      vertex 41.7101 23.1027 -3
      vertex 37.8876 24.1008 -3
      vertex 41.6801 23.3506 -3
    endloop
  endfacet
  facet normal 0 0 -1
    outer loop
      vertex 35.6365 20.2019 -3
      vertex 41.6378 3.97076 -3
      vertex 41.225 3.7276 -3
    endloop
  endfacet
  facet normal 0 0 -1
    outer loop
      vertex 43.009 26.1512 -3
      vertex 38.3844 28.4975 -3
      vertex 43.22 26.2847 -3
    endloop
  endfacet
  facet normal 0 0 -1
    outer loop
      vertex 35.6365 20.2019 -3
      vertex 41.225 3.7276 -3
      vertex 40.808 3.49169 -3
    endloop
  endfacet
  facet normal 0 0 -1
    outer loop
      vertex 39.0301 43.9768 -3
      vertex 44.7748 48.8327 -3
      vertex 39.1549 43.7606 -3
    endloop
  endfacet
  facet normal 0 0 -1
    outer loop
      vertex 35.6365 20.2019 -3
      vertex 40.808 3.49169 -3
      vertex 40.387 3.26309 -3
    endloop
  endfacet
  facet normal 0 0 -1
    outer loop
      vertex 38.8883 44.1823 -3
      vertex 44.3999 49.1309 -3
      vertex 39.0301 43.9768 -3
    endloop
  endfacet
  facet normal 0 0 -1
    outer loop
      vertex 35.6365 20.2019 -3
      vertex 40.387 3.26309 -3
      vertex 39.962 3.04187 -3
    endloop
  endfacet
  facet normal -0 0 -1
    outer loop
      vertex 44.3999 49.1309 -3
      vertex 38.8883 44.1823 -3
      vertex 44.0198 49.4225 -3
    endloop
  endfacet
  facet normal 0 0 -1
    outer loop
      vertex 35.6365 20.2019 -3
      vertex 39.962 3.04187 -3
      vertex 39.5333 2.8281 -3
    endloop
  endfacet
  facet normal 0 0 -1
    outer loop
      vertex 38.7304 44.3757 -3
      vertex 43.6347 49.7075 -3
      vertex 38.8883 44.1823 -3
    endloop
  endfacet
  facet normal -0 0 -1
    outer loop
      vertex 43.6347 49.7075 -3
      vertex 38.7304 44.3757 -3
      vertex 43.2447 49.9857 -3
    endloop
  endfacet
  facet normal -0 0 -1
    outer loop
      vertex 44.0198 49.4225 -3
      vertex 38.8883 44.1823 -3
      vertex 43.6347 49.7075 -3
    endloop
  endfacet
  facet normal -0 0 -1
    outer loop
      vertex 44.7748 48.8327 -3
      vertex 39.0301 43.9768 -3
      vertex 44.3999 49.1309 -3
    endloop
  endfacet
  facet normal 0 0 -1
    outer loop
      vertex 42.4496 25.6557 -3
      vertex 38.4271 27.2503 -3
      vertex 38.43 27.5 -3
    endloop
  endfacet
  facet normal -0 0 -1
    outer loop
      vertex 45.1445 48.5279 -3
      vertex 39.1549 43.7606 -3
      vertex 44.7748 48.8327 -3
    endloop
  endfacet
  facet normal -0 0 -1
    outer loop
      vertex 46.2209 47.5757 -3
      vertex 39.3505 43.3017 -3
      vertex 45.8676 47.8993 -3
    endloop
  endfacet
  facet normal -0 0 -1
    outer loop
      vertex 47.2459 46.5684 -3
      vertex 39.4699 42.8173 -3
      vertex 46.9101 46.9101 -3
    endloop
  endfacet
  facet normal 0 0 -1
    outer loop
      vertex 35.6365 20.2019 -3
      vertex 39.5333 2.8281 -3
      vertex 39.1009 2.62185 -3
    endloop
  endfacet
  facet normal 0 0 -1
    outer loop
      vertex 39.4999 42.5694 -3
      vertex 47.8993 45.8676 -3
      vertex 39.51 42.32 -3
    endloop
  endfacet
  facet normal -0 0 -1
    outer loop
      vertex 49.7075 43.6347 -3
      vertex 39.4199 41.5781 -3
      vertex 49.4225 44.0198 -3
    endloop
  endfacet
  facet normal -0 0 -1
    outer loop
      vertex 50.7789 42.0463 -3
      vertex 39.2619 41.1049 -3
      vertex 50.5215 42.4503 -3
    endloop
  endfacet
  facet normal 0 0 -1
    outer loop
      vertex 35.6365 20.2019 -3
      vertex 39.1009 2.62185 -3
      vertex 38.6649 2.42318 -3
    endloop
  endfacet
  facet normal 0 0 -1
    outer loop
      vertex 52.3781 39.1009 -3
      vertex 38.8883 40.4577 -3
      vertex 52.1719 39.5333 -3
    endloop
  endfacet
  facet normal 0 0 -1
    outer loop
      vertex 44.6452 26.6975 -3
      vertex 38.5574 40.0843 -3
      vertex 38.7304 40.2643 -3
    endloop
  endfacet
  facet normal -0 0 -1
    outer loop
      vertex 48.8327 44.7748 -3
      vertex 39.4999 42.0706 -3
      vertex 48.5279 45.1445 -3
    endloop
  endfacet
  facet normal 0 0 -1
    outer loop
      vertex 42.4496 25.6557 -3
      vertex 38.4186 27.0007 -3
      vertex 38.4271 27.2503 -3
    endloop
  endfacet
  facet normal 0 0 -1
    outer loop
      vertex 42.2917 25.4623 -3
      vertex 38.4043 26.7514 -3
      vertex 38.4186 27.0007 -3
    endloop
  endfacet
  facet normal 0 0 -1
    outer loop
      vertex 42.1499 25.2568 -3
      vertex 38.3844 26.5025 -3
      vertex 38.4043 26.7514 -3
    endloop
  endfacet
  facet normal 0 0 -1
    outer loop
      vertex 42.1499 25.2568 -3
      vertex 38.3588 26.2541 -3
      vertex 38.3844 26.5025 -3
    endloop
  endfacet
  facet normal 0 0 -1
    outer loop
      vertex 42.0251 25.0406 -3
      vertex 38.3275 26.0063 -3
      vertex 38.3588 26.2541 -3
    endloop
  endfacet
  facet normal 0 0 -1
    outer loop
      vertex 41.9181 24.8151 -3
      vertex 38.2905 25.7593 -3
      vertex 38.3275 26.0063 -3
    endloop
  endfacet
  facet normal 0 0 -1
    outer loop
      vertex 41.8295 24.5817 -3
      vertex 38.2479 25.5133 -3
      vertex 38.2905 25.7593 -3
    endloop
  endfacet
  facet normal 0 0 -1
    outer loop
      vertex 35.6365 20.2019 -3
      vertex 38.6649 2.42318 -3
      vertex 38.2256 2.23214 -3
    endloop
  endfacet
  facet normal 0 0 -1
    outer loop
      vertex 41.8295 24.5817 -3
      vertex 38.1997 25.2683 -3
      vertex 38.2479 25.5133 -3
    endloop
  endfacet
  facet normal 0 0 -1
    outer loop
      vertex 41.7601 24.3419 -3
      vertex 38.146 25.0244 -3
      vertex 38.1997 25.2683 -3
    endloop
  endfacet
  facet normal 0 0 -1
    outer loop
      vertex 41.7101 24.0973 -3
      vertex 38.0866 24.7818 -3
      vertex 38.146 25.0244 -3
    endloop
  endfacet
  facet normal 0 0 -1
    outer loop
      vertex 41.6801 23.8494 -3
      vertex 38.0218 24.5407 -3
      vertex 38.0866 24.7818 -3
    endloop
  endfacet
  facet normal 0 0 -1
    outer loop
      vertex 41.6801 23.8494 -3
      vertex 37.9514 24.3011 -3
      vertex 38.0218 24.5407 -3
    endloop
  endfacet
  facet normal 0 0 -1
    outer loop
      vertex 41.67 23.6 -3
      vertex 37.8876 24.1008 -3
      vertex 37.9514 24.3011 -3
    endloop
  endfacet
  facet normal 0 0 -1
    outer loop
      vertex 35.6365 20.2019 -3
      vertex 38.2256 2.23214 -3
      vertex 37.783 2.0488 -3
    endloop
  endfacet
  facet normal 0 0 -1
    outer loop
      vertex 35.6365 20.2019 -3
      vertex 37.783 2.0488 -3
      vertex 37.3372 1.87322 -3
    endloop
  endfacet
  facet normal 0 0 -1
    outer loop
      vertex 35.6365 20.2019 -3
      vertex 37.3372 1.87322 -3
      vertex 36.8885 1.70544 -3
    endloop
  endfacet
  facet normal 0 0 -1
    outer loop
      vertex 35.6365 20.2019 -3
      vertex 36.8885 1.70544 -3
      vertex 36.4368 1.54552 -3
    endloop
  endfacet
  facet normal 0 0 -1
    outer loop
      vertex 31.5704 8.11432 -3
      vertex 36.4368 1.54552 -3
      vertex 35.9825 1.3935 -3
    endloop
  endfacet
  facet normal 0 0 -1
    outer loop
      vertex 41.6801 23.3506 -3
      vertex 37.8876 24.1008 -3
      vertex 41.67 23.6 -3
    endloop
  endfacet
  facet normal 0 0 -1
    outer loop
      vertex 35.6379 20.2035 -3
      vertex 32.4912 27.2164 -3
      vertex 37.8876 24.1008 -3
    endloop
  endfacet
  facet normal 0 0 -1
    outer loop
      vertex 30.565 27.7474 -3
      vertex 32.4938 27.7492 -3
      vertex 30.575 27.5 -3
    endloop
  endfacet
  facet normal -0 0 -1
    outer loop
      vertex 32.4938 27.7492 -3
      vertex 30.565 27.7474 -3
      vertex 32.4752 27.9978 -3
    endloop
  endfacet
  facet normal 0 0 -1
    outer loop
      vertex 30.5352 27.9933 -3
      vertex 32.4752 27.9978 -3
      vertex 30.565 27.7474 -3
    endloop
  endfacet
  facet normal -0 0 -1
    outer loop
      vertex 32.4752 27.9978 -3
      vertex 30.5352 27.9933 -3
      vertex 32.4442 28.2452 -3
    endloop
  endfacet
  facet normal -0 0 -1
    outer loop
      vertex 32.4442 28.2452 -3
      vertex 30.5352 27.9933 -3
      vertex 32.4009 28.4907 -3
    endloop
  endfacet
  facet normal 0 0 -1
    outer loop
      vertex 30.4856 28.2359 -3
      vertex 32.4009 28.4907 -3
      vertex 30.5352 27.9933 -3
    endloop
  endfacet
  facet normal -0 0 -1
    outer loop
      vertex 32.4009 28.4907 -3
      vertex 30.4856 28.2359 -3
      vertex 32.3454 28.7338 -3
    endloop
  endfacet
  facet normal -0 0 -1
    outer loop
      vertex 32.3454 28.7338 -3
      vertex 30.4856 28.2359 -3
      vertex 32.2779 28.9738 -3
    endloop
  endfacet
  facet normal 0 0 -1
    outer loop
      vertex 30.4167 28.4738 -3
      vertex 32.2779 28.9738 -3
      vertex 30.4856 28.2359 -3
    endloop
  endfacet
  facet normal -0 0 -1
    outer loop
      vertex 32.2779 28.9738 -3
      vertex 30.4167 28.4738 -3
      vertex 32.1985 29.2101 -3
    endloop
  endfacet
  facet normal 0 0 -1
    outer loop
      vertex 30.3289 28.7053 -3
      vertex 32.1985 29.2101 -3
      vertex 30.4167 28.4738 -3
    endloop
  endfacet
  facet normal -0 0 -1
    outer loop
      vertex 32.1985 29.2101 -3
      vertex 30.3289 28.7053 -3
      vertex 32.1074 29.4422 -3
    endloop
  endfacet
  facet normal -0 0 -1
    outer loop
      vertex 32.1074 29.4422 -3
      vertex 30.3289 28.7053 -3
      vertex 32.0048 29.6694 -3
    endloop
  endfacet
  facet normal 0 0 -1
    outer loop
      vertex 30.2228 28.929 -3
      vertex 32.0048 29.6694 -3
      vertex 30.3289 28.7053 -3
    endloop
  endfacet
  facet normal -0 0 -1
    outer loop
      vertex 32.0048 29.6694 -3
      vertex 30.2228 28.929 -3
      vertex 31.8911 29.8913 -3
    endloop
  endfacet
  facet normal -0 0 -1
    outer loop
      vertex 31.8911 29.8913 -3
      vertex 30.2228 28.929 -3
      vertex 31.7665 30.1072 -3
    endloop
  endfacet
  facet normal 0 0 -1
    outer loop
      vertex 30.099 29.1435 -3
      vertex 31.7665 30.1072 -3
      vertex 30.2228 28.929 -3
    endloop
  endfacet
  facet normal 0 0 -1
    outer loop
      vertex 30.2412 23.3193 -3
      vertex 32.4912 27.2164 -3
      vertex 35.6379 20.2035 -3
    endloop
  endfacet
  facet normal 0 0 -1
    outer loop
      vertex 32.4938 27.2508 -3
      vertex 30.565 27.2526 -3
      vertex 30.575 27.5 -3
    endloop
  endfacet
  facet normal -0 0 -1
    outer loop
      vertex 32.4912 27.2164 -3
      vertex 30.5352 27.0067 -3
      vertex 30.565 27.2526 -3
    endloop
  endfacet
  facet normal 0 0 -1
    outer loop
      vertex 32.4912 27.2164 -3
      vertex 30.4856 26.7641 -3
      vertex 30.5352 27.0067 -3
    endloop
  endfacet
  facet normal 0 0 -1
    outer loop
      vertex 32.4912 27.2164 -3
      vertex 30.4167 26.5262 -3
      vertex 30.4856 26.7641 -3
    endloop
  endfacet
  facet normal 0 0 -1
    outer loop
      vertex 32.4912 27.2164 -3
      vertex 30.3289 26.2947 -3
      vertex 30.4167 26.5262 -3
    endloop
  endfacet
  facet normal 0 0 -1
    outer loop
      vertex 30.2228 26.071 -3
      vertex 32.4912 27.2164 -3
      vertex 30.2412 23.3193 -3
    endloop
  endfacet
  facet normal 0 0 -1
    outer loop
      vertex 32.4912 27.2164 -3
      vertex 30.2228 26.071 -3
      vertex 30.3289 26.2947 -3
    endloop
  endfacet
  facet normal 0 0 -1
    outer loop
      vertex 29.2468 24.9693 -3
      vertex 30.2412 23.3193 -3
      vertex 30.2127 23.2999 -3
    endloop
  endfacet
  facet normal 0 0 -1
    outer loop
      vertex 30.2412 23.3193 -3
      vertex 30.099 25.8565 -3
      vertex 30.2228 26.071 -3
    endloop
  endfacet
  facet normal 0 0 -1
    outer loop
      vertex 29.0375 24.837 -3
      vertex 30.2127 23.2999 -3
      vertex 30 23.1699 -3
    endloop
  endfacet
  facet normal 0 0 -1
    outer loop
      vertex 30.2412 23.3193 -3
      vertex 29.9583 25.6527 -3
      vertex 30.099 25.8565 -3
    endloop
  endfacet
  facet normal 0 0 -1
    outer loop
      vertex 30.2412 23.3193 -3
      vertex 29.8017 25.4609 -3
      vertex 29.9583 25.6527 -3
    endloop
  endfacet
  facet normal 0 0 -1
    outer loop
      vertex 29.0375 24.837 -3
      vertex 30 23.1699 -3
      vertex 29.7811 23.0506 -3
    endloop
  endfacet
  facet normal 0 0 -1
    outer loop
      vertex 30.2412 23.3193 -3
      vertex 29.6301 25.2823 -3
      vertex 29.8017 25.4609 -3
    endloop
  endfacet
  facet normal 0 0 -1
    outer loop
      vertex 28.8182 24.7219 -3
      vertex 29.7811 23.0506 -3
      vertex 29.5564 22.9425 -3
    endloop
  endfacet
  facet normal 0 0 -1
    outer loop
      vertex 30.2412 23.3193 -3
      vertex 29.4448 25.1181 -3
      vertex 29.6301 25.2823 -3
    endloop
  endfacet
  facet normal 0 0 -1
    outer loop
      vertex 28.5904 24.6248 -3
      vertex 29.5564 22.9425 -3
      vertex 29.3267 22.8456 -3
    endloop
  endfacet
  facet normal 0 0 -1
    outer loop
      vertex 30.2412 23.3193 -3
      vertex 29.2468 24.9693 -3
      vertex 29.4448 25.1181 -3
    endloop
  endfacet
  facet normal 0 0 -1
    outer loop
      vertex 28.5904 24.6248 -3
      vertex 29.3267 22.8456 -3
      vertex 29.0924 22.7604 -3
    endloop
  endfacet
  facet normal 0 0 -1
    outer loop
      vertex 30.2127 23.2999 -3
      vertex 29.0375 24.837 -3
      vertex 29.2468 24.9693 -3
    endloop
  endfacet
  facet normal 0 0 -1
    outer loop
      vertex 28.3555 24.5464 -3
      vertex 29.0924 22.7604 -3
      vertex 28.8542 22.6869 -3
    endloop
  endfacet
  facet normal 0 0 -1
    outer loop
      vertex 29.7811 23.0506 -3
      vertex 28.8182 24.7219 -3
      vertex 29.0375 24.837 -3
    endloop
  endfacet
  facet normal 0 0 -1
    outer loop
      vertex 28.3555 24.5464 -3
      vertex 28.8542 22.6869 -3
      vertex 28.6126 22.6254 -3
    endloop
  endfacet
  facet normal 0 0 -1
    outer loop
      vertex 29.5564 22.9425 -3
      vertex 28.5904 24.6248 -3
      vertex 28.8182 24.7219 -3
    endloop
  endfacet
  facet normal 0 0 -1
    outer loop
      vertex 28.1151 24.4871 -3
      vertex 28.6126 22.6254 -3
      vertex 28.3682 22.576 -3
    endloop
  endfacet
  facet normal 0 0 -1
    outer loop
      vertex 29.0924 22.7604 -3
      vertex 28.3555 24.5464 -3
      vertex 28.5904 24.6248 -3
    endloop
  endfacet
  facet normal 0 0 -1
    outer loop
      vertex 27.8707 24.4474 -3
      vertex 28.3682 22.576 -3
      vertex 28.1217 22.5388 -3
    endloop
  endfacet
  facet normal 0 0 -1
    outer loop
      vertex 28.6126 22.6254 -3
      vertex 28.1151 24.4871 -3
      vertex 28.3555 24.5464 -3
    endloop
  endfacet
  facet normal 0 0 -1
    outer loop
      vertex 27.8707 24.4474 -3
      vertex 28.1217 22.5388 -3
      vertex 27.8736 22.514 -3
    endloop
  endfacet
  facet normal 0 0 -1
    outer loop
      vertex 28.3682 22.576 -3
      vertex 27.8707 24.4474 -3
      vertex 28.1151 24.4871 -3
    endloop
  endfacet
  facet normal 0 0 -1
    outer loop
      vertex 27.6238 24.4275 -3
      vertex 27.8736 22.514 -3
      vertex 27.6247 22.5016 -3
    endloop
  endfacet
  facet normal 0 0 -1
    outer loop
      vertex 27.8736 22.514 -3
      vertex 27.6238 24.4275 -3
      vertex 27.8707 24.4474 -3
    endloop
  endfacet
  facet normal 0 0 -1
    outer loop
      vertex 27.6247 22.5016 -3
      vertex 27.3762 24.4275 -3
      vertex 27.6238 24.4275 -3
    endloop
  endfacet
  facet normal 0 0 -1
    outer loop
      vertex 27.3753 22.5016 -3
      vertex 27.3762 24.4275 -3
      vertex 27.6247 22.5016 -3
    endloop
  endfacet
  facet normal 0 0 -1
    outer loop
      vertex 27.1264 22.514 -3
      vertex 27.3762 24.4275 -3
      vertex 27.3753 22.5016 -3
    endloop
  endfacet
  facet normal -0 0 -1
    outer loop
      vertex 27.3762 24.4275 -3
      vertex 27.1264 22.514 -3
      vertex 27.1293 24.4474 -3
    endloop
  endfacet
  facet normal 0 0 -1
    outer loop
      vertex 26.8783 22.5388 -3
      vertex 27.1293 24.4474 -3
      vertex 27.1264 22.514 -3
    endloop
  endfacet
  facet normal 0 0 -1
    outer loop
      vertex 26.6318 22.576 -3
      vertex 27.1293 24.4474 -3
      vertex 26.8783 22.5388 -3
    endloop
  endfacet
  facet normal -0 0 -1
    outer loop
      vertex 27.1293 24.4474 -3
      vertex 26.6318 22.576 -3
      vertex 26.8849 24.4871 -3
    endloop
  endfacet
  facet normal 0 0 -1
    outer loop
      vertex 26.3874 22.6254 -3
      vertex 26.8849 24.4871 -3
      vertex 26.6318 22.576 -3
    endloop
  endfacet
  facet normal -0 0 -1
    outer loop
      vertex 26.8849 24.4871 -3
      vertex 26.3874 22.6254 -3
      vertex 26.6445 24.5464 -3
    endloop
  endfacet
  facet normal 0 0 -1
    outer loop
      vertex 26.1458 22.6869 -3
      vertex 26.6445 24.5464 -3
      vertex 26.3874 22.6254 -3
    endloop
  endfacet
  facet normal 0 0 -1
    outer loop
      vertex 25.9076 22.7604 -3
      vertex 26.6445 24.5464 -3
      vertex 26.1458 22.6869 -3
    endloop
  endfacet
  facet normal -0 0 -1
    outer loop
      vertex 26.6445 24.5464 -3
      vertex 25.9076 22.7604 -3
      vertex 26.4096 24.6248 -3
    endloop
  endfacet
  facet normal 0 0 -1
    outer loop
      vertex 25.6733 22.8456 -3
      vertex 26.4096 24.6248 -3
      vertex 25.9076 22.7604 -3
    endloop
  endfacet
  facet normal 0 0 -1
    outer loop
      vertex 25.4436 22.9425 -3
      vertex 26.4096 24.6248 -3
      vertex 25.6733 22.8456 -3
    endloop
  endfacet
  facet normal -0 0 -1
    outer loop
      vertex 26.4096 24.6248 -3
      vertex 25.4436 22.9425 -3
      vertex 26.1818 24.7219 -3
    endloop
  endfacet
  facet normal 0 0 -1
    outer loop
      vertex 25.2189 23.0506 -3
      vertex 26.1818 24.7219 -3
      vertex 25.4436 22.9425 -3
    endloop
  endfacet
  facet normal -0 0 -1
    outer loop
      vertex 26.1818 24.7219 -3
      vertex 25.2189 23.0506 -3
      vertex 25.9625 24.837 -3
    endloop
  endfacet
  facet normal 0 0 -1
    outer loop
      vertex 25 23.1699 -3
      vertex 25.9625 24.837 -3
      vertex 25.2189 23.0506 -3
    endloop
  endfacet
  facet normal 0 0 -1
    outer loop
      vertex 24.7873 23.2999 -3
      vertex 25.9625 24.837 -3
      vertex 25 23.1699 -3
    endloop
  endfacet
  facet normal -0 0 -1
    outer loop
      vertex 25.9625 24.837 -3
      vertex 24.7873 23.2999 -3
      vertex 25.7532 24.9693 -3
    endloop
  endfacet
  facet normal 0 0 -1
    outer loop
      vertex 24.7588 23.3193 -3
      vertex 25.7532 24.9693 -3
      vertex 24.7873 23.2999 -3
    endloop
  endfacet
  facet normal -0 0 -1
    outer loop
      vertex 25.7532 24.9693 -3
      vertex 24.7588 23.3193 -3
      vertex 25.5552 25.1181 -3
    endloop
  endfacet
  facet normal -0 0 -1
    outer loop
      vertex 25.5552 25.1181 -3
      vertex 24.7588 23.3193 -3
      vertex 25.3699 25.2823 -3
    endloop
  endfacet
  facet normal -0 0 -1
    outer loop
      vertex 25.3699 25.2823 -3
      vertex 24.7588 23.3193 -3
      vertex 25.1983 25.4609 -3
    endloop
  endfacet
  facet normal -0 0 -1
    outer loop
      vertex 25.1983 25.4609 -3
      vertex 24.7588 23.3193 -3
      vertex 25.0417 25.6527 -3
    endloop
  endfacet
  facet normal -0 0 -1
    outer loop
      vertex 25.0417 25.6527 -3
      vertex 24.7588 23.3193 -3
      vertex 24.901 25.8565 -3
    endloop
  endfacet
  facet normal -0 0 -1
    outer loop
      vertex 24.901 25.8565 -3
      vertex 24.7588 23.3193 -3
      vertex 24.7772 26.071 -3
    endloop
  endfacet
  facet normal 0 0 -1
    outer loop
      vertex 22.5088 27.2164 -3
      vertex 24.7772 26.071 -3
      vertex 24.7588 23.3193 -3
    endloop
  endfacet
  facet normal 0 0 -1
    outer loop
      vertex 24.7772 26.071 -3
      vertex 22.5088 27.2164 -3
      vertex 24.6711 26.2947 -3
    endloop
  endfacet
  facet normal 0 0 -1
    outer loop
      vertex 24.6711 26.2947 -3
      vertex 22.5088 27.2164 -3
      vertex 24.5833 26.5262 -3
    endloop
  endfacet
  facet normal 0 0 -1
    outer loop
      vertex 24.5833 26.5262 -3
      vertex 22.5088 27.2164 -3
      vertex 24.5144 26.7641 -3
    endloop
  endfacet
  facet normal 0 0 -1
    outer loop
      vertex 24.5144 26.7641 -3
      vertex 22.5088 27.2164 -3
      vertex 24.4648 27.0067 -3
    endloop
  endfacet
  facet normal 0 0 -1
    outer loop
      vertex 25.5552 29.8819 -3
      vertex 24.1916 31.2489 -3
      vertex 24.3826 31.4092 -3
    endloop
  endfacet
  facet normal 0 0 -1
    outer loop
      vertex 22.5062 27.2508 -3
      vertex 24.435 27.2526 -3
      vertex 22.5088 27.2164 -3
    endloop
  endfacet
  facet normal 0 0 -1
    outer loop
      vertex 25.3699 29.7177 -3
      vertex 24.0088 31.0793 -3
      vertex 24.1916 31.2489 -3
    endloop
  endfacet
  facet normal 0 0 -1
    outer loop
      vertex 24.4648 27.0067 -3
      vertex 22.5088 27.2164 -3
      vertex 24.435 27.2526 -3
    endloop
  endfacet
  facet normal 0 0 -1
    outer loop
      vertex 25.3699 29.7177 -3
      vertex 23.8347 30.9009 -3
      vertex 24.0088 31.0793 -3
    endloop
  endfacet
  facet normal 0 0 -1
    outer loop
      vertex 25.1983 29.5391 -3
      vertex 23.6698 30.7139 -3
      vertex 23.8347 30.9009 -3
    endloop
  endfacet
  facet normal 0 0 -1
    outer loop
      vertex 25.0417 29.3473 -3
      vertex 23.5143 30.519 -3
      vertex 23.6698 30.7139 -3
    endloop
  endfacet
  facet normal 0 0 -1
    outer loop
      vertex 25.0417 29.3473 -3
      vertex 23.3688 30.3166 -3
      vertex 23.5143 30.519 -3
    endloop
  endfacet
  facet normal 0 0 -1
    outer loop
      vertex 24.901 29.1435 -3
      vertex 23.2335 30.1072 -3
      vertex 23.3688 30.3166 -3
    endloop
  endfacet
  facet normal 0 0 -1
    outer loop
      vertex 24.7772 28.929 -3
      vertex 23.1089 29.8913 -3
      vertex 23.2335 30.1072 -3
    endloop
  endfacet
  facet normal 0 0 -1
    outer loop
      vertex 24.7772 28.929 -3
      vertex 22.9952 29.6694 -3
      vertex 23.1089 29.8913 -3
    endloop
  endfacet
  facet normal 0 0 -1
    outer loop
      vertex 24.6711 28.7053 -3
      vertex 22.8926 29.4422 -3
      vertex 22.9952 29.6694 -3
    endloop
  endfacet
  facet normal 0 0 -1
    outer loop
      vertex 24.6711 28.7053 -3
      vertex 22.8015 29.2101 -3
      vertex 22.8926 29.4422 -3
    endloop
  endfacet
  facet normal 0 0 -1
    outer loop
      vertex 24.5833 28.4738 -3
      vertex 22.7221 28.9738 -3
      vertex 22.8015 29.2101 -3
    endloop
  endfacet
  facet normal 0 0 -1
    outer loop
      vertex 24.5144 28.2359 -3
      vertex 22.6546 28.7338 -3
      vertex 22.7221 28.9738 -3
    endloop
  endfacet
  facet normal 0 0 -1
    outer loop
      vertex 24.5144 28.2359 -3
      vertex 22.5991 28.4907 -3
      vertex 22.6546 28.7338 -3
    endloop
  endfacet
  facet normal 0 0 -1
    outer loop
      vertex 24.4648 27.9933 -3
      vertex 22.5558 28.2452 -3
      vertex 22.5991 28.4907 -3
    endloop
  endfacet
  facet normal 0 0 -1
    outer loop
      vertex 24.4648 27.9933 -3
      vertex 22.5248 27.9978 -3
      vertex 22.5558 28.2452 -3
    endloop
  endfacet
  facet normal -0 0 -1
    outer loop
      vertex 24.435 27.2526 -3
      vertex 22.5062 27.2508 -3
      vertex 24.425 27.5 -3
    endloop
  endfacet
  facet normal 0 0 -1
    outer loop
      vertex 19.3627 20.2039 -3
      vertex 22.5088 27.2164 -3
      vertex 24.7588 23.3193 -3
    endloop
  endfacet
  facet normal 0 0 -1
    outer loop
      vertex 13.08 18.1153 -3
      vertex 21.7492 18.2052 -3
      vertex 13.3622 3.97076 -3
    endloop
  endfacet
  facet normal 0 -0 -1
    outer loop
      vertex 13.291 18.2488 -3
      vertex 21.7492 18.2052 -3
      vertex 13.08 18.1153 -3
    endloop
  endfacet
  facet normal 0 0 -1
    outer loop
      vertex 21.7492 18.2052 -3
      vertex 13.291 18.2488 -3
      vertex 21.5384 18.339 -3
    endloop
  endfacet
  facet normal 0 -0 -1
    outer loop
      vertex 13.4906 18.3987 -3
      vertex 21.3306 18.4776 -3
      vertex 13.291 18.2488 -3
    endloop
  endfacet
  facet normal 0 0 -1
    outer loop
      vertex 19.3627 20.2039 -3
      vertex 17.1126 24.1009 -3
      vertex 22.5088 27.2164 -3
    endloop
  endfacet
  facet normal -0 0 -1
    outer loop
      vertex 21.3306 18.4776 -3
      vertex 13.4906 18.3987 -3
      vertex 21.1261 18.6209 -3
    endloop
  endfacet
  facet normal 0 -0 -1
    outer loop
      vertex 14.4705 19.8183 -3
      vertex 19.3627 20.2039 -3
      vertex 14.3819 19.5849 -3
    endloop
  endfacet
  facet normal 0 -0 -1
    outer loop
      vertex 14.5399 20.0581 -3
      vertex 19.3627 20.2039 -3
      vertex 14.4705 19.8183 -3
    endloop
  endfacet
  facet normal 0 -0 -1
    outer loop
      vertex 14.6199 20.5506 -3
      vertex 19.3627 20.2039 -3
      vertex 14.5899 20.3027 -3
    endloop
  endfacet
  facet normal 0 -0 -1
    outer loop
      vertex 14.63 20.8 -3
      vertex 19.3627 20.2039 -3
      vertex 14.6199 20.5506 -3
    endloop
  endfacet
  facet normal 0 0 -1
    outer loop
      vertex 14.6199 21.0494 -3
      vertex 19.3627 20.2039 -3
      vertex 14.63 20.8 -3
    endloop
  endfacet
  facet normal 0 0 -1
    outer loop
      vertex 19.3627 20.2039 -3
      vertex 14.5899 21.2973 -3
      vertex 17.1126 24.1009 -3
    endloop
  endfacet
  facet normal 0 -0 -1
    outer loop
      vertex 13.6774 18.5643 -3
      vertex 20.9249 18.7688 -3
      vertex 13.4906 18.3987 -3
    endloop
  endfacet
  facet normal 0 0 -1
    outer loop
      vertex 14.5399 21.5419 -3
      vertex 17.1126 24.1009 -3
      vertex 14.5899 21.2973 -3
    endloop
  endfacet
  facet normal 0 0 -1
    outer loop
      vertex 14.4705 21.7817 -3
      vertex 17.1126 24.1009 -3
      vertex 14.5399 21.5419 -3
    endloop
  endfacet
  facet normal 0 0 -1
    outer loop
      vertex 14.3819 22.0151 -3
      vertex 17.1126 24.1009 -3
      vertex 14.4705 21.7817 -3
    endloop
  endfacet
  facet normal 0 0 -1
    outer loop
      vertex 14.2749 22.2406 -3
      vertex 17.1126 24.1009 -3
      vertex 14.3819 22.0151 -3
    endloop
  endfacet
  facet normal 0 0 -1
    outer loop
      vertex 14.0083 22.6623 -3
      vertex 17.1126 24.1009 -3
      vertex 14.1501 22.4568 -3
    endloop
  endfacet
  facet normal -0 0 -1
    outer loop
      vertex 17.1126 24.1009 -3
      vertex 14.0083 22.6623 -3
      vertex 17.0858 24.1819 -3
    endloop
  endfacet
  facet normal -0 0 -1
    outer loop
      vertex 17.0858 24.1819 -3
      vertex 14.0083 22.6623 -3
      vertex 17.0127 24.4207 -3
    endloop
  endfacet
  facet normal 0 0 -1
    outer loop
      vertex 13.8504 22.8557 -3
      vertex 17.0127 24.4207 -3
      vertex 14.0083 22.6623 -3
    endloop
  endfacet
  facet normal -0 0 -1
    outer loop
      vertex 16.883 24.9029 -3
      vertex 13.6774 23.0357 -3
      vertex 16.8265 25.1462 -3
    endloop
  endfacet
  facet normal -0 0 -1
    outer loop
      vertex 20.9249 18.7688 -3
      vertex 13.6774 18.5643 -3
      vertex 20.7272 18.9213 -3
    endloop
  endfacet
  facet normal -0 0 -1
    outer loop
      vertex 17.0127 24.4207 -3
      vertex 13.8504 22.8557 -3
      vertex 16.9451 24.6611 -3
    endloop
  endfacet
  facet normal 0 0 -1
    outer loop
      vertex 13.4906 23.2013 -3
      vertex 16.8265 25.1462 -3
      vertex 13.6774 23.0357 -3
    endloop
  endfacet
  facet normal 0 0 -1
    outer loop
      vertex 18.513 33.7208 -3
      vertex 16.3048 37.4825 -3
      vertex 16.5537 37.5026 -3
    endloop
  endfacet
  facet normal 0 -0 -1
    outer loop
      vertex 13.8504 18.7443 -3
      vertex 20.533 19.0783 -3
      vertex 13.6774 18.5643 -3
    endloop
  endfacet
  facet normal 0 0 -1
    outer loop
      vertex 18.3732 33.5139 -3
      vertex 16.0552 37.4825 -3
      vertex 16.3048 37.4825 -3
    endloop
  endfacet
  facet normal 0 0 -1
    outer loop
      vertex 18.108 33.0907 -3
      vertex 15.8063 37.5026 -3
      vertex 16.0552 37.4825 -3
    endloop
  endfacet
  facet normal -0 0 -1
    outer loop
      vertex 20.3424 19.2397 -3
      vertex 13.8504 18.7443 -3
      vertex 20.1555 19.4053 -3
    endloop
  endfacet
  facet normal 0 0 -1
    outer loop
      vertex 17.9827 32.8746 -3
      vertex 15.5599 37.5426 -3
      vertex 15.8063 37.5026 -3
    endloop
  endfacet
  facet normal 0 0 -1
    outer loop
      vertex 17.7472 32.4343 -3
      vertex 15.3175 37.6024 -3
      vertex 15.5599 37.5426 -3
    endloop
  endfacet
  facet normal 0 -0 -1
    outer loop
      vertex 14.1501 19.1432 -3
      vertex 19.9725 19.5752 -3
      vertex 14.0083 18.9377 -3
    endloop
  endfacet
  facet normal 0 0 -1
    outer loop
      vertex 17.5319 31.9836 -3
      vertex 15.0807 37.6814 -3
      vertex 15.3175 37.6024 -3
    endloop
  endfacet
  facet normal 0 0 -1
    outer loop
      vertex 17.4321 31.7547 -3
      vertex 14.8511 37.7793 -3
      vertex 15.0807 37.6814 -3
    endloop
  endfacet
  facet normal 0 0 -1
    outer loop
      vertex 17.2483 31.2904 -3
      vertex 14.63 37.8953 -3
      vertex 14.8511 37.7793 -3
    endloop
  endfacet
  facet normal -0 0 -1
    outer loop
      vertex 16.9451 24.6611 -3
      vertex 13.6774 23.0357 -3
      vertex 16.883 24.9029 -3
    endloop
  endfacet
  facet normal -0 0 -1
    outer loop
      vertex 20.1555 19.4053 -3
      vertex 14.0083 18.9377 -3
      vertex 19.9725 19.5752 -3
    endloop
  endfacet
  facet normal 0 0 -1
    outer loop
      vertex 13.6774 23.0357 -3
      vertex 16.9451 24.6611 -3
      vertex 13.8504 22.8557 -3
    endloop
  endfacet
  facet normal 0 0 -1
    outer loop
      vertex 14.1501 22.4568 -3
      vertex 17.1126 24.1009 -3
      vertex 14.2749 22.2406 -3
    endloop
  endfacet
  facet normal 0 0 -1
    outer loop
      vertex 14.5899 21.2973 -3
      vertex 19.3627 20.2039 -3
      vertex 14.6199 21.0494 -3
    endloop
  endfacet
  facet normal 0 -0 -1
    outer loop
      vertex 14.5899 20.3027 -3
      vertex 19.3627 20.2039 -3
      vertex 14.5399 20.0581 -3
    endloop
  endfacet
  facet normal 0 0 -1
    outer loop
      vertex 19.3627 20.2039 -3
      vertex 14.2749 19.3594 -3
      vertex 14.3819 19.5849 -3
    endloop
  endfacet
  facet normal -0 0 -1
    outer loop
      vertex 20.533 19.0783 -3
      vertex 13.8504 18.7443 -3
      vertex 20.3424 19.2397 -3
    endloop
  endfacet
  facet normal -0 0 -1
    outer loop
      vertex 19.4474 20.1094 -3
      vertex 14.2749 19.3594 -3
      vertex 19.3627 20.2039 -3
    endloop
  endfacet
  facet normal -0 0 -1
    outer loop
      vertex 19.6184 19.9274 -3
      vertex 14.2749 19.3594 -3
      vertex 19.4474 20.1094 -3
    endloop
  endfacet
  facet normal 0 -0 -1
    outer loop
      vertex 14.2749 19.3594 -3
      vertex 19.6184 19.9274 -3
      vertex 14.1501 19.1432 -3
    endloop
  endfacet
  facet normal -0 0 -1
    outer loop
      vertex 20.7272 18.9213 -3
      vertex 13.6774 18.5643 -3
      vertex 20.533 19.0783 -3
    endloop
  endfacet
  facet normal -0 0 -1
    outer loop
      vertex 19.7934 19.7493 -3
      vertex 14.1501 19.1432 -3
      vertex 19.6184 19.9274 -3
    endloop
  endfacet
  facet normal -0 0 -1
    outer loop
      vertex 19.9725 19.5752 -3
      vertex 14.1501 19.1432 -3
      vertex 19.7934 19.7493 -3
    endloop
  endfacet
  facet normal -0 0 -1
    outer loop
      vertex 21.1261 18.6209 -3
      vertex 13.4906 18.3987 -3
      vertex 20.9249 18.7688 -3
    endloop
  endfacet
  facet normal 0 -0 -1
    outer loop
      vertex 14.0083 18.9377 -3
      vertex 20.1555 19.4053 -3
      vertex 13.8504 18.7443 -3
    endloop
  endfacet
  facet normal -0 0 -1
    outer loop
      vertex 21.5384 18.339 -3
      vertex 13.291 18.2488 -3
      vertex 21.3306 18.4776 -3
    endloop
  endfacet
  facet normal 0 0 -1
    outer loop
      vertex 12.9537 4.22108 -3
      vertex 13.08 18.1153 -3
      vertex 13.3622 3.97076 -3
    endloop
  endfacet
  facet normal 0 0 -1
    outer loop
      vertex 12.5497 4.47849 -3
      vertex 13.08 18.1153 -3
      vertex 12.9537 4.22108 -3
    endloop
  endfacet
  facet normal 0 0 -1
    outer loop
      vertex 13.08 18.1153 -3
      vertex 12.5497 4.47849 -3
      vertex 12.8589 17.9993 -3
    endloop
  endfacet
  facet normal 0 0 -1
    outer loop
      vertex 12.1502 4.74292 -3
      vertex 12.8589 17.9993 -3
      vertex 12.5497 4.47849 -3
    endloop
  endfacet
  facet normal 0 0 -1
    outer loop
      vertex 11.7553 5.01428 -3
      vertex 12.8589 17.9993 -3
      vertex 12.1502 4.74292 -3
    endloop
  endfacet
  facet normal 0 0 -1
    outer loop
      vertex 11.3653 5.29248 -3
      vertex 12.8589 17.9993 -3
      vertex 11.7553 5.01428 -3
    endloop
  endfacet
  facet normal 0 0 -1
    outer loop
      vertex 12.8589 17.9993 -3
      vertex 11.3653 5.29248 -3
      vertex 12.6293 17.9014 -3
    endloop
  endfacet
  facet normal 0 0 -1
    outer loop
      vertex 10.9802 5.57746 -3
      vertex 12.6293 17.9014 -3
      vertex 11.3653 5.29248 -3
    endloop
  endfacet
  facet normal 0 0 -1
    outer loop
      vertex 10.6001 5.86911 -3
      vertex 12.6293 17.9014 -3
      vertex 10.9802 5.57746 -3
    endloop
  endfacet
  facet normal 0 0 -1
    outer loop
      vertex 12.6293 17.9014 -3
      vertex 10.6001 5.86911 -3
      vertex 12.3925 17.8224 -3
    endloop
  endfacet
  facet normal 0 0 -1
    outer loop
      vertex 10.2252 6.16734 -3
      vertex 12.3925 17.8224 -3
      vertex 10.6001 5.86911 -3
    endloop
  endfacet
  facet normal 0 0 -1
    outer loop
      vertex 9.85548 6.47208 -3
      vertex 12.3925 17.8224 -3
      vertex 10.2252 6.16734 -3
    endloop
  endfacet
  facet normal 0 0 -1
    outer loop
      vertex 12.3925 17.8224 -3
      vertex 9.85548 6.47208 -3
      vertex 12.1501 17.7626 -3
    endloop
  endfacet
  facet normal 0 0 -1
    outer loop
      vertex 9.49118 6.78322 -3
      vertex 12.1501 17.7626 -3
      vertex 9.85548 6.47208 -3
    endloop
  endfacet
  facet normal 0 0 -1
    outer loop
      vertex 9.13237 7.10067 -3
      vertex 12.1501 17.7626 -3
      vertex 9.49118 6.78322 -3
    endloop
  endfacet
  facet normal 0 0 -1
    outer loop
      vertex 8.77915 7.42434 -3
      vertex 12.1501 17.7626 -3
      vertex 9.13237 7.10067 -3
    endloop
  endfacet
  facet normal 0 0 -1
    outer loop
      vertex 12.1501 17.7626 -3
      vertex 8.77915 7.42434 -3
      vertex 11.9037 17.7226 -3
    endloop
  endfacet
  facet normal 0 0 -1
    outer loop
      vertex 8.43163 7.75412 -3
      vertex 11.9037 17.7226 -3
      vertex 8.77915 7.42434 -3
    endloop
  endfacet
  facet normal 0 0 -1
    outer loop
      vertex 11.9037 17.7226 -3
      vertex 8.43163 7.75412 -3
      vertex 11.6548 17.7025 -3
    endloop
  endfacet
  facet normal 0 0 -1
    outer loop
      vertex 8.08992 8.08992 -3
      vertex 11.6548 17.7025 -3
      vertex 8.43163 7.75412 -3
    endloop
  endfacet
  facet normal 0 0 -1
    outer loop
      vertex 7.75412 8.43163 -3
      vertex 11.6548 17.7025 -3
      vertex 8.08992 8.08992 -3
    endloop
  endfacet
  facet normal -0 0 -1
    outer loop
      vertex 11.6548 17.7025 -3
      vertex 7.75412 8.43163 -3
      vertex 11.4052 17.7025 -3
    endloop
  endfacet
  facet normal 0 0 -1
    outer loop
      vertex 7.42434 8.77915 -3
      vertex 11.4052 17.7025 -3
      vertex 7.75412 8.43163 -3
    endloop
  endfacet
  facet normal 0 0 -1
    outer loop
      vertex 7.10067 9.13237 -3
      vertex 11.4052 17.7025 -3
      vertex 7.42434 8.77915 -3
    endloop
  endfacet
  facet normal -0 0 -1
    outer loop
      vertex 11.4052 17.7025 -3
      vertex 7.10067 9.13237 -3
      vertex 11.1563 17.7226 -3
    endloop
  endfacet
  facet normal 0 0 -1
    outer loop
      vertex 6.78322 9.49118 -3
      vertex 11.1563 17.7226 -3
      vertex 7.10067 9.13237 -3
    endloop
  endfacet
  facet normal 0 0 -1
    outer loop
      vertex 6.47208 9.85548 -3
      vertex 11.1563 17.7226 -3
      vertex 6.78322 9.49118 -3
    endloop
  endfacet
  facet normal -0 0 -1
    outer loop
      vertex 11.1563 17.7226 -3
      vertex 6.47208 9.85548 -3
      vertex 10.9099 17.7626 -3
    endloop
  endfacet
  facet normal 0 0 -1
    outer loop
      vertex 6.16734 10.2252 -3
      vertex 10.9099 17.7626 -3
      vertex 6.47208 9.85548 -3
    endloop
  endfacet
  facet normal -0 0 -1
    outer loop
      vertex 10.9099 17.7626 -3
      vertex 6.16734 10.2252 -3
      vertex 10.6675 17.8224 -3
    endloop
  endfacet
  facet normal 0 0 -1
    outer loop
      vertex 5.86911 10.6001 -3
      vertex 10.6675 17.8224 -3
      vertex 6.16734 10.2252 -3
    endloop
  endfacet
  facet normal 0 0 -1
    outer loop
      vertex 5.57746 10.9802 -3
      vertex 10.6675 17.8224 -3
      vertex 5.86911 10.6001 -3
    endloop
  endfacet
  facet normal -0 0 -1
    outer loop
      vertex 10.6675 17.8224 -3
      vertex 5.57746 10.9802 -3
      vertex 10.4307 17.9014 -3
    endloop
  endfacet
  facet normal 0 0 -1
    outer loop
      vertex 5.29248 11.3653 -3
      vertex 10.4307 17.9014 -3
      vertex 5.57746 10.9802 -3
    endloop
  endfacet
  facet normal -0 0 -1
    outer loop
      vertex 10.4307 17.9014 -3
      vertex 5.29248 11.3653 -3
      vertex 10.2011 17.9993 -3
    endloop
  endfacet
  facet normal 0 0 -1
    outer loop
      vertex 5.01428 11.7553 -3
      vertex 10.2011 17.9993 -3
      vertex 5.29248 11.3653 -3
    endloop
  endfacet
  facet normal 0 0 -1
    outer loop
      vertex 4.74292 12.1502 -3
      vertex 10.2011 17.9993 -3
      vertex 5.01428 11.7553 -3
    endloop
  endfacet
  facet normal -0 0 -1
    outer loop
      vertex 10.2011 17.9993 -3
      vertex 4.74292 12.1502 -3
      vertex 9.98 18.1153 -3
    endloop
  endfacet
  facet normal 0 0 -1
    outer loop
      vertex 4.47849 12.5497 -3
      vertex 9.98 18.1153 -3
      vertex 4.74292 12.1502 -3
    endloop
  endfacet
  facet normal -0 0 -1
    outer loop
      vertex 9.98 18.1153 -3
      vertex 4.47849 12.5497 -3
      vertex 9.769 18.2488 -3
    endloop
  endfacet
  facet normal -0.989015 -0.147818 0
    outer loop
      vertex 0.387956 23.2059 -3
      vertex 0.317142 23.6797 6
      vertex 0.317142 23.6797 -3
    endloop
  endfacet
  facet normal -0.989015 -0.147818 0
    outer loop
      vertex 0.317142 23.6797 6
      vertex 0.387956 23.2059 -3
      vertex 0.387956 23.2059 6
    endloop
  endfacet
  facet normal -0.993572 -0.113202 0
    outer loop
      vertex 0.254608 24.1547 -3
      vertex 0.200375 24.6307 6
      vertex 0.200375 24.6307 -3
    endloop
  endfacet
  facet normal -0.993572 -0.113202 0
    outer loop
      vertex 0.200375 24.6307 6
      vertex 0.254608 24.1547 -3
      vertex 0.254608 24.1547 6
    endloop
  endfacet
  facet normal 0.996915 0.0784841 0
    outer loop
      vertex 54.8831 29.4148 6
      vertex 54.8455 29.8924 -3
      vertex 54.8455 29.8924 6
    endloop
  endfacet
  facet normal 0.996915 0.0784841 0
    outer loop
      vertex 54.8455 29.8924 -3
      vertex 54.8831 29.4148 6
      vertex 54.8831 29.4148 -3
    endloop
  endfacet
  facet normal 0.988988 0.147993 0
    outer loop
      vertex 54.6829 31.3203 6
      vertex 54.612 31.7941 -3
      vertex 54.612 31.7941 6
    endloop
  endfacet
  facet normal 0.988988 0.147993 0
    outer loop
      vertex 54.612 31.7941 -3
      vertex 54.6829 31.3203 6
      vertex 54.6829 31.3203 -3
    endloop
  endfacet
  facet normal 0.98326 0.182209 0
    outer loop
      vertex 54.533 32.2666 6
      vertex 54.4457 32.7377 -3
      vertex 54.4457 32.7377 6
    endloop
  endfacet
  facet normal 0.98326 0.182209 0
    outer loop
      vertex 54.4457 32.7377 -3
      vertex 54.533 32.2666 6
      vertex 54.533 32.2666 -3
    endloop
  endfacet
  facet normal 0.8141 0.580725 0
    outer loop
      vertex 49.9857 43.2447 6
      vertex 49.7075 43.6347 -3
      vertex 49.7075 43.6347 6
    endloop
  endfacet
  facet normal 0.8141 0.580725 0
    outer loop
      vertex 49.7075 43.6347 -3
      vertex 49.9857 43.2447 6
      vertex 49.9857 43.2447 -3
    endloop
  endfacet
  facet normal 0.771581 0.636131 0
    outer loop
      vertex 48.8327 44.7748 6
      vertex 48.5279 45.1445 -3
      vertex 48.5279 45.1445 6
    endloop
  endfacet
  facet normal 0.771581 0.636131 0
    outer loop
      vertex 48.5279 45.1445 -3
      vertex 48.8327 44.7748 6
      vertex 48.8327 44.7748 -3
    endloop
  endfacet
  facet normal 0.782617 0.622503 0
    outer loop
      vertex 49.1309 44.3999 6
      vertex 48.8327 44.7748 -3
      vertex 48.8327 44.7748 6
    endloop
  endfacet
  facet normal 0.782617 0.622503 0
    outer loop
      vertex 48.8327 44.7748 -3
      vertex 49.1309 44.3999 6
      vertex 49.1309 44.3999 -3
    endloop
  endfacet
  facet normal 0.843369 0.537335 0
    outer loop
      vertex 50.7789 42.0463 6
      vertex 50.5215 42.4503 -3
      vertex 50.5215 42.4503 6
    endloop
  endfacet
  facet normal 0.843369 0.537335 0
    outer loop
      vertex 50.5215 42.4503 -3
      vertex 50.7789 42.0463 6
      vertex 50.7789 42.0463 -3
    endloop
  endfacet
  facet normal 0.87038 0.49238 0
    outer loop
      vertex 51.5083 40.808 6
      vertex 51.2724 41.225 -3
      vertex 51.2724 41.225 6
    endloop
  endfacet
  facet normal 0.87038 0.49238 0
    outer loop
      vertex 51.2724 41.225 -3
      vertex 51.5083 40.808 6
      vertex 51.5083 40.808 -3
    endloop
  endfacet
  facet normal 0.894886 0.446295 0
    outer loop
      vertex 52.1719 39.5333 6
      vertex 51.9581 39.962 -3
      vertex 51.9581 39.962 6
    endloop
  endfacet
  facet normal 0.894886 0.446295 0
    outer loop
      vertex 51.9581 39.962 -3
      vertex 52.1719 39.5333 6
      vertex 52.1719 39.5333 -3
    endloop
  endfacet
  facet normal 0.902621 0.430436 0
    outer loop
      vertex 52.3781 39.1009 6
      vertex 52.1719 39.5333 -3
      vertex 52.1719 39.5333 6
    endloop
  endfacet
  facet normal 0.902621 0.430436 0
    outer loop
      vertex 52.1719 39.5333 -3
      vertex 52.3781 39.1009 6
      vertex 52.3781 39.1009 -3
    endloop
  endfacet
  facet normal 0.300782 0.953693 -0
    outer loop
      vertex 35.9825 53.6065 -3
      vertex 35.5256 53.7506 6
      vertex 35.9825 53.6065 6
    endloop
  endfacet
  facet normal 0.300782 0.953693 0
    outer loop
      vertex 35.5256 53.7506 6
      vertex 35.9825 53.6065 -3
      vertex 35.5256 53.7506 -3
    endloop
  endfacet
  facet normal 0.350277 0.936646 -0
    outer loop
      vertex 37.3372 53.1268 -3
      vertex 36.8885 53.2946 6
      vertex 37.3372 53.1268 6
    endloop
  endfacet
  facet normal 0.350277 0.936646 0
    outer loop
      vertex 36.8885 53.2946 6
      vertex 37.3372 53.1268 -3
      vertex 36.8885 53.2946 -3
    endloop
  endfacet
  facet normal 0.267407 0.963584 -0
    outer loop
      vertex 35.0662 53.8866 -3
      vertex 34.6046 54.0147 6
      vertex 35.0662 53.8866 6
    endloop
  endfacet
  facet normal 0.267407 0.963584 0
    outer loop
      vertex 34.6046 54.0147 6
      vertex 35.0662 53.8866 -3
      vertex 34.6046 54.0147 -3
    endloop
  endfacet
  facet normal 0.216466 0.97629 -0
    outer loop
      vertex 33.6749 54.2465 -3
      vertex 33.2072 54.3502 6
      vertex 33.6749 54.2465 6
    endloop
  endfacet
  facet normal 0.216466 0.97629 0
    outer loop
      vertex 33.2072 54.3502 6
      vertex 33.6749 54.2465 -3
      vertex 33.2072 54.3502 -3
    endloop
  endfacet
  facet normal 0.0260926 0.99966 -0
    outer loop
      vertex 28.458 54.9333 -3
      vertex 27.9791 54.9458 6
      vertex 28.458 54.9333 6
    endloop
  endfacet
  facet normal 0.0260926 0.99966 0
    outer loop
      vertex 27.9791 54.9458 6
      vertex 28.458 54.9333 -3
      vertex 27.9791 54.9458 -3
    endloop
  endfacet
  facet normal 0.164907 0.986309 -0
    outer loop
      vertex 32.2666 54.533 -3
      vertex 31.7941 54.612 6
      vertex 32.2666 54.533 6
    endloop
  endfacet
  facet normal 0.164907 0.986309 0
    outer loop
      vertex 31.7941 54.612 6
      vertex 32.2666 54.533 -3
      vertex 31.7941 54.612 -3
    endloop
  endfacet
  facet normal 0.0784841 0.996915 -0
    outer loop
      vertex 29.8924 54.8455 -3
      vertex 29.4148 54.8831 6
      vertex 29.8924 54.8455 6
    endloop
  endfacet
  facet normal 0.0784841 0.996915 0
    outer loop
      vertex 29.4148 54.8831 6
      vertex 29.8924 54.8455 -3
      vertex 29.4148 54.8831 -3
    endloop
  endfacet
  facet normal 0.551903 0.833908 -0
    outer loop
      vertex 42.8498 50.2571 -3
      vertex 42.4503 50.5215 6
      vertex 42.8498 50.2571 6
    endloop
  endfacet
  facet normal 0.551903 0.833908 0
    outer loop
      vertex 42.4503 50.5215 6
      vertex 42.8498 50.2571 -3
      vertex 42.4503 50.5215 -3
    endloop
  endfacet
  facet normal 0.398902 0.916994 -0
    outer loop
      vertex 38.6649 52.5768 -3
      vertex 38.2256 52.7679 6
      vertex 38.6649 52.5768 6
    endloop
  endfacet
  facet normal 0.398902 0.916994 0
    outer loop
      vertex 38.2256 52.7679 6
      vertex 38.6649 52.5768 -3
      vertex 38.2256 52.7679 -3
    endloop
  endfacet
  facet normal 0.477184 0.878803 -0
    outer loop
      vertex 40.808 51.5083 -3
      vertex 40.387 51.7369 6
      vertex 40.808 51.5083 6
    endloop
  endfacet
  facet normal 0.477184 0.878803 0
    outer loop
      vertex 40.387 51.7369 6
      vertex 40.808 51.5083 -3
      vertex 40.387 51.7369 -3
    endloop
  endfacet
  facet normal 0.49238 0.87038 -0
    outer loop
      vertex 41.225 51.2724 -3
      vertex 40.808 51.5083 6
      vertex 41.225 51.2724 6
    endloop
  endfacet
  facet normal 0.49238 0.87038 0
    outer loop
      vertex 40.808 51.5083 6
      vertex 41.225 51.2724 -3
      vertex 40.808 51.5083 -3
    endloop
  endfacet
  facet normal 0.446295 0.894886 -0
    outer loop
      vertex 39.962 51.9581 -3
      vertex 39.5333 52.1719 6
      vertex 39.962 51.9581 6
    endloop
  endfacet
  facet normal 0.446295 0.894886 0
    outer loop
      vertex 39.5333 52.1719 6
      vertex 39.962 51.9581 -3
      vertex 39.5333 52.1719 -3
    endloop
  endfacet
  facet normal 0.594878 0.803816 -0
    outer loop
      vertex 44.0198 49.4225 -3
      vertex 43.6347 49.7075 6
      vertex 44.0198 49.4225 6
    endloop
  endfacet
  facet normal 0.594878 0.803816 0
    outer loop
      vertex 43.6347 49.7075 6
      vertex 44.0198 49.4225 -3
      vertex 43.6347 49.7075 -3
    endloop
  endfacet
  facet normal 0.622503 0.782617 -0
    outer loop
      vertex 44.7748 48.8327 -3
      vertex 44.3999 49.1309 6
      vertex 44.7748 48.8327 6
    endloop
  endfacet
  facet normal 0.622503 0.782617 0
    outer loop
      vertex 44.3999 49.1309 6
      vertex 44.7748 48.8327 -3
      vertex 44.3999 49.1309 -3
    endloop
  endfacet
  facet normal 0.688393 0.725338 -0
    outer loop
      vertex 46.5684 47.2459 -3
      vertex 46.2209 47.5757 6
      vertex 46.5684 47.2459 6
    endloop
  endfacet
  facet normal 0.688393 0.725338 0
    outer loop
      vertex 46.2209 47.5757 6
      vertex 46.5684 47.2459 -3
      vertex 46.2209 47.5757 -3
    endloop
  endfacet
  facet normal -0.713238 0.700922 0
    outer loop
      vertex 7.75412 46.5684 -3
      vertex 8.08992 46.9101 6
      vertex 8.08992 46.9101 -3
    endloop
  endfacet
  facet normal -0.713238 0.700922 0
    outer loop
      vertex 8.08992 46.9101 6
      vertex 7.75412 46.5684 -3
      vertex 7.75412 46.5684 6
    endloop
  endfacet
  facet normal -0.760408 0.649446 0
    outer loop
      vertex 6.47208 45.1445 -3
      vertex 6.78322 45.5088 6
      vertex 6.78322 45.5088 -3
    endloop
  endfacet
  facet normal -0.760408 0.649446 0
    outer loop
      vertex 6.78322 45.5088 6
      vertex 6.47208 45.1445 -3
      vertex 6.47208 45.1445 6
    endloop
  endfacet
  facet normal -0.748945 0.662632 0
    outer loop
      vertex 6.78322 45.5088 -3
      vertex 7.10067 45.8676 6
      vertex 7.10067 45.8676 -3
    endloop
  endfacet
  facet normal -0.748945 0.662632 0
    outer loop
      vertex 7.10067 45.8676 6
      vertex 6.78322 45.5088 -3
      vertex 6.78322 45.5088 6
    endloop
  endfacet
  facet normal -0.725359 0.688371 0
    outer loop
      vertex 7.42434 46.2209 -3
      vertex 7.75412 46.5684 6
      vertex 7.75412 46.5684 -3
    endloop
  endfacet
  facet normal -0.725359 0.688371 0
    outer loop
      vertex 7.75412 46.5684 6
      vertex 7.42434 46.2209 -3
      vertex 7.42434 46.2209 6
    endloop
  endfacet
  facet normal -0.73735 0.675511 0
    outer loop
      vertex 7.10067 45.8676 -3
      vertex 7.42434 46.2209 6
      vertex 7.42434 46.2209 -3
    endloop
  endfacet
  facet normal -0.73735 0.675511 0
    outer loop
      vertex 7.42434 46.2209 6
      vertex 7.10067 45.8676 -3
      vertex 7.10067 45.8676 6
    endloop
  endfacet
  facet normal -0.782587 0.622542 0
    outer loop
      vertex 5.86911 44.3999 -3
      vertex 6.16734 44.7748 6
      vertex 6.16734 44.7748 -3
    endloop
  endfacet
  facet normal -0.782587 0.622542 0
    outer loop
      vertex 6.16734 44.7748 6
      vertex 5.86911 44.3999 -3
      vertex 5.86911 44.3999 6
    endloop
  endfacet
  facet normal -0.894911 0.446245 0
    outer loop
      vertex 2.8281 39.5333 -3
      vertex 3.04187 39.962 6
      vertex 3.04187 39.962 -3
    endloop
  endfacet
  facet normal -0.894911 0.446245 0
    outer loop
      vertex 3.04187 39.962 6
      vertex 2.8281 39.5333 -3
      vertex 2.8281 39.5333 6
    endloop
  endfacet
  facet normal -0.833879 0.551947 0
    outer loop
      vertex 4.47849 42.4503 -3
      vertex 4.74292 42.8498 6
      vertex 4.74292 42.8498 -3
    endloop
  endfacet
  facet normal -0.833879 0.551947 0
    outer loop
      vertex 4.74292 42.8498 6
      vertex 4.47849 42.4503 -3
      vertex 4.47849 42.4503 6
    endloop
  endfacet
  facet normal -0.84336 0.53735 0
    outer loop
      vertex 4.22108 42.0463 -3
      vertex 4.47849 42.4503 6
      vertex 4.47849 42.4503 -3
    endloop
  endfacet
  facet normal -0.84336 0.53735 0
    outer loop
      vertex 4.47849 42.4503 6
      vertex 4.22108 42.0463 -3
      vertex 4.22108 42.0463 6
    endloop
  endfacet
  facet normal -0.870371 0.492396 0
    outer loop
      vertex 3.49169 40.808 -3
      vertex 3.7276 41.225 6
      vertex 3.7276 41.225 -3
    endloop
  endfacet
  facet normal -0.870371 0.492396 0
    outer loop
      vertex 3.7276 41.225 6
      vertex 3.49169 40.808 -3
      vertex 3.49169 40.808 6
    endloop
  endfacet
  facet normal -0.878803 0.477184 0
    outer loop
      vertex 3.26309 40.387 -3
      vertex 3.49169 40.808 6
      vertex 3.49169 40.808 -3
    endloop
  endfacet
  facet normal -0.878803 0.477184 0
    outer loop
      vertex 3.49169 40.808 6
      vertex 3.26309 40.387 -3
      vertex 3.26309 40.387 6
    endloop
  endfacet
  facet normal -0.953711 0.300725 0
    outer loop
      vertex 1.24943 35.5256 -3
      vertex 1.3935 35.9825 6
      vertex 1.3935 35.9825 -3
    endloop
  endfacet
  facet normal -0.953711 0.300725 0
    outer loop
      vertex 1.3935 35.9825 6
      vertex 1.24943 35.5256 -3
      vertex 1.24943 35.5256 6
    endloop
  endfacet
  facet normal -0.93666 0.35024 0
    outer loop
      vertex 1.70544 36.8885 -3
      vertex 1.87322 37.3372 6
      vertex 1.87322 37.3372 -3
    endloop
  endfacet
  facet normal -0.93666 0.35024 0
    outer loop
      vertex 1.87322 37.3372 6
      vertex 1.70544 36.8885 -3
      vertex 1.70544 36.8885 6
    endloop
  endfacet
  facet normal -0.963619 0.267279 0
    outer loop
      vertex 0.985336 34.6046 -3
      vertex 1.11337 35.0662 6
      vertex 1.11337 35.0662 -3
    endloop
  endfacet
  facet normal -0.963619 0.267279 0
    outer loop
      vertex 1.11337 35.0662 6
      vertex 0.985336 34.6046 -3
      vertex 0.985336 34.6046 6
    endloop
  endfacet
  facet normal -0.986285 0.165053 0
    outer loop
      vertex 0.387956 31.7941 -3
      vertex 0.467028 32.2666 6
      vertex 0.467028 32.2666 -3
    endloop
  endfacet
  facet normal -0.986285 0.165053 0
    outer loop
      vertex 0.467028 32.2666 6
      vertex 0.387956 31.7941 -3
      vertex 0.387956 31.7941 6
    endloop
  endfacet
  facet normal -0.996917 0.0784613 0
    outer loop
      vertex 0.116867 29.4148 -3
      vertex 0.154456 29.8924 6
      vertex 0.154456 29.8924 -3
    endloop
  endfacet
  facet normal -0.996917 0.0784613 0
    outer loop
      vertex 0.154456 29.8924 6
      vertex 0.116867 29.4148 -3
      vertex 0.116867 29.4148 6
    endloop
  endfacet
  facet normal -0.461681 0.887046 0
    outer loop
      vertex 15.038 51.9581 -3
      vertex 14.613 51.7369 6
      vertex 15.038 51.9581 6
    endloop
  endfacet
  facet normal -0.461681 0.887046 0
    outer loop
      vertex 14.613 51.7369 6
      vertex 15.038 51.9581 -3
      vertex 14.613 51.7369 -3
    endloop
  endfacet
  facet normal -0.398902 0.916994 0
    outer loop
      vertex 16.7744 52.7679 -3
      vertex 16.3351 52.5768 6
      vertex 16.7744 52.7679 6
    endloop
  endfacet
  facet normal -0.398902 0.916994 0
    outer loop
      vertex 16.3351 52.5768 6
      vertex 16.7744 52.7679 -3
      vertex 16.3351 52.5768 -3
    endloop
  endfacet
  facet normal -0.49238 0.87038 0
    outer loop
      vertex 14.192 51.5083 -3
      vertex 13.775 51.2724 6
      vertex 14.192 51.5083 6
    endloop
  endfacet
  facet normal -0.49238 0.87038 0
    outer loop
      vertex 13.775 51.2724 6
      vertex 14.192 51.5083 -3
      vertex 13.775 51.2724 -3
    endloop
  endfacet
  facet normal -0.580725 0.8141 0
    outer loop
      vertex 11.7553 49.9857 -3
      vertex 11.3653 49.7075 6
      vertex 11.7553 49.9857 6
    endloop
  endfacet
  facet normal -0.580725 0.8141 0
    outer loop
      vertex 11.3653 49.7075 6
      vertex 11.7553 49.9857 -3
      vertex 11.3653 49.7075 -3
    endloop
  endfacet
  facet normal -0.636111 0.771598 0
    outer loop
      vertex 10.2252 48.8327 -3
      vertex 9.85548 48.5279 6
      vertex 10.2252 48.8327 6
    endloop
  endfacet
  facet normal -0.636111 0.771598 0
    outer loop
      vertex 9.85548 48.5279 6
      vertex 10.2252 48.8327 -3
      vertex 9.85548 48.5279 -3
    endloop
  endfacet
  facet normal -0.622503 0.782617 0
    outer loop
      vertex 10.6001 49.1309 -3
      vertex 10.2252 48.8327 6
      vertex 10.6001 49.1309 6
    endloop
  endfacet
  facet normal -0.622503 0.782617 0
    outer loop
      vertex 10.2252 48.8327 6
      vertex 10.6001 49.1309 -3
      vertex 10.2252 48.8327 -3
    endloop
  endfacet
  facet normal -0.199326 0.979933 0
    outer loop
      vertex 22.2623 54.4457 -3
      vertex 21.7928 54.3502 6
      vertex 22.2623 54.4457 6
    endloop
  endfacet
  facet normal -0.199326 0.979933 0
    outer loop
      vertex 21.7928 54.3502 6
      vertex 22.2623 54.4457 -3
      vertex 21.7928 54.3502 -3
    endloop
  endfacet
  facet normal -0.283861 0.958865 0
    outer loop
      vertex 19.9338 53.8866 -3
      vertex 19.4744 53.7506 6
      vertex 19.9338 53.8866 6
    endloop
  endfacet
  facet normal -0.283861 0.958865 0
    outer loop
      vertex 19.4744 53.7506 6
      vertex 19.9338 53.8866 -3
      vertex 19.4744 53.7506 -3
    endloop
  endfacet
  facet normal -0.267407 0.963584 0
    outer loop
      vertex 20.3954 54.0147 -3
      vertex 19.9338 53.8866 6
      vertex 20.3954 54.0147 6
    endloop
  endfacet
  facet normal -0.267407 0.963584 0
    outer loop
      vertex 19.9338 53.8866 6
      vertex 20.3954 54.0147 -3
      vertex 19.9338 53.8866 -3
    endloop
  endfacet
  facet normal -0.147993 0.988988 0
    outer loop
      vertex 23.6797 54.6829 -3
      vertex 23.2059 54.612 6
      vertex 23.6797 54.6829 6
    endloop
  endfacet
  facet normal -0.147993 0.988988 0
    outer loop
      vertex 23.2059 54.612 6
      vertex 23.6797 54.6829 -3
      vertex 23.2059 54.612 -3
    endloop
  endfacet
  facet normal -0.0260926 0.99966 0
    outer loop
      vertex 27.0209 54.9458 -3
      vertex 26.542 54.9333 6
      vertex 27.0209 54.9458 6
    endloop
  endfacet
  facet normal -0.0260926 0.99966 0
    outer loop
      vertex 26.542 54.9333 6
      vertex 27.0209 54.9458 -3
      vertex 26.542 54.9333 -3
    endloop
  endfacet
  facet normal -0.0784841 0.996915 0
    outer loop
      vertex 25.5852 54.8831 -3
      vertex 25.1076 54.8455 6
      vertex 25.5852 54.8831 6
    endloop
  endfacet
  facet normal -0.0784841 0.996915 0
    outer loop
      vertex 25.1076 54.8455 6
      vertex 25.5852 54.8831 -3
      vertex 25.1076 54.8455 -3
    endloop
  endfacet
  facet normal -0.0958039 0.9954 0
    outer loop
      vertex 25.1076 54.8455 -3
      vertex 24.6307 54.7996 6
      vertex 25.1076 54.8455 6
    endloop
  endfacet
  facet normal -0.0958039 0.9954 0
    outer loop
      vertex 24.6307 54.7996 6
      vertex 25.1076 54.8455 -3
      vertex 24.6307 54.7996 -3
    endloop
  endfacet
  facet normal 0.999962 -0.0087661 0
    outer loop
      vertex 54.9458 27.0209 6
      vertex 54.95 27.5 -3
      vertex 54.95 27.5 6
    endloop
  endfacet
  facet normal 0.999962 -0.0087661 0
    outer loop
      vertex 54.95 27.5 -3
      vertex 54.9458 27.0209 6
      vertex 54.9458 27.0209 -3
    endloop
  endfacet
  facet normal 0.99966 -0.0260926 0
    outer loop
      vertex 54.9333 26.542 6
      vertex 54.9458 27.0209 -3
      vertex 54.9458 27.0209 6
    endloop
  endfacet
  facet normal 0.99966 -0.0260926 0
    outer loop
      vertex 54.9458 27.0209 -3
      vertex 54.9333 26.542 6
      vertex 54.9333 26.542 -3
    endloop
  endfacet
  facet normal 0.0261777 -0.999657 0
    outer loop
      vertex 27.9791 0.0541811 -3
      vertex 28.458 0.0667219 6
      vertex 27.9791 0.0541811 6
    endloop
  endfacet
  facet normal 0.0261777 -0.999657 0
    outer loop
      vertex 28.458 0.0667219 6
      vertex 27.9791 0.0541811 -3
      vertex 28.458 0.0667219 -3
    endloop
  endfacet
  facet normal 0.00872624 -0.999962 0
    outer loop
      vertex 27.5 0.0500002 -3
      vertex 27.9791 0.0541811 6
      vertex 27.5 0.0500002 6
    endloop
  endfacet
  facet normal 0.00872624 -0.999962 0
    outer loop
      vertex 27.9791 0.0541811 6
      vertex 27.5 0.0500002 -3
      vertex 27.9791 0.0541811 -3
    endloop
  endfacet
  facet normal 0.0436231 -0.999048 0
    outer loop
      vertex 28.458 0.0667219 -3
      vertex 28.9366 0.0876198 6
      vertex 28.458 0.0667219 6
    endloop
  endfacet
  facet normal 0.0436231 -0.999048 0
    outer loop
      vertex 28.9366 0.0876198 6
      vertex 28.458 0.0667219 -3
      vertex 28.9366 0.0876198 -3
    endloop
  endfacet
  facet normal 0.130524 -0.991445 0
    outer loop
      vertex 30.8453 0.254608 -3
      vertex 31.3203 0.317142 6
      vertex 30.8453 0.254608 6
    endloop
  endfacet
  facet normal 0.130524 -0.991445 0
    outer loop
      vertex 31.3203 0.317142 6
      vertex 30.8453 0.254608 -3
      vertex 31.3203 0.317142 -3
    endloop
  endfacet
  facet normal 0.182223 -0.983257 0
    outer loop
      vertex 32.2666 0.467028 -3
      vertex 32.7377 0.554335 6
      vertex 32.2666 0.467028 6
    endloop
  endfacet
  facet normal 0.182223 -0.983257 0
    outer loop
      vertex 32.7377 0.554335 6
      vertex 32.2666 0.467028 -3
      vertex 32.7377 0.554335 -3
    endloop
  endfacet
  facet normal 0.147818 -0.989015 0
    outer loop
      vertex 31.3203 0.317142 -3
      vertex 31.7941 0.387956 6
      vertex 31.3203 0.317142 6
    endloop
  endfacet
  facet normal 0.147818 -0.989015 0
    outer loop
      vertex 31.7941 0.387956 6
      vertex 31.3203 0.317142 -3
      vertex 31.7941 0.387956 -3
    endloop
  endfacet
  facet normal 0.165053 -0.986285 0
    outer loop
      vertex 31.7941 0.387956 -3
      vertex 32.2666 0.467028 6
      vertex 31.7941 0.387956 6
    endloop
  endfacet
  facet normal 0.165053 -0.986285 0
    outer loop
      vertex 32.2666 0.467028 6
      vertex 31.7941 0.387956 -3
      vertex 32.2666 0.467028 -3
    endloop
  endfacet
  facet normal 0.366456 -0.930436 0
    outer loop
      vertex 37.3372 1.87322 -3
      vertex 37.783 2.0488 6
      vertex 37.3372 1.87322 6
    endloop
  endfacet
  facet normal 0.366456 -0.930436 0
    outer loop
      vertex 37.783 2.0488 6
      vertex 37.3372 1.87322 -3
      vertex 37.783 2.0488 -3
    endloop
  endfacet
  facet normal 0.31733 -0.948315 0
    outer loop
      vertex 35.9825 1.3935 -3
      vertex 36.4368 1.54552 6
      vertex 35.9825 1.3935 6
    endloop
  endfacet
  facet normal 0.31733 -0.948315 0
    outer loop
      vertex 36.4368 1.54552 6
      vertex 35.9825 1.3935 -3
      vertex 36.4368 1.54552 -3
    endloop
  endfacet
  facet normal 0.333741 -0.942665 0
    outer loop
      vertex 36.4368 1.54552 -3
      vertex 36.8885 1.70544 6
      vertex 36.4368 1.54552 6
    endloop
  endfacet
  facet normal 0.333741 -0.942665 0
    outer loop
      vertex 36.8885 1.70544 6
      vertex 36.4368 1.54552 -3
      vertex 36.8885 1.70544 -3
    endloop
  endfacet
  facet normal 0.199354 -0.979927 0
    outer loop
      vertex 32.7377 0.554335 -3
      vertex 33.2072 0.649849 6
      vertex 32.7377 0.554335 6
    endloop
  endfacet
  facet normal 0.199354 -0.979927 0
    outer loop
      vertex 33.2072 0.649849 6
      vertex 32.7377 0.554335 -3
      vertex 33.2072 0.649849 -3
    endloop
  endfacet
  facet normal 0.233422 -0.972375 0
    outer loop
      vertex 33.6749 0.753542 -3
      vertex 34.1408 0.865383 6
      vertex 33.6749 0.753542 6
    endloop
  endfacet
  facet normal 0.233422 -0.972375 0
    outer loop
      vertex 34.1408 0.865383 6
      vertex 33.6749 0.753542 -3
      vertex 34.1408 0.865383 -3
    endloop
  endfacet
  facet normal 0.216452 -0.976293 0
    outer loop
      vertex 33.2072 0.649849 -3
      vertex 33.6749 0.753542 6
      vertex 33.2072 0.649849 6
    endloop
  endfacet
  facet normal 0.216452 -0.976293 0
    outer loop
      vertex 33.6749 0.753542 6
      vertex 33.2072 0.649849 -3
      vertex 33.6749 0.753542 -3
    endloop
  endfacet
  facet normal 0.267279 -0.963619 0
    outer loop
      vertex 34.6046 0.985336 -3
      vertex 35.0662 1.11337 6
      vertex 34.6046 0.985336 6
    endloop
  endfacet
  facet normal 0.267279 -0.963619 0
    outer loop
      vertex 35.0662 1.11337 6
      vertex 34.6046 0.985336 -3
      vertex 35.0662 1.11337 -3
    endloop
  endfacet
  facet normal 0.283976 -0.958831 0
    outer loop
      vertex 35.0662 1.11337 -3
      vertex 35.5256 1.24943 6
      vertex 35.0662 1.11337 6
    endloop
  endfacet
  facet normal 0.283976 -0.958831 0
    outer loop
      vertex 35.5256 1.24943 6
      vertex 35.0662 1.11337 -3
      vertex 35.5256 1.24943 -3
    endloop
  endfacet
  facet normal 0.622542 -0.782587 0
    outer loop
      vertex 44.3999 5.86911 -3
      vertex 44.7748 6.16734 6
      vertex 44.3999 5.86911 6
    endloop
  endfacet
  facet normal 0.622542 -0.782587 0
    outer loop
      vertex 44.7748 6.16734 6
      vertex 44.3999 5.86911 -3
      vertex 44.7748 6.16734 -3
    endloop
  endfacet
  facet normal 0.662632 -0.748945 0
    outer loop
      vertex 45.5088 6.78322 -3
      vertex 45.8676 7.10067 6
      vertex 45.5088 6.78322 6
    endloop
  endfacet
  facet normal 0.662632 -0.748945 0
    outer loop
      vertex 45.8676 7.10067 6
      vertex 45.5088 6.78322 -3
      vertex 45.8676 7.10067 -3
    endloop
  endfacet
  facet normal 0.688371 -0.725359 0
    outer loop
      vertex 46.2209 7.42434 -3
      vertex 46.5684 7.75412 6
      vertex 46.2209 7.42434 6
    endloop
  endfacet
  facet normal 0.688371 -0.725359 0
    outer loop
      vertex 46.5684 7.75412 6
      vertex 46.2209 7.42434 -3
      vertex 46.5684 7.75412 -3
    endloop
  endfacet
  facet normal 0.507542 -0.861627 0
    outer loop
      vertex 41.225 3.7276 -3
      vertex 41.6378 3.97076 6
      vertex 41.225 3.7276 6
    endloop
  endfacet
  facet normal 0.507542 -0.861627 0
    outer loop
      vertex 41.6378 3.97076 6
      vertex 41.225 3.7276 -3
      vertex 41.6378 3.97076 -3
    endloop
  endfacet
  facet normal 0.53735 -0.84336 0
    outer loop
      vertex 42.0463 4.22108 -3
      vertex 42.4503 4.47849 6
      vertex 42.0463 4.22108 6
    endloop
  endfacet
  facet normal 0.53735 -0.84336 0
    outer loop
      vertex 42.4503 4.47849 6
      vertex 42.0463 4.22108 -3
      vertex 42.4503 4.47849 -3
    endloop
  endfacet
  facet normal 0.492396 -0.870371 0
    outer loop
      vertex 40.808 3.49169 -3
      vertex 41.225 3.7276 6
      vertex 40.808 3.49169 6
    endloop
  endfacet
  facet normal 0.492396 -0.870371 0
    outer loop
      vertex 41.225 3.7276 6
      vertex 40.808 3.49169 -3
      vertex 41.225 3.7276 -3
    endloop
  endfacet
  facet normal 0.461714 -0.887029 0
    outer loop
      vertex 39.962 3.04187 -3
      vertex 40.387 3.26309 6
      vertex 39.962 3.04187 6
    endloop
  endfacet
  facet normal 0.461714 -0.887029 0
    outer loop
      vertex 40.387 3.26309 6
      vertex 39.962 3.04187 -3
      vertex 40.387 3.26309 -3
    endloop
  endfacet
  facet normal 0.430521 -0.902581 0
    outer loop
      vertex 39.1009 2.62185 -3
      vertex 39.5333 2.8281 6
      vertex 39.1009 2.62185 6
    endloop
  endfacet
  facet normal 0.430521 -0.902581 0
    outer loop
      vertex 39.5333 2.8281 6
      vertex 39.1009 2.62185 -3
      vertex 39.5333 2.8281 -3
    endloop
  endfacet
  facet normal 0.446245 -0.894911 0
    outer loop
      vertex 39.5333 2.8281 -3
      vertex 39.962 3.04187 6
      vertex 39.5333 2.8281 6
    endloop
  endfacet
  facet normal 0.446245 -0.894911 0
    outer loop
      vertex 39.962 3.04187 6
      vertex 39.5333 2.8281 -3
      vertex 39.962 3.04187 -3
    endloop
  endfacet
  facet normal 0.414647 -0.909982 0
    outer loop
      vertex 38.6649 2.42318 -3
      vertex 39.1009 2.62185 6
      vertex 38.6649 2.42318 6
    endloop
  endfacet
  facet normal 0.414647 -0.909982 0
    outer loop
      vertex 39.1009 2.62185 6
      vertex 38.6649 2.42318 -3
      vertex 39.1009 2.62185 -3
    endloop
  endfacet
  facet normal 0.398796 -0.91704 0
    outer loop
      vertex 38.2256 2.23214 -3
      vertex 38.6649 2.42318 6
      vertex 38.2256 2.23214 6
    endloop
  endfacet
  facet normal 0.398796 -0.91704 0
    outer loop
      vertex 38.6649 2.42318 6
      vertex 38.2256 2.23214 -3
      vertex 38.6649 2.42318 -3
    endloop
  endfacet
  facet normal 0.737346 -0.675515 0
    outer loop
      vertex 47.5757 8.77915 6
      vertex 47.8993 9.13237 -3
      vertex 47.8993 9.13237 6
    endloop
  endfacet
  facet normal 0.737346 -0.675515 0
    outer loop
      vertex 47.8993 9.13237 -3
      vertex 47.5757 8.77915 6
      vertex 47.5757 8.77915 -3
    endloop
  endfacet
  facet normal 0.713248 -0.700912 0
    outer loop
      vertex 46.9101 8.08992 6
      vertex 47.2459 8.43163 -3
      vertex 47.2459 8.43163 6
    endloop
  endfacet
  facet normal 0.713248 -0.700912 0
    outer loop
      vertex 47.2459 8.43163 -3
      vertex 46.9101 8.08992 6
      vertex 46.9101 8.08992 -3
    endloop
  endfacet
  facet normal 0.725358 -0.688372 0
    outer loop
      vertex 47.2459 8.43163 6
      vertex 47.5757 8.77915 -3
      vertex 47.5757 8.77915 6
    endloop
  endfacet
  facet normal 0.725358 -0.688372 0
    outer loop
      vertex 47.5757 8.77915 -3
      vertex 47.2459 8.43163 6
      vertex 47.2459 8.43163 -3
    endloop
  endfacet
  facet normal 0.760449 -0.649398 0
    outer loop
      vertex 48.2168 9.49118 6
      vertex 48.5279 9.85548 -3
      vertex 48.5279 9.85548 6
    endloop
  endfacet
  facet normal 0.760449 -0.649398 0
    outer loop
      vertex 48.5279 9.85548 -3
      vertex 48.2168 9.49118 6
      vertex 48.2168 9.49118 -3
    endloop
  endfacet
  facet normal 0.824133 -0.566396 0
    outer loop
      vertex 49.9857 11.7553 6
      vertex 50.2571 12.1502 -3
      vertex 50.2571 12.1502 6
    endloop
  endfacet
  facet normal 0.824133 -0.566396 0
    outer loop
      vertex 50.2571 12.1502 -3
      vertex 49.9857 11.7553 6
      vertex 49.9857 11.7553 -3
    endloop
  endfacet
  facet normal 0.803816 -0.594878 0
    outer loop
      vertex 49.4225 10.9802 6
      vertex 49.7075 11.3653 -3
      vertex 49.7075 11.3653 6
    endloop
  endfacet
  facet normal 0.803816 -0.594878 0
    outer loop
      vertex 49.7075 11.3653 -3
      vertex 49.4225 10.9802 6
      vertex 49.4225 10.9802 -3
    endloop
  endfacet
  facet normal 0.8141 -0.580725 0
    outer loop
      vertex 49.7075 11.3653 6
      vertex 49.9857 11.7553 -3
      vertex 49.9857 11.7553 6
    endloop
  endfacet
  facet normal 0.8141 -0.580725 0
    outer loop
      vertex 49.9857 11.7553 -3
      vertex 49.7075 11.3653 6
      vertex 49.7075 11.3653 -3
    endloop
  endfacet
  facet normal 0.793415 -0.608681 0
    outer loop
      vertex 49.1309 10.6001 6
      vertex 49.4225 10.9802 -3
      vertex 49.4225 10.9802 6
    endloop
  endfacet
  facet normal 0.793415 -0.608681 0
    outer loop
      vertex 49.4225 10.9802 -3
      vertex 49.1309 10.6001 6
      vertex 49.1309 10.6001 -3
    endloop
  endfacet
  facet normal 0.782617 -0.622503 0
    outer loop
      vertex 48.8327 10.2252 6
      vertex 49.1309 10.6001 -3
      vertex 49.1309 10.6001 6
    endloop
  endfacet
  facet normal 0.782617 -0.622503 0
    outer loop
      vertex 49.1309 10.6001 -3
      vertex 48.8327 10.2252 6
      vertex 48.8327 10.2252 -3
    endloop
  endfacet
  facet normal 0.916994 -0.398902 0
    outer loop
      vertex 52.5768 16.3351 6
      vertex 52.7679 16.7744 -3
      vertex 52.7679 16.7744 6
    endloop
  endfacet
  facet normal 0.916994 -0.398902 0
    outer loop
      vertex 52.7679 16.7744 -3
      vertex 52.5768 16.3351 6
      vertex 52.5768 16.3351 -3
    endloop
  endfacet
  facet normal 0.87038 -0.49238 0
    outer loop
      vertex 51.2724 13.775 6
      vertex 51.5083 14.192 -3
      vertex 51.5083 14.192 6
    endloop
  endfacet
  facet normal 0.87038 -0.49238 0
    outer loop
      vertex 51.5083 14.192 -3
      vertex 51.2724 13.775 6
      vertex 51.2724 13.775 -3
    endloop
  endfacet
  facet normal 0.833908 -0.551903 0
    outer loop
      vertex 50.2571 12.1502 6
      vertex 50.5215 12.5497 -3
      vertex 50.5215 12.5497 6
    endloop
  endfacet
  facet normal 0.833908 -0.551903 0
    outer loop
      vertex 50.5215 12.5497 -3
      vertex 50.2571 12.1502 6
      vertex 50.2571 12.1502 -3
    endloop
  endfacet
  facet normal 0.843369 -0.537335 0
    outer loop
      vertex 50.5215 12.5497 6
      vertex 50.7789 12.9537 -3
      vertex 50.7789 12.9537 6
    endloop
  endfacet
  facet normal 0.843369 -0.537335 0
    outer loop
      vertex 50.7789 12.9537 -3
      vertex 50.5215 12.5497 6
      vertex 50.5215 12.5497 -3
    endloop
  endfacet
  facet normal 0.942678 -0.333704 0
    outer loop
      vertex 53.2946 18.1115 6
      vertex 53.4545 18.5632 -3
      vertex 53.4545 18.5632 6
    endloop
  endfacet
  facet normal 0.942678 -0.333704 0
    outer loop
      vertex 53.4545 18.5632 -3
      vertex 53.2946 18.1115 6
      vertex 53.2946 18.1115 -3
    endloop
  endfacet
  facet normal 0.930421 -0.366492 0
    outer loop
      vertex 52.9512 17.217 6
      vertex 53.1268 17.6628 -3
      vertex 53.1268 17.6628 6
    endloop
  endfacet
  facet normal 0.930421 -0.366492 0
    outer loop
      vertex 53.1268 17.6628 -3
      vertex 52.9512 17.217 6
      vertex 52.9512 17.217 -3
    endloop
  endfacet
  facet normal 0.936646 -0.350277 0
    outer loop
      vertex 53.1268 17.6628 6
      vertex 53.2946 18.1115 -3
      vertex 53.2946 18.1115 6
    endloop
  endfacet
  facet normal 0.936646 -0.350277 0
    outer loop
      vertex 53.2946 18.1115 -3
      vertex 53.1268 17.6628 6
      vertex 53.1268 17.6628 -3
    endloop
  endfacet
  facet normal 0.948328 -0.317292 0
    outer loop
      vertex 53.4545 18.5632 6
      vertex 53.6065 19.0175 -3
      vertex 53.6065 19.0175 6
    endloop
  endfacet
  facet normal 0.948328 -0.317292 0
    outer loop
      vertex 53.6065 19.0175 -3
      vertex 53.4545 18.5632 6
      vertex 53.4545 18.5632 -3
    endloop
  endfacet
  facet normal 0.958865 -0.283861 0
    outer loop
      vertex 53.7506 19.4744 6
      vertex 53.8866 19.9338 -3
      vertex 53.8866 19.9338 6
    endloop
  endfacet
  facet normal 0.958865 -0.283861 0
    outer loop
      vertex 53.8866 19.9338 -3
      vertex 53.7506 19.4744 6
      vertex 53.7506 19.4744 -3
    endloop
  endfacet
  facet normal 0.953693 -0.300782 0
    outer loop
      vertex 53.6065 19.0175 6
      vertex 53.7506 19.4744 -3
      vertex 53.7506 19.4744 6
    endloop
  endfacet
  facet normal 0.953693 -0.300782 0
    outer loop
      vertex 53.7506 19.4744 -3
      vertex 53.6065 19.0175 6
      vertex 53.6065 19.0175 -3
    endloop
  endfacet
  facet normal 0.979933 -0.199326 0
    outer loop
      vertex 54.3502 21.7928 6
      vertex 54.4457 22.2623 -3
      vertex 54.4457 22.2623 6
    endloop
  endfacet
  facet normal 0.979933 -0.199326 0
    outer loop
      vertex 54.4457 22.2623 -3
      vertex 54.3502 21.7928 6
      vertex 54.3502 21.7928 -3
    endloop
  endfacet
  facet normal 0.986309 -0.164907 0
    outer loop
      vertex 54.533 22.7334 6
      vertex 54.612 23.2059 -3
      vertex 54.612 23.2059 6
    endloop
  endfacet
  facet normal 0.986309 -0.164907 0
    outer loop
      vertex 54.612 23.2059 -3
      vertex 54.533 22.7334 6
      vertex 54.533 22.7334 -3
    endloop
  endfacet
  facet normal 0.988988 -0.147993 0
    outer loop
      vertex 54.612 23.2059 6
      vertex 54.6829 23.6797 -3
      vertex 54.6829 23.6797 6
    endloop
  endfacet
  facet normal 0.988988 -0.147993 0
    outer loop
      vertex 54.6829 23.6797 -3
      vertex 54.612 23.2059 6
      vertex 54.612 23.2059 -3
    endloop
  endfacet
  facet normal 0.996915 -0.0784841 0
    outer loop
      vertex 54.8455 25.1076 6
      vertex 54.8831 25.5852 -3
      vertex 54.8831 25.5852 6
    endloop
  endfacet
  facet normal 0.996915 -0.0784841 0
    outer loop
      vertex 54.8831 25.5852 -3
      vertex 54.8455 25.1076 6
      vertex 54.8455 25.1076 -3
    endloop
  endfacet
  facet normal 0.9954 -0.0958039 0
    outer loop
      vertex 54.7996 24.6307 6
      vertex 54.8455 25.1076 -3
      vertex 54.8455 25.1076 6
    endloop
  endfacet
  facet normal 0.9954 -0.0958039 0
    outer loop
      vertex 54.8455 25.1076 -3
      vertex 54.7996 24.6307 6
      vertex 54.7996 24.6307 -3
    endloop
  endfacet
  facet normal 0.999048 -0.0436275 0
    outer loop
      vertex 54.9124 26.0634 6
      vertex 54.9333 26.542 -3
      vertex 54.9333 26.542 6
    endloop
  endfacet
  facet normal 0.999048 -0.0436275 0
    outer loop
      vertex 54.9333 26.542 -3
      vertex 54.9124 26.0634 6
      vertex 54.9124 26.0634 -3
    endloop
  endfacet
  facet normal -0.700912 -0.713248 0
    outer loop
      vertex 8.08992 8.08992 -3
      vertex 8.43163 7.75412 6
      vertex 8.08992 8.08992 6
    endloop
  endfacet
  facet normal -0.700912 -0.713248 -0
    outer loop
      vertex 8.43163 7.75412 6
      vertex 8.08992 8.08992 -3
      vertex 8.43163 7.75412 -3
    endloop
  endfacet
  facet normal -0.68835 -0.725379 0
    outer loop
      vertex 8.43163 7.75412 -3
      vertex 8.77915 7.42434 6
      vertex 8.43163 7.75412 6
    endloop
  endfacet
  facet normal -0.68835 -0.725379 -0
    outer loop
      vertex 8.77915 7.42434 6
      vertex 8.43163 7.75412 -3
      vertex 8.77915 7.42434 -3
    endloop
  endfacet
  facet normal -0.649446 -0.760408 0
    outer loop
      vertex 9.49118 6.78322 -3
      vertex 9.85548 6.47208 6
      vertex 9.49118 6.78322 6
    endloop
  endfacet
  facet normal -0.649446 -0.760408 -0
    outer loop
      vertex 9.85548 6.47208 6
      vertex 9.49118 6.78322 -3
      vertex 9.85548 6.47208 -3
    endloop
  endfacet
  facet normal -0.636036 -0.771659 0
    outer loop
      vertex 9.85548 6.47208 -3
      vertex 10.2252 6.16734 6
      vertex 9.85548 6.47208 6
    endloop
  endfacet
  facet normal -0.636036 -0.771659 -0
    outer loop
      vertex 10.2252 6.16734 6
      vertex 9.85548 6.47208 -3
      vertex 10.2252 6.16734 -3
    endloop
  endfacet
  facet normal -0.594851 -0.803836 0
    outer loop
      vertex 10.9802 5.57746 -3
      vertex 11.3653 5.29248 6
      vertex 10.9802 5.57746 6
    endloop
  endfacet
  facet normal -0.594851 -0.803836 -0
    outer loop
      vertex 11.3653 5.29248 6
      vertex 10.9802 5.57746 -3
      vertex 11.3653 5.29248 -3
    endloop
  endfacet
  facet normal -0.580725 -0.8141 0
    outer loop
      vertex 11.3653 5.29248 -3
      vertex 11.7553 5.01428 6
      vertex 11.3653 5.29248 6
    endloop
  endfacet
  facet normal -0.580725 -0.8141 -0
    outer loop
      vertex 11.7553 5.01428 6
      vertex 11.3653 5.29248 -3
      vertex 11.7553 5.01428 -3
    endloop
  endfacet
  facet normal -0.622542 -0.782587 0
    outer loop
      vertex 10.2252 6.16734 -3
      vertex 10.6001 5.86911 6
      vertex 10.2252 6.16734 6
    endloop
  endfacet
  facet normal -0.622542 -0.782587 -0
    outer loop
      vertex 10.6001 5.86911 6
      vertex 10.2252 6.16734 -3
      vertex 10.6001 5.86911 -3
    endloop
  endfacet
  facet normal -0.398796 -0.91704 0
    outer loop
      vertex 16.3351 2.42318 -3
      vertex 16.7744 2.23214 6
      vertex 16.3351 2.42318 6
    endloop
  endfacet
  facet normal -0.398796 -0.91704 -0
    outer loop
      vertex 16.7744 2.23214 6
      vertex 16.3351 2.42318 -3
      vertex 16.7744 2.23214 -3
    endloop
  endfacet
  facet normal -0.522485 -0.852649 0
    outer loop
      vertex 12.9537 4.22108 -3
      vertex 13.3622 3.97076 6
      vertex 12.9537 4.22108 6
    endloop
  endfacet
  facet normal -0.522485 -0.852649 -0
    outer loop
      vertex 13.3622 3.97076 6
      vertex 12.9537 4.22108 -3
      vertex 13.3622 3.97076 -3
    endloop
  endfacet
  facet normal -0.551947 -0.833879 0
    outer loop
      vertex 12.1502 4.74292 -3
      vertex 12.5497 4.47849 6
      vertex 12.1502 4.74292 6
    endloop
  endfacet
  facet normal -0.551947 -0.833879 -0
    outer loop
      vertex 12.5497 4.47849 6
      vertex 12.1502 4.74292 -3
      vertex 12.5497 4.47849 -3
    endloop
  endfacet
  facet normal -0.492396 -0.870371 0
    outer loop
      vertex 13.775 3.7276 -3
      vertex 14.192 3.49169 6
      vertex 13.775 3.7276 6
    endloop
  endfacet
  facet normal -0.492396 -0.870371 -0
    outer loop
      vertex 14.192 3.49169 6
      vertex 13.775 3.7276 -3
      vertex 14.192 3.49169 -3
    endloop
  endfacet
  facet normal -0.300725 -0.953711 0
    outer loop
      vertex 19.0175 1.3935 -3
      vertex 19.4744 1.24943 6
      vertex 19.0175 1.3935 6
    endloop
  endfacet
  facet normal -0.300725 -0.953711 -0
    outer loop
      vertex 19.4744 1.24943 6
      vertex 19.0175 1.3935 -3
      vertex 19.4744 1.24943 -3
    endloop
  endfacet
  facet normal -0.250392 -0.968145 0
    outer loop
      vertex 20.3954 0.985336 -3
      vertex 20.8592 0.865383 6
      vertex 20.3954 0.985336 6
    endloop
  endfacet
  facet normal -0.250392 -0.968145 -0
    outer loop
      vertex 20.8592 0.865383 6
      vertex 20.3954 0.985336 -3
      vertex 20.8592 0.865383 -3
    endloop
  endfacet
  facet normal -0.283976 -0.958831 0
    outer loop
      vertex 19.4744 1.24943 -3
      vertex 19.9338 1.11337 6
      vertex 19.4744 1.24943 6
    endloop
  endfacet
  facet normal -0.283976 -0.958831 -0
    outer loop
      vertex 19.9338 1.11337 6
      vertex 19.4744 1.24943 -3
      vertex 19.9338 1.11337 -3
    endloop
  endfacet
  facet normal -0.216452 -0.976293 0
    outer loop
      vertex 21.3251 0.753542 -3
      vertex 21.7928 0.649849 6
      vertex 21.3251 0.753542 6
    endloop
  endfacet
  facet normal -0.216452 -0.976293 -0
    outer loop
      vertex 21.7928 0.649849 6
      vertex 21.3251 0.753542 -3
      vertex 21.7928 0.649849 -3
    endloop
  endfacet
  facet normal -0.147818 -0.989015 0
    outer loop
      vertex 23.2059 0.387956 -3
      vertex 23.6797 0.317142 6
      vertex 23.2059 0.387956 6
    endloop
  endfacet
  facet normal -0.147818 -0.989015 -0
    outer loop
      vertex 23.6797 0.317142 6
      vertex 23.2059 0.387956 -3
      vertex 23.6797 0.317142 -3
    endloop
  endfacet
  facet normal -0.165053 -0.986285 0
    outer loop
      vertex 22.7334 0.467028 -3
      vertex 23.2059 0.387956 6
      vertex 22.7334 0.467028 6
    endloop
  endfacet
  facet normal -0.165053 -0.986285 -0
    outer loop
      vertex 23.2059 0.387956 6
      vertex 22.7334 0.467028 -3
      vertex 23.2059 0.387956 -3
    endloop
  endfacet
  facet normal -0.113202 -0.993572 0
    outer loop
      vertex 24.1547 0.254608 -3
      vertex 24.6307 0.200375 6
      vertex 24.1547 0.254608 6
    endloop
  endfacet
  facet normal -0.113202 -0.993572 -0
    outer loop
      vertex 24.6307 0.200375 6
      vertex 24.1547 0.254608 -3
      vertex 24.6307 0.200375 -3
    endloop
  endfacet
  facet normal -0.0958432 -0.995396 0
    outer loop
      vertex 24.6307 0.200375 -3
      vertex 25.1076 0.154456 6
      vertex 24.6307 0.200375 6
    endloop
  endfacet
  facet normal -0.0958432 -0.995396 -0
    outer loop
      vertex 25.1076 0.154456 6
      vertex 24.6307 0.200375 -3
      vertex 25.1076 0.154456 -3
    endloop
  endfacet
  facet normal -0.0261777 -0.999657 0
    outer loop
      vertex 26.542 0.0667219 -3
      vertex 27.0209 0.0541811 6
      vertex 26.542 0.0667219 6
    endloop
  endfacet
  facet normal -0.0261777 -0.999657 -0
    outer loop
      vertex 27.0209 0.0541811 6
      vertex 26.542 0.0667219 -3
      vertex 27.0209 0.0541811 -3
    endloop
  endfacet
  facet normal -0.923873 -0.3827 0
    outer loop
      vertex 2.23214 16.7744 -3
      vertex 2.0488 17.217 6
      vertex 2.0488 17.217 -3
    endloop
  endfacet
  facet normal -0.923873 -0.3827 0
    outer loop
      vertex 2.0488 17.217 6
      vertex 2.23214 16.7744 -3
      vertex 2.23214 16.7744 6
    endloop
  endfacet
  facet normal -0.887029 -0.461714 0
    outer loop
      vertex 3.26309 14.613 -3
      vertex 3.04187 15.038 6
      vertex 3.04187 15.038 -3
    endloop
  endfacet
  facet normal -0.887029 -0.461714 0
    outer loop
      vertex 3.04187 15.038 6
      vertex 3.26309 14.613 -3
      vertex 3.26309 14.613 6
    endloop
  endfacet
  facet normal -0.84336 -0.53735 0
    outer loop
      vertex 4.47849 12.5497 -3
      vertex 4.22108 12.9537 6
      vertex 4.22108 12.9537 -3
    endloop
  endfacet
  facet normal -0.84336 -0.53735 0
    outer loop
      vertex 4.22108 12.9537 6
      vertex 4.47849 12.5497 -3
      vertex 4.47849 12.5497 6
    endloop
  endfacet
  facet normal -0.861627 -0.507542 0
    outer loop
      vertex 3.97076 13.3622 -3
      vertex 3.7276 13.775 6
      vertex 3.7276 13.775 -3
    endloop
  endfacet
  facet normal -0.861627 -0.507542 0
    outer loop
      vertex 3.7276 13.775 6
      vertex 3.97076 13.3622 -3
      vertex 3.97076 13.3622 6
    endloop
  endfacet
  facet normal -0.878803 -0.477184 0
    outer loop
      vertex 3.49169 14.192 -3
      vertex 3.26309 14.613 6
      vertex 3.26309 14.613 -3
    endloop
  endfacet
  facet normal -0.878803 -0.477184 0
    outer loop
      vertex 3.26309 14.613 6
      vertex 3.49169 14.192 -3
      vertex 3.49169 14.192 6
    endloop
  endfacet
  facet normal -0.948315 -0.31733 0
    outer loop
      vertex 1.54552 18.5632 -3
      vertex 1.3935 19.0175 6
      vertex 1.3935 19.0175 -3
    endloop
  endfacet
  facet normal -0.948315 -0.31733 0
    outer loop
      vertex 1.3935 19.0175 6
      vertex 1.54552 18.5632 -3
      vertex 1.54552 18.5632 6
    endloop
  endfacet
  facet normal -0.972375 -0.233422 0
    outer loop
      vertex 0.865383 20.8592 -3
      vertex 0.753542 21.3251 6
      vertex 0.753542 21.3251 -3
    endloop
  endfacet
  facet normal -0.972375 -0.233422 0
    outer loop
      vertex 0.753542 21.3251 6
      vertex 0.865383 20.8592 -3
      vertex 0.865383 20.8592 6
    endloop
  endfacet
  facet normal -0.999048 -0.0436231 0
    outer loop
      vertex 0.0876198 26.0634 -3
      vertex 0.0667219 26.542 6
      vertex 0.0667219 26.542 -3
    endloop
  endfacet
  facet normal -0.999048 -0.0436231 0
    outer loop
      vertex 0.0667219 26.542 6
      vertex 0.0876198 26.0634 -3
      vertex 0.0876198 26.0634 6
    endloop
  endfacet
  facet normal -0.999962 -0.00872624 0
    outer loop
      vertex 0.0541811 27.0209 -3
      vertex 0.0500002 27.5 6
      vertex 0.0500002 27.5 -3
    endloop
  endfacet
  facet normal -0.999962 -0.00872624 0
    outer loop
      vertex 0.0500002 27.5 6
      vertex 0.0541811 27.0209 -3
      vertex 0.0541811 27.0209 6
    endloop
  endfacet
  facet normal -0.991445 -0.130524 0
    outer loop
      vertex 0.317142 23.6797 -3
      vertex 0.254608 24.1547 6
      vertex 0.254608 24.1547 -3
    endloop
  endfacet
  facet normal -0.991445 -0.130524 0
    outer loop
      vertex 0.254608 24.1547 6
      vertex 0.317142 23.6797 -3
      vertex 0.317142 23.6797 6
    endloop
  endfacet
  facet normal -0.983257 -0.182223 0
    outer loop
      vertex 0.554335 22.2623 -3
      vertex 0.467028 22.7334 6
      vertex 0.467028 22.7334 -3
    endloop
  endfacet
  facet normal -0.983257 -0.182223 0
    outer loop
      vertex 0.467028 22.7334 6
      vertex 0.554335 22.2623 -3
      vertex 0.554335 22.2623 6
    endloop
  endfacet
  facet normal 0.999048 0.0436275 0
    outer loop
      vertex 54.9333 28.458 6
      vertex 54.9124 28.9366 -3
      vertex 54.9124 28.9366 6
    endloop
  endfacet
  facet normal 0.999048 0.0436275 0
    outer loop
      vertex 54.9124 28.9366 -3
      vertex 54.9333 28.458 6
      vertex 54.9333 28.458 -3
    endloop
  endfacet
  facet normal 0.998128 0.0611567 0
    outer loop
      vertex 54.9124 28.9366 6
      vertex 54.8831 29.4148 -3
      vertex 54.8831 29.4148 6
    endloop
  endfacet
  facet normal 0.998128 0.0611567 0
    outer loop
      vertex 54.8831 29.4148 -3
      vertex 54.9124 28.9366 6
      vertex 54.9124 28.9366 -3
    endloop
  endfacet
  facet normal 0.99358 0.113134 0
    outer loop
      vertex 54.7996 30.3693 6
      vertex 54.7454 30.8453 -3
      vertex 54.7454 30.8453 6
    endloop
  endfacet
  facet normal 0.99358 0.113134 0
    outer loop
      vertex 54.7454 30.8453 -3
      vertex 54.7996 30.3693 6
      vertex 54.7996 30.3693 -3
    endloop
  endfacet
  facet normal 0.9954 0.0958039 0
    outer loop
      vertex 54.8455 29.8924 6
      vertex 54.7996 30.3693 -3
      vertex 54.7996 30.3693 6
    endloop
  endfacet
  facet normal 0.9954 0.0958039 0
    outer loop
      vertex 54.7996 30.3693 -3
      vertex 54.8455 29.8924 6
      vertex 54.8455 29.8924 -3
    endloop
  endfacet
  facet normal 0.936646 0.350277 0
    outer loop
      vertex 53.2946 36.8885 6
      vertex 53.1268 37.3372 -3
      vertex 53.1268 37.3372 6
    endloop
  endfacet
  facet normal 0.936646 0.350277 0
    outer loop
      vertex 53.1268 37.3372 -3
      vertex 53.2946 36.8885 6
      vertex 53.2946 36.8885 -3
    endloop
  endfacet
  facet normal 0.948328 0.317292 0
    outer loop
      vertex 53.6065 35.9825 6
      vertex 53.4545 36.4368 -3
      vertex 53.4545 36.4368 6
    endloop
  endfacet
  facet normal 0.948328 0.317292 0
    outer loop
      vertex 53.4545 36.4368 -3
      vertex 53.6065 35.9825 6
      vertex 53.6065 35.9825 -3
    endloop
  endfacet
  facet normal 0.972348 0.233539 0
    outer loop
      vertex 54.2465 33.6749 6
      vertex 54.1346 34.1408 -3
      vertex 54.1346 34.1408 6
    endloop
  endfacet
  facet normal 0.972348 0.233539 0
    outer loop
      vertex 54.1346 34.1408 -3
      vertex 54.2465 33.6749 6
      vertex 54.2465 33.6749 -3
    endloop
  endfacet
  facet normal 0.725338 0.688393 0
    outer loop
      vertex 47.5757 46.2209 6
      vertex 47.2459 46.5684 -3
      vertex 47.2459 46.5684 6
    endloop
  endfacet
  facet normal 0.725338 0.688393 0
    outer loop
      vertex 47.2459 46.5684 -3
      vertex 47.5757 46.2209 6
      vertex 47.5757 46.2209 -3
    endloop
  endfacet
  facet normal 0.333704 0.942678 -0
    outer loop
      vertex 36.8885 53.2946 -3
      vertex 36.4368 53.4545 6
      vertex 36.8885 53.2946 6
    endloop
  endfacet
  facet normal 0.333704 0.942678 0
    outer loop
      vertex 36.4368 53.4545 6
      vertex 36.8885 53.2946 -3
      vertex 36.4368 53.4545 -3
    endloop
  endfacet
  facet normal -0.803836 0.594851 0
    outer loop
      vertex 5.29248 43.6347 -3
      vertex 5.57746 44.0198 6
      vertex 5.57746 44.0198 -3
    endloop
  endfacet
  facet normal -0.803836 0.594851 0
    outer loop
      vertex 5.57746 44.0198 6
      vertex 5.29248 43.6347 -3
      vertex 5.29248 43.6347 6
    endloop
  endfacet
  facet normal -0.91704 0.398796 0
    outer loop
      vertex 2.23214 38.2256 -3
      vertex 2.42318 38.6649 6
      vertex 2.42318 38.6649 -3
    endloop
  endfacet
  facet normal -0.91704 0.398796 0
    outer loop
      vertex 2.42318 38.6649 6
      vertex 2.23214 38.2256 -3
      vertex 2.23214 38.2256 6
    endloop
  endfacet
  facet normal -0.942665 0.333741 0
    outer loop
      vertex 1.54552 36.4368 -3
      vertex 1.70544 36.8885 6
      vertex 1.70544 36.8885 -3
    endloop
  endfacet
  facet normal -0.942665 0.333741 0
    outer loop
      vertex 1.70544 36.8885 6
      vertex 1.54552 36.4368 -3
      vertex 1.54552 36.4368 6
    endloop
  endfacet
  facet normal -0.976293 0.216452 0
    outer loop
      vertex 0.649849 33.2072 -3
      vertex 0.753542 33.6749 6
      vertex 0.753542 33.6749 -3
    endloop
  endfacet
  facet normal -0.976293 0.216452 0
    outer loop
      vertex 0.753542 33.6749 6
      vertex 0.649849 33.2072 -3
      vertex 0.649849 33.2072 6
    endloop
  endfacet
  facet normal 0 0 1
    outer loop
      vertex 12.6174 19.4933 6
      vertex 19.9725 19.5752 6
      vertex 12.7961 19.6656 6
    endloop
  endfacet
  facet normal 0 0 1
    outer loop
      vertex 19.9725 19.5752 6
      vertex 12.6174 19.4933 6
      vertex 20.1555 19.4053 6
    endloop
  endfacet
  facet normal 0 0 1
    outer loop
      vertex 20.1555 19.4053 6
      vertex 12.6174 19.4933 6
      vertex 20.3424 19.2397 6
    endloop
  endfacet
  facet normal 0 0 1
    outer loop
      vertex 20.3424 19.2397 6
      vertex 12.6174 19.4933 6
      vertex 20.533 19.0783 6
    endloop
  endfacet
  facet normal -0 0 1
    outer loop
      vertex 12.4156 19.3489 6
      vertex 20.533 19.0783 6
      vertex 12.6174 19.4933 6
    endloop
  endfacet
  facet normal 0 0 1
    outer loop
      vertex 20.533 19.0783 6
      vertex 12.4156 19.3489 6
      vertex 20.7272 18.9213 6
    endloop
  endfacet
  facet normal 0 0 1
    outer loop
      vertex 20.7272 18.9213 6
      vertex 12.9537 4.22108 6
      vertex 13.3622 3.97076 6
    endloop
  endfacet
  facet normal 0 0 1
    outer loop
      vertex 11.3653 5.29248 6
      vertex 20.7272 18.9213 6
      vertex 12.4156 19.3489 6
    endloop
  endfacet
  facet normal 0 0 1
    outer loop
      vertex 20.7272 18.9213 6
      vertex 12.5497 4.47849 6
      vertex 12.9537 4.22108 6
    endloop
  endfacet
  facet normal 0 0 1
    outer loop
      vertex 11.3653 5.29248 6
      vertex 12.4156 19.3489 6
      vertex 12.1949 19.2354 6
    endloop
  endfacet
  facet normal 0 0 1
    outer loop
      vertex 20.7272 18.9213 6
      vertex 12.1502 4.74292 6
      vertex 12.5497 4.47849 6
    endloop
  endfacet
  facet normal 0 0 1
    outer loop
      vertex 9.85548 6.47208 6
      vertex 12.1949 19.2354 6
      vertex 11.96 19.1553 6
    endloop
  endfacet
  facet normal 0 0 1
    outer loop
      vertex 20.7272 18.9213 6
      vertex 11.7553 5.01428 6
      vertex 12.1502 4.74292 6
    endloop
  endfacet
  facet normal 0 0 1
    outer loop
      vertex 8.43163 7.75412 6
      vertex 11.96 19.1553 6
      vertex 11.7159 19.1102 6
    endloop
  endfacet
  facet normal 0 0 1
    outer loop
      vertex 7.42434 8.77915 6
      vertex 11.7159 19.1102 6
      vertex 11.4679 19.1011 6
    endloop
  endfacet
  facet normal 0 0 1
    outer loop
      vertex 20.7272 18.9213 6
      vertex 11.3653 5.29248 6
      vertex 11.7553 5.01428 6
    endloop
  endfacet
  facet normal 0 0 1
    outer loop
      vertex 6.47208 9.85548 6
      vertex 11.4679 19.1011 6
      vertex 11.2212 19.1283 6
    endloop
  endfacet
  facet normal 0 0 1
    outer loop
      vertex 5.57746 10.9802 6
      vertex 11.2212 19.1283 6
      vertex 10.9811 19.1911 6
    endloop
  endfacet
  facet normal 0 0 1
    outer loop
      vertex 12.1949 19.2354 6
      vertex 10.9802 5.57746 6
      vertex 11.3653 5.29248 6
    endloop
  endfacet
  facet normal 0 0 1
    outer loop
      vertex 5.01428 11.7553 6
      vertex 10.9811 19.1911 6
      vertex 10.7527 19.2881 6
    endloop
  endfacet
  facet normal 0 0 1
    outer loop
      vertex 12.1949 19.2354 6
      vertex 10.6001 5.86911 6
      vertex 10.9802 5.57746 6
    endloop
  endfacet
  facet normal 0 0 1
    outer loop
      vertex 4.22108 12.9537 6
      vertex 10.7527 19.2881 6
      vertex 10.5408 19.4174 6
    endloop
  endfacet
  facet normal 0 0 1
    outer loop
      vertex 3.7276 13.775 6
      vertex 10.5408 19.4174 6
      vertex 10.3501 19.5762 6
    endloop
  endfacet
  facet normal 0 0 1
    outer loop
      vertex 12.1949 19.2354 6
      vertex 10.2252 6.16734 6
      vertex 10.6001 5.86911 6
    endloop
  endfacet
  facet normal 0 0 1
    outer loop
      vertex 3.26309 14.613 6
      vertex 10.3501 19.5762 6
      vertex 10.1845 19.761 6
    endloop
  endfacet
  facet normal 0 0 1
    outer loop
      vertex 2.8281 15.4667 6
      vertex 10.1845 19.761 6
      vertex 10.0475 19.968 6
    endloop
  endfacet
  facet normal 0 0 1
    outer loop
      vertex 2.23214 16.7744 6
      vertex 10.0475 19.968 6
      vertex 9.94217 20.1927 6
    endloop
  endfacet
  facet normal 0 0 1
    outer loop
      vertex 1.87322 17.6628 6
      vertex 9.94217 20.1927 6
      vertex 9.87067 20.4304 6
    endloop
  endfacet
  facet normal 0 0 1
    outer loop
      vertex 12.1949 19.2354 6
      vertex 9.85548 6.47208 6
      vertex 10.2252 6.16734 6
    endloop
  endfacet
  facet normal 0 0 1
    outer loop
      vertex 1.54552 18.5632 6
      vertex 9.87067 20.4304 6
      vertex 9.83454 20.6759 6
    endloop
  endfacet
  facet normal -0 0 1
    outer loop
      vertex 5.29248 43.6347 6
      vertex 14.4845 40.7041 6
      vertex 5.57746 44.0198 6
    endloop
  endfacet
  facet normal 0 0 1
    outer loop
      vertex 11.96 19.1553 6
      vertex 9.49118 6.78322 6
      vertex 9.85548 6.47208 6
    endloop
  endfacet
  facet normal 0 0 1
    outer loop
      vertex 14.4845 40.7041 6
      vertex 5.29248 43.6347 6
      vertex 14.4845 40.4559 6
    endloop
  endfacet
  facet normal 0 0 1
    outer loop
      vertex 11.96 19.1553 6
      vertex 9.13237 7.10067 6
      vertex 9.49118 6.78322 6
    endloop
  endfacet
  facet normal -0 0 1
    outer loop
      vertex 5.01428 43.2447 6
      vertex 14.4845 40.4559 6
      vertex 5.29248 43.6347 6
    endloop
  endfacet
  facet normal 0 0 1
    outer loop
      vertex 11.96 19.1553 6
      vertex 8.77915 7.42434 6
      vertex 9.13237 7.10067 6
    endloop
  endfacet
  facet normal -0 0 1
    outer loop
      vertex 4.74292 42.8498 6
      vertex 14.4845 40.4559 6
      vertex 5.01428 43.2447 6
    endloop
  endfacet
  facet normal 0 0 1
    outer loop
      vertex 11.96 19.1553 6
      vertex 8.43163 7.75412 6
      vertex 8.77915 7.42434 6
    endloop
  endfacet
  facet normal -0 0 1
    outer loop
      vertex 4.47849 42.4503 6
      vertex 14.4845 40.4559 6
      vertex 4.74292 42.8498 6
    endloop
  endfacet
  facet normal 0 0 1
    outer loop
      vertex 11.7159 19.1102 6
      vertex 8.08992 8.08992 6
      vertex 8.43163 7.75412 6
    endloop
  endfacet
  facet normal 0 0 1
    outer loop
      vertex 14.4845 40.4559 6
      vertex 4.47849 42.4503 6
      vertex 14.5207 40.2104 6
    endloop
  endfacet
  facet normal 0 0 1
    outer loop
      vertex 11.7159 19.1102 6
      vertex 7.75412 8.43163 6
      vertex 8.08992 8.08992 6
    endloop
  endfacet
  facet normal -0 0 1
    outer loop
      vertex 4.22108 42.0463 6
      vertex 14.5207 40.2104 6
      vertex 4.47849 42.4503 6
    endloop
  endfacet
  facet normal 0 0 1
    outer loop
      vertex 11.7159 19.1102 6
      vertex 7.42434 8.77915 6
      vertex 7.75412 8.43163 6
    endloop
  endfacet
  facet normal -0 0 1
    outer loop
      vertex 3.97076 41.6378 6
      vertex 14.5207 40.2104 6
      vertex 4.22108 42.0463 6
    endloop
  endfacet
  facet normal 0 0 1
    outer loop
      vertex 11.4679 19.1011 6
      vertex 7.10067 9.13237 6
      vertex 7.42434 8.77915 6
    endloop
  endfacet
  facet normal 0 0 1
    outer loop
      vertex 14.5207 40.2104 6
      vertex 3.97076 41.6378 6
      vertex 14.5922 39.9727 6
    endloop
  endfacet
  facet normal 0 0 1
    outer loop
      vertex 11.4679 19.1011 6
      vertex 6.78322 9.49118 6
      vertex 7.10067 9.13237 6
    endloop
  endfacet
  facet normal -0 0 1
    outer loop
      vertex 3.7276 41.225 6
      vertex 14.5922 39.9727 6
      vertex 3.97076 41.6378 6
    endloop
  endfacet
  facet normal 0 0 1
    outer loop
      vertex 11.4679 19.1011 6
      vertex 6.47208 9.85548 6
      vertex 6.78322 9.49118 6
    endloop
  endfacet
  facet normal -0 0 1
    outer loop
      vertex 3.49169 40.808 6
      vertex 14.5922 39.9727 6
      vertex 3.7276 41.225 6
    endloop
  endfacet
  facet normal 0 0 1
    outer loop
      vertex 11.2212 19.1283 6
      vertex 6.16734 10.2252 6
      vertex 6.47208 9.85548 6
    endloop
  endfacet
  facet normal -0 0 1
    outer loop
      vertex 3.26309 40.387 6
      vertex 14.5922 39.9727 6
      vertex 3.49169 40.808 6
    endloop
  endfacet
  facet normal 0 0 1
    outer loop
      vertex 11.2212 19.1283 6
      vertex 5.86911 10.6001 6
      vertex 6.16734 10.2252 6
    endloop
  endfacet
  facet normal 0 0 1
    outer loop
      vertex 3.04187 39.962 6
      vertex 14.5922 39.9727 6
      vertex 3.26309 40.387 6
    endloop
  endfacet
  facet normal 0 0 1
    outer loop
      vertex 11.2212 19.1283 6
      vertex 5.57746 10.9802 6
      vertex 5.86911 10.6001 6
    endloop
  endfacet
  facet normal 0 0 1
    outer loop
      vertex 14.5922 39.9727 6
      vertex 3.04187 39.962 6
      vertex 14.6975 39.748 6
    endloop
  endfacet
  facet normal 0 0 1
    outer loop
      vertex 10.9811 19.1911 6
      vertex 5.29248 11.3653 6
      vertex 5.57746 10.9802 6
    endloop
  endfacet
  facet normal 0 0 1
    outer loop
      vertex 2.8281 39.5333 6
      vertex 14.6975 39.748 6
      vertex 3.04187 39.962 6
    endloop
  endfacet
  facet normal 0 0 1
    outer loop
      vertex 10.9811 19.1911 6
      vertex 5.01428 11.7553 6
      vertex 5.29248 11.3653 6
    endloop
  endfacet
  facet normal 0 0 1
    outer loop
      vertex 2.62185 39.1009 6
      vertex 14.6975 39.748 6
      vertex 2.8281 39.5333 6
    endloop
  endfacet
  facet normal 0 0 1
    outer loop
      vertex 10.7527 19.2881 6
      vertex 4.74292 12.1502 6
      vertex 5.01428 11.7553 6
    endloop
  endfacet
  facet normal 0 0 1
    outer loop
      vertex 2.42318 38.6649 6
      vertex 14.6975 39.748 6
      vertex 2.62185 39.1009 6
    endloop
  endfacet
  facet normal 0 0 1
    outer loop
      vertex 10.7527 19.2881 6
      vertex 4.47849 12.5497 6
      vertex 4.74292 12.1502 6
    endloop
  endfacet
  facet normal 0 0 1
    outer loop
      vertex 2.23214 38.2256 6
      vertex 14.6975 39.748 6
      vertex 2.42318 38.6649 6
    endloop
  endfacet
  facet normal 0 0 1
    outer loop
      vertex 10.7527 19.2881 6
      vertex 4.22108 12.9537 6
      vertex 4.47849 12.5497 6
    endloop
  endfacet
  facet normal 0 0 1
    outer loop
      vertex 2.0488 37.783 6
      vertex 14.6975 39.748 6
      vertex 2.23214 38.2256 6
    endloop
  endfacet
  facet normal 0 0 1
    outer loop
      vertex 10.5408 19.4174 6
      vertex 3.97076 13.3622 6
      vertex 4.22108 12.9537 6
    endloop
  endfacet
  facet normal 0 0 1
    outer loop
      vertex 1.87322 37.3372 6
      vertex 14.6975 39.748 6
      vertex 2.0488 37.783 6
    endloop
  endfacet
  facet normal 0 0 1
    outer loop
      vertex 10.5408 19.4174 6
      vertex 3.7276 13.775 6
      vertex 3.97076 13.3622 6
    endloop
  endfacet
  facet normal 0 0 1
    outer loop
      vertex 1.70544 36.8885 6
      vertex 14.6975 39.748 6
      vertex 1.87322 37.3372 6
    endloop
  endfacet
  facet normal 0 0 1
    outer loop
      vertex 10.3501 19.5762 6
      vertex 3.49169 14.192 6
      vertex 3.7276 13.775 6
    endloop
  endfacet
  facet normal 0 0 1
    outer loop
      vertex 1.54552 36.4368 6
      vertex 14.6975 39.748 6
      vertex 1.70544 36.8885 6
    endloop
  endfacet
  facet normal 0 0 1
    outer loop
      vertex 10.3501 19.5762 6
      vertex 3.26309 14.613 6
      vertex 3.49169 14.192 6
    endloop
  endfacet
  facet normal 0 0 1
    outer loop
      vertex 1.3935 35.9825 6
      vertex 14.6975 39.748 6
      vertex 1.54552 36.4368 6
    endloop
  endfacet
  facet normal 0 0 1
    outer loop
      vertex 10.1845 19.761 6
      vertex 3.04187 15.038 6
      vertex 3.26309 14.613 6
    endloop
  endfacet
  facet normal 0 0 1
    outer loop
      vertex 1.24943 35.5256 6
      vertex 14.6975 39.748 6
      vertex 1.3935 35.9825 6
    endloop
  endfacet
  facet normal 0 0 1
    outer loop
      vertex 10.1845 19.761 6
      vertex 2.8281 15.4667 6
      vertex 3.04187 15.038 6
    endloop
  endfacet
  facet normal 0 0 1
    outer loop
      vertex 1.11337 35.0662 6
      vertex 14.6975 39.748 6
      vertex 1.24943 35.5256 6
    endloop
  endfacet
  facet normal 0 0 1
    outer loop
      vertex 10.0475 19.968 6
      vertex 2.62185 15.8991 6
      vertex 2.8281 15.4667 6
    endloop
  endfacet
  facet normal 0 0 1
    outer loop
      vertex 0.985336 34.6046 6
      vertex 14.6975 39.748 6
      vertex 1.11337 35.0662 6
    endloop
  endfacet
  facet normal 0 0 1
    outer loop
      vertex 10.0475 19.968 6
      vertex 2.42318 16.3351 6
      vertex 2.62185 15.8991 6
    endloop
  endfacet
  facet normal 0 0 1
    outer loop
      vertex 0.865383 34.1408 6
      vertex 14.6975 39.748 6
      vertex 0.985336 34.6046 6
    endloop
  endfacet
  facet normal 0 0 1
    outer loop
      vertex 10.0475 19.968 6
      vertex 2.23214 16.7744 6
      vertex 2.42318 16.3351 6
    endloop
  endfacet
  facet normal 0 0 1
    outer loop
      vertex 0.753542 33.6749 6
      vertex 14.6975 39.748 6
      vertex 0.865383 34.1408 6
    endloop
  endfacet
  facet normal 0 0 1
    outer loop
      vertex 9.94217 20.1927 6
      vertex 2.0488 17.217 6
      vertex 2.23214 16.7744 6
    endloop
  endfacet
  facet normal 0 0 1
    outer loop
      vertex 14.6975 39.748 6
      vertex 0.753542 33.6749 6
      vertex 10.5408 22.1826 6
    endloop
  endfacet
  facet normal 0 0 1
    outer loop
      vertex 9.94217 20.1927 6
      vertex 1.87322 17.6628 6
      vertex 2.0488 17.217 6
    endloop
  endfacet
  facet normal -0 0 1
    outer loop
      vertex 0.649849 33.2072 6
      vertex 10.5408 22.1826 6
      vertex 0.753542 33.6749 6
    endloop
  endfacet
  facet normal 0 0 1
    outer loop
      vertex 9.87067 20.4304 6
      vertex 1.70544 18.1115 6
      vertex 1.87322 17.6628 6
    endloop
  endfacet
  facet normal -0 0 1
    outer loop
      vertex 0.554335 32.7377 6
      vertex 10.5408 22.1826 6
      vertex 0.649849 33.2072 6
    endloop
  endfacet
  facet normal 0 0 1
    outer loop
      vertex 9.87067 20.4304 6
      vertex 1.54552 18.5632 6
      vertex 1.70544 18.1115 6
    endloop
  endfacet
  facet normal -0 0 1
    outer loop
      vertex 0.467028 32.2666 6
      vertex 10.5408 22.1826 6
      vertex 0.554335 32.7377 6
    endloop
  endfacet
  facet normal 0 0 1
    outer loop
      vertex 9.83454 20.6759 6
      vertex 1.3935 19.0175 6
      vertex 1.54552 18.5632 6
    endloop
  endfacet
  facet normal -0 0 1
    outer loop
      vertex 0.387956 31.7941 6
      vertex 10.5408 22.1826 6
      vertex 0.467028 32.2666 6
    endloop
  endfacet
  facet normal 0 0 1
    outer loop
      vertex 9.83454 20.6759 6
      vertex 1.24943 19.4744 6
      vertex 1.3935 19.0175 6
    endloop
  endfacet
  facet normal -0 0 1
    outer loop
      vertex 0.317142 31.3203 6
      vertex 10.5408 22.1826 6
      vertex 0.387956 31.7941 6
    endloop
  endfacet
  facet normal 0 0 1
    outer loop
      vertex 9.83454 20.9241 6
      vertex 1.24943 19.4744 6
      vertex 9.83454 20.6759 6
    endloop
  endfacet
  facet normal -0 0 1
    outer loop
      vertex 0.254608 30.8453 6
      vertex 10.5408 22.1826 6
      vertex 0.317142 31.3203 6
    endloop
  endfacet
  facet normal 0 -0 1
    outer loop
      vertex 1.24943 19.4744 6
      vertex 9.83454 20.9241 6
      vertex 1.11337 19.9338 6
    endloop
  endfacet
  facet normal -0 0 1
    outer loop
      vertex 0.200375 30.3693 6
      vertex 10.5408 22.1826 6
      vertex 0.254608 30.8453 6
    endloop
  endfacet
  facet normal 0 -0 1
    outer loop
      vertex 1.11337 19.9338 6
      vertex 9.83454 20.9241 6
      vertex 0.985336 20.3954 6
    endloop
  endfacet
  facet normal -0 0 1
    outer loop
      vertex 0.154456 29.8924 6
      vertex 10.5408 22.1826 6
      vertex 0.200375 30.3693 6
    endloop
  endfacet
  facet normal 0 0 1
    outer loop
      vertex 9.87067 21.1696 6
      vertex 0.985336 20.3954 6
      vertex 9.83454 20.9241 6
    endloop
  endfacet
  facet normal -0 0 1
    outer loop
      vertex 0.116867 29.4148 6
      vertex 10.5408 22.1826 6
      vertex 0.154456 29.8924 6
    endloop
  endfacet
  facet normal 0 -0 1
    outer loop
      vertex 0.985336 20.3954 6
      vertex 9.87067 21.1696 6
      vertex 0.865383 20.8592 6
    endloop
  endfacet
  facet normal -0 0 1
    outer loop
      vertex 0.0876198 28.9366 6
      vertex 10.5408 22.1826 6
      vertex 0.116867 29.4148 6
    endloop
  endfacet
  facet normal 0 -0 1
    outer loop
      vertex 0.865383 20.8592 6
      vertex 9.87067 21.1696 6
      vertex 0.753542 21.3251 6
    endloop
  endfacet
  facet normal -0 0 1
    outer loop
      vertex 0.0667219 28.458 6
      vertex 10.5408 22.1826 6
      vertex 0.0876198 28.9366 6
    endloop
  endfacet
  facet normal -0 -0 1
    outer loop
      vertex 0.753542 21.3251 6
      vertex 9.87067 21.1696 6
      vertex 0.649849 21.7928 6
    endloop
  endfacet
  facet normal -0 0 1
    outer loop
      vertex 0.0541811 27.9791 6
      vertex 10.5408 22.1826 6
      vertex 0.0667219 28.458 6
    endloop
  endfacet
  facet normal 0 0 1
    outer loop
      vertex 9.94217 21.4073 6
      vertex 0.649849 21.7928 6
      vertex 9.87067 21.1696 6
    endloop
  endfacet
  facet normal -0 0 1
    outer loop
      vertex 0.0500002 27.5 6
      vertex 10.5408 22.1826 6
      vertex 0.0541811 27.9791 6
    endloop
  endfacet
  facet normal -0 -0 1
    outer loop
      vertex 0.649849 21.7928 6
      vertex 9.94217 21.4073 6
      vertex 0.554335 22.2623 6
    endloop
  endfacet
  facet normal -0 -0 1
    outer loop
      vertex 0.0541811 27.0209 6
      vertex 10.5408 22.1826 6
      vertex 0.0500002 27.5 6
    endloop
  endfacet
  facet normal -0 -0 1
    outer loop
      vertex 0.554335 22.2623 6
      vertex 9.94217 21.4073 6
      vertex 0.467028 22.7334 6
    endloop
  endfacet
  facet normal 0 0 1
    outer loop
      vertex 10.5408 22.1826 6
      vertex 0.0541811 27.0209 6
      vertex 10.3501 22.0238 6
    endloop
  endfacet
  facet normal 0 0 1
    outer loop
      vertex 10.0475 21.632 6
      vertex 0.467028 22.7334 6
      vertex 9.94217 21.4073 6
    endloop
  endfacet
  facet normal -0 -0 1
    outer loop
      vertex 0.0667219 26.542 6
      vertex 10.3501 22.0238 6
      vertex 0.0541811 27.0209 6
    endloop
  endfacet
  facet normal -0 -0 1
    outer loop
      vertex 0.467028 22.7334 6
      vertex 10.0475 21.632 6
      vertex 0.387956 23.2059 6
    endloop
  endfacet
  facet normal -0 -0 1
    outer loop
      vertex 0.0876198 26.0634 6
      vertex 10.3501 22.0238 6
      vertex 0.0667219 26.542 6
    endloop
  endfacet
  facet normal -0 -0 1
    outer loop
      vertex 0.387956 23.2059 6
      vertex 10.0475 21.632 6
      vertex 0.317142 23.6797 6
    endloop
  endfacet
  facet normal -0 -0 1
    outer loop
      vertex 0.116867 25.5852 6
      vertex 10.3501 22.0238 6
      vertex 0.0876198 26.0634 6
    endloop
  endfacet
  facet normal -0 -0 1
    outer loop
      vertex 0.317142 23.6797 6
      vertex 10.0475 21.632 6
      vertex 0.254608 24.1547 6
    endloop
  endfacet
  facet normal 0 0 1
    outer loop
      vertex 10.3501 22.0238 6
      vertex 0.116867 25.5852 6
      vertex 10.1845 21.839 6
    endloop
  endfacet
  facet normal 0 0 1
    outer loop
      vertex 10.1845 21.839 6
      vertex 0.254608 24.1547 6
      vertex 10.0475 21.632 6
    endloop
  endfacet
  facet normal -0 -0 1
    outer loop
      vertex 0.154456 25.1076 6
      vertex 10.1845 21.839 6
      vertex 0.116867 25.5852 6
    endloop
  endfacet
  facet normal -0 -0 1
    outer loop
      vertex 0.254608 24.1547 6
      vertex 10.1845 21.839 6
      vertex 0.200375 24.6307 6
    endloop
  endfacet
  facet normal -0 -0 1
    outer loop
      vertex 0.200375 24.6307 6
      vertex 10.1845 21.839 6
      vertex 0.154456 25.1076 6
    endloop
  endfacet
  facet normal -0 0 1
    outer loop
      vertex 22.5062 27.7492 6
      vertex 22.5088 27.2164 6
      vertex 22.5248 27.9978 6
    endloop
  endfacet
  facet normal -0 0 1
    outer loop
      vertex 22.5 27.5 6
      vertex 22.5088 27.2164 6
      vertex 22.5062 27.7492 6
    endloop
  endfacet
  facet normal 0 0 1
    outer loop
      vertex 22.5088 27.2164 6
      vertex 22.5 27.5 6
      vertex 22.5062 27.2508 6
    endloop
  endfacet
  facet normal 0 0 1
    outer loop
      vertex 38.6649 2.42318 6
      vertex 30.9319 10.4175 6
      vertex 30.95 10.17 6
    endloop
  endfacet
  facet normal 0 0 1
    outer loop
      vertex 31.3489 17.2701 6
      vertex 30.8779 10.6598 6
      vertex 30.9319 10.4175 6
    endloop
  endfacet
  facet normal 0 0 1
    outer loop
      vertex 30.1356 11.6211 6
      vertex 31.1142 17.1848 6
      vertex 30.8776 17.105 6
    endloop
  endfacet
  facet normal 0 0 1
    outer loop
      vertex 31.3489 17.2701 6
      vertex 30.7893 10.8916 6
      vertex 30.8779 10.6598 6
    endloop
  endfacet
  facet normal 0 0 1
    outer loop
      vertex 31.3489 17.2701 6
      vertex 30.6678 11.108 6
      vertex 30.7893 10.8916 6
    endloop
  endfacet
  facet normal 0 0 1
    outer loop
      vertex 30.1356 11.6211 6
      vertex 30.8776 17.105 6
      vertex 30.6392 17.0305 6
    endloop
  endfacet
  facet normal 0 0 1
    outer loop
      vertex 31.3489 17.2701 6
      vertex 30.5161 11.3044 6
      vertex 30.6678 11.108 6
    endloop
  endfacet
  facet normal 0 0 1
    outer loop
      vertex 30.1356 11.6211 6
      vertex 30.6392 17.0305 6
      vertex 30.3992 16.9615 6
    endloop
  endfacet
  facet normal 0 0 1
    outer loop
      vertex 31.3489 17.2701 6
      vertex 30.3374 11.4767 6
      vertex 30.5161 11.3044 6
    endloop
  endfacet
  facet normal 0 0 1
    outer loop
      vertex 29.9149 11.7346 6
      vertex 30.3992 16.9615 6
      vertex 30.1577 16.898 6
    endloop
  endfacet
  facet normal 0 0 1
    outer loop
      vertex 31.1142 17.1848 6
      vertex 30.1356 11.6211 6
      vertex 30.3374 11.4767 6
    endloop
  endfacet
  facet normal 0 0 1
    outer loop
      vertex 30.3992 16.9615 6
      vertex 29.9149 11.7346 6
      vertex 30.1356 11.6211 6
    endloop
  endfacet
  facet normal -0 0 1
    outer loop
      vertex 29.9148 16.8401 6
      vertex 29.9149 11.7346 6
      vertex 30.1577 16.898 6
    endloop
  endfacet
  facet normal 0 0 1
    outer loop
      vertex 29.9148 16.8401 6
      vertex 29.68 11.8147 6
      vertex 29.9149 11.7346 6
    endloop
  endfacet
  facet normal -0 0 1
    outer loop
      vertex 29.6706 16.7877 6
      vertex 29.68 11.8147 6
      vertex 29.9148 16.8401 6
    endloop
  endfacet
  facet normal 0 0 1
    outer loop
      vertex 29.6706 16.7877 6
      vertex 29.4359 11.8598 6
      vertex 29.68 11.8147 6
    endloop
  endfacet
  facet normal -0 0 1
    outer loop
      vertex 29.4253 16.7409 6
      vertex 29.4359 11.8598 6
      vertex 29.6706 16.7877 6
    endloop
  endfacet
  facet normal -0 0 1
    outer loop
      vertex 29.179 16.6997 6
      vertex 29.4359 11.8598 6
      vertex 29.4253 16.7409 6
    endloop
  endfacet
  facet normal 0 0 1
    outer loop
      vertex 29.4359 11.8598 6
      vertex 29.179 16.6997 6
      vertex 29.1879 11.8689 6
    endloop
  endfacet
  facet normal -0 0 1
    outer loop
      vertex 28.9318 16.6642 6
      vertex 29.1879 11.8689 6
      vertex 29.179 16.6997 6
    endloop
  endfacet
  facet normal -0 0 1
    outer loop
      vertex 28.6839 16.6343 6
      vertex 29.1879 11.8689 6
      vertex 28.9318 16.6642 6
    endloop
  endfacet
  facet normal 0 0 1
    outer loop
      vertex 29.1879 11.8689 6
      vertex 28.6839 16.6343 6
      vertex 28.9412 11.8417 6
    endloop
  endfacet
  facet normal -0 0 1
    outer loop
      vertex 28.4353 16.6101 6
      vertex 28.9412 11.8417 6
      vertex 28.6839 16.6343 6
    endloop
  endfacet
  facet normal -0 0 1
    outer loop
      vertex 28.1863 16.5916 6
      vertex 28.9412 11.8417 6
      vertex 28.4353 16.6101 6
    endloop
  endfacet
  facet normal 0 0 1
    outer loop
      vertex 28.9412 11.8417 6
      vertex 28.1863 16.5916 6
      vertex 28.7011 11.7789 6
    endloop
  endfacet
  facet normal -0 0 1
    outer loop
      vertex 27.9369 16.5787 6
      vertex 28.7011 11.7789 6
      vertex 28.1863 16.5916 6
    endloop
  endfacet
  facet normal -0 0 1
    outer loop
      vertex 27.6873 16.5716 6
      vertex 28.7011 11.7789 6
      vertex 27.9369 16.5787 6
    endloop
  endfacet
  facet normal 0 0 1
    outer loop
      vertex 28.7011 11.7789 6
      vertex 27.6873 16.5716 6
      vertex 28.4727 11.6819 6
    endloop
  endfacet
  facet normal -0 0 1
    outer loop
      vertex 27.4376 16.5702 6
      vertex 28.4727 11.6819 6
      vertex 27.6873 16.5716 6
    endloop
  endfacet
  facet normal 0 0 1
    outer loop
      vertex 27.1879 16.5745 6
      vertex 28.4727 11.6819 6
      vertex 27.4376 16.5702 6
    endloop
  endfacet
  facet normal 0 0 1
    outer loop
      vertex 28.4727 11.6819 6
      vertex 27.1879 16.5745 6
      vertex 28.2608 11.5526 6
    endloop
  endfacet
  facet normal 0 0 1
    outer loop
      vertex 26.9384 16.5844 6
      vertex 28.2608 11.5526 6
      vertex 27.1879 16.5745 6
    endloop
  endfacet
  facet normal 0 0 1
    outer loop
      vertex 26.6891 16.6001 6
      vertex 28.2608 11.5526 6
      vertex 26.9384 16.5844 6
    endloop
  endfacet
  facet normal 0 0 1
    outer loop
      vertex 28.2608 11.5526 6
      vertex 26.6891 16.6001 6
      vertex 28.0701 11.3938 6
    endloop
  endfacet
  facet normal 0 0 1
    outer loop
      vertex 26.4403 16.6215 6
      vertex 28.0701 11.3938 6
      vertex 26.6891 16.6001 6
    endloop
  endfacet
  facet normal 0 0 1
    outer loop
      vertex 15.8991 2.62185 6
      vertex 27.5545 10.0459 6
      vertex 27.5545 10.2941 6
    endloop
  endfacet
  facet normal 0 0 1
    outer loop
      vertex 26.1921 16.6485 6
      vertex 28.0701 11.3938 6
      vertex 26.4403 16.6215 6
    endloop
  endfacet
  facet normal 0 0 1
    outer loop
      vertex 25.9445 16.6813 6
      vertex 28.0701 11.3938 6
      vertex 26.1921 16.6485 6
    endloop
  endfacet
  facet normal 0 0 1
    outer loop
      vertex 28.0701 11.3938 6
      vertex 25.9445 16.6813 6
      vertex 27.9045 11.209 6
    endloop
  endfacet
  facet normal 0 0 1
    outer loop
      vertex 27.5545 10.0459 6
      vertex 27.0209 0.0541811 6
      vertex 27.5 0.0500002 6
    endloop
  endfacet
  facet normal 0 0 1
    outer loop
      vertex 25.6977 16.7196 6
      vertex 27.9045 11.209 6
      vertex 25.9445 16.6813 6
    endloop
  endfacet
  facet normal 0 0 1
    outer loop
      vertex 25.4519 16.7636 6
      vertex 27.9045 11.209 6
      vertex 25.6977 16.7196 6
    endloop
  endfacet
  facet normal 0 0 1
    outer loop
      vertex 27.5545 10.0459 6
      vertex 26.542 0.0667219 6
      vertex 27.0209 0.0541811 6
    endloop
  endfacet
  facet normal 0 0 1
    outer loop
      vertex 27.9045 11.209 6
      vertex 25.4519 16.7636 6
      vertex 27.7675 11.002 6
    endloop
  endfacet
  facet normal 0 0 1
    outer loop
      vertex 25.2072 16.8132 6
      vertex 27.7675 11.002 6
      vertex 25.4519 16.7636 6
    endloop
  endfacet
  facet normal 0 0 1
    outer loop
      vertex 27.5545 10.0459 6
      vertex 26.0634 0.0876198 6
      vertex 26.542 0.0667219 6
    endloop
  endfacet
  facet normal 0 0 1
    outer loop
      vertex 24.9636 16.8684 6
      vertex 27.7675 11.002 6
      vertex 25.2072 16.8132 6
    endloop
  endfacet
  facet normal 0 0 1
    outer loop
      vertex 27.7675 11.002 6
      vertex 24.9636 16.8684 6
      vertex 27.6622 10.7773 6
    endloop
  endfacet
  facet normal 0 0 1
    outer loop
      vertex 27.5545 10.0459 6
      vertex 25.5852 0.116867 6
      vertex 26.0634 0.0876198 6
    endloop
  endfacet
  facet normal 0 0 1
    outer loop
      vertex 24.7214 16.9291 6
      vertex 27.6622 10.7773 6
      vertex 24.9636 16.8684 6
    endloop
  endfacet
  facet normal 0 0 1
    outer loop
      vertex 24.4806 16.9953 6
      vertex 27.6622 10.7773 6
      vertex 24.7214 16.9291 6
    endloop
  endfacet
  facet normal 0 0 1
    outer loop
      vertex 27.5545 10.0459 6
      vertex 25.1076 0.154456 6
      vertex 25.5852 0.116867 6
    endloop
  endfacet
  facet normal 0 0 1
    outer loop
      vertex 24.2414 17.067 6
      vertex 27.6622 10.7773 6
      vertex 24.4806 16.9953 6
    endloop
  endfacet
  facet normal 0 0 1
    outer loop
      vertex 27.6622 10.7773 6
      vertex 24.2414 17.067 6
      vertex 27.5907 10.5396 6
    endloop
  endfacet
  facet normal 0 0 1
    outer loop
      vertex 27.5545 10.0459 6
      vertex 24.6307 0.200375 6
      vertex 25.1076 0.154456 6
    endloop
  endfacet
  facet normal 0 0 1
    outer loop
      vertex 24.0039 17.1442 6
      vertex 27.5907 10.5396 6
      vertex 24.2414 17.067 6
    endloop
  endfacet
  facet normal 0 0 1
    outer loop
      vertex 23.7682 17.2268 6
      vertex 27.5907 10.5396 6
      vertex 24.0039 17.1442 6
    endloop
  endfacet
  facet normal 0 0 1
    outer loop
      vertex 27.5545 10.0459 6
      vertex 24.1547 0.254608 6
      vertex 24.6307 0.200375 6
    endloop
  endfacet
  facet normal 0 0 1
    outer loop
      vertex 23.5345 17.3147 6
      vertex 27.5907 10.5396 6
      vertex 23.7682 17.2268 6
    endloop
  endfacet
  facet normal 0 0 1
    outer loop
      vertex 27.5907 10.5396 6
      vertex 23.5345 17.3147 6
      vertex 27.5545 10.2941 6
    endloop
  endfacet
  facet normal 0 0 1
    outer loop
      vertex 27.5545 10.0459 6
      vertex 23.6797 0.317142 6
      vertex 24.1547 0.254608 6
    endloop
  endfacet
  facet normal 0 0 1
    outer loop
      vertex 23.3029 17.408 6
      vertex 27.5545 10.2941 6
      vertex 23.5345 17.3147 6
    endloop
  endfacet
  facet normal 0 0 1
    outer loop
      vertex 23.0734 17.5065 6
      vertex 27.5545 10.2941 6
      vertex 23.3029 17.408 6
    endloop
  endfacet
  facet normal 0 0 1
    outer loop
      vertex 27.5545 10.0459 6
      vertex 23.2059 0.387956 6
      vertex 23.6797 0.317142 6
    endloop
  endfacet
  facet normal 0 0 1
    outer loop
      vertex 22.8462 17.6102 6
      vertex 27.5545 10.2941 6
      vertex 23.0734 17.5065 6
    endloop
  endfacet
  facet normal 0 0 1
    outer loop
      vertex 15.8991 2.62185 6
      vertex 27.5545 10.2941 6
      vertex 22.8462 17.6102 6
    endloop
  endfacet
  facet normal 0 0 1
    outer loop
      vertex 27.5545 10.0459 6
      vertex 22.7334 0.467028 6
      vertex 23.2059 0.387956 6
    endloop
  endfacet
  facet normal 0 0 1
    outer loop
      vertex 15.4667 2.8281 6
      vertex 22.8462 17.6102 6
      vertex 22.6215 17.7191 6
    endloop
  endfacet
  facet normal 0 0 1
    outer loop
      vertex 15.038 3.04187 6
      vertex 22.6215 17.7191 6
      vertex 22.3993 17.8331 6
    endloop
  endfacet
  facet normal 0 0 1
    outer loop
      vertex 27.5545 10.0459 6
      vertex 22.2623 0.554335 6
      vertex 22.7334 0.467028 6
    endloop
  endfacet
  facet normal 0 0 1
    outer loop
      vertex 14.613 3.26309 6
      vertex 22.3993 17.8331 6
      vertex 22.1798 17.9522 6
    endloop
  endfacet
  facet normal 0 0 1
    outer loop
      vertex 13.775 3.7276 6
      vertex 22.1798 17.9522 6
      vertex 21.9631 18.0762 6
    endloop
  endfacet
  facet normal 0 0 1
    outer loop
      vertex 27.5545 10.0459 6
      vertex 21.7928 0.649849 6
      vertex 22.2623 0.554335 6
    endloop
  endfacet
  facet normal 0 0 1
    outer loop
      vertex 13.3622 3.97076 6
      vertex 21.9631 18.0762 6
      vertex 21.7492 18.2052 6
    endloop
  endfacet
  facet normal 0 0 1
    outer loop
      vertex 13.3622 3.97076 6
      vertex 21.7492 18.2052 6
      vertex 21.5384 18.339 6
    endloop
  endfacet
  facet normal 0 0 1
    outer loop
      vertex 13.3622 3.97076 6
      vertex 21.5384 18.339 6
      vertex 21.3306 18.4776 6
    endloop
  endfacet
  facet normal 0 0 1
    outer loop
      vertex 27.5545 10.0459 6
      vertex 21.3251 0.753542 6
      vertex 21.7928 0.649849 6
    endloop
  endfacet
  facet normal 0 0 1
    outer loop
      vertex 13.3622 3.97076 6
      vertex 21.3306 18.4776 6
      vertex 21.1261 18.6209 6
    endloop
  endfacet
  facet normal 0 0 1
    outer loop
      vertex 13.3622 3.97076 6
      vertex 21.1261 18.6209 6
      vertex 20.9249 18.7688 6
    endloop
  endfacet
  facet normal 0 0 1
    outer loop
      vertex 27.5545 10.0459 6
      vertex 20.8592 0.865383 6
      vertex 21.3251 0.753542 6
    endloop
  endfacet
  facet normal 0 0 1
    outer loop
      vertex 13.3622 3.97076 6
      vertex 20.9249 18.7688 6
      vertex 20.7272 18.9213 6
    endloop
  endfacet
  facet normal 0 0 1
    outer loop
      vertex 19.7934 19.7493 6
      vertex 12.7961 19.6656 6
      vertex 19.9725 19.5752 6
    endloop
  endfacet
  facet normal 0 0 1
    outer loop
      vertex 27.5545 10.0459 6
      vertex 20.3954 0.985336 6
      vertex 20.8592 0.865383 6
    endloop
  endfacet
  facet normal 0 0 1
    outer loop
      vertex 19.4474 20.1094 6
      vertex 12.7961 19.6656 6
      vertex 19.6184 19.9274 6
    endloop
  endfacet
  facet normal 0 0 1
    outer loop
      vertex 12.7961 19.6656 6
      vertex 19.4474 20.1094 6
      vertex 12.9478 19.862 6
    endloop
  endfacet
  facet normal 0 0 1
    outer loop
      vertex 19.3627 20.2039 6
      vertex 12.9478 19.862 6
      vertex 19.4474 20.1094 6
    endloop
  endfacet
  facet normal 0 0 1
    outer loop
      vertex 27.5545 10.0459 6
      vertex 19.9338 1.11337 6
      vertex 20.3954 0.985336 6
    endloop
  endfacet
  facet normal 0 0 1
    outer loop
      vertex 12.9478 19.862 6
      vertex 19.3627 20.2039 6
      vertex 13.0693 20.0784 6
    endloop
  endfacet
  facet normal 0 0 1
    outer loop
      vertex 13.0693 20.0784 6
      vertex 19.3627 20.2039 6
      vertex 13.1579 20.3102 6
    endloop
  endfacet
  facet normal 0 0 1
    outer loop
      vertex 27.5545 10.0459 6
      vertex 19.4744 1.24943 6
      vertex 19.9338 1.11337 6
    endloop
  endfacet
  facet normal -0 0 1
    outer loop
      vertex 13.1579 20.3102 6
      vertex 19.3627 20.2039 6
      vertex 13.2119 20.5525 6
    endloop
  endfacet
  facet normal -0 0 1
    outer loop
      vertex 13.2119 20.5525 6
      vertex 19.3627 20.2039 6
      vertex 13.23 20.8 6
    endloop
  endfacet
  facet normal 0 0 1
    outer loop
      vertex 27.5545 10.0459 6
      vertex 19.0175 1.3935 6
      vertex 19.4744 1.24943 6
    endloop
  endfacet
  facet normal 0 0 1
    outer loop
      vertex 32.4912 27.2164 6
      vertex 32.5 27.5 6
      vertex 32.4938 27.7492 6
    endloop
  endfacet
  facet normal 0 0 1
    outer loop
      vertex 32.5 27.5 6
      vertex 32.4912 27.2164 6
      vertex 32.4938 27.2508 6
    endloop
  endfacet
  facet normal 0 -0 1
    outer loop
      vertex 32.4912 27.2164 6
      vertex 32.4938 27.7492 6
      vertex 32.4752 27.9978 6
    endloop
  endfacet
  facet normal 0 0 1
    outer loop
      vertex 29.75 31.9643 6
      vertex 25.25 31.9643 6
      vertex 25.4436 22.9425 6
    endloop
  endfacet
  facet normal 0 0 1
    outer loop
      vertex 25 31.8301 6
      vertex 25.25 31.9643 6
      vertex 25.2189 31.9494 6
    endloop
  endfacet
  facet normal 0 0 1
    outer loop
      vertex 25.25 31.9643 6
      vertex 25.2189 23.0506 6
      vertex 25.4436 22.9425 6
    endloop
  endfacet
  facet normal 0 0 1
    outer loop
      vertex 25.25 31.9643 6
      vertex 25 31.8301 6
      vertex 25.2189 23.0506 6
    endloop
  endfacet
  facet normal 0 0 1
    outer loop
      vertex 25 31.8301 6
      vertex 25 23.1699 6
      vertex 25.2189 23.0506 6
    endloop
  endfacet
  facet normal -0 0 1
    outer loop
      vertex 24.7873 31.7001 6
      vertex 25 23.1699 6
      vertex 25 31.8301 6
    endloop
  endfacet
  facet normal -0 0 1
    outer loop
      vertex 24.7588 23.3193 6
      vertex 25 23.1699 6
      vertex 24.7873 31.7001 6
    endloop
  endfacet
  facet normal 0 0 1
    outer loop
      vertex 25 23.1699 6
      vertex 24.7588 23.3193 6
      vertex 24.7873 23.2999 6
    endloop
  endfacet
  facet normal -0 0 1
    outer loop
      vertex 24.5813 31.5597 6
      vertex 24.7588 23.3193 6
      vertex 24.7873 31.7001 6
    endloop
  endfacet
  facet normal -0 0 1
    outer loop
      vertex 24.3826 31.4092 6
      vertex 24.7588 23.3193 6
      vertex 24.5813 31.5597 6
    endloop
  endfacet
  facet normal -0 0 1
    outer loop
      vertex 24.1916 31.2489 6
      vertex 24.7588 23.3193 6
      vertex 24.3826 31.4092 6
    endloop
  endfacet
  facet normal -0 0 1
    outer loop
      vertex 24.0088 31.0793 6
      vertex 24.7588 23.3193 6
      vertex 24.1916 31.2489 6
    endloop
  endfacet
  facet normal -0 0 1
    outer loop
      vertex 23.8347 30.9009 6
      vertex 24.7588 23.3193 6
      vertex 24.0088 31.0793 6
    endloop
  endfacet
  facet normal -0 0 1
    outer loop
      vertex 23.6698 30.7139 6
      vertex 24.7588 23.3193 6
      vertex 23.8347 30.9009 6
    endloop
  endfacet
  facet normal -0 0 1
    outer loop
      vertex 23.5143 30.519 6
      vertex 24.7588 23.3193 6
      vertex 23.6698 30.7139 6
    endloop
  endfacet
  facet normal -0 0 1
    outer loop
      vertex 23.3688 30.3166 6
      vertex 24.7588 23.3193 6
      vertex 23.5143 30.519 6
    endloop
  endfacet
  facet normal -0 0 1
    outer loop
      vertex 23.2335 30.1072 6
      vertex 24.7588 23.3193 6
      vertex 23.3688 30.3166 6
    endloop
  endfacet
  facet normal -0 0 1
    outer loop
      vertex 23.1089 29.8913 6
      vertex 24.7588 23.3193 6
      vertex 23.2335 30.1072 6
    endloop
  endfacet
  facet normal -0 0 1
    outer loop
      vertex 22.9952 29.6694 6
      vertex 24.7588 23.3193 6
      vertex 23.1089 29.8913 6
    endloop
  endfacet
  facet normal -0 0 1
    outer loop
      vertex 22.8926 29.4422 6
      vertex 24.7588 23.3193 6
      vertex 22.9952 29.6694 6
    endloop
  endfacet
  facet normal -0 0 1
    outer loop
      vertex 22.8015 29.2101 6
      vertex 24.7588 23.3193 6
      vertex 22.8926 29.4422 6
    endloop
  endfacet
  facet normal -0 0 1
    outer loop
      vertex 22.7221 28.9738 6
      vertex 24.7588 23.3193 6
      vertex 22.8015 29.2101 6
    endloop
  endfacet
  facet normal -0 0 1
    outer loop
      vertex 22.6546 28.7338 6
      vertex 24.7588 23.3193 6
      vertex 22.7221 28.9738 6
    endloop
  endfacet
  facet normal -0 0 1
    outer loop
      vertex 22.5991 28.4907 6
      vertex 24.7588 23.3193 6
      vertex 22.6546 28.7338 6
    endloop
  endfacet
  facet normal -0 0 1
    outer loop
      vertex 22.5558 28.2452 6
      vertex 24.7588 23.3193 6
      vertex 22.5991 28.4907 6
    endloop
  endfacet
  facet normal -0 0 1
    outer loop
      vertex 22.5248 27.9978 6
      vertex 24.7588 23.3193 6
      vertex 22.5558 28.2452 6
    endloop
  endfacet
  facet normal -0 0 1
    outer loop
      vertex 22.5088 27.2164 6
      vertex 24.7588 23.3193 6
      vertex 22.5248 27.9978 6
    endloop
  endfacet
  facet normal 0 0 1
    outer loop
      vertex 22.5088 27.2164 6
      vertex 19.3627 20.2039 6
      vertex 24.7588 23.3193 6
    endloop
  endfacet
  facet normal 0 0 1
    outer loop
      vertex 27.5545 10.0459 6
      vertex 18.5632 1.54552 6
      vertex 19.0175 1.3935 6
    endloop
  endfacet
  facet normal 0 0 1
    outer loop
      vertex 27.5545 10.0459 6
      vertex 18.1115 1.70544 6
      vertex 18.5632 1.54552 6
    endloop
  endfacet
  facet normal 0 0 1
    outer loop
      vertex 27.5545 10.0459 6
      vertex 17.6628 1.87322 6
      vertex 18.1115 1.70544 6
    endloop
  endfacet
  facet normal 0 0 1
    outer loop
      vertex 27.5545 10.0459 6
      vertex 17.217 2.0488 6
      vertex 17.6628 1.87322 6
    endloop
  endfacet
  facet normal -0 0 1
    outer loop
      vertex 17.1126 24.1009 6
      vertex 19.3627 20.2039 6
      vertex 22.5088 27.2164 6
    endloop
  endfacet
  facet normal -0 0 1
    outer loop
      vertex 13.23 20.8 6
      vertex 19.3627 20.2039 6
      vertex 17.1126 24.1009 6
    endloop
  endfacet
  facet normal 0 0 1
    outer loop
      vertex 12.7961 21.9344 6
      vertex 17.1126 24.1009 6
      vertex 17.0858 24.1819 6
    endloop
  endfacet
  facet normal 0 0 1
    outer loop
      vertex 12.7961 21.9344 6
      vertex 17.0858 24.1819 6
      vertex 17.0127 24.4207 6
    endloop
  endfacet
  facet normal 0 0 1
    outer loop
      vertex 12.7961 21.9344 6
      vertex 17.0127 24.4207 6
      vertex 16.9451 24.6611 6
    endloop
  endfacet
  facet normal 0 0 1
    outer loop
      vertex 12.6174 22.1067 6
      vertex 16.9451 24.6611 6
      vertex 16.883 24.9029 6
    endloop
  endfacet
  facet normal 0 0 1
    outer loop
      vertex 12.6174 22.1067 6
      vertex 16.883 24.9029 6
      vertex 16.8265 25.1462 6
    endloop
  endfacet
  facet normal 0 0 1
    outer loop
      vertex 12.4156 22.2511 6
      vertex 16.8265 25.1462 6
      vertex 16.7755 25.3906 6
    endloop
  endfacet
  facet normal 0 0 1
    outer loop
      vertex 19.6184 19.9274 6
      vertex 12.7961 19.6656 6
      vertex 19.7934 19.7493 6
    endloop
  endfacet
  facet normal 0 0 1
    outer loop
      vertex 12.4156 22.2511 6
      vertex 16.7755 25.3906 6
      vertex 16.7301 25.6362 6
    endloop
  endfacet
  facet normal 0 0 1
    outer loop
      vertex 12.1949 22.3646 6
      vertex 16.7301 25.6362 6
      vertex 16.6903 25.8827 6
    endloop
  endfacet
  facet normal 0 0 1
    outer loop
      vertex 12.1949 22.3646 6
      vertex 16.6903 25.8827 6
      vertex 16.6562 26.1301 6
    endloop
  endfacet
  facet normal 0 0 1
    outer loop
      vertex 11.96 22.4447 6
      vertex 16.6562 26.1301 6
      vertex 16.6277 26.3782 6
    endloop
  endfacet
  facet normal 0 0 1
    outer loop
      vertex 11.96 22.4447 6
      vertex 16.6277 26.3782 6
      vertex 16.6049 26.6269 6
    endloop
  endfacet
  facet normal 0 0 1
    outer loop
      vertex 11.96 22.4447 6
      vertex 16.6049 26.6269 6
      vertex 16.5878 26.876 6
    endloop
  endfacet
  facet normal 0 0 1
    outer loop
      vertex 11.7159 22.4898 6
      vertex 16.5878 26.876 6
      vertex 16.5764 27.1255 6
    endloop
  endfacet
  facet normal 0 0 1
    outer loop
      vertex 11.7159 22.4898 6
      vertex 16.5764 27.1255 6
      vertex 16.5707 27.3751 6
    endloop
  endfacet
  facet normal 0 0 1
    outer loop
      vertex 16.7755 29.6094 6
      vertex 10.9811 22.4089 6
      vertex 16.7301 29.3638 6
    endloop
  endfacet
  facet normal 0 0 1
    outer loop
      vertex 27.5545 10.0459 6
      vertex 16.7744 2.23214 6
      vertex 17.217 2.0488 6
    endloop
  endfacet
  facet normal 0 0 1
    outer loop
      vertex 16.7301 29.3638 6
      vertex 10.9811 22.4089 6
      vertex 16.6903 29.1173 6
    endloop
  endfacet
  facet normal 0 0 1
    outer loop
      vertex 27.5545 10.0459 6
      vertex 16.3351 2.42318 6
      vertex 16.7744 2.23214 6
    endloop
  endfacet
  facet normal 0 0 1
    outer loop
      vertex 16.6903 29.1173 6
      vertex 10.9811 22.4089 6
      vertex 16.6562 28.8699 6
    endloop
  endfacet
  facet normal 0 -0 1
    outer loop
      vertex 11.2212 22.4717 6
      vertex 16.6562 28.8699 6
      vertex 10.9811 22.4089 6
    endloop
  endfacet
  facet normal 0 0 1
    outer loop
      vertex 27.5545 10.0459 6
      vertex 15.8991 2.62185 6
      vertex 16.3351 2.42318 6
    endloop
  endfacet
  facet normal 0 0 1
    outer loop
      vertex 16.6277 28.6218 6
      vertex 11.2212 22.4717 6
      vertex 16.6049 28.3731 6
    endloop
  endfacet
  facet normal 0 -0 1
    outer loop
      vertex 11.4679 22.4989 6
      vertex 16.5878 28.124 6
      vertex 11.2212 22.4717 6
    endloop
  endfacet
  facet normal 0 0 1
    outer loop
      vertex 22.8462 17.6102 6
      vertex 15.4667 2.8281 6
      vertex 15.8991 2.62185 6
    endloop
  endfacet
  facet normal 0 0 1
    outer loop
      vertex 16.5878 28.124 6
      vertex 11.4679 22.4989 6
      vertex 16.5764 27.8745 6
    endloop
  endfacet
  facet normal 0 0 1
    outer loop
      vertex 16.6049 28.3731 6
      vertex 11.2212 22.4717 6
      vertex 16.5878 28.124 6
    endloop
  endfacet
  facet normal 0 0 1
    outer loop
      vertex 10.7527 22.3119 6
      vertex 14.8345 39.541 6
      vertex 14.6975 39.748 6
    endloop
  endfacet
  facet normal 0 0 1
    outer loop
      vertex 22.6215 17.7191 6
      vertex 15.038 3.04187 6
      vertex 15.4667 2.8281 6
    endloop
  endfacet
  facet normal -0 0 1
    outer loop
      vertex 6.16734 44.7748 6
      vertex 14.5207 40.9496 6
      vertex 6.47208 45.1445 6
    endloop
  endfacet
  facet normal 0 0 1
    outer loop
      vertex 14.6975 41.412 6
      vertex 7.42434 46.2209 6
      vertex 14.5922 41.1873 6
    endloop
  endfacet
  facet normal -0 0 1
    outer loop
      vertex 7.75412 46.5684 6
      vertex 14.6975 41.412 6
      vertex 8.08992 46.9101 6
    endloop
  endfacet
  facet normal -0 0 1
    outer loop
      vertex 10.6001 49.1309 6
      vertex 15.4027 42.0919 6
      vertex 10.9802 49.4225 6
    endloop
  endfacet
  facet normal 0 0 1
    outer loop
      vertex 22.3993 17.8331 6
      vertex 14.613 3.26309 6
      vertex 15.038 3.04187 6
    endloop
  endfacet
  facet normal 0 0 1
    outer loop
      vertex 15.4027 42.0919 6
      vertex 10.6001 49.1309 6
      vertex 15.1908 41.9626 6
    endloop
  endfacet
  facet normal 0 0 1
    outer loop
      vertex 22.1798 17.9522 6
      vertex 14.192 3.49169 6
      vertex 14.613 3.26309 6
    endloop
  endfacet
  facet normal -0 0 1
    outer loop
      vertex 10.2252 48.8327 6
      vertex 15.1908 41.9626 6
      vertex 10.6001 49.1309 6
    endloop
  endfacet
  facet normal 0 0 1
    outer loop
      vertex 22.1798 17.9522 6
      vertex 13.775 3.7276 6
      vertex 14.192 3.49169 6
    endloop
  endfacet
  facet normal 0 0 1
    outer loop
      vertex 21.9631 18.0762 6
      vertex 13.3622 3.97076 6
      vertex 13.775 3.7276 6
    endloop
  endfacet
  facet normal 0 0 1
    outer loop
      vertex 17.1126 24.1009 6
      vertex 13.2119 21.0475 6
      vertex 13.23 20.8 6
    endloop
  endfacet
  facet normal 0 0 1
    outer loop
      vertex 17.1126 24.1009 6
      vertex 13.1579 21.2898 6
      vertex 13.2119 21.0475 6
    endloop
  endfacet
  facet normal 0 0 1
    outer loop
      vertex 17.1126 24.1009 6
      vertex 13.0693 21.5216 6
      vertex 13.1579 21.2898 6
    endloop
  endfacet
  facet normal -0 0 1
    outer loop
      vertex 9.85548 48.5279 6
      vertex 15.1908 41.9626 6
      vertex 10.2252 48.8327 6
    endloop
  endfacet
  facet normal 0 0 1
    outer loop
      vertex 17.1126 24.1009 6
      vertex 12.9478 21.738 6
      vertex 13.0693 21.5216 6
    endloop
  endfacet
  facet normal 0 0 1
    outer loop
      vertex 17.1126 24.1009 6
      vertex 12.7961 21.9344 6
      vertex 12.9478 21.738 6
    endloop
  endfacet
  facet normal 0 0 1
    outer loop
      vertex 16.9451 24.6611 6
      vertex 12.6174 22.1067 6
      vertex 12.7961 21.9344 6
    endloop
  endfacet
  facet normal 0 0 1
    outer loop
      vertex 15.1908 41.9626 6
      vertex 9.85548 48.5279 6
      vertex 15.0001 41.8038 6
    endloop
  endfacet
  facet normal 0 0 1
    outer loop
      vertex 16.8265 25.1462 6
      vertex 12.4156 22.2511 6
      vertex 12.6174 22.1067 6
    endloop
  endfacet
  facet normal -0 0 1
    outer loop
      vertex 9.49118 48.2168 6
      vertex 15.0001 41.8038 6
      vertex 9.85548 48.5279 6
    endloop
  endfacet
  facet normal -0 0 1
    outer loop
      vertex 9.13237 47.8993 6
      vertex 15.0001 41.8038 6
      vertex 9.49118 48.2168 6
    endloop
  endfacet
  facet normal -0 0 1
    outer loop
      vertex 8.77915 47.5757 6
      vertex 15.0001 41.8038 6
      vertex 9.13237 47.8993 6
    endloop
  endfacet
  facet normal 0 0 1
    outer loop
      vertex 15.0001 41.8038 6
      vertex 8.77915 47.5757 6
      vertex 14.8345 41.619 6
    endloop
  endfacet
  facet normal -0 0 1
    outer loop
      vertex 8.43163 47.2459 6
      vertex 14.8345 41.619 6
      vertex 8.77915 47.5757 6
    endloop
  endfacet
  facet normal -0 0 1
    outer loop
      vertex 8.08992 46.9101 6
      vertex 14.8345 41.619 6
      vertex 8.43163 47.2459 6
    endloop
  endfacet
  facet normal 0 0 1
    outer loop
      vertex 14.8345 41.619 6
      vertex 8.08992 46.9101 6
      vertex 14.6975 41.412 6
    endloop
  endfacet
  facet normal -0 0 1
    outer loop
      vertex 7.42434 46.2209 6
      vertex 14.6975 41.412 6
      vertex 7.75412 46.5684 6
    endloop
  endfacet
  facet normal 0 0 1
    outer loop
      vertex 16.7301 25.6362 6
      vertex 12.1949 22.3646 6
      vertex 12.4156 22.2511 6
    endloop
  endfacet
  facet normal 0 0 1
    outer loop
      vertex 16.6562 26.1301 6
      vertex 11.96 22.4447 6
      vertex 12.1949 22.3646 6
    endloop
  endfacet
  facet normal 0 0 1
    outer loop
      vertex 16.5878 26.876 6
      vertex 11.7159 22.4898 6
      vertex 11.96 22.4447 6
    endloop
  endfacet
  facet normal 0 0 1
    outer loop
      vertex 16.5707 27.3751 6
      vertex 11.4679 22.4989 6
      vertex 11.7159 22.4898 6
    endloop
  endfacet
  facet normal 0 0 1
    outer loop
      vertex 16.5707 27.6249 6
      vertex 11.4679 22.4989 6
      vertex 16.5707 27.3751 6
    endloop
  endfacet
  facet normal 0 0 1
    outer loop
      vertex 16.5764 27.8745 6
      vertex 11.4679 22.4989 6
      vertex 16.5707 27.6249 6
    endloop
  endfacet
  facet normal 0 0 1
    outer loop
      vertex 16.6562 28.8699 6
      vertex 11.2212 22.4717 6
      vertex 16.6277 28.6218 6
    endloop
  endfacet
  facet normal 0 0 1
    outer loop
      vertex 14.6975 39.748 6
      vertex 10.5408 22.1826 6
      vertex 10.7527 22.3119 6
    endloop
  endfacet
  facet normal -0 0 1
    outer loop
      vertex 5.86911 44.3999 6
      vertex 14.5207 40.9496 6
      vertex 6.16734 44.7748 6
    endloop
  endfacet
  facet normal -0 0 1
    outer loop
      vertex 7.10067 45.8676 6
      vertex 14.5922 41.1873 6
      vertex 7.42434 46.2209 6
    endloop
  endfacet
  facet normal -0 0 1
    outer loop
      vertex 6.78322 45.5088 6
      vertex 14.5922 41.1873 6
      vertex 7.10067 45.8676 6
    endloop
  endfacet
  facet normal 0 0 1
    outer loop
      vertex 14.5922 41.1873 6
      vertex 6.78322 45.5088 6
      vertex 14.5207 40.9496 6
    endloop
  endfacet
  facet normal -0 0 1
    outer loop
      vertex 6.47208 45.1445 6
      vertex 14.5207 40.9496 6
      vertex 6.78322 45.5088 6
    endloop
  endfacet
  facet normal -0 0 1
    outer loop
      vertex 5.57746 44.0198 6
      vertex 14.4845 40.7041 6
      vertex 5.86911 44.3999 6
    endloop
  endfacet
  facet normal 0 0 1
    outer loop
      vertex 14.5207 40.9496 6
      vertex 5.86911 44.3999 6
      vertex 14.4845 40.7041 6
    endloop
  endfacet
  facet normal 0 0 1
    outer loop
      vertex 19.2807 34.7047 6
      vertex 16.61 38.9353 6
      vertex 19.1182 34.515 6
    endloop
  endfacet
  facet normal -0 0 1
    outer loop
      vertex 16.3659 38.8902 6
      vertex 19.1182 34.515 6
      vertex 16.61 38.9353 6
    endloop
  endfacet
  facet normal 0 0 1
    outer loop
      vertex 19.1182 34.515 6
      vertex 16.3659 38.8902 6
      vertex 18.9601 34.3217 6
    endloop
  endfacet
  facet normal 0 0 1
    outer loop
      vertex 18.9601 34.3217 6
      vertex 16.3659 38.8902 6
      vertex 18.8065 34.1248 6
    endloop
  endfacet
  facet normal -0 0 1
    outer loop
      vertex 16.1179 38.8811 6
      vertex 18.8065 34.1248 6
      vertex 16.3659 38.8902 6
    endloop
  endfacet
  facet normal 0 0 1
    outer loop
      vertex 18.8065 34.1248 6
      vertex 16.1179 38.8811 6
      vertex 18.6574 33.9245 6
    endloop
  endfacet
  facet normal 0 0 1
    outer loop
      vertex 18.6574 33.9245 6
      vertex 16.1179 38.8811 6
      vertex 18.513 33.7208 6
    endloop
  endfacet
  facet normal 0 0 1
    outer loop
      vertex 18.513 33.7208 6
      vertex 16.1179 38.8811 6
      vertex 18.3732 33.5139 6
    endloop
  endfacet
  facet normal 0 0 1
    outer loop
      vertex 15.8712 38.9083 6
      vertex 18.3732 33.5139 6
      vertex 16.1179 38.8811 6
    endloop
  endfacet
  facet normal 0 0 1
    outer loop
      vertex 18.3732 33.5139 6
      vertex 15.8712 38.9083 6
      vertex 18.2382 33.3038 6
    endloop
  endfacet
  facet normal 0 0 1
    outer loop
      vertex 18.2382 33.3038 6
      vertex 15.8712 38.9083 6
      vertex 18.108 33.0907 6
    endloop
  endfacet
  facet normal 0 0 1
    outer loop
      vertex 15.6311 38.9711 6
      vertex 18.108 33.0907 6
      vertex 15.8712 38.9083 6
    endloop
  endfacet
  facet normal 0 0 1
    outer loop
      vertex 18.108 33.0907 6
      vertex 15.6311 38.9711 6
      vertex 17.9827 32.8746 6
    endloop
  endfacet
  facet normal 0 0 1
    outer loop
      vertex 17.9827 32.8746 6
      vertex 15.6311 38.9711 6
      vertex 17.8624 32.6558 6
    endloop
  endfacet
  facet normal 0 0 1
    outer loop
      vertex 17.8624 32.6558 6
      vertex 15.6311 38.9711 6
      vertex 17.7472 32.4343 6
    endloop
  endfacet
  facet normal 0 0 1
    outer loop
      vertex 15.4027 39.0681 6
      vertex 17.7472 32.4343 6
      vertex 15.6311 38.9711 6
    endloop
  endfacet
  facet normal 0 0 1
    outer loop
      vertex 17.7472 32.4343 6
      vertex 15.4027 39.0681 6
      vertex 17.637 32.2102 6
    endloop
  endfacet
  facet normal 0 0 1
    outer loop
      vertex 17.637 32.2102 6
      vertex 15.4027 39.0681 6
      vertex 17.5319 31.9836 6
    endloop
  endfacet
  facet normal 0 0 1
    outer loop
      vertex 15.1908 39.1974 6
      vertex 17.5319 31.9836 6
      vertex 15.4027 39.0681 6
    endloop
  endfacet
  facet normal 0 0 1
    outer loop
      vertex 17.5319 31.9836 6
      vertex 15.1908 39.1974 6
      vertex 17.4321 31.7547 6
    endloop
  endfacet
  facet normal 0 0 1
    outer loop
      vertex 17.4321 31.7547 6
      vertex 15.1908 39.1974 6
      vertex 17.3375 31.5236 6
    endloop
  endfacet
  facet normal 0 0 1
    outer loop
      vertex 17.3375 31.5236 6
      vertex 15.1908 39.1974 6
      vertex 17.2483 31.2904 6
    endloop
  endfacet
  facet normal 0 0 1
    outer loop
      vertex 15.0001 39.3562 6
      vertex 17.2483 31.2904 6
      vertex 15.1908 39.1974 6
    endloop
  endfacet
  facet normal 0 0 1
    outer loop
      vertex 17.2483 31.2904 6
      vertex 15.0001 39.3562 6
      vertex 17.1644 31.0552 6
    endloop
  endfacet
  facet normal 0 0 1
    outer loop
      vertex 17.1644 31.0552 6
      vertex 15.0001 39.3562 6
      vertex 17.0858 30.8181 6
    endloop
  endfacet
  facet normal 0 0 1
    outer loop
      vertex 17.0858 30.8181 6
      vertex 15.0001 39.3562 6
      vertex 17.0127 30.5793 6
    endloop
  endfacet
  facet normal 0 0 1
    outer loop
      vertex 17.0127 30.5793 6
      vertex 15.0001 39.3562 6
      vertex 16.9451 30.3389 6
    endloop
  endfacet
  facet normal 0 0 1
    outer loop
      vertex 14.8345 39.541 6
      vertex 16.9451 30.3389 6
      vertex 15.0001 39.3562 6
    endloop
  endfacet
  facet normal 0 0 1
    outer loop
      vertex 16.9451 30.3389 6
      vertex 14.8345 39.541 6
      vertex 16.883 30.0971 6
    endloop
  endfacet
  facet normal 0 0 1
    outer loop
      vertex 16.883 30.0971 6
      vertex 14.8345 39.541 6
      vertex 16.8265 29.8538 6
    endloop
  endfacet
  facet normal 0 0 1
    outer loop
      vertex 10.7527 22.3119 6
      vertex 16.8265 29.8538 6
      vertex 14.8345 39.541 6
    endloop
  endfacet
  facet normal 0 -0 1
    outer loop
      vertex 10.9811 22.4089 6
      vertex 16.7755 29.6094 6
      vertex 10.7527 22.3119 6
    endloop
  endfacet
  facet normal 0 0 1
    outer loop
      vertex 16.8265 29.8538 6
      vertex 10.7527 22.3119 6
      vertex 16.7755 29.6094 6
    endloop
  endfacet
  facet normal -0 0 1
    outer loop
      vertex 38.2479 25.5133 6
      vertex 43.1822 24.2073 6
      vertex 38.2905 25.7593 6
    endloop
  endfacet
  facet normal -0 0 1
    outer loop
      vertex 38.1997 25.2683 6
      vertex 43.1822 24.2073 6
      vertex 38.2479 25.5133 6
    endloop
  endfacet
  facet normal 0 0 1
    outer loop
      vertex 43.1822 24.2073 6
      vertex 38.1997 25.2683 6
      vertex 43.1107 23.9696 6
    endloop
  endfacet
  facet normal -0 0 1
    outer loop
      vertex 38.146 25.0244 6
      vertex 43.1107 23.9696 6
      vertex 38.1997 25.2683 6
    endloop
  endfacet
  facet normal -0 0 1
    outer loop
      vertex 38.0866 24.7818 6
      vertex 43.1107 23.9696 6
      vertex 38.146 25.0244 6
    endloop
  endfacet
  facet normal 0 0 1
    outer loop
      vertex 43.1107 23.9696 6
      vertex 38.0866 24.7818 6
      vertex 43.0745 23.7241 6
    endloop
  endfacet
  facet normal -0 0 1
    outer loop
      vertex 38.0218 24.5407 6
      vertex 43.0745 23.7241 6
      vertex 38.0866 24.7818 6
    endloop
  endfacet
  facet normal -0 0 1
    outer loop
      vertex 37.9514 24.3011 6
      vertex 43.0745 23.7241 6
      vertex 38.0218 24.5407 6
    endloop
  endfacet
  facet normal 0 0 1
    outer loop
      vertex 43.0745 23.7241 6
      vertex 37.9514 24.3011 6
      vertex 43.0745 23.4759 6
    endloop
  endfacet
  facet normal -0 0 1
    outer loop
      vertex 37.8876 24.1008 6
      vertex 43.0745 23.4759 6
      vertex 37.9514 24.3011 6
    endloop
  endfacet
  facet normal 0 0 1
    outer loop
      vertex 43.0745 23.4759 6
      vertex 37.8876 24.1008 6
      vertex 43.1107 23.2304 6
    endloop
  endfacet
  facet normal 0 0 1
    outer loop
      vertex 43.1107 23.2304 6
      vertex 37.8876 24.1008 6
      vertex 43.1822 22.9927 6
    endloop
  endfacet
  facet normal 0 0 1
    outer loop
      vertex 43.1822 22.9927 6
      vertex 37.8876 24.1008 6
      vertex 43.2875 22.768 6
    endloop
  endfacet
  facet normal 0 0 1
    outer loop
      vertex 35.6379 20.2035 6
      vertex 43.2875 22.768 6
      vertex 37.8876 24.1008 6
    endloop
  endfacet
  facet normal 0 0 1
    outer loop
      vertex 35.6365 20.2019 6
      vertex 43.2875 22.768 6
      vertex 35.6379 20.2035 6
    endloop
  endfacet
  facet normal 0 0 1
    outer loop
      vertex 35.4676 20.0179 6
      vertex 43.2875 22.768 6
      vertex 35.6365 20.2019 6
    endloop
  endfacet
  facet normal 0 0 1
    outer loop
      vertex 35.2946 19.8378 6
      vertex 43.2875 22.768 6
      vertex 35.4676 20.0179 6
    endloop
  endfacet
  facet normal 0 0 1
    outer loop
      vertex 43.2875 22.768 6
      vertex 35.2946 19.8378 6
      vertex 38.6649 2.42318 6
    endloop
  endfacet
  facet normal -0 0 1
    outer loop
      vertex 35.1175 19.6618 6
      vertex 38.6649 2.42318 6
      vertex 35.2946 19.8378 6
    endloop
  endfacet
  facet normal -0 0 1
    outer loop
      vertex 34.9365 19.4898 6
      vertex 38.6649 2.42318 6
      vertex 35.1175 19.6618 6
    endloop
  endfacet
  facet normal -0 0 1
    outer loop
      vertex 34.7515 19.322 6
      vertex 38.6649 2.42318 6
      vertex 34.9365 19.4898 6
    endloop
  endfacet
  facet normal 0 0 1
    outer loop
      vertex 32.4912 27.2164 6
      vertex 35.6379 20.2035 6
      vertex 37.8876 24.1008 6
    endloop
  endfacet
  facet normal 0 0 1
    outer loop
      vertex 32.4442 28.2452 6
      vertex 32.4912 27.2164 6
      vertex 32.4752 27.9978 6
    endloop
  endfacet
  facet normal 0 0 1
    outer loop
      vertex 32.4009 28.4907 6
      vertex 32.4912 27.2164 6
      vertex 32.4442 28.2452 6
    endloop
  endfacet
  facet normal 0 0 1
    outer loop
      vertex 32.3454 28.7338 6
      vertex 32.4912 27.2164 6
      vertex 32.4009 28.4907 6
    endloop
  endfacet
  facet normal 0 0 1
    outer loop
      vertex 32.2779 28.9738 6
      vertex 32.4912 27.2164 6
      vertex 32.3454 28.7338 6
    endloop
  endfacet
  facet normal 0 0 1
    outer loop
      vertex 32.1985 29.2101 6
      vertex 32.4912 27.2164 6
      vertex 32.2779 28.9738 6
    endloop
  endfacet
  facet normal 0 0 1
    outer loop
      vertex 32.1074 29.4422 6
      vertex 32.4912 27.2164 6
      vertex 32.1985 29.2101 6
    endloop
  endfacet
  facet normal 0 0 1
    outer loop
      vertex 32.0048 29.6694 6
      vertex 32.4912 27.2164 6
      vertex 32.1074 29.4422 6
    endloop
  endfacet
  facet normal 0 0 1
    outer loop
      vertex 31.8911 29.8913 6
      vertex 32.4912 27.2164 6
      vertex 32.0048 29.6694 6
    endloop
  endfacet
  facet normal 0 0 1
    outer loop
      vertex 31.7665 30.1072 6
      vertex 32.4912 27.2164 6
      vertex 31.8911 29.8913 6
    endloop
  endfacet
  facet normal 0 0 1
    outer loop
      vertex 31.6312 30.3166 6
      vertex 32.4912 27.2164 6
      vertex 31.7665 30.1072 6
    endloop
  endfacet
  facet normal 0 0 1
    outer loop
      vertex 31.4857 30.519 6
      vertex 32.4912 27.2164 6
      vertex 31.6312 30.3166 6
    endloop
  endfacet
  facet normal 0 0 1
    outer loop
      vertex 31.3302 30.7139 6
      vertex 32.4912 27.2164 6
      vertex 31.4857 30.519 6
    endloop
  endfacet
  facet normal 0 0 1
    outer loop
      vertex 31.1653 30.9009 6
      vertex 32.4912 27.2164 6
      vertex 31.3302 30.7139 6
    endloop
  endfacet
  facet normal 0 0 1
    outer loop
      vertex 30.9912 31.0793 6
      vertex 32.4912 27.2164 6
      vertex 31.1653 30.9009 6
    endloop
  endfacet
  facet normal 0 0 1
    outer loop
      vertex 30.8084 31.2489 6
      vertex 32.4912 27.2164 6
      vertex 30.9912 31.0793 6
    endloop
  endfacet
  facet normal 0 0 1
    outer loop
      vertex 30.6174 31.4092 6
      vertex 32.4912 27.2164 6
      vertex 30.8084 31.2489 6
    endloop
  endfacet
  facet normal 0 0 1
    outer loop
      vertex 30.4187 31.5597 6
      vertex 32.4912 27.2164 6
      vertex 30.6174 31.4092 6
    endloop
  endfacet
  facet normal 0 0 1
    outer loop
      vertex 30.2412 23.3193 6
      vertex 32.4912 27.2164 6
      vertex 30.4187 31.5597 6
    endloop
  endfacet
  facet normal 0 0 1
    outer loop
      vertex 32.4912 27.2164 6
      vertex 30.2412 23.3193 6
      vertex 35.6379 20.2035 6
    endloop
  endfacet
  facet normal 0 0 1
    outer loop
      vertex 30.2127 31.7001 6
      vertex 30.2412 23.3193 6
      vertex 30.4187 31.5597 6
    endloop
  endfacet
  facet normal 0 0 1
    outer loop
      vertex 30 31.8301 6
      vertex 30.2412 23.3193 6
      vertex 30.2127 31.7001 6
    endloop
  endfacet
  facet normal 0 0 1
    outer loop
      vertex 30 23.1699 6
      vertex 30.2412 23.3193 6
      vertex 30 31.8301 6
    endloop
  endfacet
  facet normal 0 0 1
    outer loop
      vertex 30.2412 23.3193 6
      vertex 30 23.1699 6
      vertex 30.2127 23.2999 6
    endloop
  endfacet
  facet normal 0 0 1
    outer loop
      vertex 29.75 31.9643 6
      vertex 30 31.8301 6
      vertex 29.7811 31.9494 6
    endloop
  endfacet
  facet normal 0 0 1
    outer loop
      vertex 30 31.8301 6
      vertex 29.75 31.9643 6
      vertex 30 23.1699 6
    endloop
  endfacet
  facet normal 0 0 1
    outer loop
      vertex 30 23.1699 6
      vertex 29.75 31.9643 6
      vertex 29.7811 23.0506 6
    endloop
  endfacet
  facet normal 0 0 1
    outer loop
      vertex 29.7811 23.0506 6
      vertex 29.75 31.9643 6
      vertex 29.5564 22.9425 6
    endloop
  endfacet
  facet normal 0 0 1
    outer loop
      vertex 51.2724 41.225 6
      vertex 37.8278 41.382 6
      vertex 51.5083 40.808 6
    endloop
  endfacet
  facet normal 0 0 1
    outer loop
      vertex 51.5083 40.808 6
      vertex 37.8278 41.382 6
      vertex 51.7369 40.387 6
    endloop
  endfacet
  facet normal 0 0 1
    outer loop
      vertex 51.9581 39.962 6
      vertex 38.0866 30.2182 6
      vertex 38.146 29.9756 6
    endloop
  endfacet
  facet normal 0 0 1
    outer loop
      vertex 51.9581 39.962 6
      vertex 38.0218 30.4593 6
      vertex 38.0866 30.2182 6
    endloop
  endfacet
  facet normal 0 0 1
    outer loop
      vertex 51.9581 39.962 6
      vertex 37.9514 30.6989 6
      vertex 38.0218 30.4593 6
    endloop
  endfacet
  facet normal 0 0 1
    outer loop
      vertex 37.1958 32.5454 6
      vertex 51.7369 40.387 6
      vertex 37.8278 41.382 6
    endloop
  endfacet
  facet normal 0 0 1
    outer loop
      vertex 51.9581 39.962 6
      vertex 37.8756 30.9369 6
      vertex 37.9514 30.6989 6
    endloop
  endfacet
  facet normal 0 0 1
    outer loop
      vertex 51.7369 40.387 6
      vertex 37.1958 32.5454 6
      vertex 51.9581 39.962 6
    endloop
  endfacet
  facet normal 0 0 1
    outer loop
      vertex 51.9581 39.962 6
      vertex 37.7944 31.173 6
      vertex 37.8756 30.9369 6
    endloop
  endfacet
  facet normal 0 0 1
    outer loop
      vertex 51.9581 39.962 6
      vertex 37.7078 31.4072 6
      vertex 37.7944 31.173 6
    endloop
  endfacet
  facet normal 0 0 1
    outer loop
      vertex 37.078 32.7656 6
      vertex 37.8278 41.382 6
      vertex 37.6761 41.1856 6
    endloop
  endfacet
  facet normal 0 0 1
    outer loop
      vertex 51.9581 39.962 6
      vertex 37.6158 31.6394 6
      vertex 37.7078 31.4072 6
    endloop
  endfacet
  facet normal 0 0 1
    outer loop
      vertex 51.9581 39.962 6
      vertex 37.5186 31.8695 6
      vertex 37.6158 31.6394 6
    endloop
  endfacet
  facet normal 0 0 1
    outer loop
      vertex 36.6949 33.4092 6
      vertex 37.6761 41.1856 6
      vertex 37.4974 41.0133 6
    endloop
  endfacet
  facet normal 0 0 1
    outer loop
      vertex 51.9581 39.962 6
      vertex 37.4162 32.0972 6
      vertex 37.5186 31.8695 6
    endloop
  endfacet
  facet normal 0 0 1
    outer loop
      vertex 51.9581 39.962 6
      vertex 37.3086 32.3225 6
      vertex 37.4162 32.0972 6
    endloop
  endfacet
  facet normal 0 0 1
    outer loop
      vertex 36.2686 34.0251 6
      vertex 37.4974 41.0133 6
      vertex 37.2956 40.8689 6
    endloop
  endfacet
  facet normal 0 0 1
    outer loop
      vertex 51.9581 39.962 6
      vertex 37.1958 32.5454 6
      vertex 37.3086 32.3225 6
    endloop
  endfacet
  facet normal 0 0 1
    outer loop
      vertex 37.8278 41.382 6
      vertex 37.078 32.7656 6
      vertex 37.1958 32.5454 6
    endloop
  endfacet
  facet normal 0 0 1
    outer loop
      vertex 35.9614 34.4188 6
      vertex 37.2956 40.8689 6
      vertex 37.0749 40.7554 6
    endloop
  endfacet
  facet normal 0 0 1
    outer loop
      vertex 37.6761 41.1856 6
      vertex 36.9552 32.983 6
      vertex 37.078 32.7656 6
    endloop
  endfacet
  facet normal 0 0 1
    outer loop
      vertex 35.4676 34.9821 6
      vertex 37.0749 40.7554 6
      vertex 36.84 40.6753 6
    endloop
  endfacet
  facet normal 0 0 1
    outer loop
      vertex 37.6761 41.1856 6
      vertex 36.8275 33.1976 6
      vertex 36.9552 32.983 6
    endloop
  endfacet
  facet normal 0 0 1
    outer loop
      vertex 37.6761 41.1856 6
      vertex 36.6949 33.4092 6
      vertex 36.8275 33.1976 6
    endloop
  endfacet
  facet normal 0 0 1
    outer loop
      vertex 35.1175 35.3382 6
      vertex 36.84 40.6753 6
      vertex 36.5959 40.6302 6
    endloop
  endfacet
  facet normal 0 0 1
    outer loop
      vertex 37.4974 41.0133 6
      vertex 36.5575 33.6177 6
      vertex 36.6949 33.4092 6
    endloop
  endfacet
  facet normal 0 0 1
    outer loop
      vertex 37.4974 41.0133 6
      vertex 36.4154 33.8231 6
      vertex 36.5575 33.6177 6
    endloop
  endfacet
  facet normal 0 0 1
    outer loop
      vertex 34.7515 35.678 6
      vertex 36.5959 40.6302 6
      vertex 36.3479 40.6211 6
    endloop
  endfacet
  facet normal 0 0 1
    outer loop
      vertex 37.4974 41.0133 6
      vertex 36.2686 34.0251 6
      vertex 36.4154 33.8231 6
    endloop
  endfacet
  facet normal 0 0 1
    outer loop
      vertex 37.2956 40.8689 6
      vertex 36.1172 34.2237 6
      vertex 36.2686 34.0251 6
    endloop
  endfacet
  facet normal 0 0 1
    outer loop
      vertex 34.3704 36.0007 6
      vertex 36.3479 40.6211 6
      vertex 36.1012 40.6483 6
    endloop
  endfacet
  facet normal 0 0 1
    outer loop
      vertex 37.2956 40.8689 6
      vertex 35.9614 34.4188 6
      vertex 36.1172 34.2237 6
    endloop
  endfacet
  facet normal 0 0 1
    outer loop
      vertex 33.9749 36.3057 6
      vertex 36.1012 40.6483 6
      vertex 35.8611 40.7111 6
    endloop
  endfacet
  facet normal 0 0 1
    outer loop
      vertex 37.0749 40.7554 6
      vertex 35.8011 34.6103 6
      vertex 35.9614 34.4188 6
    endloop
  endfacet
  facet normal 0 0 1
    outer loop
      vertex 37.0749 40.7554 6
      vertex 35.6365 34.7981 6
      vertex 35.8011 34.6103 6
    endloop
  endfacet
  facet normal 0 0 1
    outer loop
      vertex 33.5659 36.5923 6
      vertex 35.8611 40.7111 6
      vertex 35.6327 40.8081 6
    endloop
  endfacet
  facet normal 0 0 1
    outer loop
      vertex 37.0749 40.7554 6
      vertex 35.4676 34.9821 6
      vertex 35.6365 34.7981 6
    endloop
  endfacet
  facet normal 0 0 1
    outer loop
      vertex 33.1442 36.8599 6
      vertex 35.6327 40.8081 6
      vertex 35.4208 40.9374 6
    endloop
  endfacet
  facet normal 0 0 1
    outer loop
      vertex 36.84 40.6753 6
      vertex 35.2946 35.1622 6
      vertex 35.4676 34.9821 6
    endloop
  endfacet
  facet normal 0 0 1
    outer loop
      vertex 32.7108 37.108 6
      vertex 35.4208 40.9374 6
      vertex 35.2301 41.0962 6
    endloop
  endfacet
  facet normal 0 0 1
    outer loop
      vertex 36.84 40.6753 6
      vertex 35.1175 35.3382 6
      vertex 35.2946 35.1622 6
    endloop
  endfacet
  facet normal 0 0 1
    outer loop
      vertex 32.2664 37.336 6
      vertex 35.2301 41.0962 6
      vertex 35.0645 41.281 6
    endloop
  endfacet
  facet normal 0 0 1
    outer loop
      vertex 36.5959 40.6302 6
      vertex 34.9365 35.5102 6
      vertex 35.1175 35.3382 6
    endloop
  endfacet
  facet normal 0 0 1
    outer loop
      vertex 31.8122 37.5434 6
      vertex 35.0645 41.281 6
      vertex 34.9275 41.488 6
    endloop
  endfacet
  facet normal 0 0 1
    outer loop
      vertex 31.3489 37.7299 6
      vertex 34.9275 41.488 6
      vertex 34.8222 41.7127 6
    endloop
  endfacet
  facet normal 0 0 1
    outer loop
      vertex 36.5959 40.6302 6
      vertex 34.7515 35.678 6
      vertex 34.9365 35.5102 6
    endloop
  endfacet
  facet normal 0 0 1
    outer loop
      vertex 30.8776 37.895 6
      vertex 34.8222 41.7127 6
      vertex 34.7507 41.9504 6
    endloop
  endfacet
  facet normal 0 0 1
    outer loop
      vertex 30.3992 38.0385 6
      vertex 34.7507 41.9504 6
      vertex 34.7145 42.1959 6
    endloop
  endfacet
  facet normal 0 0 1
    outer loop
      vertex 31.3203 54.6829 6
      vertex 35.2301 43.5438 6
      vertex 31.7941 54.612 6
    endloop
  endfacet
  facet normal 0 0 1
    outer loop
      vertex 36.3479 40.6211 6
      vertex 34.5628 35.8416 6
      vertex 34.7515 35.678 6
    endloop
  endfacet
  facet normal 0 0 1
    outer loop
      vertex 36.3479 40.6211 6
      vertex 34.3704 36.0007 6
      vertex 34.5628 35.8416 6
    endloop
  endfacet
  facet normal 0 0 1
    outer loop
      vertex 36.1012 40.6483 6
      vertex 34.1744 36.1555 6
      vertex 34.3704 36.0007 6
    endloop
  endfacet
  facet normal 0 0 1
    outer loop
      vertex 30.8453 54.7454 6
      vertex 35.2301 43.5438 6
      vertex 31.3203 54.6829 6
    endloop
  endfacet
  facet normal 0 0 1
    outer loop
      vertex 36.1012 40.6483 6
      vertex 33.9749 36.3057 6
      vertex 34.1744 36.1555 6
    endloop
  endfacet
  facet normal 0 0 1
    outer loop
      vertex 35.8611 40.7111 6
      vertex 33.772 36.4513 6
      vertex 33.9749 36.3057 6
    endloop
  endfacet
  facet normal 0 0 1
    outer loop
      vertex 35.2301 43.5438 6
      vertex 30.8453 54.7454 6
      vertex 35.0645 43.359 6
    endloop
  endfacet
  facet normal 0 0 1
    outer loop
      vertex 35.8611 40.7111 6
      vertex 33.5659 36.5923 6
      vertex 33.772 36.4513 6
    endloop
  endfacet
  facet normal 0 0 1
    outer loop
      vertex 35.6327 40.8081 6
      vertex 33.3566 36.7285 6
      vertex 33.5659 36.5923 6
    endloop
  endfacet
  facet normal 0 0 1
    outer loop
      vertex 30.3693 54.7996 6
      vertex 35.0645 43.359 6
      vertex 30.8453 54.7454 6
    endloop
  endfacet
  facet normal 0 0 1
    outer loop
      vertex 35.6327 40.8081 6
      vertex 33.1442 36.8599 6
      vertex 33.3566 36.7285 6
    endloop
  endfacet
  facet normal 0 0 1
    outer loop
      vertex 35.4208 40.9374 6
      vertex 32.9289 36.9864 6
      vertex 33.1442 36.8599 6
    endloop
  endfacet
  facet normal 0 0 1
    outer loop
      vertex 29.8924 54.8455 6
      vertex 35.0645 43.359 6
      vertex 30.3693 54.7996 6
    endloop
  endfacet
  facet normal 0 0 1
    outer loop
      vertex 35.4208 40.9374 6
      vertex 32.7108 37.108 6
      vertex 32.9289 36.9864 6
    endloop
  endfacet
  facet normal 0 0 1
    outer loop
      vertex 35.2301 41.0962 6
      vertex 32.4899 37.2245 6
      vertex 32.7108 37.108 6
    endloop
  endfacet
  facet normal 0 0 1
    outer loop
      vertex 29.4148 54.8831 6
      vertex 35.0645 43.359 6
      vertex 29.8924 54.8455 6
    endloop
  endfacet
  facet normal 0 0 1
    outer loop
      vertex 35.2301 41.0962 6
      vertex 32.2664 37.336 6
      vertex 32.4899 37.2245 6
    endloop
  endfacet
  facet normal 0 0 1
    outer loop
      vertex 35.0645 41.281 6
      vertex 32.0405 37.4423 6
      vertex 32.2664 37.336 6
    endloop
  endfacet
  facet normal 0 0 1
    outer loop
      vertex 35.0645 41.281 6
      vertex 31.8122 37.5434 6
      vertex 32.0405 37.4423 6
    endloop
  endfacet
  facet normal 0 0 1
    outer loop
      vertex 35.0645 43.359 6
      vertex 29.4148 54.8831 6
      vertex 34.9275 43.152 6
    endloop
  endfacet
  facet normal 0 0 1
    outer loop
      vertex 34.9275 41.488 6
      vertex 31.5816 37.6393 6
      vertex 31.8122 37.5434 6
    endloop
  endfacet
  facet normal 0 0 1
    outer loop
      vertex 34.9275 41.488 6
      vertex 31.3489 37.7299 6
      vertex 31.5816 37.6393 6
    endloop
  endfacet
  facet normal 0 0 1
    outer loop
      vertex 28.9366 54.9124 6
      vertex 34.9275 43.152 6
      vertex 29.4148 54.8831 6
    endloop
  endfacet
  facet normal 0 0 1
    outer loop
      vertex 34.8222 41.7127 6
      vertex 31.1142 37.8152 6
      vertex 31.3489 37.7299 6
    endloop
  endfacet
  facet normal 0 0 1
    outer loop
      vertex 34.8222 41.7127 6
      vertex 30.8776 37.895 6
      vertex 31.1142 37.8152 6
    endloop
  endfacet
  facet normal 0 0 1
    outer loop
      vertex 28.458 54.9333 6
      vertex 34.9275 43.152 6
      vertex 28.9366 54.9124 6
    endloop
  endfacet
  facet normal 0 0 1
    outer loop
      vertex 34.7507 41.9504 6
      vertex 30.6392 37.9695 6
      vertex 30.8776 37.895 6
    endloop
  endfacet
  facet normal 0 0 1
    outer loop
      vertex 34.7507 41.9504 6
      vertex 30.3992 38.0385 6
      vertex 30.6392 37.9695 6
    endloop
  endfacet
  facet normal 0 0 1
    outer loop
      vertex 27.9791 54.9458 6
      vertex 34.9275 43.152 6
      vertex 28.458 54.9333 6
    endloop
  endfacet
  facet normal 0 0 1
    outer loop
      vertex 34.7145 42.1959 6
      vertex 30.1577 38.102 6
      vertex 30.3992 38.0385 6
    endloop
  endfacet
  facet normal 0 0 1
    outer loop
      vertex 34.7145 42.1959 6
      vertex 29.9148 38.1599 6
      vertex 30.1577 38.102 6
    endloop
  endfacet
  facet normal 0 0 1
    outer loop
      vertex 27.5 54.95 6
      vertex 34.9275 43.152 6
      vertex 27.9791 54.9458 6
    endloop
  endfacet
  facet normal 0 0 1
    outer loop
      vertex 34.7145 42.1959 6
      vertex 29.75 38.1953 6
      vertex 29.9148 38.1599 6
    endloop
  endfacet
  facet normal 0 0 1
    outer loop
      vertex 25.25 38.1955 6
      vertex 29.75 31.9643 6
      vertex 29.75 38.1953 6
    endloop
  endfacet
  facet normal 0 0 1
    outer loop
      vertex 34.9275 43.152 6
      vertex 27.5 54.95 6
      vertex 34.8222 42.9273 6
    endloop
  endfacet
  facet normal -0 0 1
    outer loop
      vertex 27.0209 54.9458 6
      vertex 34.8222 42.9273 6
      vertex 27.5 54.95 6
    endloop
  endfacet
  facet normal 0 0 1
    outer loop
      vertex 25.25 31.9643 6
      vertex 29.75 31.9643 6
      vertex 25.25 38.1955 6
    endloop
  endfacet
  facet normal 0 0 1
    outer loop
      vertex 29.75 31.9643 6
      vertex 25.4436 22.9425 6
      vertex 29.5564 22.9425 6
    endloop
  endfacet
  facet normal 0 0 1
    outer loop
      vertex 25.25 38.1955 6
      vertex 34.8222 42.9273 6
      vertex 27.0209 54.9458 6
    endloop
  endfacet
  facet normal 0 0 1
    outer loop
      vertex 29.5564 22.9425 6
      vertex 25.4436 22.9425 6
      vertex 29.3267 22.8456 6
    endloop
  endfacet
  facet normal 0 0 1
    outer loop
      vertex 29.3267 22.8456 6
      vertex 25.4436 22.9425 6
      vertex 29.0924 22.7604 6
    endloop
  endfacet
  facet normal 0 -0 1
    outer loop
      vertex 29.75 38.1953 6
      vertex 34.8222 42.9273 6
      vertex 25.25 38.1955 6
    endloop
  endfacet
  facet normal 0 0 1
    outer loop
      vertex 29.0924 22.7604 6
      vertex 25.4436 22.9425 6
      vertex 28.8542 22.6869 6
    endloop
  endfacet
  facet normal 0 0 1
    outer loop
      vertex 28.8542 22.6869 6
      vertex 25.4436 22.9425 6
      vertex 28.6126 22.6254 6
    endloop
  endfacet
  facet normal 0 0 1
    outer loop
      vertex 34.7507 42.6896 6
      vertex 29.75 38.1953 6
      vertex 34.7145 42.4441 6
    endloop
  endfacet
  facet normal 0 0 1
    outer loop
      vertex 28.6126 22.6254 6
      vertex 25.4436 22.9425 6
      vertex 28.3682 22.576 6
    endloop
  endfacet
  facet normal 0 0 1
    outer loop
      vertex 28.3682 22.576 6
      vertex 25.4436 22.9425 6
      vertex 28.1217 22.5388 6
    endloop
  endfacet
  facet normal 0 0 1
    outer loop
      vertex 34.7145 42.4441 6
      vertex 29.75 38.1953 6
      vertex 34.7145 42.1959 6
    endloop
  endfacet
  facet normal 0 0 1
    outer loop
      vertex 28.1217 22.5388 6
      vertex 25.4436 22.9425 6
      vertex 27.8736 22.514 6
    endloop
  endfacet
  facet normal 0 0 1
    outer loop
      vertex 27.8736 22.514 6
      vertex 25.4436 22.9425 6
      vertex 27.6247 22.5016 6
    endloop
  endfacet
  facet normal 0 0 1
    outer loop
      vertex 34.8222 42.9273 6
      vertex 29.75 38.1953 6
      vertex 34.7507 42.6896 6
    endloop
  endfacet
  facet normal 0 0 1
    outer loop
      vertex 27.6247 22.5016 6
      vertex 25.4436 22.9425 6
      vertex 27.3753 22.5016 6
    endloop
  endfacet
  facet normal 0 0 1
    outer loop
      vertex 27.3753 22.5016 6
      vertex 25.4436 22.9425 6
      vertex 27.1264 22.514 6
    endloop
  endfacet
  facet normal 0 0 1
    outer loop
      vertex 25.25 38.1955 6
      vertex 27.0209 54.9458 6
      vertex 26.542 54.9333 6
    endloop
  endfacet
  facet normal 0 0 1
    outer loop
      vertex 27.1264 22.514 6
      vertex 25.4436 22.9425 6
      vertex 26.8783 22.5388 6
    endloop
  endfacet
  facet normal 0 0 1
    outer loop
      vertex 26.8783 22.5388 6
      vertex 25.4436 22.9425 6
      vertex 26.6318 22.576 6
    endloop
  endfacet
  facet normal 0 0 1
    outer loop
      vertex 25.25 38.1955 6
      vertex 26.542 54.9333 6
      vertex 26.0634 54.9124 6
    endloop
  endfacet
  facet normal 0 0 1
    outer loop
      vertex 26.6318 22.576 6
      vertex 25.4436 22.9425 6
      vertex 26.3874 22.6254 6
    endloop
  endfacet
  facet normal 0 0 1
    outer loop
      vertex 26.3874 22.6254 6
      vertex 25.4436 22.9425 6
      vertex 26.1458 22.6869 6
    endloop
  endfacet
  facet normal 0 0 1
    outer loop
      vertex 25.25 38.1955 6
      vertex 26.0634 54.9124 6
      vertex 25.5852 54.8831 6
    endloop
  endfacet
  facet normal 0 0 1
    outer loop
      vertex 26.1458 22.6869 6
      vertex 25.4436 22.9425 6
      vertex 25.9076 22.7604 6
    endloop
  endfacet
  facet normal 0 0 1
    outer loop
      vertex 25.9076 22.7604 6
      vertex 25.4436 22.9425 6
      vertex 25.6733 22.8456 6
    endloop
  endfacet
  facet normal -0 0 1
    outer loop
      vertex 25.1076 54.8455 6
      vertex 25.25 38.1955 6
      vertex 25.5852 54.8831 6
    endloop
  endfacet
  facet normal -0 0 1
    outer loop
      vertex 24.6307 54.7996 6
      vertex 25.25 38.1955 6
      vertex 25.1076 54.8455 6
    endloop
  endfacet
  facet normal -0 0 1
    outer loop
      vertex 24.1547 54.7454 6
      vertex 25.25 38.1955 6
      vertex 24.6307 54.7996 6
    endloop
  endfacet
  facet normal -0 0 1
    outer loop
      vertex 23.6797 54.6829 6
      vertex 25.25 38.1955 6
      vertex 24.1547 54.7454 6
    endloop
  endfacet
  facet normal -0 0 1
    outer loop
      vertex 23.2059 54.612 6
      vertex 25.25 38.1955 6
      vertex 23.6797 54.6829 6
    endloop
  endfacet
  facet normal -0 0 1
    outer loop
      vertex 17.5978 41.518 6
      vertex 25.25 38.1955 6
      vertex 23.2059 54.612 6
    endloop
  endfacet
  facet normal 0 0 1
    outer loop
      vertex 25.25 38.1955 6
      vertex 17.5978 41.518 6
      vertex 25.2072 38.1868 6
    endloop
  endfacet
  facet normal 0 0 1
    outer loop
      vertex 25.2072 38.1868 6
      vertex 17.5978 41.518 6
      vertex 24.9636 38.1316 6
    endloop
  endfacet
  facet normal -0 -0 1
    outer loop
      vertex 17.7193 41.3016 6
      vertex 24.9636 38.1316 6
      vertex 17.5978 41.518 6
    endloop
  endfacet
  facet normal 0 0 1
    outer loop
      vertex 24.9636 38.1316 6
      vertex 17.7193 41.3016 6
      vertex 24.7214 38.0709 6
    endloop
  endfacet
  facet normal 0 0 1
    outer loop
      vertex 24.7214 38.0709 6
      vertex 17.7193 41.3016 6
      vertex 24.4806 38.0047 6
    endloop
  endfacet
  facet normal -0 -0 1
    outer loop
      vertex 17.8079 41.0698 6
      vertex 24.2414 37.933 6
      vertex 17.7193 41.3016 6
    endloop
  endfacet
  facet normal 0 0 1
    outer loop
      vertex 24.2414 37.933 6
      vertex 17.8079 41.0698 6
      vertex 24.0039 37.8558 6
    endloop
  endfacet
  facet normal 0 0 1
    outer loop
      vertex 24.4806 38.0047 6
      vertex 17.7193 41.3016 6
      vertex 24.2414 37.933 6
    endloop
  endfacet
  facet normal 0 0 1
    outer loop
      vertex 24.0039 37.8558 6
      vertex 17.8079 41.0698 6
      vertex 23.7682 37.7732 6
    endloop
  endfacet
  facet normal -0 -0 1
    outer loop
      vertex 17.8619 40.8275 6
      vertex 23.7682 37.7732 6
      vertex 17.8079 41.0698 6
    endloop
  endfacet
  facet normal 0 0 1
    outer loop
      vertex 17.5978 41.518 6
      vertex 23.2059 54.612 6
      vertex 22.7334 54.533 6
    endloop
  endfacet
  facet normal 0 0 1
    outer loop
      vertex 23.7682 37.7732 6
      vertex 17.8619 40.8275 6
      vertex 23.5345 37.6853 6
    endloop
  endfacet
  facet normal 0 0 1
    outer loop
      vertex 23.3029 37.592 6
      vertex 17.8619 40.8275 6
      vertex 23.0734 37.4935 6
    endloop
  endfacet
  facet normal 0 0 1
    outer loop
      vertex 17.5978 41.518 6
      vertex 22.7334 54.533 6
      vertex 22.2623 54.4457 6
    endloop
  endfacet
  facet normal -0 -0 1
    outer loop
      vertex 17.88 40.58 6
      vertex 23.0734 37.4935 6
      vertex 17.8619 40.8275 6
    endloop
  endfacet
  facet normal 0 0 1
    outer loop
      vertex 23.0734 37.4935 6
      vertex 17.88 40.58 6
      vertex 22.8462 37.3898 6
    endloop
  endfacet
  facet normal 0 0 1
    outer loop
      vertex 17.4461 41.7144 6
      vertex 22.2623 54.4457 6
      vertex 21.7928 54.3502 6
    endloop
  endfacet
  facet normal 0 0 1
    outer loop
      vertex 22.8462 37.3898 6
      vertex 17.88 40.58 6
      vertex 22.6215 37.2809 6
    endloop
  endfacet
  facet normal -0 0 1
    outer loop
      vertex 17.8619 40.3325 6
      vertex 22.6215 37.2809 6
      vertex 17.88 40.58 6
    endloop
  endfacet
  facet normal 0 0 1
    outer loop
      vertex 22.6215 37.2809 6
      vertex 17.8619 40.3325 6
      vertex 22.3993 37.1669 6
    endloop
  endfacet
  facet normal 0 0 1
    outer loop
      vertex 17.4461 41.7144 6
      vertex 21.7928 54.3502 6
      vertex 21.3251 54.2465 6
    endloop
  endfacet
  facet normal 0 0 1
    outer loop
      vertex 22.3993 37.1669 6
      vertex 17.8619 40.3325 6
      vertex 22.1798 37.0478 6
    endloop
  endfacet
  facet normal 0 0 1
    outer loop
      vertex 22.1798 37.0478 6
      vertex 17.8079 40.0902 6
      vertex 21.9631 36.9238 6
    endloop
  endfacet
  facet normal 0 0 1
    outer loop
      vertex 17.4461 41.7144 6
      vertex 21.3251 54.2465 6
      vertex 20.8592 54.1346 6
    endloop
  endfacet
  facet normal 0 0 1
    outer loop
      vertex 21.9631 36.9238 6
      vertex 17.8079 40.0902 6
      vertex 21.7492 36.7948 6
    endloop
  endfacet
  facet normal -0 0 1
    outer loop
      vertex 17.7193 39.8584 6
      vertex 21.7492 36.7948 6
      vertex 17.8079 40.0902 6
    endloop
  endfacet
  facet normal 0 0 1
    outer loop
      vertex 17.4461 41.7144 6
      vertex 20.8592 54.1346 6
      vertex 20.3954 54.0147 6
    endloop
  endfacet
  facet normal 0 0 1
    outer loop
      vertex 21.7492 36.7948 6
      vertex 17.7193 39.8584 6
      vertex 21.5384 36.661 6
    endloop
  endfacet
  facet normal 0 0 1
    outer loop
      vertex 21.5384 36.661 6
      vertex 17.7193 39.8584 6
      vertex 21.3306 36.5224 6
    endloop
  endfacet
  facet normal 0 0 1
    outer loop
      vertex 21.3306 36.5224 6
      vertex 17.5978 39.642 6
      vertex 21.1261 36.3791 6
    endloop
  endfacet
  facet normal 0 0 1
    outer loop
      vertex 17.2674 41.8867 6
      vertex 20.3954 54.0147 6
      vertex 19.9338 53.8866 6
    endloop
  endfacet
  facet normal 0 0 1
    outer loop
      vertex 21.1261 36.3791 6
      vertex 17.5978 39.642 6
      vertex 20.9249 36.2312 6
    endloop
  endfacet
  facet normal -0 0 1
    outer loop
      vertex 17.4461 39.4456 6
      vertex 20.9249 36.2312 6
      vertex 17.5978 39.642 6
    endloop
  endfacet
  facet normal 0 0 1
    outer loop
      vertex 17.2674 41.8867 6
      vertex 19.9338 53.8866 6
      vertex 19.4744 53.7506 6
    endloop
  endfacet
  facet normal 0 0 1
    outer loop
      vertex 20.9249 36.2312 6
      vertex 17.4461 39.4456 6
      vertex 20.7272 36.0787 6
    endloop
  endfacet
  facet normal 0 0 1
    outer loop
      vertex 20.7272 36.0787 6
      vertex 17.4461 39.4456 6
      vertex 20.533 35.9217 6
    endloop
  endfacet
  facet normal -0 0 1
    outer loop
      vertex 17.2674 39.2733 6
      vertex 20.533 35.9217 6
      vertex 17.4461 39.4456 6
    endloop
  endfacet
  facet normal 0 0 1
    outer loop
      vertex 17.2674 41.8867 6
      vertex 19.4744 53.7506 6
      vertex 19.0175 53.6065 6
    endloop
  endfacet
  facet normal 0 0 1
    outer loop
      vertex 20.533 35.9217 6
      vertex 17.2674 39.2733 6
      vertex 20.3424 35.7603 6
    endloop
  endfacet
  facet normal 0 0 1
    outer loop
      vertex 20.3424 35.7603 6
      vertex 17.2674 39.2733 6
      vertex 20.1555 35.5947 6
    endloop
  endfacet
  facet normal 0 0 1
    outer loop
      vertex 20.1555 35.5947 6
      vertex 17.0656 39.1289 6
      vertex 19.9725 35.4248 6
    endloop
  endfacet
  facet normal 0 0 1
    outer loop
      vertex 17.0656 42.0311 6
      vertex 19.0175 53.6065 6
      vertex 18.5632 53.4545 6
    endloop
  endfacet
  facet normal 0 0 1
    outer loop
      vertex 19.9725 35.4248 6
      vertex 17.0656 39.1289 6
      vertex 19.7934 35.2507 6
    endloop
  endfacet
  facet normal -0 0 1
    outer loop
      vertex 16.8449 39.0154 6
      vertex 19.7934 35.2507 6
      vertex 17.0656 39.1289 6
    endloop
  endfacet
  facet normal 0 0 1
    outer loop
      vertex 19.7934 35.2507 6
      vertex 16.8449 39.0154 6
      vertex 19.6184 35.0726 6
    endloop
  endfacet
  facet normal 0 0 1
    outer loop
      vertex 17.0656 42.0311 6
      vertex 18.5632 53.4545 6
      vertex 18.1115 53.2946 6
    endloop
  endfacet
  facet normal 0 0 1
    outer loop
      vertex 19.6184 35.0726 6
      vertex 16.8449 39.0154 6
      vertex 19.4474 34.8906 6
    endloop
  endfacet
  facet normal -0 0 1
    outer loop
      vertex 16.61 38.9353 6
      vertex 19.4474 34.8906 6
      vertex 16.8449 39.0154 6
    endloop
  endfacet
  facet normal 0 0 1
    outer loop
      vertex 19.4474 34.8906 6
      vertex 16.61 38.9353 6
      vertex 19.2807 34.7047 6
    endloop
  endfacet
  facet normal -0 0 1
    outer loop
      vertex 17.0656 39.1289 6
      vertex 20.1555 35.5947 6
      vertex 17.2674 39.2733 6
    endloop
  endfacet
  facet normal -0 0 1
    outer loop
      vertex 17.5978 39.642 6
      vertex 21.3306 36.5224 6
      vertex 17.7193 39.8584 6
    endloop
  endfacet
  facet normal -0 0 1
    outer loop
      vertex 17.8079 40.0902 6
      vertex 22.1798 37.0478 6
      vertex 17.8619 40.3325 6
    endloop
  endfacet
  facet normal 0 0 1
    outer loop
      vertex 17.0656 42.0311 6
      vertex 18.1115 53.2946 6
      vertex 17.6628 53.1268 6
    endloop
  endfacet
  facet normal 0 0 1
    outer loop
      vertex 23.5345 37.6853 6
      vertex 17.8619 40.8275 6
      vertex 23.3029 37.592 6
    endloop
  endfacet
  facet normal 0 0 1
    outer loop
      vertex 22.2623 54.4457 6
      vertex 17.4461 41.7144 6
      vertex 17.5978 41.518 6
    endloop
  endfacet
  facet normal 0 0 1
    outer loop
      vertex 20.3954 54.0147 6
      vertex 17.2674 41.8867 6
      vertex 17.4461 41.7144 6
    endloop
  endfacet
  facet normal 0 0 1
    outer loop
      vertex 16.8449 42.1446 6
      vertex 17.6628 53.1268 6
      vertex 17.217 52.9512 6
    endloop
  endfacet
  facet normal 0 0 1
    outer loop
      vertex 19.0175 53.6065 6
      vertex 17.0656 42.0311 6
      vertex 17.2674 41.8867 6
    endloop
  endfacet
  facet normal 0 0 1
    outer loop
      vertex 17.6628 53.1268 6
      vertex 16.8449 42.1446 6
      vertex 17.0656 42.0311 6
    endloop
  endfacet
  facet normal -0 0 1
    outer loop
      vertex 16.7744 52.7679 6
      vertex 16.8449 42.1446 6
      vertex 17.217 52.9512 6
    endloop
  endfacet
  facet normal -0 0 1
    outer loop
      vertex 16.3351 52.5768 6
      vertex 16.8449 42.1446 6
      vertex 16.7744 52.7679 6
    endloop
  endfacet
  facet normal 0 0 1
    outer loop
      vertex 16.8449 42.1446 6
      vertex 16.3351 52.5768 6
      vertex 16.61 42.2247 6
    endloop
  endfacet
  facet normal -0 0 1
    outer loop
      vertex 15.8991 52.3781 6
      vertex 16.61 42.2247 6
      vertex 16.3351 52.5768 6
    endloop
  endfacet
  facet normal -0 0 1
    outer loop
      vertex 15.4667 52.1719 6
      vertex 16.61 42.2247 6
      vertex 15.8991 52.3781 6
    endloop
  endfacet
  facet normal -0 0 1
    outer loop
      vertex 15.038 51.9581 6
      vertex 16.61 42.2247 6
      vertex 15.4667 52.1719 6
    endloop
  endfacet
  facet normal 0 0 1
    outer loop
      vertex 16.61 42.2247 6
      vertex 15.038 51.9581 6
      vertex 16.3659 42.2698 6
    endloop
  endfacet
  facet normal -0 0 1
    outer loop
      vertex 14.613 51.7369 6
      vertex 16.3659 42.2698 6
      vertex 15.038 51.9581 6
    endloop
  endfacet
  facet normal -0 0 1
    outer loop
      vertex 14.192 51.5083 6
      vertex 16.3659 42.2698 6
      vertex 14.613 51.7369 6
    endloop
  endfacet
  facet normal 0 0 1
    outer loop
      vertex 16.3659 42.2698 6
      vertex 14.192 51.5083 6
      vertex 16.1179 42.2789 6
    endloop
  endfacet
  facet normal -0 0 1
    outer loop
      vertex 13.775 51.2724 6
      vertex 16.1179 42.2789 6
      vertex 14.192 51.5083 6
    endloop
  endfacet
  facet normal -0 0 1
    outer loop
      vertex 13.3622 51.0292 6
      vertex 16.1179 42.2789 6
      vertex 13.775 51.2724 6
    endloop
  endfacet
  facet normal -0 0 1
    outer loop
      vertex 12.9537 50.7789 6
      vertex 16.1179 42.2789 6
      vertex 13.3622 51.0292 6
    endloop
  endfacet
  facet normal 0 0 1
    outer loop
      vertex 16.1179 42.2789 6
      vertex 12.9537 50.7789 6
      vertex 15.8712 42.2517 6
    endloop
  endfacet
  facet normal -0 0 1
    outer loop
      vertex 12.5497 50.5215 6
      vertex 15.8712 42.2517 6
      vertex 12.9537 50.7789 6
    endloop
  endfacet
  facet normal -0 0 1
    outer loop
      vertex 12.1502 50.2571 6
      vertex 15.8712 42.2517 6
      vertex 12.5497 50.5215 6
    endloop
  endfacet
  facet normal 0 0 1
    outer loop
      vertex 15.8712 42.2517 6
      vertex 12.1502 50.2571 6
      vertex 15.6311 42.1889 6
    endloop
  endfacet
  facet normal -0 0 1
    outer loop
      vertex 11.7553 49.9857 6
      vertex 15.6311 42.1889 6
      vertex 12.1502 50.2571 6
    endloop
  endfacet
  facet normal -0 0 1
    outer loop
      vertex 11.3653 49.7075 6
      vertex 15.6311 42.1889 6
      vertex 11.7553 49.9857 6
    endloop
  endfacet
  facet normal -0 0 1
    outer loop
      vertex 10.9802 49.4225 6
      vertex 15.4027 42.0919 6
      vertex 11.3653 49.7075 6
    endloop
  endfacet
  facet normal 0 0 1
    outer loop
      vertex 15.6311 42.1889 6
      vertex 11.3653 49.7075 6
      vertex 15.4027 42.0919 6
    endloop
  endfacet
  facet normal -0 0 1
    outer loop
      vertex 34.5628 19.1584 6
      vertex 38.6649 2.42318 6
      vertex 34.7515 19.322 6
    endloop
  endfacet
  facet normal -0 0 1
    outer loop
      vertex 34.3704 18.9993 6
      vertex 38.6649 2.42318 6
      vertex 34.5628 19.1584 6
    endloop
  endfacet
  facet normal -0 0 1
    outer loop
      vertex 30.9319 10.4175 6
      vertex 38.6649 2.42318 6
      vertex 34.3704 18.9993 6
    endloop
  endfacet
  facet normal -0 0 1
    outer loop
      vertex 30.8779 9.68023 6
      vertex 38.6649 2.42318 6
      vertex 30.9319 9.92248 6
    endloop
  endfacet
  facet normal 0 0 1
    outer loop
      vertex 38.6649 2.42318 6
      vertex 30.8779 9.68023 6
      vertex 38.2256 2.23214 6
    endloop
  endfacet
  facet normal 0 0 1
    outer loop
      vertex 38.2256 2.23214 6
      vertex 30.7893 9.44842 6
      vertex 37.783 2.0488 6
    endloop
  endfacet
  facet normal -0 0 1
    outer loop
      vertex 30.6678 9.232 6
      vertex 37.3372 1.87322 6
      vertex 30.7893 9.44842 6
    endloop
  endfacet
  facet normal 0 0 1
    outer loop
      vertex 37.783 2.0488 6
      vertex 30.7893 9.44842 6
      vertex 37.3372 1.87322 6
    endloop
  endfacet
  facet normal 0 0 1
    outer loop
      vertex 37.3372 1.87322 6
      vertex 30.6678 9.232 6
      vertex 36.8885 1.70544 6
    endloop
  endfacet
  facet normal -0 0 1
    outer loop
      vertex 30.7893 9.44842 6
      vertex 38.2256 2.23214 6
      vertex 30.8779 9.68023 6
    endloop
  endfacet
  facet normal -0 0 1
    outer loop
      vertex 30.9319 9.92248 6
      vertex 38.6649 2.42318 6
      vertex 30.95 10.17 6
    endloop
  endfacet
  facet normal 0 0 1
    outer loop
      vertex 30.9319 10.4175 6
      vertex 34.3704 18.9993 6
      vertex 34.1744 18.8445 6
    endloop
  endfacet
  facet normal 0 0 1
    outer loop
      vertex 36.8885 1.70544 6
      vertex 30.6678 9.232 6
      vertex 36.4368 1.54552 6
    endloop
  endfacet
  facet normal 0 0 1
    outer loop
      vertex 30.9319 10.4175 6
      vertex 34.1744 18.8445 6
      vertex 33.9749 18.6943 6
    endloop
  endfacet
  facet normal 0 0 1
    outer loop
      vertex 30.9319 10.4175 6
      vertex 33.9749 18.6943 6
      vertex 33.772 18.5487 6
    endloop
  endfacet
  facet normal 0 0 1
    outer loop
      vertex 36.4368 1.54552 6
      vertex 30.6678 9.232 6
      vertex 35.9825 1.3935 6
    endloop
  endfacet
  facet normal 0 0 1
    outer loop
      vertex 30.9319 10.4175 6
      vertex 33.772 18.5487 6
      vertex 33.5659 18.4077 6
    endloop
  endfacet
  facet normal 0 0 1
    outer loop
      vertex 30.9319 10.4175 6
      vertex 33.5659 18.4077 6
      vertex 33.3566 18.2715 6
    endloop
  endfacet
  facet normal -0 0 1
    outer loop
      vertex 30.5161 9.03556 6
      vertex 35.9825 1.3935 6
      vertex 30.6678 9.232 6
    endloop
  endfacet
  facet normal 0 0 1
    outer loop
      vertex 30.9319 10.4175 6
      vertex 33.3566 18.2715 6
      vertex 33.1442 18.1401 6
    endloop
  endfacet
  facet normal 0 0 1
    outer loop
      vertex 30.9319 10.4175 6
      vertex 33.1442 18.1401 6
      vertex 32.9289 18.0136 6
    endloop
  endfacet
  facet normal 0 0 1
    outer loop
      vertex 35.9825 1.3935 6
      vertex 30.5161 9.03556 6
      vertex 35.5256 1.24943 6
    endloop
  endfacet
  facet normal 0 0 1
    outer loop
      vertex 30.9319 10.4175 6
      vertex 32.9289 18.0136 6
      vertex 32.7108 17.892 6
    endloop
  endfacet
  facet normal 0 0 1
    outer loop
      vertex 30.9319 10.4175 6
      vertex 32.7108 17.892 6
      vertex 32.4899 17.7755 6
    endloop
  endfacet
  facet normal 0 0 1
    outer loop
      vertex 35.5256 1.24943 6
      vertex 30.5161 9.03556 6
      vertex 35.0662 1.11337 6
    endloop
  endfacet
  facet normal 0 0 1
    outer loop
      vertex 30.9319 10.4175 6
      vertex 32.4899 17.7755 6
      vertex 32.2664 17.664 6
    endloop
  endfacet
  facet normal 0 0 1
    outer loop
      vertex 30.9319 10.4175 6
      vertex 32.2664 17.664 6
      vertex 32.0405 17.5577 6
    endloop
  endfacet
  facet normal 0 0 1
    outer loop
      vertex 30.9319 10.4175 6
      vertex 32.0405 17.5577 6
      vertex 31.8122 17.4566 6
    endloop
  endfacet
  facet normal -0 0 1
    outer loop
      vertex 30.3374 8.8633 6
      vertex 35.0662 1.11337 6
      vertex 30.5161 9.03556 6
    endloop
  endfacet
  facet normal 0 0 1
    outer loop
      vertex 30.9319 10.4175 6
      vertex 31.8122 17.4566 6
      vertex 31.5816 17.3607 6
    endloop
  endfacet
  facet normal 0 0 1
    outer loop
      vertex 30.9319 10.4175 6
      vertex 31.5816 17.3607 6
      vertex 31.3489 17.2701 6
    endloop
  endfacet
  facet normal 0 0 1
    outer loop
      vertex 35.0662 1.11337 6
      vertex 30.3374 8.8633 6
      vertex 34.6046 0.985336 6
    endloop
  endfacet
  facet normal 0 0 1
    outer loop
      vertex 30.3374 11.4767 6
      vertex 31.3489 17.2701 6
      vertex 31.1142 17.1848 6
    endloop
  endfacet
  facet normal 0 0 1
    outer loop
      vertex 34.6046 0.985336 6
      vertex 30.3374 8.8633 6
      vertex 34.1408 0.865383 6
    endloop
  endfacet
  facet normal 0 0 1
    outer loop
      vertex 34.1408 0.865383 6
      vertex 30.3374 8.8633 6
      vertex 33.6749 0.753542 6
    endloop
  endfacet
  facet normal -0 0 1
    outer loop
      vertex 30.1356 8.71889 6
      vertex 33.6749 0.753542 6
      vertex 30.3374 8.8633 6
    endloop
  endfacet
  facet normal 0 0 1
    outer loop
      vertex 33.6749 0.753542 6
      vertex 30.1356 8.71889 6
      vertex 33.2072 0.649849 6
    endloop
  endfacet
  facet normal 0 0 1
    outer loop
      vertex 33.2072 0.649849 6
      vertex 30.1356 8.71889 6
      vertex 32.7377 0.554335 6
    endloop
  endfacet
  facet normal -0 0 1
    outer loop
      vertex 29.9149 8.60541 6
      vertex 32.7377 0.554335 6
      vertex 30.1356 8.71889 6
    endloop
  endfacet
  facet normal 0 0 1
    outer loop
      vertex 32.7377 0.554335 6
      vertex 29.9149 8.60541 6
      vertex 32.2666 0.467028 6
    endloop
  endfacet
  facet normal 0 0 1
    outer loop
      vertex 32.2666 0.467028 6
      vertex 29.9149 8.60541 6
      vertex 31.7941 0.387956 6
    endloop
  endfacet
  facet normal -0 0 1
    outer loop
      vertex 29.68 8.52528 6
      vertex 31.7941 0.387956 6
      vertex 29.9149 8.60541 6
    endloop
  endfacet
  facet normal 0 0 1
    outer loop
      vertex 31.7941 0.387956 6
      vertex 29.68 8.52528 6
      vertex 31.3203 0.317142 6
    endloop
  endfacet
  facet normal 0 0 1
    outer loop
      vertex 31.3203 0.317142 6
      vertex 29.68 8.52528 6
      vertex 30.8453 0.254608 6
    endloop
  endfacet
  facet normal -0 0 1
    outer loop
      vertex 29.4359 8.4802 6
      vertex 30.8453 0.254608 6
      vertex 29.68 8.52528 6
    endloop
  endfacet
  facet normal 0 0 1
    outer loop
      vertex 30.8453 0.254608 6
      vertex 29.4359 8.4802 6
      vertex 30.3693 0.200375 6
    endloop
  endfacet
  facet normal 0 0 1
    outer loop
      vertex 30.3693 0.200375 6
      vertex 29.4359 8.4802 6
      vertex 29.8924 0.154456 6
    endloop
  endfacet
  facet normal -0 0 1
    outer loop
      vertex 29.1879 8.47114 6
      vertex 29.8924 0.154456 6
      vertex 29.4359 8.4802 6
    endloop
  endfacet
  facet normal 0 0 1
    outer loop
      vertex 29.8924 0.154456 6
      vertex 29.1879 8.47114 6
      vertex 29.4148 0.116867 6
    endloop
  endfacet
  facet normal 0 0 1
    outer loop
      vertex 28.9366 0.0876198 6
      vertex 29.1879 8.47114 6
      vertex 28.9412 8.49828 6
    endloop
  endfacet
  facet normal 0 0 1
    outer loop
      vertex 29.1879 8.47114 6
      vertex 28.9366 0.0876198 6
      vertex 29.4148 0.116867 6
    endloop
  endfacet
  facet normal 0 0 1
    outer loop
      vertex 27.9791 0.0541811 6
      vertex 28.9412 8.49828 6
      vertex 28.7011 8.56105 6
    endloop
  endfacet
  facet normal 0 0 1
    outer loop
      vertex 27.5 0.0500002 6
      vertex 28.7011 8.56105 6
      vertex 28.4727 8.65812 6
    endloop
  endfacet
  facet normal 0 0 1
    outer loop
      vertex 28.9412 8.49828 6
      vertex 28.458 0.0667219 6
      vertex 28.9366 0.0876198 6
    endloop
  endfacet
  facet normal 0 0 1
    outer loop
      vertex 27.5 0.0500002 6
      vertex 28.4727 8.65812 6
      vertex 28.2608 8.78741 6
    endloop
  endfacet
  facet normal 0 0 1
    outer loop
      vertex 27.5 0.0500002 6
      vertex 28.2608 8.78741 6
      vertex 28.0701 8.94617 6
    endloop
  endfacet
  facet normal 0 0 1
    outer loop
      vertex 28.9412 8.49828 6
      vertex 27.9791 0.0541811 6
      vertex 28.458 0.0667219 6
    endloop
  endfacet
  facet normal 0 0 1
    outer loop
      vertex 27.5 0.0500002 6
      vertex 28.0701 8.94617 6
      vertex 27.9045 9.13101 6
    endloop
  endfacet
  facet normal 0 0 1
    outer loop
      vertex 27.5 0.0500002 6
      vertex 27.9045 9.13101 6
      vertex 27.7675 9.33799 6
    endloop
  endfacet
  facet normal 0 0 1
    outer loop
      vertex 27.5 0.0500002 6
      vertex 27.7675 9.33799 6
      vertex 27.6622 9.56271 6
    endloop
  endfacet
  facet normal 0 0 1
    outer loop
      vertex 27.5 0.0500002 6
      vertex 27.6622 9.56271 6
      vertex 27.5907 9.80037 6
    endloop
  endfacet
  facet normal 0 0 1
    outer loop
      vertex 27.5 0.0500002 6
      vertex 27.5907 9.80037 6
      vertex 27.5545 10.0459 6
    endloop
  endfacet
  facet normal 0 0 1
    outer loop
      vertex 28.7011 8.56105 6
      vertex 27.5 0.0500002 6
      vertex 27.9791 0.0541811 6
    endloop
  endfacet
  facet normal 0 0 1
    outer loop
      vertex 46.1878 24.538 6
      vertex 54.95 27.5 6
      vertex 54.9458 27.9791 6
    endloop
  endfacet
  facet normal 0 0 1
    outer loop
      vertex 46.0361 24.7344 6
      vertex 54.9458 27.9791 6
      vertex 54.9333 28.458 6
    endloop
  endfacet
  facet normal 0 0 1
    outer loop
      vertex 54.95 27.5 6
      vertex 46.1878 24.538 6
      vertex 54.9458 27.0209 6
    endloop
  endfacet
  facet normal 0 0 1
    outer loop
      vertex 46.0361 24.7344 6
      vertex 54.9333 28.458 6
      vertex 54.9124 28.9366 6
    endloop
  endfacet
  facet normal 0 0 1
    outer loop
      vertex 54.9458 27.0209 6
      vertex 46.1878 24.538 6
      vertex 54.9333 26.542 6
    endloop
  endfacet
  facet normal 0 0 1
    outer loop
      vertex 45.8574 24.9067 6
      vertex 54.9124 28.9366 6
      vertex 54.8831 29.4148 6
    endloop
  endfacet
  facet normal 0 -0 1
    outer loop
      vertex 46.3093 24.3216 6
      vertex 54.9333 26.542 6
      vertex 46.1878 24.538 6
    endloop
  endfacet
  facet normal 0 0 1
    outer loop
      vertex 45.8574 24.9067 6
      vertex 54.8831 29.4148 6
      vertex 54.8455 29.8924 6
    endloop
  endfacet
  facet normal 0 0 1
    outer loop
      vertex 54.9333 26.542 6
      vertex 46.3093 24.3216 6
      vertex 54.9124 26.0634 6
    endloop
  endfacet
  facet normal 0 0 1
    outer loop
      vertex 45.8574 24.9067 6
      vertex 54.8455 29.8924 6
      vertex 54.7996 30.3693 6
    endloop
  endfacet
  facet normal 0 0 1
    outer loop
      vertex 54.9124 26.0634 6
      vertex 46.3093 24.3216 6
      vertex 54.8831 25.5852 6
    endloop
  endfacet
  facet normal 0 0 1
    outer loop
      vertex 45.6556 25.0511 6
      vertex 54.7996 30.3693 6
      vertex 54.7454 30.8453 6
    endloop
  endfacet
  facet normal 0 -0 1
    outer loop
      vertex 46.3979 24.0898 6
      vertex 54.8831 25.5852 6
      vertex 46.3093 24.3216 6
    endloop
  endfacet
  facet normal 0 0 1
    outer loop
      vertex 45.6556 25.0511 6
      vertex 54.7454 30.8453 6
      vertex 54.6829 31.3203 6
    endloop
  endfacet
  facet normal 0 0 1
    outer loop
      vertex 54.8831 25.5852 6
      vertex 46.3979 24.0898 6
      vertex 54.8455 25.1076 6
    endloop
  endfacet
  facet normal 0 0 1
    outer loop
      vertex 45.6556 25.0511 6
      vertex 54.6829 31.3203 6
      vertex 54.612 31.7941 6
    endloop
  endfacet
  facet normal 0 0 1
    outer loop
      vertex 54.8455 25.1076 6
      vertex 46.3979 24.0898 6
      vertex 54.7996 24.6307 6
    endloop
  endfacet
  facet normal 0 0 1
    outer loop
      vertex 45.4349 25.1646 6
      vertex 54.612 31.7941 6
      vertex 54.533 32.2666 6
    endloop
  endfacet
  facet normal 0 0 1
    outer loop
      vertex 54.7996 24.6307 6
      vertex 46.3979 24.0898 6
      vertex 54.7454 24.1547 6
    endloop
  endfacet
  facet normal 0 0 1
    outer loop
      vertex 45.4349 25.1646 6
      vertex 54.533 32.2666 6
      vertex 54.4457 32.7377 6
    endloop
  endfacet
  facet normal 0 -0 1
    outer loop
      vertex 46.4519 23.8475 6
      vertex 54.7454 24.1547 6
      vertex 46.3979 24.0898 6
    endloop
  endfacet
  facet normal 0 0 1
    outer loop
      vertex 45.4349 25.1646 6
      vertex 54.4457 32.7377 6
      vertex 54.3502 33.2072 6
    endloop
  endfacet
  facet normal 0 0 1
    outer loop
      vertex 54.7454 24.1547 6
      vertex 46.4519 23.8475 6
      vertex 54.6829 23.6797 6
    endloop
  endfacet
  facet normal 0 0 1
    outer loop
      vertex 45.2 25.2447 6
      vertex 54.3502 33.2072 6
      vertex 54.2465 33.6749 6
    endloop
  endfacet
  facet normal 0 0 1
    outer loop
      vertex 54.6829 23.6797 6
      vertex 46.4519 23.8475 6
      vertex 54.612 23.2059 6
    endloop
  endfacet
  facet normal 0 0 1
    outer loop
      vertex 45.2 25.2447 6
      vertex 54.2465 33.6749 6
      vertex 54.1346 34.1408 6
    endloop
  endfacet
  facet normal 0 0 1
    outer loop
      vertex 54.612 23.2059 6
      vertex 46.47 23.6 6
      vertex 54.533 22.7334 6
    endloop
  endfacet
  facet normal 0 0 1
    outer loop
      vertex 45.2 25.2447 6
      vertex 54.1346 34.1408 6
      vertex 54.0147 34.6046 6
    endloop
  endfacet
  facet normal 0 0 1
    outer loop
      vertex 54.533 22.7334 6
      vertex 46.47 23.6 6
      vertex 54.4457 22.2623 6
    endloop
  endfacet
  facet normal 0 0 1
    outer loop
      vertex 45.2 25.2447 6
      vertex 54.0147 34.6046 6
      vertex 53.8866 35.0662 6
    endloop
  endfacet
  facet normal -0 0 1
    outer loop
      vertex 46.4519 23.3525 6
      vertex 54.4457 22.2623 6
      vertex 46.47 23.6 6
    endloop
  endfacet
  facet normal 0 0 1
    outer loop
      vertex 44.9559 25.2898 6
      vertex 53.8866 35.0662 6
      vertex 53.7506 35.5256 6
    endloop
  endfacet
  facet normal 0 0 1
    outer loop
      vertex 54.4457 22.2623 6
      vertex 46.4519 23.3525 6
      vertex 54.3502 21.7928 6
    endloop
  endfacet
  facet normal 0 0 1
    outer loop
      vertex 44.9559 25.2898 6
      vertex 53.7506 35.5256 6
      vertex 53.6065 35.9825 6
    endloop
  endfacet
  facet normal 0 0 1
    outer loop
      vertex 54.3502 21.7928 6
      vertex 46.4519 23.3525 6
      vertex 54.2465 21.3251 6
    endloop
  endfacet
  facet normal 0 0 1
    outer loop
      vertex 44.9559 25.2898 6
      vertex 53.6065 35.9825 6
      vertex 53.4545 36.4368 6
    endloop
  endfacet
  facet normal -0 0 1
    outer loop
      vertex 46.3979 23.1102 6
      vertex 54.2465 21.3251 6
      vertex 46.4519 23.3525 6
    endloop
  endfacet
  facet normal 0 0 1
    outer loop
      vertex 38.146 29.9756 6
      vertex 53.4545 36.4368 6
      vertex 53.2946 36.8885 6
    endloop
  endfacet
  facet normal 0 0 1
    outer loop
      vertex 54.2465 21.3251 6
      vertex 46.3979 23.1102 6
      vertex 54.1346 20.8592 6
    endloop
  endfacet
  facet normal 0 0 1
    outer loop
      vertex 38.146 29.9756 6
      vertex 53.2946 36.8885 6
      vertex 53.1268 37.3372 6
    endloop
  endfacet
  facet normal -0 0 1
    outer loop
      vertex 46.3093 22.8784 6
      vertex 54.0147 20.3954 6
      vertex 46.3979 23.1102 6
    endloop
  endfacet
  facet normal 0 0 1
    outer loop
      vertex 38.146 29.9756 6
      vertex 53.1268 37.3372 6
      vertex 52.9512 37.783 6
    endloop
  endfacet
  facet normal 0 0 1
    outer loop
      vertex 54.0147 20.3954 6
      vertex 46.3093 22.8784 6
      vertex 53.8866 19.9338 6
    endloop
  endfacet
  facet normal 0 0 1
    outer loop
      vertex 38.146 29.9756 6
      vertex 52.9512 37.783 6
      vertex 52.7679 38.2256 6
    endloop
  endfacet
  facet normal 0 0 1
    outer loop
      vertex 53.8866 19.9338 6
      vertex 46.3093 22.8784 6
      vertex 53.7506 19.4744 6
    endloop
  endfacet
  facet normal 0 0 1
    outer loop
      vertex 38.146 29.9756 6
      vertex 52.7679 38.2256 6
      vertex 52.5768 38.6649 6
    endloop
  endfacet
  facet normal -0 0 1
    outer loop
      vertex 46.1878 22.662 6
      vertex 53.7506 19.4744 6
      vertex 46.3093 22.8784 6
    endloop
  endfacet
  facet normal 0 0 1
    outer loop
      vertex 38.146 29.9756 6
      vertex 52.5768 38.6649 6
      vertex 52.3781 39.1009 6
    endloop
  endfacet
  facet normal 0 0 1
    outer loop
      vertex 53.7506 19.4744 6
      vertex 46.1878 22.662 6
      vertex 53.6065 19.0175 6
    endloop
  endfacet
  facet normal 0 0 1
    outer loop
      vertex 38.146 29.9756 6
      vertex 52.3781 39.1009 6
      vertex 52.1719 39.5333 6
    endloop
  endfacet
  facet normal 0 0 1
    outer loop
      vertex 53.6065 19.0175 6
      vertex 46.1878 22.662 6
      vertex 53.4545 18.5632 6
    endloop
  endfacet
  facet normal 0 0 1
    outer loop
      vertex 38.146 29.9756 6
      vertex 52.1719 39.5333 6
      vertex 51.9581 39.962 6
    endloop
  endfacet
  facet normal -0 0 1
    outer loop
      vertex 46.0361 22.4656 6
      vertex 53.4545 18.5632 6
      vertex 46.1878 22.662 6
    endloop
  endfacet
  facet normal 0 0 1
    outer loop
      vertex 51.0292 41.6378 6
      vertex 37.8278 41.382 6
      vertex 51.2724 41.225 6
    endloop
  endfacet
  facet normal 0 0 1
    outer loop
      vertex 53.4545 18.5632 6
      vertex 46.0361 22.4656 6
      vertex 53.2946 18.1115 6
    endloop
  endfacet
  facet normal 0 0 1
    outer loop
      vertex 50.7789 42.0463 6
      vertex 37.9493 41.5984 6
      vertex 51.0292 41.6378 6
    endloop
  endfacet
  facet normal -0 0 1
    outer loop
      vertex 45.8574 22.2933 6
      vertex 53.1268 17.6628 6
      vertex 46.0361 22.4656 6
    endloop
  endfacet
  facet normal 0 0 1
    outer loop
      vertex 50.5215 42.4503 6
      vertex 37.9493 41.5984 6
      vertex 50.7789 42.0463 6
    endloop
  endfacet
  facet normal 0 0 1
    outer loop
      vertex 53.1268 17.6628 6
      vertex 45.8574 22.2933 6
      vertex 52.9512 17.217 6
    endloop
  endfacet
  facet normal 0 0 1
    outer loop
      vertex 50.2571 42.8498 6
      vertex 37.9493 41.5984 6
      vertex 50.5215 42.4503 6
    endloop
  endfacet
  facet normal 0 0 1
    outer loop
      vertex 52.9512 17.217 6
      vertex 45.8574 22.2933 6
      vertex 52.7679 16.7744 6
    endloop
  endfacet
  facet normal 0 0 1
    outer loop
      vertex 49.9857 43.2447 6
      vertex 37.9493 41.5984 6
      vertex 50.2571 42.8498 6
    endloop
  endfacet
  facet normal -0 0 1
    outer loop
      vertex 45.6556 22.1489 6
      vertex 52.7679 16.7744 6
      vertex 45.8574 22.2933 6
    endloop
  endfacet
  facet normal 0 0 1
    outer loop
      vertex 37.9493 41.5984 6
      vertex 49.9857 43.2447 6
      vertex 38.0379 41.8302 6
    endloop
  endfacet
  facet normal 0 0 1
    outer loop
      vertex 52.7679 16.7744 6
      vertex 45.6556 22.1489 6
      vertex 52.5768 16.3351 6
    endloop
  endfacet
  facet normal 0 0 1
    outer loop
      vertex 49.7075 43.6347 6
      vertex 38.0379 41.8302 6
      vertex 49.9857 43.2447 6
    endloop
  endfacet
  facet normal 0 0 1
    outer loop
      vertex 52.5768 16.3351 6
      vertex 45.6556 22.1489 6
      vertex 52.3781 15.8991 6
    endloop
  endfacet
  facet normal 0 0 1
    outer loop
      vertex 49.4225 44.0198 6
      vertex 38.0379 41.8302 6
      vertex 49.7075 43.6347 6
    endloop
  endfacet
  facet normal 0 0 1
    outer loop
      vertex 52.3781 15.8991 6
      vertex 45.6556 22.1489 6
      vertex 52.1719 15.4667 6
    endloop
  endfacet
  facet normal 0 0 1
    outer loop
      vertex 49.1309 44.3999 6
      vertex 38.0379 41.8302 6
      vertex 49.4225 44.0198 6
    endloop
  endfacet
  facet normal -0 0 1
    outer loop
      vertex 45.4349 22.0354 6
      vertex 52.1719 15.4667 6
      vertex 45.6556 22.1489 6
    endloop
  endfacet
  facet normal 0 0 1
    outer loop
      vertex 38.0379 41.8302 6
      vertex 49.1309 44.3999 6
      vertex 38.0919 42.0725 6
    endloop
  endfacet
  facet normal 0 0 1
    outer loop
      vertex 52.1719 15.4667 6
      vertex 45.4349 22.0354 6
      vertex 51.9581 15.038 6
    endloop
  endfacet
  facet normal 0 0 1
    outer loop
      vertex 48.8327 44.7748 6
      vertex 38.0919 42.0725 6
      vertex 49.1309 44.3999 6
    endloop
  endfacet
  facet normal 0 0 1
    outer loop
      vertex 51.9581 15.038 6
      vertex 45.4349 22.0354 6
      vertex 51.7369 14.613 6
    endloop
  endfacet
  facet normal 0 0 1
    outer loop
      vertex 48.5279 45.1445 6
      vertex 38.0919 42.0725 6
      vertex 48.8327 44.7748 6
    endloop
  endfacet
  facet normal 0 0 1
    outer loop
      vertex 51.7369 14.613 6
      vertex 45.2 21.9553 6
      vertex 51.5083 14.192 6
    endloop
  endfacet
  facet normal 0 0 1
    outer loop
      vertex 48.2168 45.5088 6
      vertex 38.0919 42.0725 6
      vertex 48.5279 45.1445 6
    endloop
  endfacet
  facet normal 0 0 1
    outer loop
      vertex 51.5083 14.192 6
      vertex 45.2 21.9553 6
      vertex 51.2724 13.775 6
    endloop
  endfacet
  facet normal 0 0 1
    outer loop
      vertex 38.0919 42.0725 6
      vertex 48.2168 45.5088 6
      vertex 38.11 42.32 6
    endloop
  endfacet
  facet normal 0 0 1
    outer loop
      vertex 51.2724 13.775 6
      vertex 45.2 21.9553 6
      vertex 51.0292 13.3622 6
    endloop
  endfacet
  facet normal 0 0 1
    outer loop
      vertex 38.11 42.32 6
      vertex 48.2168 45.5088 6
      vertex 47.8993 45.8676 6
    endloop
  endfacet
  facet normal -0 0 1
    outer loop
      vertex 44.9559 21.9102 6
      vertex 51.0292 13.3622 6
      vertex 45.2 21.9553 6
    endloop
  endfacet
  facet normal 0 0 1
    outer loop
      vertex 38.11 42.32 6
      vertex 47.8993 45.8676 6
      vertex 47.5757 46.2209 6
    endloop
  endfacet
  facet normal 0 0 1
    outer loop
      vertex 51.0292 13.3622 6
      vertex 44.9559 21.9102 6
      vertex 50.7789 12.9537 6
    endloop
  endfacet
  facet normal 0 0 1
    outer loop
      vertex 38.11 42.32 6
      vertex 47.5757 46.2209 6
      vertex 47.2459 46.5684 6
    endloop
  endfacet
  facet normal 0 0 1
    outer loop
      vertex 50.7789 12.9537 6
      vertex 44.9559 21.9102 6
      vertex 50.5215 12.5497 6
    endloop
  endfacet
  facet normal 0 0 1
    outer loop
      vertex 38.11 42.32 6
      vertex 47.2459 46.5684 6
      vertex 46.9101 46.9101 6
    endloop
  endfacet
  facet normal 0 0 1
    outer loop
      vertex 50.5215 12.5497 6
      vertex 44.9559 21.9102 6
      vertex 50.2571 12.1502 6
    endloop
  endfacet
  facet normal 0 0 1
    outer loop
      vertex 38.11 42.32 6
      vertex 46.9101 46.9101 6
      vertex 46.5684 47.2459 6
    endloop
  endfacet
  facet normal -0 0 1
    outer loop
      vertex 44.7079 21.9011 6
      vertex 50.2571 12.1502 6
      vertex 44.9559 21.9102 6
    endloop
  endfacet
  facet normal 0 0 1
    outer loop
      vertex 50.2571 12.1502 6
      vertex 44.7079 21.9011 6
      vertex 49.9857 11.7553 6
    endloop
  endfacet
  facet normal -0 0 1
    outer loop
      vertex 45.2 21.9553 6
      vertex 51.7369 14.613 6
      vertex 45.4349 22.0354 6
    endloop
  endfacet
  facet normal 0 0 1
    outer loop
      vertex 53.2946 18.1115 6
      vertex 46.0361 22.4656 6
      vertex 53.1268 17.6628 6
    endloop
  endfacet
  facet normal 0 0 1
    outer loop
      vertex 54.1346 20.8592 6
      vertex 46.3979 23.1102 6
      vertex 54.0147 20.3954 6
    endloop
  endfacet
  facet normal 0 0 1
    outer loop
      vertex 38.11 42.32 6
      vertex 46.5684 47.2459 6
      vertex 46.2209 47.5757 6
    endloop
  endfacet
  facet normal -0 -0 1
    outer loop
      vertex 46.47 23.6 6
      vertex 54.612 23.2059 6
      vertex 46.4519 23.8475 6
    endloop
  endfacet
  facet normal 0 0 1
    outer loop
      vertex 54.9458 27.9791 6
      vertex 46.0361 24.7344 6
      vertex 46.1878 24.538 6
    endloop
  endfacet
  facet normal 0 0 1
    outer loop
      vertex 38.11 42.32 6
      vertex 46.2209 47.5757 6
      vertex 45.8676 47.8993 6
    endloop
  endfacet
  facet normal 0 0 1
    outer loop
      vertex 54.9124 28.9366 6
      vertex 45.8574 24.9067 6
      vertex 46.0361 24.7344 6
    endloop
  endfacet
  facet normal 0 0 1
    outer loop
      vertex 54.7996 30.3693 6
      vertex 45.6556 25.0511 6
      vertex 45.8574 24.9067 6
    endloop
  endfacet
  facet normal 0 0 1
    outer loop
      vertex 38.11 42.32 6
      vertex 45.8676 47.8993 6
      vertex 45.5088 48.2168 6
    endloop
  endfacet
  facet normal 0 0 1
    outer loop
      vertex 54.612 31.7941 6
      vertex 45.4349 25.1646 6
      vertex 45.6556 25.0511 6
    endloop
  endfacet
  facet normal 0 0 1
    outer loop
      vertex 54.3502 33.2072 6
      vertex 45.2 25.2447 6
      vertex 45.4349 25.1646 6
    endloop
  endfacet
  facet normal 0 0 1
    outer loop
      vertex 38.11 42.32 6
      vertex 45.5088 48.2168 6
      vertex 45.1445 48.5279 6
    endloop
  endfacet
  facet normal 0 0 1
    outer loop
      vertex 37.8278 41.382 6
      vertex 51.0292 41.6378 6
      vertex 37.9493 41.5984 6
    endloop
  endfacet
  facet normal 0 0 1
    outer loop
      vertex 38.11 42.32 6
      vertex 45.1445 48.5279 6
      vertex 44.7748 48.8327 6
    endloop
  endfacet
  facet normal 0 0 1
    outer loop
      vertex 53.4545 36.4368 6
      vertex 38.146 29.9756 6
      vertex 44.9559 25.2898 6
    endloop
  endfacet
  facet normal 0 0 1
    outer loop
      vertex 53.8866 35.0662 6
      vertex 44.9559 25.2898 6
      vertex 45.2 25.2447 6
    endloop
  endfacet
  facet normal 0 0 1
    outer loop
      vertex 38.11 42.32 6
      vertex 44.7748 48.8327 6
      vertex 44.3999 49.1309 6
    endloop
  endfacet
  facet normal 0 0 1
    outer loop
      vertex 44.9559 25.2898 6
      vertex 38.146 29.9756 6
      vertex 44.7079 25.2989 6
    endloop
  endfacet
  facet normal 0 0 1
    outer loop
      vertex 38.11 42.32 6
      vertex 44.3999 49.1309 6
      vertex 44.0198 49.4225 6
    endloop
  endfacet
  facet normal 0 0 1
    outer loop
      vertex 44.7079 25.2989 6
      vertex 38.146 29.9756 6
      vertex 44.4612 25.2717 6
    endloop
  endfacet
  facet normal -0 -0 1
    outer loop
      vertex 38.1997 29.7317 6
      vertex 44.4612 25.2717 6
      vertex 38.146 29.9756 6
    endloop
  endfacet
  facet normal 0 0 1
    outer loop
      vertex 38.11 42.32 6
      vertex 44.0198 49.4225 6
      vertex 43.6347 49.7075 6
    endloop
  endfacet
  facet normal -0 -0 1
    outer loop
      vertex 38.2479 29.4867 6
      vertex 44.4612 25.2717 6
      vertex 38.1997 29.7317 6
    endloop
  endfacet
  facet normal -0 -0 1
    outer loop
      vertex 38.2905 29.2407 6
      vertex 44.4612 25.2717 6
      vertex 38.2479 29.4867 6
    endloop
  endfacet
  facet normal 0 0 1
    outer loop
      vertex 44.4612 25.2717 6
      vertex 38.2905 29.2407 6
      vertex 44.2211 25.2089 6
    endloop
  endfacet
  facet normal 0 0 1
    outer loop
      vertex 38.11 42.32 6
      vertex 43.6347 49.7075 6
      vertex 43.2447 49.9857 6
    endloop
  endfacet
  facet normal -0 -0 1
    outer loop
      vertex 38.3275 28.9937 6
      vertex 44.2211 25.2089 6
      vertex 38.2905 29.2407 6
    endloop
  endfacet
  facet normal -0 -0 1
    outer loop
      vertex 38.3588 28.7459 6
      vertex 44.2211 25.2089 6
      vertex 38.3275 28.9937 6
    endloop
  endfacet
  facet normal -0 -0 1
    outer loop
      vertex 38.3844 28.4975 6
      vertex 44.2211 25.2089 6
      vertex 38.3588 28.7459 6
    endloop
  endfacet
  facet normal 0 0 1
    outer loop
      vertex 44.2211 25.2089 6
      vertex 38.3844 28.4975 6
      vertex 43.9927 25.1119 6
    endloop
  endfacet
  facet normal 0 0 1
    outer loop
      vertex 38.11 42.32 6
      vertex 43.2447 49.9857 6
      vertex 42.8498 50.2571 6
    endloop
  endfacet
  facet normal 0 0 1
    outer loop
      vertex 49.9857 11.7553 6
      vertex 44.7079 21.9011 6
      vertex 49.7075 11.3653 6
    endloop
  endfacet
  facet normal 0 0 1
    outer loop
      vertex 49.7075 11.3653 6
      vertex 44.7079 21.9011 6
      vertex 49.4225 10.9802 6
    endloop
  endfacet
  facet normal 0 0 1
    outer loop
      vertex 49.4225 10.9802 6
      vertex 44.7079 21.9011 6
      vertex 49.1309 10.6001 6
    endloop
  endfacet
  facet normal 0 0 1
    outer loop
      vertex 44.4612 21.9283 6
      vertex 49.1309 10.6001 6
      vertex 44.7079 21.9011 6
    endloop
  endfacet
  facet normal 0 0 1
    outer loop
      vertex 49.1309 10.6001 6
      vertex 44.4612 21.9283 6
      vertex 48.8327 10.2252 6
    endloop
  endfacet
  facet normal 0 0 1
    outer loop
      vertex 48.8327 10.2252 6
      vertex 44.4612 21.9283 6
      vertex 48.5279 9.85548 6
    endloop
  endfacet
  facet normal 0 0 1
    outer loop
      vertex 48.5279 9.85548 6
      vertex 44.4612 21.9283 6
      vertex 48.2168 9.49118 6
    endloop
  endfacet
  facet normal 0 0 1
    outer loop
      vertex 44.2211 21.9911 6
      vertex 48.2168 9.49118 6
      vertex 44.4612 21.9283 6
    endloop
  endfacet
  facet normal 0 0 1
    outer loop
      vertex 48.2168 9.49118 6
      vertex 44.2211 21.9911 6
      vertex 47.8993 9.13237 6
    endloop
  endfacet
  facet normal 0 0 1
    outer loop
      vertex 47.8993 9.13237 6
      vertex 44.2211 21.9911 6
      vertex 47.5757 8.77915 6
    endloop
  endfacet
  facet normal 0 0 1
    outer loop
      vertex 47.5757 8.77915 6
      vertex 44.2211 21.9911 6
      vertex 47.2459 8.43163 6
    endloop
  endfacet
  facet normal 0 0 1
    outer loop
      vertex 47.2459 8.43163 6
      vertex 44.2211 21.9911 6
      vertex 46.9101 8.08992 6
    endloop
  endfacet
  facet normal 0 0 1
    outer loop
      vertex 46.9101 8.08992 6
      vertex 44.2211 21.9911 6
      vertex 46.5684 7.75412 6
    endloop
  endfacet
  facet normal 0 0 1
    outer loop
      vertex 43.9927 22.0881 6
      vertex 46.5684 7.75412 6
      vertex 44.2211 21.9911 6
    endloop
  endfacet
  facet normal 0 0 1
    outer loop
      vertex 46.5684 7.75412 6
      vertex 43.9927 22.0881 6
      vertex 46.2209 7.42434 6
    endloop
  endfacet
  facet normal 0 0 1
    outer loop
      vertex 46.2209 7.42434 6
      vertex 43.9927 22.0881 6
      vertex 45.8676 7.10067 6
    endloop
  endfacet
  facet normal 0 0 1
    outer loop
      vertex 45.8676 7.10067 6
      vertex 43.9927 22.0881 6
      vertex 45.5088 6.78322 6
    endloop
  endfacet
  facet normal 0 0 1
    outer loop
      vertex 45.5088 6.78322 6
      vertex 43.9927 22.0881 6
      vertex 45.1445 6.47208 6
    endloop
  endfacet
  facet normal 0 0 1
    outer loop
      vertex 45.1445 6.47208 6
      vertex 43.9927 22.0881 6
      vertex 44.7748 6.16734 6
    endloop
  endfacet
  facet normal 0 0 1
    outer loop
      vertex 43.7808 22.2174 6
      vertex 44.7748 6.16734 6
      vertex 43.9927 22.0881 6
    endloop
  endfacet
  facet normal 0 0 1
    outer loop
      vertex 44.7748 6.16734 6
      vertex 43.7808 22.2174 6
      vertex 44.3999 5.86911 6
    endloop
  endfacet
  facet normal 0 0 1
    outer loop
      vertex 44.3999 5.86911 6
      vertex 43.7808 22.2174 6
      vertex 44.0198 5.57746 6
    endloop
  endfacet
  facet normal 0 0 1
    outer loop
      vertex 43.7808 22.2174 6
      vertex 43.6347 5.29248 6
      vertex 44.0198 5.57746 6
    endloop
  endfacet
  facet normal 0 0 1
    outer loop
      vertex 42.8498 4.74292 6
      vertex 43.7808 22.2174 6
      vertex 43.5901 22.3762 6
    endloop
  endfacet
  facet normal 0 0 1
    outer loop
      vertex 39.962 3.04187 6
      vertex 43.5901 22.3762 6
      vertex 43.4245 22.561 6
    endloop
  endfacet
  facet normal 0 0 1
    outer loop
      vertex 38.6649 2.42318 6
      vertex 43.4245 22.561 6
      vertex 43.2875 22.768 6
    endloop
  endfacet
  facet normal 0 0 1
    outer loop
      vertex 43.7808 22.2174 6
      vertex 43.2447 5.01428 6
      vertex 43.6347 5.29248 6
    endloop
  endfacet
  facet normal -0 0 1
    outer loop
      vertex 38.2905 25.7593 6
      vertex 43.2875 24.432 6
      vertex 38.3275 26.0063 6
    endloop
  endfacet
  facet normal -0 0 1
    outer loop
      vertex 38.3275 26.0063 6
      vertex 43.2875 24.432 6
      vertex 38.3588 26.2541 6
    endloop
  endfacet
  facet normal 0 0 1
    outer loop
      vertex 43.4245 24.639 6
      vertex 38.3588 26.2541 6
      vertex 43.2875 24.432 6
    endloop
  endfacet
  facet normal 0 0 1
    outer loop
      vertex 43.7808 22.2174 6
      vertex 42.8498 4.74292 6
      vertex 43.2447 5.01428 6
    endloop
  endfacet
  facet normal -0 -0 1
    outer loop
      vertex 38.4043 28.2486 6
      vertex 43.9927 25.1119 6
      vertex 38.3844 28.4975 6
    endloop
  endfacet
  facet normal 0 0 1
    outer loop
      vertex 37.4974 43.6267 6
      vertex 42.8498 50.2571 6
      vertex 42.4503 50.5215 6
    endloop
  endfacet
  facet normal 0 0 1
    outer loop
      vertex 43.2875 24.432 6
      vertex 38.2905 25.7593 6
      vertex 43.1822 24.2073 6
    endloop
  endfacet
  facet normal 0 0 1
    outer loop
      vertex 37.4974 43.6267 6
      vertex 42.4503 50.5215 6
      vertex 42.0463 50.7789 6
    endloop
  endfacet
  facet normal 0 0 1
    outer loop
      vertex 43.5901 22.3762 6
      vertex 42.4503 4.47849 6
      vertex 42.8498 4.74292 6
    endloop
  endfacet
  facet normal 0 0 1
    outer loop
      vertex 37.2956 43.7711 6
      vertex 42.0463 50.7789 6
      vertex 41.6378 51.0292 6
    endloop
  endfacet
  facet normal 0 0 1
    outer loop
      vertex 43.5901 22.3762 6
      vertex 42.0463 4.22108 6
      vertex 42.4503 4.47849 6
    endloop
  endfacet
  facet normal 0 0 1
    outer loop
      vertex 37.2956 43.7711 6
      vertex 41.6378 51.0292 6
      vertex 41.225 51.2724 6
    endloop
  endfacet
  facet normal 0 0 1
    outer loop
      vertex 43.5901 22.3762 6
      vertex 41.6378 3.97076 6
      vertex 42.0463 4.22108 6
    endloop
  endfacet
  facet normal 0 0 1
    outer loop
      vertex 37.0749 43.8846 6
      vertex 41.225 51.2724 6
      vertex 40.808 51.5083 6
    endloop
  endfacet
  facet normal 0 0 1
    outer loop
      vertex 43.5901 22.3762 6
      vertex 41.225 3.7276 6
      vertex 41.6378 3.97076 6
    endloop
  endfacet
  facet normal 0 0 1
    outer loop
      vertex 37.0749 43.8846 6
      vertex 40.808 51.5083 6
      vertex 40.387 51.7369 6
    endloop
  endfacet
  facet normal 0 0 1
    outer loop
      vertex 43.5901 22.3762 6
      vertex 40.808 3.49169 6
      vertex 41.225 3.7276 6
    endloop
  endfacet
  facet normal 0 0 1
    outer loop
      vertex 36.84 43.9647 6
      vertex 40.387 51.7369 6
      vertex 39.962 51.9581 6
    endloop
  endfacet
  facet normal 0 0 1
    outer loop
      vertex 43.5901 22.3762 6
      vertex 40.387 3.26309 6
      vertex 40.808 3.49169 6
    endloop
  endfacet
  facet normal 0 0 1
    outer loop
      vertex 36.84 43.9647 6
      vertex 39.962 51.9581 6
      vertex 39.5333 52.1719 6
    endloop
  endfacet
  facet normal 0 0 1
    outer loop
      vertex 43.5901 22.3762 6
      vertex 39.962 3.04187 6
      vertex 40.387 3.26309 6
    endloop
  endfacet
  facet normal 0 0 1
    outer loop
      vertex 36.5959 44.0098 6
      vertex 39.5333 52.1719 6
      vertex 39.1009 52.3781 6
    endloop
  endfacet
  facet normal 0 0 1
    outer loop
      vertex 43.4245 22.561 6
      vertex 39.5333 2.8281 6
      vertex 39.962 3.04187 6
    endloop
  endfacet
  facet normal 0 0 1
    outer loop
      vertex 36.5959 44.0098 6
      vertex 39.1009 52.3781 6
      vertex 38.6649 52.5768 6
    endloop
  endfacet
  facet normal 0 0 1
    outer loop
      vertex 43.4245 22.561 6
      vertex 39.1009 2.62185 6
      vertex 39.5333 2.8281 6
    endloop
  endfacet
  facet normal 0 0 1
    outer loop
      vertex 43.4245 22.561 6
      vertex 38.6649 2.42318 6
      vertex 39.1009 2.62185 6
    endloop
  endfacet
  facet normal -0 0 1
    outer loop
      vertex 38.3588 26.2541 6
      vertex 43.4245 24.639 6
      vertex 38.3844 26.5025 6
    endloop
  endfacet
  facet normal -0 0 1
    outer loop
      vertex 38.3844 26.5025 6
      vertex 43.4245 24.639 6
      vertex 38.4043 26.7514 6
    endloop
  endfacet
  facet normal -0 0 1
    outer loop
      vertex 38.4043 26.7514 6
      vertex 43.4245 24.639 6
      vertex 38.4186 27.0007 6
    endloop
  endfacet
  facet normal -0 -0 1
    outer loop
      vertex 38.4186 27.9993 6
      vertex 43.9927 25.1119 6
      vertex 38.4043 28.2486 6
    endloop
  endfacet
  facet normal 0 0 1
    outer loop
      vertex 43.5901 24.8238 6
      vertex 38.4186 27.0007 6
      vertex 43.4245 24.639 6
    endloop
  endfacet
  facet normal -0 0 1
    outer loop
      vertex 38.4186 27.0007 6
      vertex 43.5901 24.8238 6
      vertex 38.4271 27.2503 6
    endloop
  endfacet
  facet normal -0 0 1
    outer loop
      vertex 38.4271 27.2503 6
      vertex 43.5901 24.8238 6
      vertex 38.43 27.5 6
    endloop
  endfacet
  facet normal 0 0 1
    outer loop
      vertex 43.7808 24.9826 6
      vertex 38.43 27.5 6
      vertex 43.5901 24.8238 6
    endloop
  endfacet
  facet normal 0 0 1
    outer loop
      vertex 36.5959 44.0098 6
      vertex 38.6649 52.5768 6
      vertex 38.2256 52.7679 6
    endloop
  endfacet
  facet normal -0 -0 1
    outer loop
      vertex 38.43 27.5 6
      vertex 43.7808 24.9826 6
      vertex 38.4271 27.7497 6
    endloop
  endfacet
  facet normal -0 -0 1
    outer loop
      vertex 38.4271 27.7497 6
      vertex 43.7808 24.9826 6
      vertex 38.4186 27.9993 6
    endloop
  endfacet
  facet normal 0 0 1
    outer loop
      vertex 43.9927 25.1119 6
      vertex 38.4186 27.9993 6
      vertex 43.7808 24.9826 6
    endloop
  endfacet
  facet normal 0 0 1
    outer loop
      vertex 42.8498 50.2571 6
      vertex 38.0919 42.5675 6
      vertex 38.11 42.32 6
    endloop
  endfacet
  facet normal 0 0 1
    outer loop
      vertex 42.8498 50.2571 6
      vertex 38.0379 42.8098 6
      vertex 38.0919 42.5675 6
    endloop
  endfacet
  facet normal 0 0 1
    outer loop
      vertex 42.8498 50.2571 6
      vertex 37.9493 43.0416 6
      vertex 38.0379 42.8098 6
    endloop
  endfacet
  facet normal 0 0 1
    outer loop
      vertex 42.8498 50.2571 6
      vertex 37.8278 43.258 6
      vertex 37.9493 43.0416 6
    endloop
  endfacet
  facet normal 0 0 1
    outer loop
      vertex 36.3479 44.0189 6
      vertex 38.2256 52.7679 6
      vertex 37.783 52.9512 6
    endloop
  endfacet
  facet normal 0 0 1
    outer loop
      vertex 42.8498 50.2571 6
      vertex 37.6761 43.4544 6
      vertex 37.8278 43.258 6
    endloop
  endfacet
  facet normal 0 0 1
    outer loop
      vertex 42.8498 50.2571 6
      vertex 37.4974 43.6267 6
      vertex 37.6761 43.4544 6
    endloop
  endfacet
  facet normal 0 0 1
    outer loop
      vertex 36.3479 44.0189 6
      vertex 37.783 52.9512 6
      vertex 37.3372 53.1268 6
    endloop
  endfacet
  facet normal 0 0 1
    outer loop
      vertex 42.0463 50.7789 6
      vertex 37.2956 43.7711 6
      vertex 37.4974 43.6267 6
    endloop
  endfacet
  facet normal 0 0 1
    outer loop
      vertex 41.225 51.2724 6
      vertex 37.0749 43.8846 6
      vertex 37.2956 43.7711 6
    endloop
  endfacet
  facet normal 0 0 1
    outer loop
      vertex 36.1012 43.9917 6
      vertex 37.3372 53.1268 6
      vertex 36.8885 53.2946 6
    endloop
  endfacet
  facet normal 0 0 1
    outer loop
      vertex 40.387 51.7369 6
      vertex 36.84 43.9647 6
      vertex 37.0749 43.8846 6
    endloop
  endfacet
  facet normal 0 0 1
    outer loop
      vertex 39.5333 52.1719 6
      vertex 36.5959 44.0098 6
      vertex 36.84 43.9647 6
    endloop
  endfacet
  facet normal 0 0 1
    outer loop
      vertex 36.1012 43.9917 6
      vertex 36.8885 53.2946 6
      vertex 36.4368 53.4545 6
    endloop
  endfacet
  facet normal 0 0 1
    outer loop
      vertex 38.2256 52.7679 6
      vertex 36.3479 44.0189 6
      vertex 36.5959 44.0098 6
    endloop
  endfacet
  facet normal 0 0 1
    outer loop
      vertex 37.3372 53.1268 6
      vertex 36.1012 43.9917 6
      vertex 36.3479 44.0189 6
    endloop
  endfacet
  facet normal 0 0 1
    outer loop
      vertex 35.8611 43.9289 6
      vertex 36.4368 53.4545 6
      vertex 35.9825 53.6065 6
    endloop
  endfacet
  facet normal 0 0 1
    outer loop
      vertex 36.4368 53.4545 6
      vertex 35.8611 43.9289 6
      vertex 36.1012 43.9917 6
    endloop
  endfacet
  facet normal 0 0 1
    outer loop
      vertex 35.5256 53.7506 6
      vertex 35.8611 43.9289 6
      vertex 35.9825 53.6065 6
    endloop
  endfacet
  facet normal 0 0 1
    outer loop
      vertex 35.0662 53.8866 6
      vertex 35.8611 43.9289 6
      vertex 35.5256 53.7506 6
    endloop
  endfacet
  facet normal 0 0 1
    outer loop
      vertex 35.8611 43.9289 6
      vertex 35.0662 53.8866 6
      vertex 35.6327 43.8319 6
    endloop
  endfacet
  facet normal 0 0 1
    outer loop
      vertex 34.6046 54.0147 6
      vertex 35.6327 43.8319 6
      vertex 35.0662 53.8866 6
    endloop
  endfacet
  facet normal 0 0 1
    outer loop
      vertex 34.1408 54.1346 6
      vertex 35.6327 43.8319 6
      vertex 34.6046 54.0147 6
    endloop
  endfacet
  facet normal 0 0 1
    outer loop
      vertex 35.6327 43.8319 6
      vertex 34.1408 54.1346 6
      vertex 35.4208 43.7026 6
    endloop
  endfacet
  facet normal 0 0 1
    outer loop
      vertex 33.6749 54.2465 6
      vertex 35.4208 43.7026 6
      vertex 34.1408 54.1346 6
    endloop
  endfacet
  facet normal 0 0 1
    outer loop
      vertex 33.2072 54.3502 6
      vertex 35.4208 43.7026 6
      vertex 33.6749 54.2465 6
    endloop
  endfacet
  facet normal 0 0 1
    outer loop
      vertex 32.7377 54.4457 6
      vertex 35.4208 43.7026 6
      vertex 33.2072 54.3502 6
    endloop
  endfacet
  facet normal 0 0 1
    outer loop
      vertex 35.4208 43.7026 6
      vertex 32.7377 54.4457 6
      vertex 35.2301 43.5438 6
    endloop
  endfacet
  facet normal 0 0 1
    outer loop
      vertex 31.7941 54.612 6
      vertex 35.2301 43.5438 6
      vertex 32.2666 54.533 6
    endloop
  endfacet
  facet normal 0 0 1
    outer loop
      vertex 32.2666 54.533 6
      vertex 35.2301 43.5438 6
      vertex 32.7377 54.4457 6
    endloop
  endfacet
  facet normal -0.999657 0.0261777 0
    outer loop
      vertex 0.0541811 27.9791 -3
      vertex 0.0667219 28.458 6
      vertex 0.0667219 28.458 -3
    endloop
  endfacet
  facet normal -0.999657 0.0261777 0
    outer loop
      vertex 0.0667219 28.458 6
      vertex 0.0541811 27.9791 -3
      vertex 0.0541811 27.9791 6
    endloop
  endfacet
  facet normal -0.446295 0.894886 0
    outer loop
      vertex 15.4667 52.1719 -3
      vertex 15.038 51.9581 6
      vertex 15.4667 52.1719 6
    endloop
  endfacet
  facet normal -0.446295 0.894886 0
    outer loop
      vertex 15.038 51.9581 6
      vertex 15.4667 52.1719 -3
      vertex 15.038 51.9581 -3
    endloop
  endfacet
  facet normal -0.414699 0.909959 0
    outer loop
      vertex 16.3351 52.5768 -3
      vertex 15.8991 52.3781 6
      vertex 16.3351 52.5768 6
    endloop
  endfacet
  facet normal -0.414699 0.909959 0
    outer loop
      vertex 15.8991 52.3781 6
      vertex 16.3351 52.5768 -3
      vertex 15.8991 52.3781 -3
    endloop
  endfacet
  facet normal -0.382628 0.923902 0
    outer loop
      vertex 17.217 52.9512 -3
      vertex 16.7744 52.7679 6
      vertex 17.217 52.9512 6
    endloop
  endfacet
  facet normal -0.382628 0.923902 0
    outer loop
      vertex 16.7744 52.7679 6
      vertex 17.217 52.9512 -3
      vertex 16.7744 52.7679 -3
    endloop
  endfacet
  facet normal -0.537335 0.843369 0
    outer loop
      vertex 12.9537 50.7789 -3
      vertex 12.5497 50.5215 6
      vertex 12.9537 50.7789 6
    endloop
  endfacet
  facet normal -0.537335 0.843369 0
    outer loop
      vertex 12.5497 50.5215 6
      vertex 12.9537 50.7789 -3
      vertex 12.5497 50.5215 -3
    endloop
  endfacet
  facet normal -0.688372 0.725358 0
    outer loop
      vertex 8.77915 47.5757 -3
      vertex 8.43163 47.2459 6
      vertex 8.77915 47.5757 6
    endloop
  endfacet
  facet normal -0.688372 0.725358 0
    outer loop
      vertex 8.43163 47.2459 6
      vertex 8.77915 47.5757 -3
      vertex 8.43163 47.2459 -3
    endloop
  endfacet
  facet normal -0.317292 0.948328 0
    outer loop
      vertex 19.0175 53.6065 -3
      vertex 18.5632 53.4545 6
      vertex 19.0175 53.6065 6
    endloop
  endfacet
  facet normal -0.317292 0.948328 0
    outer loop
      vertex 18.5632 53.4545 6
      vertex 19.0175 53.6065 -3
      vertex 18.5632 53.4545 -3
    endloop
  endfacet
  facet normal 0.0958432 -0.995396 0
    outer loop
      vertex 29.8924 0.154456 -3
      vertex 30.3693 0.200375 6
      vertex 29.8924 0.154456 6
    endloop
  endfacet
  facet normal 0.0958432 -0.995396 0
    outer loop
      vertex 30.3693 0.200375 6
      vertex 29.8924 0.154456 -3
      vertex 30.3693 0.200375 -3
    endloop
  endfacet
  facet normal 0.0784613 -0.996917 0
    outer loop
      vertex 29.4148 0.116867 -3
      vertex 29.8924 0.154456 6
      vertex 29.4148 0.116867 6
    endloop
  endfacet
  facet normal 0.0784613 -0.996917 0
    outer loop
      vertex 29.8924 0.154456 6
      vertex 29.4148 0.116867 -3
      vertex 29.8924 0.154456 -3
    endloop
  endfacet
  facet normal 0.594851 -0.803836 0
    outer loop
      vertex 43.6347 5.29248 -3
      vertex 44.0198 5.57746 6
      vertex 43.6347 5.29248 6
    endloop
  endfacet
  facet normal 0.594851 -0.803836 0
    outer loop
      vertex 44.0198 5.57746 6
      vertex 43.6347 5.29248 -3
      vertex 44.0198 5.57746 -3
    endloop
  endfacet
  facet normal 0.902621 -0.430436 0
    outer loop
      vertex 52.1719 15.4667 6
      vertex 52.3781 15.8991 -3
      vertex 52.3781 15.8991 6
    endloop
  endfacet
  facet normal 0.902621 -0.430436 0
    outer loop
      vertex 52.3781 15.8991 -3
      vertex 52.1719 15.4667 6
      vertex 52.1719 15.4667 -3
    endloop
  endfacet
  facet normal 0.972348 -0.233539 0
    outer loop
      vertex 54.1346 20.8592 6
      vertex 54.2465 21.3251 -3
      vertex 54.2465 21.3251 6
    endloop
  endfacet
  facet normal 0.972348 -0.233539 0
    outer loop
      vertex 54.2465 21.3251 -3
      vertex 54.1346 20.8592 6
      vertex 54.1346 20.8592 -3
    endloop
  endfacet
  facet normal -0.430521 -0.902581 0
    outer loop
      vertex 15.4667 2.8281 -3
      vertex 15.8991 2.62185 6
      vertex 15.4667 2.8281 6
    endloop
  endfacet
  facet normal -0.430521 -0.902581 -0
    outer loop
      vertex 15.8991 2.62185 6
      vertex 15.4667 2.8281 -3
      vertex 15.8991 2.62185 -3
    endloop
  endfacet
  facet normal -0.53735 -0.84336 0
    outer loop
      vertex 12.5497 4.47849 -3
      vertex 12.9537 4.22108 6
      vertex 12.5497 4.47849 6
    endloop
  endfacet
  facet normal -0.53735 -0.84336 -0
    outer loop
      vertex 12.9537 4.22108 6
      vertex 12.5497 4.47849 -3
      vertex 12.9537 4.22108 -3
    endloop
  endfacet
  facet normal -0.477184 -0.878803 0
    outer loop
      vertex 14.192 3.49169 -3
      vertex 14.613 3.26309 6
      vertex 14.192 3.49169 6
    endloop
  endfacet
  facet normal -0.477184 -0.878803 -0
    outer loop
      vertex 14.613 3.26309 6
      vertex 14.192 3.49169 -3
      vertex 14.613 3.26309 -3
    endloop
  endfacet
  facet normal -0.31733 -0.948315 0
    outer loop
      vertex 18.5632 1.54552 -3
      vertex 19.0175 1.3935 6
      vertex 18.5632 1.54552 6
    endloop
  endfacet
  facet normal -0.31733 -0.948315 -0
    outer loop
      vertex 19.0175 1.3935 6
      vertex 18.5632 1.54552 -3
      vertex 19.0175 1.3935 -3
    endloop
  endfacet
  facet normal -0.267279 -0.963619 0
    outer loop
      vertex 19.9338 1.11337 -3
      vertex 20.3954 0.985336 6
      vertex 19.9338 1.11337 6
    endloop
  endfacet
  facet normal -0.267279 -0.963619 -0
    outer loop
      vertex 20.3954 0.985336 6
      vertex 19.9338 1.11337 -3
      vertex 20.3954 0.985336 -3
    endloop
  endfacet
  facet normal -0.199354 -0.979927 0
    outer loop
      vertex 21.7928 0.649849 -3
      vertex 22.2623 0.554335 6
      vertex 21.7928 0.649849 6
    endloop
  endfacet
  facet normal -0.199354 -0.979927 -0
    outer loop
      vertex 22.2623 0.554335 6
      vertex 21.7928 0.649849 -3
      vertex 22.2623 0.554335 -3
    endloop
  endfacet
  facet normal -0.0784613 -0.996917 0
    outer loop
      vertex 25.1076 0.154456 -3
      vertex 25.5852 0.116867 6
      vertex 25.1076 0.154456 6
    endloop
  endfacet
  facet normal -0.0784613 -0.996917 -0
    outer loop
      vertex 25.5852 0.116867 6
      vertex 25.1076 0.154456 -3
      vertex 25.5852 0.116867 -3
    endloop
  endfacet
  facet normal -0.713248 -0.700912 0
    outer loop
      vertex 8.08992 8.08992 -3
      vertex 7.75412 8.43163 6
      vertex 7.75412 8.43163 -3
    endloop
  endfacet
  facet normal -0.713248 -0.700912 0
    outer loop
      vertex 7.75412 8.43163 6
      vertex 8.08992 8.08992 -3
      vertex 8.08992 8.08992 6
    endloop
  endfacet
  facet normal -0.91704 -0.398796 0
    outer loop
      vertex 2.42318 16.3351 -3
      vertex 2.23214 16.7744 6
      vertex 2.23214 16.7744 -3
    endloop
  endfacet
  facet normal -0.91704 -0.398796 0
    outer loop
      vertex 2.23214 16.7744 6
      vertex 2.42318 16.3351 -3
      vertex 2.42318 16.3351 6
    endloop
  endfacet
  facet normal -0.894911 -0.446245 0
    outer loop
      vertex 3.04187 15.038 -3
      vertex 2.8281 15.4667 6
      vertex 2.8281 15.4667 -3
    endloop
  endfacet
  facet normal -0.894911 -0.446245 0
    outer loop
      vertex 2.8281 15.4667 6
      vertex 3.04187 15.038 -3
      vertex 3.04187 15.038 6
    endloop
  endfacet
  facet normal -0.833879 -0.551947 0
    outer loop
      vertex 4.74292 12.1502 -3
      vertex 4.47849 12.5497 6
      vertex 4.47849 12.5497 -3
    endloop
  endfacet
  facet normal -0.833879 -0.551947 0
    outer loop
      vertex 4.47849 12.5497 6
      vertex 4.74292 12.1502 -3
      vertex 4.74292 12.1502 6
    endloop
  endfacet
  facet normal -0.870371 -0.492396 0
    outer loop
      vertex 3.7276 13.775 -3
      vertex 3.49169 14.192 6
      vertex 3.49169 14.192 -3
    endloop
  endfacet
  facet normal -0.870371 -0.492396 0
    outer loop
      vertex 3.49169 14.192 6
      vertex 3.7276 13.775 -3
      vertex 3.7276 13.775 6
    endloop
  endfacet
  facet normal -0.771659 -0.636036 0
    outer loop
      vertex 6.47208 9.85548 -3
      vertex 6.16734 10.2252 6
      vertex 6.16734 10.2252 -3
    endloop
  endfacet
  facet normal -0.771659 -0.636036 0
    outer loop
      vertex 6.16734 10.2252 6
      vertex 6.47208 9.85548 -3
      vertex 6.47208 9.85548 6
    endloop
  endfacet
  facet normal -0.803836 -0.594851 0
    outer loop
      vertex 5.57746 10.9802 -3
      vertex 5.29248 11.3653 6
      vertex 5.29248 11.3653 -3
    endloop
  endfacet
  facet normal -0.803836 -0.594851 0
    outer loop
      vertex 5.29248 11.3653 6
      vertex 5.57746 10.9802 -3
      vertex 5.57746 10.9802 6
    endloop
  endfacet
  facet normal -0.958831 -0.283976 0
    outer loop
      vertex 1.24943 19.4744 -3
      vertex 1.11337 19.9338 6
      vertex 1.11337 19.9338 -3
    endloop
  endfacet
  facet normal -0.958831 -0.283976 0
    outer loop
      vertex 1.11337 19.9338 6
      vertex 1.24943 19.4744 -3
      vertex 1.24943 19.4744 6
    endloop
  endfacet
  facet normal -0.976293 -0.216452 0
    outer loop
      vertex 0.753542 21.3251 -3
      vertex 0.649849 21.7928 6
      vertex 0.649849 21.7928 -3
    endloop
  endfacet
  facet normal -0.976293 -0.216452 0
    outer loop
      vertex 0.649849 21.7928 6
      vertex 0.753542 21.3251 -3
      vertex 0.753542 21.3251 6
    endloop
  endfacet
  facet normal -0.995396 -0.0958432 0
    outer loop
      vertex 0.200375 24.6307 -3
      vertex 0.154456 25.1076 6
      vertex 0.154456 25.1076 -3
    endloop
  endfacet
  facet normal -0.995396 -0.0958432 0
    outer loop
      vertex 0.154456 25.1076 6
      vertex 0.200375 24.6307 -3
      vertex 0.200375 24.6307 6
    endloop
  endfacet
  facet normal -0.999657 -0.0261777 0
    outer loop
      vertex 0.0667219 26.542 -3
      vertex 0.0541811 27.0209 6
      vertex 0.0541811 27.0209 -3
    endloop
  endfacet
  facet normal -0.999657 -0.0261777 0
    outer loop
      vertex 0.0541811 27.0209 6
      vertex 0.0667219 26.542 -3
      vertex 0.0667219 26.542 6
    endloop
  endfacet
  facet normal -0.986285 -0.165053 0
    outer loop
      vertex 0.467028 22.7334 -3
      vertex 0.387956 23.2059 6
      vertex 0.387956 23.2059 -3
    endloop
  endfacet
  facet normal -0.986285 -0.165053 0
    outer loop
      vertex 0.387956 23.2059 6
      vertex 0.467028 22.7334 -3
      vertex 0.467028 22.7334 6
    endloop
  endfacet
  facet normal -0.999184 -0.0403874 0
    outer loop
      vertex 30.575 27.5 -3
      vertex 30.565 27.7474 2.2
      vertex 30.565 27.7474 -3
    endloop
  endfacet
  facet normal -0.999184 -0.0403874 0
    outer loop
      vertex 30.565 27.7474 2.2
      vertex 30.575 27.5 -3
      vertex 30.575 27.5 2.2
    endloop
  endfacet
  facet normal 0.999184 -0.0403874 0
    outer loop
      vertex 24.425 27.5 2.2
      vertex 24.435 27.7474 -3
      vertex 24.435 27.7474 2.2
    endloop
  endfacet
  facet normal 0.999184 -0.0403874 0
    outer loop
      vertex 24.435 27.7474 -3
      vertex 24.425 27.5 2.2
      vertex 24.425 27.5 -3
    endloop
  endfacet
  facet normal 0 -1 0
    outer loop
      vertex 27.3762 30.5725 -3
      vertex 27.6238 30.5725 2.2
      vertex 27.3762 30.5725 2.2
    endloop
  endfacet
  facet normal 0 -1 -0
    outer loop
      vertex 27.6238 30.5725 2.2
      vertex 27.3762 30.5725 -3
      vertex 27.6238 30.5725 -3
    endloop
  endfacet
  facet normal -0.721097 -0.692834 0
    outer loop
      vertex 29.8017 29.5391 -3
      vertex 29.6301 29.7177 2.2
      vertex 29.6301 29.7177 -3
    endloop
  endfacet
  facet normal -0.721097 -0.692834 0
    outer loop
      vertex 29.6301 29.7177 2.2
      vertex 29.8017 29.5391 -3
      vertex 29.8017 29.5391 2.2
    endloop
  endfacet
  facet normal 0.66321 -0.748434 0
    outer loop
      vertex 25.3699 29.7177 -3
      vertex 25.5552 29.8819 2.2
      vertex 25.3699 29.7177 2.2
    endloop
  endfacet
  facet normal 0.66321 -0.748434 0
    outer loop
      vertex 25.5552 29.8819 2.2
      vertex 25.3699 29.7177 -3
      vertex 25.5552 29.8819 -3
    endloop
  endfacet
  facet normal 0.316591 -0.948562 0
    outer loop
      vertex 26.4096 30.3752 -3
      vertex 26.6445 30.4536 2.2
      vertex 26.4096 30.3752 2.2
    endloop
  endfacet
  facet normal 0.316591 -0.948562 0
    outer loop
      vertex 26.6445 30.4536 2.2
      vertex 26.4096 30.3752 -3
      vertex 26.6445 30.4536 -3
    endloop
  endfacet
  facet normal -0.774605 0.632446 0
    outer loop
      vertex 29.8017 25.4609 -3
      vertex 29.9583 25.6527 2.2
      vertex 29.9583 25.6527 -3
    endloop
  endfacet
  facet normal -0.774605 0.632446 0
    outer loop
      vertex 29.9583 25.6527 2.2
      vertex 29.8017 25.4609 -3
      vertex 29.8017 25.4609 2.2
    endloop
  endfacet
  facet normal -0.935011 -0.354618 0
    outer loop
      vertex 30.4167 28.4738 -3
      vertex 30.3289 28.7053 2.2
      vertex 30.3289 28.7053 -3
    endloop
  endfacet
  facet normal -0.935011 -0.354618 0
    outer loop
      vertex 30.3289 28.7053 2.2
      vertex 30.4167 28.4738 -3
      vertex 30.4167 28.4738 2.2
    endloop
  endfacet
  facet normal -0.392115 -0.919916 0
    outer loop
      vertex 28.5904 30.3752 -3
      vertex 28.8182 30.2781 2.2
      vertex 28.5904 30.3752 2.2
    endloop
  endfacet
  facet normal -0.392115 -0.919916 -0
    outer loop
      vertex 28.8182 30.2781 2.2
      vertex 28.5904 30.3752 -3
      vertex 28.8182 30.2781 -3
    endloop
  endfacet
  facet normal -0.534312 -0.845287 0
    outer loop
      vertex 29.0375 30.163 -3
      vertex 29.2468 30.0307 2.2
      vertex 29.0375 30.163 2.2
    endloop
  endfacet
  facet normal -0.534312 -0.845287 -0
    outer loop
      vertex 29.2468 30.0307 2.2
      vertex 29.0375 30.163 -3
      vertex 29.2468 30.0307 -3
    endloop
  endfacet
  facet normal 0.903524 -0.428538 0
    outer loop
      vertex 24.6711 28.7053 2.2
      vertex 24.7772 28.929 -3
      vertex 24.7772 28.929 2.2
    endloop
  endfacet
  facet normal 0.903524 -0.428538 0
    outer loop
      vertex 24.7772 28.929 -3
      vertex 24.6711 28.7053 2.2
      vertex 24.6711 28.7053 -3
    endloop
  endfacet
  facet normal 0.160337 -0.987062 0
    outer loop
      vertex 26.8849 30.5129 -3
      vertex 27.1293 30.5526 2.2
      vertex 26.8849 30.5129 2.2
    endloop
  endfacet
  facet normal 0.160337 -0.987062 0
    outer loop
      vertex 27.1293 30.5526 2.2
      vertex 26.8849 30.5129 -3
      vertex 27.1293 30.5526 -3
    endloop
  endfacet
  facet normal -0.392115 0.919916 0
    outer loop
      vertex 28.8182 24.7219 -3
      vertex 28.5904 24.6248 2.2
      vertex 28.8182 24.7219 2.2
    endloop
  endfacet
  facet normal -0.392115 0.919916 0
    outer loop
      vertex 28.5904 24.6248 2.2
      vertex 28.8182 24.7219 -3
      vertex 28.5904 24.6248 -3
    endloop
  endfacet
  facet normal -0.979733 -0.200308 0
    outer loop
      vertex 30.5352 27.9933 -3
      vertex 30.4856 28.2359 2.2
      vertex 30.4856 28.2359 -3
    endloop
  endfacet
  facet normal -0.979733 -0.200308 0
    outer loop
      vertex 30.4856 28.2359 2.2
      vertex 30.5352 27.9933 -3
      vertex 30.5352 27.9933 2.2
    endloop
  endfacet
  facet normal -0.992737 -0.120307 0
    outer loop
      vertex 30.565 27.7474 -3
      vertex 30.5352 27.9933 2.2
      vertex 30.5352 27.9933 -3
    endloop
  endfacet
  facet normal -0.992737 -0.120307 0
    outer loop
      vertex 30.5352 27.9933 2.2
      vertex 30.565 27.7474 -3
      vertex 30.565 27.7474 2.2
    endloop
  endfacet
  facet normal -0.960527 -0.278186 0
    outer loop
      vertex 30.4856 28.2359 -3
      vertex 30.4167 28.4738 2.2
      vertex 30.4167 28.4738 -3
    endloop
  endfacet
  facet normal -0.960527 -0.278186 0
    outer loop
      vertex 30.4167 28.4738 2.2
      vertex 30.4856 28.2359 -3
      vertex 30.4856 28.2359 2.2
    endloop
  endfacet
  facet normal -0.822933 -0.568139 0
    outer loop
      vertex 30.099 29.1435 -3
      vertex 29.9583 29.3473 2.2
      vertex 29.9583 29.3473 -3
    endloop
  endfacet
  facet normal -0.822933 -0.568139 0
    outer loop
      vertex 29.9583 29.3473 2.2
      vertex 30.099 29.1435 -3
      vertex 30.099 29.1435 2.2
    endloop
  endfacet
  facet normal -0.774605 -0.632446 0
    outer loop
      vertex 29.9583 29.3473 -3
      vertex 29.8017 29.5391 2.2
      vertex 29.8017 29.5391 -3
    endloop
  endfacet
  facet normal -0.774605 -0.632446 0
    outer loop
      vertex 29.8017 29.5391 2.2
      vertex 29.9583 29.3473 -3
      vertex 29.9583 29.3473 2.2
    endloop
  endfacet
  facet normal -0.866098 -0.499874 0
    outer loop
      vertex 30.2228 28.929 -3
      vertex 30.099 29.1435 2.2
      vertex 30.099 29.1435 -3
    endloop
  endfacet
  facet normal -0.866098 -0.499874 0
    outer loop
      vertex 30.099 29.1435 2.2
      vertex 30.2228 28.929 -3
      vertex 30.2228 28.929 2.2
    endloop
  endfacet
  facet normal -0.239494 -0.970898 0
    outer loop
      vertex 28.1151 30.5129 -3
      vertex 28.3555 30.4536 2.2
      vertex 28.1151 30.5129 2.2
    endloop
  endfacet
  facet normal -0.239494 -0.970898 -0
    outer loop
      vertex 28.3555 30.4536 2.2
      vertex 28.1151 30.5129 -3
      vertex 28.3555 30.4536 -3
    endloop
  endfacet
  facet normal -0.316591 -0.948562 0
    outer loop
      vertex 28.3555 30.4536 -3
      vertex 28.5904 30.3752 2.2
      vertex 28.3555 30.4536 2.2
    endloop
  endfacet
  facet normal -0.316591 -0.948562 -0
    outer loop
      vertex 28.5904 30.3752 2.2
      vertex 28.3555 30.4536 -3
      vertex 28.5904 30.3752 -3
    endloop
  endfacet
  facet normal -0.464731 -0.885452 0
    outer loop
      vertex 28.8182 30.2781 -3
      vertex 29.0375 30.163 2.2
      vertex 28.8182 30.2781 2.2
    endloop
  endfacet
  facet normal -0.464731 -0.885452 -0
    outer loop
      vertex 29.0375 30.163 2.2
      vertex 28.8182 30.2781 -3
      vertex 29.0375 30.163 -3
    endloop
  endfacet
  facet normal -0.600775 -0.799418 0
    outer loop
      vertex 29.2468 30.0307 -3
      vertex 29.4448 29.8819 2.2
      vertex 29.2468 30.0307 2.2
    endloop
  endfacet
  facet normal -0.600775 -0.799418 -0
    outer loop
      vertex 29.4448 29.8819 2.2
      vertex 29.2468 30.0307 -3
      vertex 29.4448 29.8819 -3
    endloop
  endfacet
  facet normal 0.979733 -0.200308 0
    outer loop
      vertex 24.4648 27.9933 2.2
      vertex 24.5144 28.2359 -3
      vertex 24.5144 28.2359 2.2
    endloop
  endfacet
  facet normal 0.979733 -0.200308 0
    outer loop
      vertex 24.5144 28.2359 -3
      vertex 24.4648 27.9933 2.2
      vertex 24.4648 27.9933 -3
    endloop
  endfacet
  facet normal 0.774605 -0.632446 0
    outer loop
      vertex 25.0417 29.3473 2.2
      vertex 25.1983 29.5391 -3
      vertex 25.1983 29.5391 2.2
    endloop
  endfacet
  facet normal 0.774605 -0.632446 0
    outer loop
      vertex 25.1983 29.5391 -3
      vertex 25.0417 29.3473 2.2
      vertex 25.0417 29.3473 -3
    endloop
  endfacet
  facet normal 0.721097 -0.692834 0
    outer loop
      vertex 25.1983 29.5391 2.2
      vertex 25.3699 29.7177 -3
      vertex 25.3699 29.7177 2.2
    endloop
  endfacet
  facet normal 0.721097 -0.692834 0
    outer loop
      vertex 25.3699 29.7177 -3
      vertex 25.1983 29.5391 2.2
      vertex 25.1983 29.5391 -3
    endloop
  endfacet
  facet normal 0.822933 -0.568139 0
    outer loop
      vertex 24.901 29.1435 2.2
      vertex 25.0417 29.3473 -3
      vertex 25.0417 29.3473 2.2
    endloop
  endfacet
  facet normal 0.822933 -0.568139 0
    outer loop
      vertex 25.0417 29.3473 -3
      vertex 24.901 29.1435 2.2
      vertex 24.901 29.1435 -3
    endloop
  endfacet
  facet normal 0.935011 -0.354618 0
    outer loop
      vertex 24.5833 28.4738 2.2
      vertex 24.6711 28.7053 -3
      vertex 24.6711 28.7053 2.2
    endloop
  endfacet
  facet normal 0.935011 -0.354618 0
    outer loop
      vertex 24.6711 28.7053 -3
      vertex 24.5833 28.4738 2.2
      vertex 24.5833 28.4738 -3
    endloop
  endfacet
  facet normal 0.992737 -0.120307 0
    outer loop
      vertex 24.435 27.7474 2.2
      vertex 24.4648 27.9933 -3
      vertex 24.4648 27.9933 2.2
    endloop
  endfacet
  facet normal 0.992737 -0.120307 0
    outer loop
      vertex 24.4648 27.9933 -3
      vertex 24.435 27.7474 2.2
      vertex 24.435 27.7474 -3
    endloop
  endfacet
  facet normal 0 0 -1
    outer loop
      vertex 30.565 27.2526 2.2
      vertex 30.565 27.7474 2.2
      vertex 30.575 27.5 2.2
    endloop
  endfacet
  facet normal 0 0 -1
    outer loop
      vertex 30.5352 27.0067 2.2
      vertex 30.565 27.7474 2.2
      vertex 30.565 27.2526 2.2
    endloop
  endfacet
  facet normal 0 0 -1
    outer loop
      vertex 30.5352 27.0067 2.2
      vertex 30.5352 27.9933 2.2
      vertex 30.565 27.7474 2.2
    endloop
  endfacet
  facet normal 0 0 -1
    outer loop
      vertex 30.4856 26.7641 2.2
      vertex 30.5352 27.9933 2.2
      vertex 30.5352 27.0067 2.2
    endloop
  endfacet
  facet normal 0 0 -1
    outer loop
      vertex 30.4856 26.7641 2.2
      vertex 30.4856 28.2359 2.2
      vertex 30.5352 27.9933 2.2
    endloop
  endfacet
  facet normal 0 0 -1
    outer loop
      vertex 30.4167 26.5262 2.2
      vertex 30.4856 28.2359 2.2
      vertex 30.4856 26.7641 2.2
    endloop
  endfacet
  facet normal 0 0 -1
    outer loop
      vertex 30.4167 26.5262 2.2
      vertex 30.4167 28.4738 2.2
      vertex 30.4856 28.2359 2.2
    endloop
  endfacet
  facet normal 0 0 -1
    outer loop
      vertex 30.3289 26.2947 2.2
      vertex 30.4167 28.4738 2.2
      vertex 30.4167 26.5262 2.2
    endloop
  endfacet
  facet normal 0 0 -1
    outer loop
      vertex 30.3289 26.2947 2.2
      vertex 30.3289 28.7053 2.2
      vertex 30.4167 28.4738 2.2
    endloop
  endfacet
  facet normal 0 0 -1
    outer loop
      vertex 30.2228 26.071 2.2
      vertex 30.3289 28.7053 2.2
      vertex 30.3289 26.2947 2.2
    endloop
  endfacet
  facet normal 0 0 -1
    outer loop
      vertex 30.2228 26.071 2.2
      vertex 30.2228 28.929 2.2
      vertex 30.3289 28.7053 2.2
    endloop
  endfacet
  facet normal 0 0 -1
    outer loop
      vertex 30.099 25.8565 2.2
      vertex 30.2228 28.929 2.2
      vertex 30.2228 26.071 2.2
    endloop
  endfacet
  facet normal 0 0 -1
    outer loop
      vertex 30.099 25.8565 2.2
      vertex 30.099 29.1435 2.2
      vertex 30.2228 28.929 2.2
    endloop
  endfacet
  facet normal 0 0 -1
    outer loop
      vertex 29.9583 25.6527 2.2
      vertex 30.099 29.1435 2.2
      vertex 30.099 25.8565 2.2
    endloop
  endfacet
  facet normal 0 0 -1
    outer loop
      vertex 29.9583 25.6527 2.2
      vertex 29.9583 29.3473 2.2
      vertex 30.099 29.1435 2.2
    endloop
  endfacet
  facet normal 0 0 -1
    outer loop
      vertex 29.8017 25.4609 2.2
      vertex 29.9583 29.3473 2.2
      vertex 29.9583 25.6527 2.2
    endloop
  endfacet
  facet normal 0 0 -1
    outer loop
      vertex 29.8017 25.4609 2.2
      vertex 29.8017 29.5391 2.2
      vertex 29.9583 29.3473 2.2
    endloop
  endfacet
  facet normal 0 0 -1
    outer loop
      vertex 29.6301 25.2823 2.2
      vertex 29.8017 29.5391 2.2
      vertex 29.8017 25.4609 2.2
    endloop
  endfacet
  facet normal 0 0 -1
    outer loop
      vertex 29.6301 25.2823 2.2
      vertex 29.6301 29.7177 2.2
      vertex 29.8017 29.5391 2.2
    endloop
  endfacet
  facet normal 0 0 -1
    outer loop
      vertex 29.4448 25.1181 2.2
      vertex 29.6301 29.7177 2.2
      vertex 29.6301 25.2823 2.2
    endloop
  endfacet
  facet normal 0 0 -1
    outer loop
      vertex 29.4448 25.1181 2.2
      vertex 29.4448 29.8819 2.2
      vertex 29.6301 29.7177 2.2
    endloop
  endfacet
  facet normal 0 0 -1
    outer loop
      vertex 29.2468 24.9693 2.2
      vertex 29.4448 29.8819 2.2
      vertex 29.4448 25.1181 2.2
    endloop
  endfacet
  facet normal 0 0 -1
    outer loop
      vertex 29.2468 24.9693 2.2
      vertex 29.2468 30.0307 2.2
      vertex 29.4448 29.8819 2.2
    endloop
  endfacet
  facet normal 0 0 -1
    outer loop
      vertex 29.0375 24.837 2.2
      vertex 29.2468 30.0307 2.2
      vertex 29.2468 24.9693 2.2
    endloop
  endfacet
  facet normal 0 0 -1
    outer loop
      vertex 29.0375 24.837 2.2
      vertex 29.0375 30.163 2.2
      vertex 29.2468 30.0307 2.2
    endloop
  endfacet
  facet normal 0 0 -1
    outer loop
      vertex 28.8182 24.7219 2.2
      vertex 29.0375 30.163 2.2
      vertex 29.0375 24.837 2.2
    endloop
  endfacet
  facet normal 0 0 -1
    outer loop
      vertex 28.8182 24.7219 2.2
      vertex 28.8182 30.2781 2.2
      vertex 29.0375 30.163 2.2
    endloop
  endfacet
  facet normal 0 0 -1
    outer loop
      vertex 28.5904 24.6248 2.2
      vertex 28.8182 30.2781 2.2
      vertex 28.8182 24.7219 2.2
    endloop
  endfacet
  facet normal 0 0 -1
    outer loop
      vertex 28.5904 24.6248 2.2
      vertex 28.5904 30.3752 2.2
      vertex 28.8182 30.2781 2.2
    endloop
  endfacet
  facet normal 0 0 -1
    outer loop
      vertex 28.3555 24.5464 2.2
      vertex 28.5904 30.3752 2.2
      vertex 28.5904 24.6248 2.2
    endloop
  endfacet
  facet normal 0 0 -1
    outer loop
      vertex 28.3555 24.5464 2.2
      vertex 28.3555 30.4536 2.2
      vertex 28.5904 30.3752 2.2
    endloop
  endfacet
  facet normal 0 0 -1
    outer loop
      vertex 28.1151 24.4871 2.2
      vertex 28.3555 30.4536 2.2
      vertex 28.3555 24.5464 2.2
    endloop
  endfacet
  facet normal 0 0 -1
    outer loop
      vertex 28.1151 24.4871 2.2
      vertex 28.1151 30.5129 2.2
      vertex 28.3555 30.4536 2.2
    endloop
  endfacet
  facet normal 0 0 -1
    outer loop
      vertex 27.8707 24.4474 2.2
      vertex 28.1151 30.5129 2.2
      vertex 28.1151 24.4871 2.2
    endloop
  endfacet
  facet normal 0 0 -1
    outer loop
      vertex 27.8707 24.4474 2.2
      vertex 27.8707 30.5526 2.2
      vertex 28.1151 30.5129 2.2
    endloop
  endfacet
  facet normal 0 0 -1
    outer loop
      vertex 27.6238 24.4275 2.2
      vertex 27.8707 30.5526 2.2
      vertex 27.8707 24.4474 2.2
    endloop
  endfacet
  facet normal 0 0 -1
    outer loop
      vertex 27.6238 24.4275 2.2
      vertex 27.6238 30.5725 2.2
      vertex 27.8707 30.5526 2.2
    endloop
  endfacet
  facet normal 0 0 -1
    outer loop
      vertex 27.3762 24.4275 2.2
      vertex 27.6238 30.5725 2.2
      vertex 27.6238 24.4275 2.2
    endloop
  endfacet
  facet normal 0 0 -1
    outer loop
      vertex 27.3762 24.4275 2.2
      vertex 27.3762 30.5725 2.2
      vertex 27.6238 30.5725 2.2
    endloop
  endfacet
  facet normal 0 0 -1
    outer loop
      vertex 27.1293 24.4474 2.2
      vertex 27.3762 30.5725 2.2
      vertex 27.3762 24.4275 2.2
    endloop
  endfacet
  facet normal 0 0 -1
    outer loop
      vertex 27.1293 24.4474 2.2
      vertex 27.1293 30.5526 2.2
      vertex 27.3762 30.5725 2.2
    endloop
  endfacet
  facet normal 0 0 -1
    outer loop
      vertex 26.8849 24.4871 2.2
      vertex 27.1293 30.5526 2.2
      vertex 27.1293 24.4474 2.2
    endloop
  endfacet
  facet normal 0 0 -1
    outer loop
      vertex 26.8849 24.4871 2.2
      vertex 26.8849 30.5129 2.2
      vertex 27.1293 30.5526 2.2
    endloop
  endfacet
  facet normal 0 0 -1
    outer loop
      vertex 26.6445 24.5464 2.2
      vertex 26.8849 30.5129 2.2
      vertex 26.8849 24.4871 2.2
    endloop
  endfacet
  facet normal 0 0 -1
    outer loop
      vertex 26.6445 24.5464 2.2
      vertex 26.6445 30.4536 2.2
      vertex 26.8849 30.5129 2.2
    endloop
  endfacet
  facet normal 0 0 -1
    outer loop
      vertex 26.4096 24.6248 2.2
      vertex 26.6445 30.4536 2.2
      vertex 26.6445 24.5464 2.2
    endloop
  endfacet
  facet normal 0 0 -1
    outer loop
      vertex 26.4096 24.6248 2.2
      vertex 26.4096 30.3752 2.2
      vertex 26.6445 30.4536 2.2
    endloop
  endfacet
  facet normal 0 0 -1
    outer loop
      vertex 26.1818 24.7219 2.2
      vertex 26.4096 30.3752 2.2
      vertex 26.4096 24.6248 2.2
    endloop
  endfacet
  facet normal 0 0 -1
    outer loop
      vertex 26.1818 24.7219 2.2
      vertex 26.1818 30.2781 2.2
      vertex 26.4096 30.3752 2.2
    endloop
  endfacet
  facet normal 0 0 -1
    outer loop
      vertex 25.9625 24.837 2.2
      vertex 26.1818 30.2781 2.2
      vertex 26.1818 24.7219 2.2
    endloop
  endfacet
  facet normal 0 0 -1
    outer loop
      vertex 25.9625 24.837 2.2
      vertex 25.9625 30.163 2.2
      vertex 26.1818 30.2781 2.2
    endloop
  endfacet
  facet normal 0 0 -1
    outer loop
      vertex 25.7532 24.9693 2.2
      vertex 25.9625 30.163 2.2
      vertex 25.9625 24.837 2.2
    endloop
  endfacet
  facet normal 0 0 -1
    outer loop
      vertex 25.7532 24.9693 2.2
      vertex 25.7532 30.0307 2.2
      vertex 25.9625 30.163 2.2
    endloop
  endfacet
  facet normal 0 0 -1
    outer loop
      vertex 25.5552 25.1181 2.2
      vertex 25.7532 30.0307 2.2
      vertex 25.7532 24.9693 2.2
    endloop
  endfacet
  facet normal 0 0 -1
    outer loop
      vertex 25.5552 25.1181 2.2
      vertex 25.5552 29.8819 2.2
      vertex 25.7532 30.0307 2.2
    endloop
  endfacet
  facet normal 0 0 -1
    outer loop
      vertex 25.3699 25.2823 2.2
      vertex 25.5552 29.8819 2.2
      vertex 25.5552 25.1181 2.2
    endloop
  endfacet
  facet normal 0 0 -1
    outer loop
      vertex 25.3699 25.2823 2.2
      vertex 25.3699 29.7177 2.2
      vertex 25.5552 29.8819 2.2
    endloop
  endfacet
  facet normal 0 0 -1
    outer loop
      vertex 25.1983 25.4609 2.2
      vertex 25.3699 29.7177 2.2
      vertex 25.3699 25.2823 2.2
    endloop
  endfacet
  facet normal 0 0 -1
    outer loop
      vertex 25.1983 25.4609 2.2
      vertex 25.1983 29.5391 2.2
      vertex 25.3699 29.7177 2.2
    endloop
  endfacet
  facet normal 0 0 -1
    outer loop
      vertex 25.0417 25.6527 2.2
      vertex 25.1983 29.5391 2.2
      vertex 25.1983 25.4609 2.2
    endloop
  endfacet
  facet normal 0 0 -1
    outer loop
      vertex 25.0417 25.6527 2.2
      vertex 25.0417 29.3473 2.2
      vertex 25.1983 29.5391 2.2
    endloop
  endfacet
  facet normal 0 0 -1
    outer loop
      vertex 24.901 25.8565 2.2
      vertex 25.0417 29.3473 2.2
      vertex 25.0417 25.6527 2.2
    endloop
  endfacet
  facet normal 0 0 -1
    outer loop
      vertex 24.901 25.8565 2.2
      vertex 24.901 29.1435 2.2
      vertex 25.0417 29.3473 2.2
    endloop
  endfacet
  facet normal 0 0 -1
    outer loop
      vertex 24.7772 26.071 2.2
      vertex 24.901 29.1435 2.2
      vertex 24.901 25.8565 2.2
    endloop
  endfacet
  facet normal 0 0 -1
    outer loop
      vertex 24.7772 26.071 2.2
      vertex 24.7772 28.929 2.2
      vertex 24.901 29.1435 2.2
    endloop
  endfacet
  facet normal 0 0 -1
    outer loop
      vertex 24.6711 26.2947 2.2
      vertex 24.7772 28.929 2.2
      vertex 24.7772 26.071 2.2
    endloop
  endfacet
  facet normal 0 0 -1
    outer loop
      vertex 24.6711 26.2947 2.2
      vertex 24.6711 28.7053 2.2
      vertex 24.7772 28.929 2.2
    endloop
  endfacet
  facet normal 0 0 -1
    outer loop
      vertex 24.5833 26.5262 2.2
      vertex 24.6711 28.7053 2.2
      vertex 24.6711 26.2947 2.2
    endloop
  endfacet
  facet normal 0 0 -1
    outer loop
      vertex 24.5833 26.5262 2.2
      vertex 24.5833 28.4738 2.2
      vertex 24.6711 28.7053 2.2
    endloop
  endfacet
  facet normal 0 0 -1
    outer loop
      vertex 24.5144 26.7641 2.2
      vertex 24.5833 28.4738 2.2
      vertex 24.5833 26.5262 2.2
    endloop
  endfacet
  facet normal 0 0 -1
    outer loop
      vertex 24.5144 26.7641 2.2
      vertex 24.5144 28.2359 2.2
      vertex 24.5833 28.4738 2.2
    endloop
  endfacet
  facet normal 0 0 -1
    outer loop
      vertex 24.4648 27.0067 2.2
      vertex 24.5144 28.2359 2.2
      vertex 24.5144 26.7641 2.2
    endloop
  endfacet
  facet normal 0 0 -1
    outer loop
      vertex 24.4648 27.0067 2.2
      vertex 24.4648 27.9933 2.2
      vertex 24.5144 28.2359 2.2
    endloop
  endfacet
  facet normal 0 0 -1
    outer loop
      vertex 24.435 27.2526 2.2
      vertex 24.4648 27.9933 2.2
      vertex 24.4648 27.0067 2.2
    endloop
  endfacet
  facet normal 0 0 -1
    outer loop
      vertex 24.435 27.2526 2.2
      vertex 24.435 27.7474 2.2
      vertex 24.4648 27.9933 2.2
    endloop
  endfacet
  facet normal 0 -0 -1
    outer loop
      vertex 24.435 27.7474 2.2
      vertex 24.435 27.2526 2.2
      vertex 24.425 27.5 2.2
    endloop
  endfacet
  facet normal 0.464731 -0.885452 0
    outer loop
      vertex 25.9625 30.163 -3
      vertex 26.1818 30.2781 2.2
      vertex 25.9625 30.163 2.2
    endloop
  endfacet
  facet normal 0.464731 -0.885452 0
    outer loop
      vertex 26.1818 30.2781 2.2
      vertex 25.9625 30.163 -3
      vertex 26.1818 30.2781 -3
    endloop
  endfacet
  facet normal 0.392115 -0.919916 0
    outer loop
      vertex 26.1818 30.2781 -3
      vertex 26.4096 30.3752 2.2
      vertex 26.1818 30.2781 2.2
    endloop
  endfacet
  facet normal 0.392115 -0.919916 0
    outer loop
      vertex 26.4096 30.3752 2.2
      vertex 26.1818 30.2781 -3
      vertex 26.4096 30.3752 -3
    endloop
  endfacet
  facet normal 0.534312 -0.845287 0
    outer loop
      vertex 25.7532 30.0307 -3
      vertex 25.9625 30.163 2.2
      vertex 25.7532 30.0307 2.2
    endloop
  endfacet
  facet normal 0.534312 -0.845287 0
    outer loop
      vertex 25.9625 30.163 2.2
      vertex 25.7532 30.0307 -3
      vertex 25.9625 30.163 -3
    endloop
  endfacet
  facet normal 0.239494 -0.970898 0
    outer loop
      vertex 26.6445 30.4536 -3
      vertex 26.8849 30.5129 2.2
      vertex 26.6445 30.4536 2.2
    endloop
  endfacet
  facet normal 0.239494 -0.970898 0
    outer loop
      vertex 26.8849 30.5129 2.2
      vertex 26.6445 30.4536 -3
      vertex 26.8849 30.5129 -3
    endloop
  endfacet
  facet normal 0.0803389 -0.996768 0
    outer loop
      vertex 27.1293 30.5526 -3
      vertex 27.3762 30.5725 2.2
      vertex 27.1293 30.5526 2.2
    endloop
  endfacet
  facet normal 0.0803389 -0.996768 0
    outer loop
      vertex 27.3762 30.5725 2.2
      vertex 27.1293 30.5526 -3
      vertex 27.3762 30.5725 -3
    endloop
  endfacet
  facet normal -0.999184 0.0403874 0
    outer loop
      vertex 30.565 27.2526 -3
      vertex 30.575 27.5 2.2
      vertex 30.575 27.5 -3
    endloop
  endfacet
  facet normal -0.999184 0.0403874 0
    outer loop
      vertex 30.575 27.5 2.2
      vertex 30.565 27.2526 -3
      vertex 30.565 27.2526 2.2
    endloop
  endfacet
  facet normal -0.992737 0.120307 0
    outer loop
      vertex 30.5352 27.0067 -3
      vertex 30.565 27.2526 2.2
      vertex 30.565 27.2526 -3
    endloop
  endfacet
  facet normal -0.992737 0.120307 0
    outer loop
      vertex 30.565 27.2526 2.2
      vertex 30.5352 27.0067 -3
      vertex 30.5352 27.0067 2.2
    endloop
  endfacet
  facet normal -0.464731 0.885452 0
    outer loop
      vertex 29.0375 24.837 -3
      vertex 28.8182 24.7219 2.2
      vertex 29.0375 24.837 2.2
    endloop
  endfacet
  facet normal -0.464731 0.885452 0
    outer loop
      vertex 28.8182 24.7219 2.2
      vertex 29.0375 24.837 -3
      vertex 28.8182 24.7219 -3
    endloop
  endfacet
  facet normal -0.903524 -0.428538 0
    outer loop
      vertex 30.3289 28.7053 -3
      vertex 30.2228 28.929 2.2
      vertex 30.2228 28.929 -3
    endloop
  endfacet
  facet normal -0.903524 -0.428538 0
    outer loop
      vertex 30.2228 28.929 2.2
      vertex 30.3289 28.7053 -3
      vertex 30.3289 28.7053 2.2
    endloop
  endfacet
  facet normal -0.160337 -0.987062 0
    outer loop
      vertex 27.8707 30.5526 -3
      vertex 28.1151 30.5129 2.2
      vertex 27.8707 30.5526 2.2
    endloop
  endfacet
  facet normal -0.160337 -0.987062 -0
    outer loop
      vertex 28.1151 30.5129 2.2
      vertex 27.8707 30.5526 -3
      vertex 28.1151 30.5129 -3
    endloop
  endfacet
  facet normal -0.0803389 -0.996768 0
    outer loop
      vertex 27.6238 30.5725 -3
      vertex 27.8707 30.5526 2.2
      vertex 27.6238 30.5725 2.2
    endloop
  endfacet
  facet normal -0.0803389 -0.996768 -0
    outer loop
      vertex 27.8707 30.5526 2.2
      vertex 27.6238 30.5725 -3
      vertex 27.8707 30.5526 -3
    endloop
  endfacet
  facet normal -0.66321 -0.748434 0
    outer loop
      vertex 29.4448 29.8819 -3
      vertex 29.6301 29.7177 2.2
      vertex 29.4448 29.8819 2.2
    endloop
  endfacet
  facet normal -0.66321 -0.748434 -0
    outer loop
      vertex 29.6301 29.7177 2.2
      vertex 29.4448 29.8819 -3
      vertex 29.6301 29.7177 -3
    endloop
  endfacet
  facet normal 0.866098 -0.499874 0
    outer loop
      vertex 24.7772 28.929 2.2
      vertex 24.901 29.1435 -3
      vertex 24.901 29.1435 2.2
    endloop
  endfacet
  facet normal 0.866098 -0.499874 0
    outer loop
      vertex 24.901 29.1435 -3
      vertex 24.7772 28.929 2.2
      vertex 24.7772 28.929 -3
    endloop
  endfacet
  facet normal 0.960527 -0.278186 0
    outer loop
      vertex 24.5144 28.2359 2.2
      vertex 24.5833 28.4738 -3
      vertex 24.5833 28.4738 2.2
    endloop
  endfacet
  facet normal 0.960527 -0.278186 0
    outer loop
      vertex 24.5833 28.4738 -3
      vertex 24.5144 28.2359 2.2
      vertex 24.5144 28.2359 -3
    endloop
  endfacet
  facet normal -0.960527 0.278186 0
    outer loop
      vertex 30.4167 26.5262 -3
      vertex 30.4856 26.7641 2.2
      vertex 30.4856 26.7641 -3
    endloop
  endfacet
  facet normal -0.960527 0.278186 0
    outer loop
      vertex 30.4856 26.7641 2.2
      vertex 30.4167 26.5262 -3
      vertex 30.4167 26.5262 2.2
    endloop
  endfacet
  facet normal 0.999184 0.0403874 0
    outer loop
      vertex 24.435 27.2526 2.2
      vertex 24.425 27.5 -3
      vertex 24.425 27.5 2.2
    endloop
  endfacet
  facet normal 0.999184 0.0403874 0
    outer loop
      vertex 24.425 27.5 -3
      vertex 24.435 27.2526 2.2
      vertex 24.435 27.2526 -3
    endloop
  endfacet
  facet normal 0.992737 0.120307 0
    outer loop
      vertex 24.4648 27.0067 2.2
      vertex 24.435 27.2526 -3
      vertex 24.435 27.2526 2.2
    endloop
  endfacet
  facet normal 0.992737 0.120307 0
    outer loop
      vertex 24.435 27.2526 -3
      vertex 24.4648 27.0067 2.2
      vertex 24.4648 27.0067 -3
    endloop
  endfacet
  facet normal -0.0803389 0.996768 0
    outer loop
      vertex 27.8707 24.4474 -3
      vertex 27.6238 24.4275 2.2
      vertex 27.8707 24.4474 2.2
    endloop
  endfacet
  facet normal -0.0803389 0.996768 0
    outer loop
      vertex 27.6238 24.4275 2.2
      vertex 27.8707 24.4474 -3
      vertex 27.6238 24.4275 -3
    endloop
  endfacet
  facet normal 0.600775 -0.799418 0
    outer loop
      vertex 25.5552 29.8819 -3
      vertex 25.7532 30.0307 2.2
      vertex 25.5552 29.8819 2.2
    endloop
  endfacet
  facet normal 0.600775 -0.799418 0
    outer loop
      vertex 25.7532 30.0307 2.2
      vertex 25.5552 29.8819 -3
      vertex 25.7532 30.0307 -3
    endloop
  endfacet
  facet normal -0.979733 0.200308 0
    outer loop
      vertex 30.4856 26.7641 -3
      vertex 30.5352 27.0067 2.2
      vertex 30.5352 27.0067 -3
    endloop
  endfacet
  facet normal -0.979733 0.200308 0
    outer loop
      vertex 30.5352 27.0067 2.2
      vertex 30.4856 26.7641 -3
      vertex 30.4856 26.7641 2.2
    endloop
  endfacet
  facet normal -0.866098 0.499874 0
    outer loop
      vertex 30.099 25.8565 -3
      vertex 30.2228 26.071 2.2
      vertex 30.2228 26.071 -3
    endloop
  endfacet
  facet normal -0.866098 0.499874 0
    outer loop
      vertex 30.2228 26.071 2.2
      vertex 30.099 25.8565 -3
      vertex 30.099 25.8565 2.2
    endloop
  endfacet
  facet normal -0.935011 0.354618 0
    outer loop
      vertex 30.3289 26.2947 -3
      vertex 30.4167 26.5262 2.2
      vertex 30.4167 26.5262 -3
    endloop
  endfacet
  facet normal -0.935011 0.354618 0
    outer loop
      vertex 30.4167 26.5262 2.2
      vertex 30.3289 26.2947 -3
      vertex 30.3289 26.2947 2.2
    endloop
  endfacet
  facet normal -0.822933 0.568139 0
    outer loop
      vertex 29.9583 25.6527 -3
      vertex 30.099 25.8565 2.2
      vertex 30.099 25.8565 -3
    endloop
  endfacet
  facet normal -0.822933 0.568139 0
    outer loop
      vertex 30.099 25.8565 2.2
      vertex 29.9583 25.6527 -3
      vertex 29.9583 25.6527 2.2
    endloop
  endfacet
  facet normal -0.534312 0.845287 0
    outer loop
      vertex 29.2468 24.9693 -3
      vertex 29.0375 24.837 2.2
      vertex 29.2468 24.9693 2.2
    endloop
  endfacet
  facet normal -0.534312 0.845287 0
    outer loop
      vertex 29.0375 24.837 2.2
      vertex 29.2468 24.9693 -3
      vertex 29.0375 24.837 -3
    endloop
  endfacet
  facet normal 0 1 -0
    outer loop
      vertex 27.6238 24.4275 -3
      vertex 27.3762 24.4275 2.2
      vertex 27.6238 24.4275 2.2
    endloop
  endfacet
  facet normal 0 1 0
    outer loop
      vertex 27.3762 24.4275 2.2
      vertex 27.6238 24.4275 -3
      vertex 27.3762 24.4275 -3
    endloop
  endfacet
  facet normal 0.316591 0.948562 -0
    outer loop
      vertex 26.6445 24.5464 -3
      vertex 26.4096 24.6248 2.2
      vertex 26.6445 24.5464 2.2
    endloop
  endfacet
  facet normal 0.316591 0.948562 0
    outer loop
      vertex 26.4096 24.6248 2.2
      vertex 26.6445 24.5464 -3
      vertex 26.4096 24.6248 -3
    endloop
  endfacet
  facet normal 0.464731 0.885452 -0
    outer loop
      vertex 26.1818 24.7219 -3
      vertex 25.9625 24.837 2.2
      vertex 26.1818 24.7219 2.2
    endloop
  endfacet
  facet normal 0.464731 0.885452 0
    outer loop
      vertex 25.9625 24.837 2.2
      vertex 26.1818 24.7219 -3
      vertex 25.9625 24.837 -3
    endloop
  endfacet
  facet normal 0.392115 0.919916 -0
    outer loop
      vertex 26.4096 24.6248 -3
      vertex 26.1818 24.7219 2.2
      vertex 26.4096 24.6248 2.2
    endloop
  endfacet
  facet normal 0.392115 0.919916 0
    outer loop
      vertex 26.1818 24.7219 2.2
      vertex 26.4096 24.6248 -3
      vertex 26.1818 24.7219 -3
    endloop
  endfacet
  facet normal 0.903524 0.428538 0
    outer loop
      vertex 24.7772 26.071 2.2
      vertex 24.6711 26.2947 -3
      vertex 24.6711 26.2947 2.2
    endloop
  endfacet
  facet normal 0.903524 0.428538 0
    outer loop
      vertex 24.6711 26.2947 -3
      vertex 24.7772 26.071 2.2
      vertex 24.7772 26.071 -3
    endloop
  endfacet
  facet normal 0.822933 0.568139 0
    outer loop
      vertex 25.0417 25.6527 2.2
      vertex 24.901 25.8565 -3
      vertex 24.901 25.8565 2.2
    endloop
  endfacet
  facet normal 0.822933 0.568139 0
    outer loop
      vertex 24.901 25.8565 -3
      vertex 25.0417 25.6527 2.2
      vertex 25.0417 25.6527 -3
    endloop
  endfacet
  facet normal 0.721097 0.692834 0
    outer loop
      vertex 25.3699 25.2823 2.2
      vertex 25.1983 25.4609 -3
      vertex 25.1983 25.4609 2.2
    endloop
  endfacet
  facet normal 0.721097 0.692834 0
    outer loop
      vertex 25.1983 25.4609 -3
      vertex 25.3699 25.2823 2.2
      vertex 25.3699 25.2823 -3
    endloop
  endfacet
  facet normal 0.774605 0.632446 0
    outer loop
      vertex 25.1983 25.4609 2.2
      vertex 25.0417 25.6527 -3
      vertex 25.0417 25.6527 2.2
    endloop
  endfacet
  facet normal 0.774605 0.632446 0
    outer loop
      vertex 25.0417 25.6527 -3
      vertex 25.1983 25.4609 2.2
      vertex 25.1983 25.4609 -3
    endloop
  endfacet
  facet normal 0.935011 0.354618 0
    outer loop
      vertex 24.6711 26.2947 2.2
      vertex 24.5833 26.5262 -3
      vertex 24.5833 26.5262 2.2
    endloop
  endfacet
  facet normal 0.935011 0.354618 0
    outer loop
      vertex 24.5833 26.5262 -3
      vertex 24.6711 26.2947 2.2
      vertex 24.6711 26.2947 -3
    endloop
  endfacet
  facet normal -0.160337 0.987062 0
    outer loop
      vertex 28.1151 24.4871 -3
      vertex 27.8707 24.4474 2.2
      vertex 28.1151 24.4871 2.2
    endloop
  endfacet
  facet normal -0.160337 0.987062 0
    outer loop
      vertex 27.8707 24.4474 2.2
      vertex 28.1151 24.4871 -3
      vertex 27.8707 24.4474 -3
    endloop
  endfacet
  facet normal -0.903524 0.428538 0
    outer loop
      vertex 30.2228 26.071 -3
      vertex 30.3289 26.2947 2.2
      vertex 30.3289 26.2947 -3
    endloop
  endfacet
  facet normal -0.903524 0.428538 0
    outer loop
      vertex 30.3289 26.2947 2.2
      vertex 30.2228 26.071 -3
      vertex 30.2228 26.071 2.2
    endloop
  endfacet
  facet normal -0.721097 0.692834 0
    outer loop
      vertex 29.6301 25.2823 -3
      vertex 29.8017 25.4609 2.2
      vertex 29.8017 25.4609 -3
    endloop
  endfacet
  facet normal -0.721097 0.692834 0
    outer loop
      vertex 29.8017 25.4609 2.2
      vertex 29.6301 25.2823 -3
      vertex 29.6301 25.2823 2.2
    endloop
  endfacet
  facet normal -0.66321 0.748434 0
    outer loop
      vertex 29.6301 25.2823 -3
      vertex 29.4448 25.1181 2.2
      vertex 29.6301 25.2823 2.2
    endloop
  endfacet
  facet normal -0.66321 0.748434 0
    outer loop
      vertex 29.4448 25.1181 2.2
      vertex 29.6301 25.2823 -3
      vertex 29.4448 25.1181 -3
    endloop
  endfacet
  facet normal 0.160337 0.987062 -0
    outer loop
      vertex 27.1293 24.4474 -3
      vertex 26.8849 24.4871 2.2
      vertex 27.1293 24.4474 2.2
    endloop
  endfacet
  facet normal 0.160337 0.987062 0
    outer loop
      vertex 26.8849 24.4871 2.2
      vertex 27.1293 24.4474 -3
      vertex 26.8849 24.4871 -3
    endloop
  endfacet
  facet normal 0.239494 0.970898 -0
    outer loop
      vertex 26.8849 24.4871 -3
      vertex 26.6445 24.5464 2.2
      vertex 26.8849 24.4871 2.2
    endloop
  endfacet
  facet normal 0.239494 0.970898 0
    outer loop
      vertex 26.6445 24.5464 2.2
      vertex 26.8849 24.4871 -3
      vertex 26.6445 24.5464 -3
    endloop
  endfacet
  facet normal 0.534312 0.845287 -0
    outer loop
      vertex 25.9625 24.837 -3
      vertex 25.7532 24.9693 2.2
      vertex 25.9625 24.837 2.2
    endloop
  endfacet
  facet normal 0.534312 0.845287 0
    outer loop
      vertex 25.7532 24.9693 2.2
      vertex 25.9625 24.837 -3
      vertex 25.7532 24.9693 -3
    endloop
  endfacet
  facet normal 0.66321 0.748434 -0
    outer loop
      vertex 25.5552 25.1181 -3
      vertex 25.3699 25.2823 2.2
      vertex 25.5552 25.1181 2.2
    endloop
  endfacet
  facet normal 0.66321 0.748434 0
    outer loop
      vertex 25.3699 25.2823 2.2
      vertex 25.5552 25.1181 -3
      vertex 25.3699 25.2823 -3
    endloop
  endfacet
  facet normal 0.866098 0.499874 0
    outer loop
      vertex 24.901 25.8565 2.2
      vertex 24.7772 26.071 -3
      vertex 24.7772 26.071 2.2
    endloop
  endfacet
  facet normal 0.866098 0.499874 0
    outer loop
      vertex 24.7772 26.071 -3
      vertex 24.901 25.8565 2.2
      vertex 24.901 25.8565 -3
    endloop
  endfacet
  facet normal 0.960527 0.278186 0
    outer loop
      vertex 24.5833 26.5262 2.2
      vertex 24.5144 26.7641 -3
      vertex 24.5144 26.7641 2.2
    endloop
  endfacet
  facet normal 0.960527 0.278186 0
    outer loop
      vertex 24.5144 26.7641 -3
      vertex 24.5833 26.5262 2.2
      vertex 24.5833 26.5262 -3
    endloop
  endfacet
  facet normal 0.979733 0.200308 0
    outer loop
      vertex 24.5144 26.7641 2.2
      vertex 24.4648 27.0067 -3
      vertex 24.4648 27.0067 2.2
    endloop
  endfacet
  facet normal 0.979733 0.200308 0
    outer loop
      vertex 24.4648 27.0067 -3
      vertex 24.5144 26.7641 2.2
      vertex 24.5144 26.7641 -3
    endloop
  endfacet
  facet normal -0.316591 0.948562 0
    outer loop
      vertex 28.5904 24.6248 -3
      vertex 28.3555 24.5464 2.2
      vertex 28.5904 24.6248 2.2
    endloop
  endfacet
  facet normal -0.316591 0.948562 0
    outer loop
      vertex 28.3555 24.5464 2.2
      vertex 28.5904 24.6248 -3
      vertex 28.3555 24.5464 -3
    endloop
  endfacet
  facet normal -0.239494 0.970898 0
    outer loop
      vertex 28.3555 24.5464 -3
      vertex 28.1151 24.4871 2.2
      vertex 28.3555 24.5464 2.2
    endloop
  endfacet
  facet normal -0.239494 0.970898 0
    outer loop
      vertex 28.1151 24.4871 2.2
      vertex 28.3555 24.5464 -3
      vertex 28.1151 24.4871 -3
    endloop
  endfacet
  facet normal -0.600775 0.799418 0
    outer loop
      vertex 29.4448 25.1181 -3
      vertex 29.2468 24.9693 2.2
      vertex 29.4448 25.1181 2.2
    endloop
  endfacet
  facet normal -0.600775 0.799418 0
    outer loop
      vertex 29.2468 24.9693 2.2
      vertex 29.4448 25.1181 -3
      vertex 29.2468 24.9693 -3
    endloop
  endfacet
  facet normal 0.0803389 0.996768 -0
    outer loop
      vertex 27.3762 24.4275 -3
      vertex 27.1293 24.4474 2.2
      vertex 27.3762 24.4275 2.2
    endloop
  endfacet
  facet normal 0.0803389 0.996768 0
    outer loop
      vertex 27.1293 24.4474 2.2
      vertex 27.3762 24.4275 -3
      vertex 27.1293 24.4474 -3
    endloop
  endfacet
  facet normal 0.600775 0.799418 -0
    outer loop
      vertex 25.7532 24.9693 -3
      vertex 25.5552 25.1181 2.2
      vertex 25.7532 24.9693 2.2
    endloop
  endfacet
  facet normal 0.600775 0.799418 0
    outer loop
      vertex 25.5552 25.1181 2.2
      vertex 25.7532 24.9693 -3
      vertex 25.5552 25.1181 -3
    endloop
  endfacet
endsolid OpenSCAD_Model
